Sample in Buffer,Sample in Window,TRIGGER,tidelink_design_i/nanosoc_eth_chiplet_0/inst/u_chiplet/u_tidelink/sub_osr_expired,tidelink_design_i/nanosoc_eth_chiplet_0/inst/u_chiplet/u_tidelink/u_fc_adapter/dbg_tx_haddr[7:0],tidelink_design_i/nanosoc_eth_chiplet_0/inst/u_chiplet/u_tidelink/sub_osr_ctr_r[16:0],tidelink_design_i/nanosoc_eth_chiplet_0/inst/u_chiplet/u_tidelink/dbg_wr_hold_set,tidelink_design_i/nanosoc_eth_chiplet_0/inst/u_chiplet/u_tidelink/u_fc_adapter/dbg_tx_arb_valid,tidelink_design_i/nanosoc_eth_chiplet_0/inst/u_chiplet/u_tidelink/u_chiplet_controller/dbg_a2l_app_v,tidelink_design_i/nanosoc_eth_chiplet_0/inst/u_chiplet/u_tidelink/sub_axi_progress,tidelink_design_i/nanosoc_eth_chiplet_0/inst/u_chiplet/u_tidelink/u_fc_adapter/dbg_tx_hreadyout,tidelink_design_i/nanosoc_eth_chiplet_0/inst/u_chiplet/u_tidelink/sub_r_done,tidelink_design_i/nanosoc_eth_chiplet_0/inst/u_chiplet/u_tidelink/dbg_rd_pipe_r,tidelink_design_i/nanosoc_eth_chiplet_0/inst/u_chiplet/u_tidelink/sub_b_done,tidelink_design_i/nanosoc_eth_chiplet_0/inst/u_chiplet/u_tidelink/u_chiplet_controller/dbg_a2l_wedged,tidelink_design_i/nanosoc_eth_chiplet_0/inst/u_chiplet/u_tidelink/sub_rd_os_r,tidelink_design_i/nanosoc_eth_chiplet_0/inst/u_chiplet/u_tidelink/sub_stall_ctr_r[16:0],tidelink_design_i/nanosoc_eth_chiplet_0/inst/u_chiplet/u_tidelink/u_fc_adapter/dbg_tx_htrans[1:0],tidelink_design_i/nanosoc_eth_chiplet_0/inst/u_chiplet/u_tidelink/u_chiplet_controller/dbg_a2l_sack[4:0],tidelink_design_i/nanosoc_eth_chiplet_0/inst/u_chiplet/u_tidelink/u_fc_adapter/dbg_tx_lock,tidelink_design_i/nanosoc_eth_chiplet_0/inst/u_chiplet/u_tidelink/u_chiplet_controller/dbg_fe_rx_cred[7:0],tidelink_design_i/nanosoc_eth_chiplet_0/inst/u_chiplet/u_tidelink/u_chiplet_controller/dbg_fcsm_state[2:0],tidelink_design_i/nanosoc_eth_chiplet_0/inst/u_chiplet/u_tidelink/u_chiplet_controller/dbg_a2l_lnk_empty,tidelink_design_i/nanosoc_eth_chiplet_0/inst/u_chiplet/u_tidelink/u_chiplet_controller/dbg_a2l_full,tidelink_design_i/nanosoc_eth_chiplet_0/inst/u_chiplet/u_tidelink/sub_err1_r,tidelink_design_i/nanosoc_eth_chiplet_0/inst/u_chiplet/u_tidelink/sub_err2_r,tidelink_design_i/nanosoc_eth_chiplet_0/inst/u_chiplet/u_tidelink/u_fc_adapter/dbg_tx_hwrite,tidelink_design_i/nanosoc_eth_chiplet_0/inst/u_chiplet/u_tidelink/u_chiplet_controller/dbg_a2l_wptr[4:0],tidelink_design_i/nanosoc_eth_chiplet_0/inst/u_chiplet/u_tidelink/u_chiplet_controller/dbg_a2l_rreset,tidelink_design_i/nanosoc_eth_chiplet_0/inst/u_chiplet/u_tidelink/u_fc_adapter/dbg_tx_hsel,tidelink_design_i/nanosoc_eth_chiplet_0/inst/u_chiplet/u_tidelink/u_fc_adapter/dbg_tx_lock_hit,tidelink_design_i/nanosoc_eth_chiplet_0/inst/u_chiplet/u_tidelink/u_fc_adapter/dbg_tx_hready,tidelink_design_i/nanosoc_eth_chiplet_0/inst/u_chiplet/u_tidelink/u_chiplet_controller/dbg_a2l_app_rdy,tidelink_design_i/nanosoc_eth_chiplet_0/inst/u_chiplet/u_tidelink/sub_wr_stuck_fire,tidelink_design_i/nanosoc_eth_chiplet_0/inst/u_chiplet/u_tidelink/sub_aw_accept,tidelink_design_i/nanosoc_eth_chiplet_0/inst/u_chiplet/u_tidelink/u_fc_adapter/dbg_tx_a2l_valid,tidelink_design_i/nanosoc_eth_chiplet_0/inst/u_chiplet/u_tidelink/u_chiplet_controller/dbg_cr_seen,tidelink_design_i/nanosoc_eth_chiplet_0/inst/u_chiplet/u_tidelink/dbg_pipe_valid_r,tidelink_design_i/nanosoc_eth_chiplet_0/inst/u_chiplet/u_tidelink/sub_axi_outstanding,tidelink_design_i/nanosoc_eth_chiplet_0/inst/u_chiplet/u_tidelink/u_fc_adapter/dbg_tx_valid_ap,tidelink_design_i/nanosoc_eth_chiplet_0/inst/u_chiplet/u_tidelink/synth_b_pending,tidelink_design_i/nanosoc_eth_chiplet_0/inst/u_chiplet/u_tidelink/sub_wr_os_ctr[2:0],tidelink_design_i/nanosoc_eth_chiplet_0/inst/u_chiplet/u_tidelink/dbg_ext_is_nonseq,tidelink_design_i/nanosoc_eth_chiplet_0/inst/u_chiplet/u_tidelink/dbg_wr_hold_clr,tidelink_design_i/nanosoc_eth_chiplet_0/inst/u_chiplet/u_tidelink/dbg_ahb_sub_hreadyout,tidelink_design_i/nanosoc_eth_chiplet_0/inst/u_chiplet/u_tidelink/dbg_wr_hold_r
Radix - UNSIGNED,UNSIGNED,UNSIGNED,HEX,HEX,HEX,HEX,HEX,HEX,HEX,HEX,HEX,HEX,HEX,HEX,HEX,HEX,HEX,HEX,HEX,HEX,HEX,HEX,HEX,HEX,HEX,HEX,HEX,HEX,HEX,HEX,HEX,HEX,HEX,HEX,HEX,HEX,HEX,HEX,HEX,HEX,HEX,HEX,HEX,HEX,HEX
0,0,0,0,0c,00000,0,0,0,0,1,0,0,0,0,0,0fad2,0,01,0,1f,4,1,0,0,0,1,02,0,0,0,0,1,0,0,0,1,0,0,0,0,0,0,0,0,1
1,1,0,0,0c,00000,0,0,0,0,1,0,0,0,0,0,0fad3,0,01,0,1f,4,1,0,0,0,1,02,0,0,0,0,1,0,0,0,1,0,0,0,0,0,0,0,0,1
2,2,0,0,0c,00000,0,0,0,0,1,0,0,0,0,0,0fad4,0,01,0,1f,4,1,0,0,0,1,02,0,0,0,0,1,0,0,0,1,0,0,0,0,0,0,0,0,1
3,3,0,0,0c,00000,0,0,0,0,1,0,0,0,0,0,0fad5,0,01,0,1f,4,1,0,0,0,1,02,0,0,0,0,1,0,0,0,1,0,0,0,0,0,0,0,0,1
4,4,0,0,0c,00000,0,0,0,0,1,0,0,0,0,0,0fad6,0,01,0,1f,4,1,0,0,0,1,02,0,0,0,0,1,0,0,0,1,0,0,0,0,0,0,0,0,1
5,5,0,0,0c,00000,0,0,0,0,1,0,0,0,0,0,0fad7,0,01,0,1f,4,1,0,0,0,1,02,0,0,0,0,1,0,0,0,1,0,0,0,0,0,0,0,0,1
6,6,0,0,0c,00000,0,0,0,0,1,0,0,0,0,0,0fad8,0,01,0,1f,4,1,0,0,0,1,02,0,0,0,0,1,0,0,0,1,0,0,0,0,0,0,0,0,1
7,7,0,0,0c,00000,0,0,0,0,1,0,0,0,0,0,0fad9,0,01,0,1f,4,1,0,0,0,1,02,0,0,0,0,1,0,0,0,1,0,0,0,0,0,0,0,0,1
8,8,0,0,0c,00000,0,0,0,0,1,0,0,0,0,0,0fada,0,01,0,1f,4,1,0,0,0,1,02,0,0,0,0,1,0,0,0,1,0,0,0,0,0,0,0,0,1
9,9,0,0,0c,00000,0,0,0,0,1,0,0,0,0,0,0fadb,0,01,0,1f,4,1,0,0,0,1,02,0,0,0,0,1,0,0,0,1,0,0,0,0,0,0,0,0,1
10,10,0,0,0c,00000,0,0,0,0,1,0,0,0,0,0,0fadc,0,01,0,1f,4,1,0,0,0,1,02,0,0,0,0,1,0,0,0,1,0,0,0,0,0,0,0,0,1
11,11,0,0,0c,00000,0,0,0,0,1,0,0,0,0,0,0fadd,0,01,0,1f,4,1,0,0,0,1,02,0,0,0,0,1,0,0,0,1,0,0,0,0,0,0,0,0,1
12,12,0,0,0c,00000,0,0,0,0,1,0,0,0,0,0,0fade,0,01,0,1f,4,1,0,0,0,1,02,0,0,0,0,1,0,0,0,1,0,0,0,0,0,0,0,0,1
13,13,0,0,0c,00000,0,0,0,0,1,0,0,0,0,0,0fadf,0,01,0,1f,4,1,0,0,0,1,02,0,0,0,0,1,0,0,0,1,0,0,0,0,0,0,0,0,1
14,14,0,0,0c,00000,0,0,0,0,1,0,0,0,0,0,0fae0,0,01,0,1f,4,1,0,0,0,1,02,0,0,0,0,1,0,0,0,1,0,0,0,0,0,0,0,0,1
15,15,0,0,0c,00000,0,0,0,0,1,0,0,0,0,0,0fae1,0,01,0,1f,4,1,0,0,0,1,02,0,0,0,0,1,0,0,0,1,0,0,0,0,0,0,0,0,1
16,16,0,0,0c,00000,0,0,0,0,1,0,0,0,0,0,0fae2,0,01,0,1f,4,1,0,0,0,1,02,0,0,0,0,1,0,0,0,1,0,0,0,0,0,0,0,0,1
17,17,0,0,0c,00000,0,0,0,0,1,0,0,0,0,0,0fae3,0,01,0,1f,4,1,0,0,0,1,02,0,0,0,0,1,0,0,0,1,0,0,0,0,0,0,0,0,1
18,18,0,0,0c,00000,0,0,0,0,1,0,0,0,0,0,0fae4,0,01,0,1f,4,1,0,0,0,1,02,0,0,0,0,1,0,0,0,1,0,0,0,0,0,0,0,0,1
19,19,0,0,0c,00000,0,0,0,0,1,0,0,0,0,0,0fae5,0,01,0,1f,4,1,0,0,0,1,02,0,0,0,0,1,0,0,0,1,0,0,0,0,0,0,0,0,1
20,20,0,0,0c,00000,0,0,0,0,1,0,0,0,0,0,0fae6,0,01,0,1f,4,1,0,0,0,1,02,0,0,0,0,1,0,0,0,1,0,0,0,0,0,0,0,0,1
21,21,0,0,0c,00000,0,0,0,0,1,0,0,0,0,0,0fae7,0,01,0,1f,4,1,0,0,0,1,02,0,0,0,0,1,0,0,0,1,0,0,0,0,0,0,0,0,1
22,22,0,0,0c,00000,0,0,0,0,1,0,0,0,0,0,0fae8,0,01,0,1f,4,1,0,0,0,1,02,0,0,0,0,1,0,0,0,1,0,0,0,0,0,0,0,0,1
23,23,0,0,0c,00000,0,0,0,0,1,0,0,0,0,0,0fae9,0,01,0,1f,4,1,0,0,0,1,02,0,0,0,0,1,0,0,0,1,0,0,0,0,0,0,0,0,1
24,24,0,0,0c,00000,0,0,0,0,1,0,0,0,0,0,0faea,0,01,0,1f,4,1,0,0,0,1,02,0,0,0,0,1,0,0,0,1,0,0,0,0,0,0,0,0,1
25,25,0,0,0c,00000,0,0,0,0,1,0,0,0,0,0,0faeb,0,01,0,1f,4,1,0,0,0,1,02,0,0,0,0,1,0,0,0,1,0,0,0,0,0,0,0,0,1
26,26,0,0,0c,00000,0,0,0,0,1,0,0,0,0,0,0faec,0,01,0,1f,4,1,0,0,0,1,02,0,0,0,0,1,0,0,0,1,0,0,0,0,0,0,0,0,1
27,27,0,0,0c,00000,0,0,0,0,1,0,0,0,0,0,0faed,0,01,0,1f,4,1,0,0,0,1,02,0,0,0,0,1,0,0,0,1,0,0,0,0,0,0,0,0,1
28,28,0,0,0c,00000,0,0,0,0,1,0,0,0,0,0,0faee,0,01,0,1f,4,1,0,0,0,1,02,0,0,0,0,1,0,0,0,1,0,0,0,0,0,0,0,0,1
29,29,0,0,0c,00000,0,0,0,0,1,0,0,0,0,0,0faef,0,01,0,1f,4,1,0,0,0,1,02,0,0,0,0,1,0,0,0,1,0,0,0,0,0,0,0,0,1
30,30,0,0,0c,00000,0,0,0,0,1,0,0,0,0,0,0faf0,0,01,0,1f,4,1,0,0,0,1,02,0,0,0,0,1,0,0,0,1,0,0,0,0,0,0,0,0,1
31,31,0,0,0c,00000,0,0,0,0,1,0,0,0,0,0,0faf1,0,01,0,1f,4,1,0,0,0,1,02,0,0,0,0,1,0,0,0,1,0,0,0,0,0,0,0,0,1
32,32,0,0,0c,00000,0,0,0,0,1,0,0,0,0,0,0faf2,0,01,0,1f,4,1,0,0,0,1,02,0,0,0,0,1,0,0,0,1,0,0,0,0,0,0,0,0,1
33,33,0,0,0c,00000,0,0,0,0,1,0,0,0,0,0,0faf3,0,01,0,1f,4,1,0,0,0,1,02,0,0,0,0,1,0,0,0,1,0,0,0,0,0,0,0,0,1
34,34,0,0,0c,00000,0,0,0,0,1,0,0,0,0,0,0faf4,0,01,0,1f,4,1,0,0,0,1,02,0,0,0,0,1,0,0,0,1,0,0,0,0,0,0,0,0,1
35,35,0,0,0c,00000,0,0,0,0,1,0,0,0,0,0,0faf5,0,01,0,1f,4,1,0,0,0,1,02,0,0,0,0,1,0,0,0,1,0,0,0,0,0,0,0,0,1
36,36,0,0,0c,00000,0,0,0,0,1,0,0,0,0,0,0faf6,0,01,0,1f,4,1,0,0,0,1,02,0,0,0,0,1,0,0,0,1,0,0,0,0,0,0,0,0,1
37,37,0,0,0c,00000,0,0,0,0,1,0,0,0,0,0,0faf7,0,01,0,1f,4,1,0,0,0,1,02,0,0,0,0,1,0,0,0,1,0,0,0,0,0,0,0,0,1
38,38,0,0,0c,00000,0,0,0,0,1,0,0,0,0,0,0faf8,0,01,0,1f,4,1,0,0,0,1,02,0,0,0,0,1,0,0,0,1,0,0,0,0,0,0,0,0,1
39,39,0,0,0c,00000,0,0,0,0,1,0,0,0,0,0,0faf9,0,01,0,1f,4,1,0,0,0,1,02,0,0,0,0,1,0,0,0,1,0,0,0,0,0,0,0,0,1
40,40,0,0,0c,00000,0,0,0,0,1,0,0,0,0,0,0fafa,0,01,0,1f,4,1,0,0,0,1,02,0,0,0,0,1,0,0,0,1,0,0,0,0,0,0,0,0,1
41,41,0,0,0c,00000,0,0,0,0,1,0,0,0,0,0,0fafb,0,01,0,1f,4,1,0,0,0,1,02,0,0,0,0,1,0,0,0,1,0,0,0,0,0,0,0,0,1
42,42,0,0,0c,00000,0,0,0,0,1,0,0,0,0,0,0fafc,0,01,0,1f,4,1,0,0,0,1,02,0,0,0,0,1,0,0,0,1,0,0,0,0,0,0,0,0,1
43,43,0,0,0c,00000,0,0,0,0,1,0,0,0,0,0,0fafd,0,01,0,1f,4,1,0,0,0,1,02,0,0,0,0,1,0,0,0,1,0,0,0,0,0,0,0,0,1
44,44,0,0,0c,00000,0,0,0,0,1,0,0,0,0,0,0fafe,0,01,0,1f,4,1,0,0,0,1,02,0,0,0,0,1,0,0,0,1,0,0,0,0,0,0,0,0,1
45,45,0,0,0c,00000,0,0,0,0,1,0,0,0,0,0,0faff,0,01,0,1f,4,1,0,0,0,1,02,0,0,0,0,1,0,0,0,1,0,0,0,0,0,0,0,0,1
46,46,0,0,0c,00000,0,0,0,0,1,0,0,0,0,0,0fb00,0,01,0,1f,4,1,0,0,0,1,02,0,0,0,0,1,0,0,0,1,0,0,0,0,0,0,0,0,1
47,47,0,0,0c,00000,0,0,0,0,1,0,0,0,0,0,0fb01,0,01,0,1f,4,1,0,0,0,1,02,0,0,0,0,1,0,0,0,1,0,0,0,0,0,0,0,0,1
48,48,0,0,0c,00000,0,0,0,0,1,0,0,0,0,0,0fb02,0,01,0,1f,4,1,0,0,0,1,02,0,0,0,0,1,0,0,0,1,0,0,0,0,0,0,0,0,1
49,49,0,0,0c,00000,0,0,0,0,1,0,0,0,0,0,0fb03,0,01,0,1f,4,1,0,0,0,1,02,0,0,0,0,1,0,0,0,1,0,0,0,0,0,0,0,0,1
50,50,0,0,0c,00000,0,0,0,0,1,0,0,0,0,0,0fb04,0,01,0,1f,4,1,0,0,0,1,02,0,0,0,0,1,0,0,0,1,0,0,0,0,0,0,0,0,1
51,51,0,0,0c,00000,0,0,0,0,1,0,0,0,0,0,0fb05,0,01,0,1f,4,1,0,0,0,1,02,0,0,0,0,1,0,0,0,1,0,0,0,0,0,0,0,0,1
52,52,0,0,0c,00000,0,0,0,0,1,0,0,0,0,0,0fb06,0,01,0,1f,4,1,0,0,0,1,02,0,0,0,0,1,0,0,0,1,0,0,0,0,0,0,0,0,1
53,53,0,0,0c,00000,0,0,0,0,1,0,0,0,0,0,0fb07,0,01,0,1f,4,1,0,0,0,1,02,0,0,0,0,1,0,0,0,1,0,0,0,0,0,0,0,0,1
54,54,0,0,0c,00000,0,0,0,0,1,0,0,0,0,0,0fb08,0,01,0,1f,4,1,0,0,0,1,02,0,0,0,0,1,0,0,0,1,0,0,0,0,0,0,0,0,1
55,55,0,0,0c,00000,0,0,0,0,1,0,0,0,0,0,0fb09,0,01,0,1f,4,1,0,0,0,1,02,0,0,0,0,1,0,0,0,1,0,0,0,0,0,0,0,0,1
56,56,0,0,0c,00000,0,0,0,0,1,0,0,0,0,0,0fb0a,0,01,0,1f,4,1,0,0,0,1,02,0,0,0,0,1,0,0,0,1,0,0,0,0,0,0,0,0,1
57,57,0,0,0c,00000,0,0,0,0,1,0,0,0,0,0,0fb0b,0,01,0,1f,4,1,0,0,0,1,02,0,0,0,0,1,0,0,0,1,0,0,0,0,0,0,0,0,1
58,58,0,0,0c,00000,0,0,0,0,1,0,0,0,0,0,0fb0c,0,01,0,1f,4,1,0,0,0,1,02,0,0,0,0,1,0,0,0,1,0,0,0,0,0,0,0,0,1
59,59,0,0,0c,00000,0,0,0,0,1,0,0,0,0,0,0fb0d,0,01,0,1f,4,1,0,0,0,1,02,0,0,0,0,1,0,0,0,1,0,0,0,0,0,0,0,0,1
60,60,0,0,0c,00000,0,0,0,0,1,0,0,0,0,0,0fb0e,0,01,0,1f,4,1,0,0,0,1,02,0,0,0,0,1,0,0,0,1,0,0,0,0,0,0,0,0,1
61,61,0,0,0c,00000,0,0,0,0,1,0,0,0,0,0,0fb0f,0,01,0,1f,4,1,0,0,0,1,02,0,0,0,0,1,0,0,0,1,0,0,0,0,0,0,0,0,1
62,62,0,0,0c,00000,0,0,0,0,1,0,0,0,0,0,0fb10,0,01,0,1f,4,1,0,0,0,1,02,0,0,0,0,1,0,0,0,1,0,0,0,0,0,0,0,0,1
63,63,0,0,0c,00000,0,0,0,0,1,0,0,0,0,0,0fb11,0,01,0,1f,4,1,0,0,0,1,02,0,0,0,0,1,0,0,0,1,0,0,0,0,0,0,0,0,1
64,64,0,0,0c,00000,0,0,0,0,1,0,0,0,0,0,0fb12,0,01,0,1f,4,1,0,0,0,1,02,0,0,0,0,1,0,0,0,1,0,0,0,0,0,0,0,0,1
65,65,0,0,0c,00000,0,0,0,0,1,0,0,0,0,0,0fb13,0,01,0,1f,4,1,0,0,0,1,02,0,0,0,0,1,0,0,0,1,0,0,0,0,0,0,0,0,1
66,66,0,0,0c,00000,0,0,0,0,1,0,0,0,0,0,0fb14,0,01,0,1f,4,1,0,0,0,1,02,0,0,0,0,1,0,0,0,1,0,0,0,0,0,0,0,0,1
67,67,0,0,0c,00000,0,0,0,0,1,0,0,0,0,0,0fb15,0,01,0,1f,4,1,0,0,0,1,02,0,0,0,0,1,0,0,0,1,0,0,0,0,0,0,0,0,1
68,68,0,0,0c,00000,0,0,0,0,1,0,0,0,0,0,0fb16,0,01,0,1f,4,1,0,0,0,1,02,0,0,0,0,1,0,0,0,1,0,0,0,0,0,0,0,0,1
69,69,0,0,0c,00000,0,0,0,0,1,0,0,0,0,0,0fb17,0,01,0,1f,4,1,0,0,0,1,02,0,0,0,0,1,0,0,0,1,0,0,0,0,0,0,0,0,1
70,70,0,0,0c,00000,0,0,0,0,1,0,0,0,0,0,0fb18,0,01,0,1f,4,1,0,0,0,1,02,0,0,0,0,1,0,0,0,1,0,0,0,0,0,0,0,0,1
71,71,0,0,0c,00000,0,0,0,0,1,0,0,0,0,0,0fb19,0,01,0,1f,4,1,0,0,0,1,02,0,0,0,0,1,0,0,0,1,0,0,0,0,0,0,0,0,1
72,72,0,0,0c,00000,0,0,0,0,1,0,0,0,0,0,0fb1a,0,01,0,1f,4,1,0,0,0,1,02,0,0,0,0,1,0,0,0,1,0,0,0,0,0,0,0,0,1
73,73,0,0,0c,00000,0,0,0,0,1,0,0,0,0,0,0fb1b,0,01,0,1f,4,1,0,0,0,1,02,0,0,0,0,1,0,0,0,1,0,0,0,0,0,0,0,0,1
74,74,0,0,0c,00000,0,0,0,0,1,0,0,0,0,0,0fb1c,0,01,0,1f,4,1,0,0,0,1,02,0,0,0,0,1,0,0,0,1,0,0,0,0,0,0,0,0,1
75,75,0,0,0c,00000,0,0,0,0,1,0,0,0,0,0,0fb1d,0,01,0,1f,4,1,0,0,0,1,02,0,0,0,0,1,0,0,0,1,0,0,0,0,0,0,0,0,1
76,76,0,0,0c,00000,0,0,0,0,1,0,0,0,0,0,0fb1e,0,01,0,1f,4,1,0,0,0,1,02,0,0,0,0,1,0,0,0,1,0,0,0,0,0,0,0,0,1
77,77,0,0,0c,00000,0,0,0,0,1,0,0,0,0,0,0fb1f,0,01,0,1f,4,1,0,0,0,1,02,0,0,0,0,1,0,0,0,1,0,0,0,0,0,0,0,0,1
78,78,0,0,0c,00000,0,0,0,0,1,0,0,0,0,0,0fb20,0,01,0,1f,4,1,0,0,0,1,02,0,0,0,0,1,0,0,0,1,0,0,0,0,0,0,0,0,1
79,79,0,0,0c,00000,0,0,0,0,1,0,0,0,0,0,0fb21,0,01,0,1f,4,1,0,0,0,1,02,0,0,0,0,1,0,0,0,1,0,0,0,0,0,0,0,0,1
80,80,0,0,0c,00000,0,0,0,0,1,0,0,0,0,0,0fb22,0,01,0,1f,4,1,0,0,0,1,02,0,0,0,0,1,0,0,0,1,0,0,0,0,0,0,0,0,1
81,81,0,0,0c,00000,0,0,0,0,1,0,0,0,0,0,0fb23,0,01,0,1f,4,1,0,0,0,1,02,0,0,0,0,1,0,0,0,1,0,0,0,0,0,0,0,0,1
82,82,0,0,0c,00000,0,0,0,0,1,0,0,0,0,0,0fb24,0,01,0,1f,4,1,0,0,0,1,02,0,0,0,0,1,0,0,0,1,0,0,0,0,0,0,0,0,1
83,83,0,0,0c,00000,0,0,0,0,1,0,0,0,0,0,0fb25,0,01,0,1f,4,1,0,0,0,1,02,0,0,0,0,1,0,0,0,1,0,0,0,0,0,0,0,0,1
84,84,0,0,0c,00000,0,0,0,0,1,0,0,0,0,0,0fb26,0,01,0,1f,4,1,0,0,0,1,02,0,0,0,0,1,0,0,0,1,0,0,0,0,0,0,0,0,1
85,85,0,0,0c,00000,0,0,0,0,1,0,0,0,0,0,0fb27,0,01,0,1f,4,1,0,0,0,1,02,0,0,0,0,1,0,0,0,1,0,0,0,0,0,0,0,0,1
86,86,0,0,0c,00000,0,0,0,0,1,0,0,0,0,0,0fb28,0,01,0,1f,4,1,0,0,0,1,02,0,0,0,0,1,0,0,0,1,0,0,0,0,0,0,0,0,1
87,87,0,0,0c,00000,0,0,0,0,1,0,0,0,0,0,0fb29,0,01,0,1f,4,1,0,0,0,1,02,0,0,0,0,1,0,0,0,1,0,0,0,0,0,0,0,0,1
88,88,0,0,0c,00000,0,0,0,0,1,0,0,0,0,0,0fb2a,0,01,0,1f,4,1,0,0,0,1,02,0,0,0,0,1,0,0,0,1,0,0,0,0,0,0,0,0,1
89,89,0,0,0c,00000,0,0,0,0,1,0,0,0,0,0,0fb2b,0,01,0,1f,4,1,0,0,0,1,02,0,0,0,0,1,0,0,0,1,0,0,0,0,0,0,0,0,1
90,90,0,0,0c,00000,0,0,0,0,1,0,0,0,0,0,0fb2c,0,01,0,1f,4,1,0,0,0,1,02,0,0,0,0,1,0,0,0,1,0,0,0,0,0,0,0,0,1
91,91,0,0,0c,00000,0,0,0,0,1,0,0,0,0,0,0fb2d,0,01,0,1f,4,1,0,0,0,1,02,0,0,0,0,1,0,0,0,1,0,0,0,0,0,0,0,0,1
92,92,0,0,0c,00000,0,0,0,0,1,0,0,0,0,0,0fb2e,0,01,0,1f,4,1,0,0,0,1,02,0,0,0,0,1,0,0,0,1,0,0,0,0,0,0,0,0,1
93,93,0,0,0c,00000,0,0,0,0,1,0,0,0,0,0,0fb2f,0,01,0,1f,4,1,0,0,0,1,02,0,0,0,0,1,0,0,0,1,0,0,0,0,0,0,0,0,1
94,94,0,0,0c,00000,0,0,0,0,1,0,0,0,0,0,0fb30,0,01,0,1f,4,1,0,0,0,1,02,0,0,0,0,1,0,0,0,1,0,0,0,0,0,0,0,0,1
95,95,0,0,0c,00000,0,0,0,0,1,0,0,0,0,0,0fb31,0,01,0,1f,4,1,0,0,0,1,02,0,0,0,0,1,0,0,0,1,0,0,0,0,0,0,0,0,1
96,96,0,0,0c,00000,0,0,0,0,1,0,0,0,0,0,0fb32,0,01,0,1f,4,1,0,0,0,1,02,0,0,0,0,1,0,0,0,1,0,0,0,0,0,0,0,0,1
97,97,0,0,0c,00000,0,0,0,0,1,0,0,0,0,0,0fb33,0,01,0,1f,4,1,0,0,0,1,02,0,0,0,0,1,0,0,0,1,0,0,0,0,0,0,0,0,1
98,98,0,0,0c,00000,0,0,0,0,1,0,0,0,0,0,0fb34,0,01,0,1f,4,1,0,0,0,1,02,0,0,0,0,1,0,0,0,1,0,0,0,0,0,0,0,0,1
99,99,0,0,0c,00000,0,0,0,0,1,0,0,0,0,0,0fb35,0,01,0,1f,4,1,0,0,0,1,02,0,0,0,0,1,0,0,0,1,0,0,0,0,0,0,0,0,1
100,100,0,0,0c,00000,0,0,0,0,1,0,0,0,0,0,0fb36,0,01,0,1f,4,1,0,0,0,1,02,0,0,0,0,1,0,0,0,1,0,0,0,0,0,0,0,0,1
101,101,0,0,0c,00000,0,0,0,0,1,0,0,0,0,0,0fb37,0,01,0,1f,4,1,0,0,0,1,02,0,0,0,0,1,0,0,0,1,0,0,0,0,0,0,0,0,1
102,102,0,0,0c,00000,0,0,0,0,1,0,0,0,0,0,0fb38,0,01,0,1f,4,1,0,0,0,1,02,0,0,0,0,1,0,0,0,1,0,0,0,0,0,0,0,0,1
103,103,0,0,0c,00000,0,0,0,0,1,0,0,0,0,0,0fb39,0,01,0,1f,4,1,0,0,0,1,02,0,0,0,0,1,0,0,0,1,0,0,0,0,0,0,0,0,1
104,104,0,0,0c,00000,0,0,0,0,1,0,0,0,0,0,0fb3a,0,01,0,1f,4,1,0,0,0,1,02,0,0,0,0,1,0,0,0,1,0,0,0,0,0,0,0,0,1
105,105,0,0,0c,00000,0,0,0,0,1,0,0,0,0,0,0fb3b,0,01,0,1f,4,1,0,0,0,1,02,0,0,0,0,1,0,0,0,1,0,0,0,0,0,0,0,0,1
106,106,0,0,0c,00000,0,0,0,0,1,0,0,0,0,0,0fb3c,0,01,0,1f,4,1,0,0,0,1,02,0,0,0,0,1,0,0,0,1,0,0,0,0,0,0,0,0,1
107,107,0,0,0c,00000,0,0,0,0,1,0,0,0,0,0,0fb3d,0,01,0,1f,4,1,0,0,0,1,02,0,0,0,0,1,0,0,0,1,0,0,0,0,0,0,0,0,1
108,108,0,0,0c,00000,0,0,0,0,1,0,0,0,0,0,0fb3e,0,01,0,1f,4,1,0,0,0,1,02,0,0,0,0,1,0,0,0,1,0,0,0,0,0,0,0,0,1
109,109,0,0,0c,00000,0,0,0,0,1,0,0,0,0,0,0fb3f,0,01,0,1f,4,1,0,0,0,1,02,0,0,0,0,1,0,0,0,1,0,0,0,0,0,0,0,0,1
110,110,0,0,0c,00000,0,0,0,0,1,0,0,0,0,0,0fb40,0,01,0,1f,4,1,0,0,0,1,02,0,0,0,0,1,0,0,0,1,0,0,0,0,0,0,0,0,1
111,111,0,0,0c,00000,0,0,0,0,1,0,0,0,0,0,0fb41,0,01,0,1f,4,1,0,0,0,1,02,0,0,0,0,1,0,0,0,1,0,0,0,0,0,0,0,0,1
112,112,0,0,0c,00000,0,0,0,0,1,0,0,0,0,0,0fb42,0,01,0,1f,4,1,0,0,0,1,02,0,0,0,0,1,0,0,0,1,0,0,0,0,0,0,0,0,1
113,113,0,0,0c,00000,0,0,0,0,1,0,0,0,0,0,0fb43,0,01,0,1f,4,1,0,0,0,1,02,0,0,0,0,1,0,0,0,1,0,0,0,0,0,0,0,0,1
114,114,0,0,0c,00000,0,0,0,0,1,0,0,0,0,0,0fb44,0,01,0,1f,4,1,0,0,0,1,02,0,0,0,0,1,0,0,0,1,0,0,0,0,0,0,0,0,1
115,115,0,0,0c,00000,0,0,0,0,1,0,0,0,0,0,0fb45,0,01,0,1f,4,1,0,0,0,1,02,0,0,0,0,1,0,0,0,1,0,0,0,0,0,0,0,0,1
116,116,0,0,0c,00000,0,0,0,0,1,0,0,0,0,0,0fb46,0,01,0,1f,4,1,0,0,0,1,02,0,0,0,0,1,0,0,0,1,0,0,0,0,0,0,0,0,1
117,117,0,0,0c,00000,0,0,0,0,1,0,0,0,0,0,0fb47,0,01,0,1f,4,1,0,0,0,1,02,0,0,0,0,1,0,0,0,1,0,0,0,0,0,0,0,0,1
118,118,0,0,0c,00000,0,0,0,0,1,0,0,0,0,0,0fb48,0,01,0,1f,4,1,0,0,0,1,02,0,0,0,0,1,0,0,0,1,0,0,0,0,0,0,0,0,1
119,119,0,0,0c,00000,0,0,0,0,1,0,0,0,0,0,0fb49,0,01,0,1f,4,1,0,0,0,1,02,0,0,0,0,1,0,0,0,1,0,0,0,0,0,0,0,0,1
120,120,0,0,0c,00000,0,0,0,0,1,0,0,0,0,0,0fb4a,0,01,0,1f,4,1,0,0,0,1,02,0,0,0,0,1,0,0,0,1,0,0,0,0,0,0,0,0,1
121,121,0,0,0c,00000,0,0,0,0,1,0,0,0,0,0,0fb4b,0,01,0,1f,4,1,0,0,0,1,02,0,0,0,0,1,0,0,0,1,0,0,0,0,0,0,0,0,1
122,122,0,0,0c,00000,0,0,0,0,1,0,0,0,0,0,0fb4c,0,01,0,1f,4,1,0,0,0,1,02,0,0,0,0,1,0,0,0,1,0,0,0,0,0,0,0,0,1
123,123,0,0,0c,00000,0,0,0,0,1,0,0,0,0,0,0fb4d,0,01,0,1f,4,1,0,0,0,1,02,0,0,0,0,1,0,0,0,1,0,0,0,0,0,0,0,0,1
124,124,0,0,0c,00000,0,0,0,0,1,0,0,0,0,0,0fb4e,0,01,0,1f,4,1,0,0,0,1,02,0,0,0,0,1,0,0,0,1,0,0,0,0,0,0,0,0,1
125,125,0,0,0c,00000,0,0,0,0,1,0,0,0,0,0,0fb4f,0,01,0,1f,4,1,0,0,0,1,02,0,0,0,0,1,0,0,0,1,0,0,0,0,0,0,0,0,1
126,126,0,0,0c,00000,0,0,0,0,1,0,0,0,0,0,0fb50,0,01,0,1f,4,1,0,0,0,1,02,0,0,0,0,1,0,0,0,1,0,0,0,0,0,0,0,0,1
127,127,0,0,0c,00000,0,0,0,0,1,0,0,0,0,0,0fb51,0,01,0,1f,4,1,0,0,0,1,02,0,0,0,0,1,0,0,0,1,0,0,0,0,0,0,0,0,1
128,128,0,0,0c,00000,0,0,0,0,1,0,0,0,0,0,0fb52,0,01,0,1f,4,1,0,0,0,1,02,0,0,0,0,1,0,0,0,1,0,0,0,0,0,0,0,0,1
129,129,0,0,0c,00000,0,0,0,0,1,0,0,0,0,0,0fb53,0,01,0,1f,4,1,0,0,0,1,02,0,0,0,0,1,0,0,0,1,0,0,0,0,0,0,0,0,1
130,130,0,0,0c,00000,0,0,0,0,1,0,0,0,0,0,0fb54,0,01,0,1f,4,1,0,0,0,1,02,0,0,0,0,1,0,0,0,1,0,0,0,0,0,0,0,0,1
131,131,0,0,0c,00000,0,0,0,0,1,0,0,0,0,0,0fb55,0,01,0,1f,4,1,0,0,0,1,02,0,0,0,0,1,0,0,0,1,0,0,0,0,0,0,0,0,1
132,132,0,0,0c,00000,0,0,0,0,1,0,0,0,0,0,0fb56,0,01,0,1f,4,1,0,0,0,1,02,0,0,0,0,1,0,0,0,1,0,0,0,0,0,0,0,0,1
133,133,0,0,0c,00000,0,0,0,0,1,0,0,0,0,0,0fb57,0,01,0,1f,4,1,0,0,0,1,02,0,0,0,0,1,0,0,0,1,0,0,0,0,0,0,0,0,1
134,134,0,0,0c,00000,0,0,0,0,1,0,0,0,0,0,0fb58,0,01,0,1f,4,1,0,0,0,1,02,0,0,0,0,1,0,0,0,1,0,0,0,0,0,0,0,0,1
135,135,0,0,0c,00000,0,0,0,0,1,0,0,0,0,0,0fb59,0,01,0,1f,4,1,0,0,0,1,02,0,0,0,0,1,0,0,0,1,0,0,0,0,0,0,0,0,1
136,136,0,0,0c,00000,0,0,0,0,1,0,0,0,0,0,0fb5a,0,01,0,1f,4,1,0,0,0,1,02,0,0,0,0,1,0,0,0,1,0,0,0,0,0,0,0,0,1
137,137,0,0,0c,00000,0,0,0,0,1,0,0,0,0,0,0fb5b,0,01,0,1f,4,1,0,0,0,1,02,0,0,0,0,1,0,0,0,1,0,0,0,0,0,0,0,0,1
138,138,0,0,0c,00000,0,0,0,0,1,0,0,0,0,0,0fb5c,0,01,0,1f,4,1,0,0,0,1,02,0,0,0,0,1,0,0,0,1,0,0,0,0,0,0,0,0,1
139,139,0,0,0c,00000,0,0,0,0,1,0,0,0,0,0,0fb5d,0,01,0,1f,4,1,0,0,0,1,02,0,0,0,0,1,0,0,0,1,0,0,0,0,0,0,0,0,1
140,140,0,0,0c,00000,0,0,0,0,1,0,0,0,0,0,0fb5e,0,01,0,1f,4,1,0,0,0,1,02,0,0,0,0,1,0,0,0,1,0,0,0,0,0,0,0,0,1
141,141,0,0,0c,00000,0,0,0,0,1,0,0,0,0,0,0fb5f,0,01,0,1f,4,1,0,0,0,1,02,0,0,0,0,1,0,0,0,1,0,0,0,0,0,0,0,0,1
142,142,0,0,0c,00000,0,0,0,0,1,0,0,0,0,0,0fb60,0,01,0,1f,4,1,0,0,0,1,02,0,0,0,0,1,0,0,0,1,0,0,0,0,0,0,0,0,1
143,143,0,0,0c,00000,0,0,0,0,1,0,0,0,0,0,0fb61,0,01,0,1f,4,1,0,0,0,1,02,0,0,0,0,1,0,0,0,1,0,0,0,0,0,0,0,0,1
144,144,0,0,0c,00000,0,0,0,0,1,0,0,0,0,0,0fb62,0,01,0,1f,4,1,0,0,0,1,02,0,0,0,0,1,0,0,0,1,0,0,0,0,0,0,0,0,1
145,145,0,0,0c,00000,0,0,0,0,1,0,0,0,0,0,0fb63,0,01,0,1f,4,1,0,0,0,1,02,0,0,0,0,1,0,0,0,1,0,0,0,0,0,0,0,0,1
146,146,0,0,0c,00000,0,0,0,0,1,0,0,0,0,0,0fb64,0,01,0,1f,4,1,0,0,0,1,02,0,0,0,0,1,0,0,0,1,0,0,0,0,0,0,0,0,1
147,147,0,0,0c,00000,0,0,0,0,1,0,0,0,0,0,0fb65,0,01,0,1f,4,1,0,0,0,1,02,0,0,0,0,1,0,0,0,1,0,0,0,0,0,0,0,0,1
148,148,0,0,0c,00000,0,0,0,0,1,0,0,0,0,0,0fb66,0,01,0,1f,4,1,0,0,0,1,02,0,0,0,0,1,0,0,0,1,0,0,0,0,0,0,0,0,1
149,149,0,0,0c,00000,0,0,0,0,1,0,0,0,0,0,0fb67,0,01,0,1f,4,1,0,0,0,1,02,0,0,0,0,1,0,0,0,1,0,0,0,0,0,0,0,0,1
150,150,0,0,0c,00000,0,0,0,0,1,0,0,0,0,0,0fb68,0,01,0,1f,4,1,0,0,0,1,02,0,0,0,0,1,0,0,0,1,0,0,0,0,0,0,0,0,1
151,151,0,0,0c,00000,0,0,0,0,1,0,0,0,0,0,0fb69,0,01,0,1f,4,1,0,0,0,1,02,0,0,0,0,1,0,0,0,1,0,0,0,0,0,0,0,0,1
152,152,0,0,0c,00000,0,0,0,0,1,0,0,0,0,0,0fb6a,0,01,0,1f,4,1,0,0,0,1,02,0,0,0,0,1,0,0,0,1,0,0,0,0,0,0,0,0,1
153,153,0,0,0c,00000,0,0,0,0,1,0,0,0,0,0,0fb6b,0,01,0,1f,4,1,0,0,0,1,02,0,0,0,0,1,0,0,0,1,0,0,0,0,0,0,0,0,1
154,154,0,0,0c,00000,0,0,0,0,1,0,0,0,0,0,0fb6c,0,01,0,1f,4,1,0,0,0,1,02,0,0,0,0,1,0,0,0,1,0,0,0,0,0,0,0,0,1
155,155,0,0,0c,00000,0,0,0,0,1,0,0,0,0,0,0fb6d,0,01,0,1f,4,1,0,0,0,1,02,0,0,0,0,1,0,0,0,1,0,0,0,0,0,0,0,0,1
156,156,0,0,0c,00000,0,0,0,0,1,0,0,0,0,0,0fb6e,0,01,0,1f,4,1,0,0,0,1,02,0,0,0,0,1,0,0,0,1,0,0,0,0,0,0,0,0,1
157,157,0,0,0c,00000,0,0,0,0,1,0,0,0,0,0,0fb6f,0,01,0,1f,4,1,0,0,0,1,02,0,0,0,0,1,0,0,0,1,0,0,0,0,0,0,0,0,1
158,158,0,0,0c,00000,0,0,0,0,1,0,0,0,0,0,0fb70,0,01,0,1f,4,1,0,0,0,1,02,0,0,0,0,1,0,0,0,1,0,0,0,0,0,0,0,0,1
159,159,0,0,0c,00000,0,0,0,0,1,0,0,0,0,0,0fb71,0,01,0,1f,4,1,0,0,0,1,02,0,0,0,0,1,0,0,0,1,0,0,0,0,0,0,0,0,1
160,160,0,0,0c,00000,0,0,0,0,1,0,0,0,0,0,0fb72,0,01,0,1f,4,1,0,0,0,1,02,0,0,0,0,1,0,0,0,1,0,0,0,0,0,0,0,0,1
161,161,0,0,0c,00000,0,0,0,0,1,0,0,0,0,0,0fb73,0,01,0,1f,4,1,0,0,0,1,02,0,0,0,0,1,0,0,0,1,0,0,0,0,0,0,0,0,1
162,162,0,0,0c,00000,0,0,0,0,1,0,0,0,0,0,0fb74,0,01,0,1f,4,1,0,0,0,1,02,0,0,0,0,1,0,0,0,1,0,0,0,0,0,0,0,0,1
163,163,0,0,0c,00000,0,0,0,0,1,0,0,0,0,0,0fb75,0,01,0,1f,4,1,0,0,0,1,02,0,0,0,0,1,0,0,0,1,0,0,0,0,0,0,0,0,1
164,164,0,0,0c,00000,0,0,0,0,1,0,0,0,0,0,0fb76,0,01,0,1f,4,1,0,0,0,1,02,0,0,0,0,1,0,0,0,1,0,0,0,0,0,0,0,0,1
165,165,0,0,0c,00000,0,0,0,0,1,0,0,0,0,0,0fb77,0,01,0,1f,4,1,0,0,0,1,02,0,0,0,0,1,0,0,0,1,0,0,0,0,0,0,0,0,1
166,166,0,0,0c,00000,0,0,0,0,1,0,0,0,0,0,0fb78,0,01,0,1f,4,1,0,0,0,1,02,0,0,0,0,1,0,0,0,1,0,0,0,0,0,0,0,0,1
167,167,0,0,0c,00000,0,0,0,0,1,0,0,0,0,0,0fb79,0,01,0,1f,4,1,0,0,0,1,02,0,0,0,0,1,0,0,0,1,0,0,0,0,0,0,0,0,1
168,168,0,0,0c,00000,0,0,0,0,1,0,0,0,0,0,0fb7a,0,01,0,1f,4,1,0,0,0,1,02,0,0,0,0,1,0,0,0,1,0,0,0,0,0,0,0,0,1
169,169,0,0,0c,00000,0,0,0,0,1,0,0,0,0,0,0fb7b,0,01,0,1f,4,1,0,0,0,1,02,0,0,0,0,1,0,0,0,1,0,0,0,0,0,0,0,0,1
170,170,0,0,0c,00000,0,0,0,0,1,0,0,0,0,0,0fb7c,0,01,0,1f,4,1,0,0,0,1,02,0,0,0,0,1,0,0,0,1,0,0,0,0,0,0,0,0,1
171,171,0,0,0c,00000,0,0,0,0,1,0,0,0,0,0,0fb7d,0,01,0,1f,4,1,0,0,0,1,02,0,0,0,0,1,0,0,0,1,0,0,0,0,0,0,0,0,1
172,172,0,0,0c,00000,0,0,0,0,1,0,0,0,0,0,0fb7e,0,01,0,1f,4,1,0,0,0,1,02,0,0,0,0,1,0,0,0,1,0,0,0,0,0,0,0,0,1
173,173,0,0,0c,00000,0,0,0,0,1,0,0,0,0,0,0fb7f,0,01,0,1f,4,1,0,0,0,1,02,0,0,0,0,1,0,0,0,1,0,0,0,0,0,0,0,0,1
174,174,0,0,0c,00000,0,0,0,0,1,0,0,0,0,0,0fb80,0,01,0,1f,4,1,0,0,0,1,02,0,0,0,0,1,0,0,0,1,0,0,0,0,0,0,0,0,1
175,175,0,0,0c,00000,0,0,0,0,1,0,0,0,0,0,0fb81,0,01,0,1f,4,1,0,0,0,1,02,0,0,0,0,1,0,0,0,1,0,0,0,0,0,0,0,0,1
176,176,0,0,0c,00000,0,0,0,0,1,0,0,0,0,0,0fb82,0,01,0,1f,4,1,0,0,0,1,02,0,0,0,0,1,0,0,0,1,0,0,0,0,0,0,0,0,1
177,177,0,0,0c,00000,0,0,0,0,1,0,0,0,0,0,0fb83,0,01,0,1f,4,1,0,0,0,1,02,0,0,0,0,1,0,0,0,1,0,0,0,0,0,0,0,0,1
178,178,0,0,0c,00000,0,0,0,0,1,0,0,0,0,0,0fb84,0,01,0,1f,4,1,0,0,0,1,02,0,0,0,0,1,0,0,0,1,0,0,0,0,0,0,0,0,1
179,179,0,0,0c,00000,0,0,0,0,1,0,0,0,0,0,0fb85,0,01,0,1f,4,1,0,0,0,1,02,0,0,0,0,1,0,0,0,1,0,0,0,0,0,0,0,0,1
180,180,0,0,0c,00000,0,0,0,0,1,0,0,0,0,0,0fb86,0,01,0,1f,4,1,0,0,0,1,02,0,0,0,0,1,0,0,0,1,0,0,0,0,0,0,0,0,1
181,181,0,0,0c,00000,0,0,0,0,1,0,0,0,0,0,0fb87,0,01,0,1f,4,1,0,0,0,1,02,0,0,0,0,1,0,0,0,1,0,0,0,0,0,0,0,0,1
182,182,0,0,0c,00000,0,0,0,0,1,0,0,0,0,0,0fb88,0,01,0,1f,4,1,0,0,0,1,02,0,0,0,0,1,0,0,0,1,0,0,0,0,0,0,0,0,1
183,183,0,0,0c,00000,0,0,0,0,1,0,0,0,0,0,0fb89,0,01,0,1f,4,1,0,0,0,1,02,0,0,0,0,1,0,0,0,1,0,0,0,0,0,0,0,0,1
184,184,0,0,0c,00000,0,0,0,0,1,0,0,0,0,0,0fb8a,0,01,0,1f,4,1,0,0,0,1,02,0,0,0,0,1,0,0,0,1,0,0,0,0,0,0,0,0,1
185,185,0,0,0c,00000,0,0,0,0,1,0,0,0,0,0,0fb8b,0,01,0,1f,4,1,0,0,0,1,02,0,0,0,0,1,0,0,0,1,0,0,0,0,0,0,0,0,1
186,186,0,0,0c,00000,0,0,0,0,1,0,0,0,0,0,0fb8c,0,01,0,1f,4,1,0,0,0,1,02,0,0,0,0,1,0,0,0,1,0,0,0,0,0,0,0,0,1
187,187,0,0,0c,00000,0,0,0,0,1,0,0,0,0,0,0fb8d,0,01,0,1f,4,1,0,0,0,1,02,0,0,0,0,1,0,0,0,1,0,0,0,0,0,0,0,0,1
188,188,0,0,0c,00000,0,0,0,0,1,0,0,0,0,0,0fb8e,0,01,0,1f,4,1,0,0,0,1,02,0,0,0,0,1,0,0,0,1,0,0,0,0,0,0,0,0,1
189,189,0,0,0c,00000,0,0,0,0,1,0,0,0,0,0,0fb8f,0,01,0,1f,4,1,0,0,0,1,02,0,0,0,0,1,0,0,0,1,0,0,0,0,0,0,0,0,1
190,190,0,0,0c,00000,0,0,0,0,1,0,0,0,0,0,0fb90,0,01,0,1f,4,1,0,0,0,1,02,0,0,0,0,1,0,0,0,1,0,0,0,0,0,0,0,0,1
191,191,0,0,0c,00000,0,0,0,0,1,0,0,0,0,0,0fb91,0,01,0,1f,4,1,0,0,0,1,02,0,0,0,0,1,0,0,0,1,0,0,0,0,0,0,0,0,1
192,192,0,0,0c,00000,0,0,0,0,1,0,0,0,0,0,0fb92,0,01,0,1f,4,1,0,0,0,1,02,0,0,0,0,1,0,0,0,1,0,0,0,0,0,0,0,0,1
193,193,0,0,0c,00000,0,0,0,0,1,0,0,0,0,0,0fb93,0,01,0,1f,4,1,0,0,0,1,02,0,0,0,0,1,0,0,0,1,0,0,0,0,0,0,0,0,1
194,194,0,0,0c,00000,0,0,0,0,1,0,0,0,0,0,0fb94,0,01,0,1f,4,1,0,0,0,1,02,0,0,0,0,1,0,0,0,1,0,0,0,0,0,0,0,0,1
195,195,0,0,0c,00000,0,0,0,0,1,0,0,0,0,0,0fb95,0,01,0,1f,4,1,0,0,0,1,02,0,0,0,0,1,0,0,0,1,0,0,0,0,0,0,0,0,1
196,196,0,0,0c,00000,0,0,0,0,1,0,0,0,0,0,0fb96,0,01,0,1f,4,1,0,0,0,1,02,0,0,0,0,1,0,0,0,1,0,0,0,0,0,0,0,0,1
197,197,0,0,0c,00000,0,0,0,0,1,0,0,0,0,0,0fb97,0,01,0,1f,4,1,0,0,0,1,02,0,0,0,0,1,0,0,0,1,0,0,0,0,0,0,0,0,1
198,198,0,0,0c,00000,0,0,0,0,1,0,0,0,0,0,0fb98,0,01,0,1f,4,1,0,0,0,1,02,0,0,0,0,1,0,0,0,1,0,0,0,0,0,0,0,0,1
199,199,0,0,0c,00000,0,0,0,0,1,0,0,0,0,0,0fb99,0,01,0,1f,4,1,0,0,0,1,02,0,0,0,0,1,0,0,0,1,0,0,0,0,0,0,0,0,1
200,200,0,0,0c,00000,0,0,0,0,1,0,0,0,0,0,0fb9a,0,01,0,1f,4,1,0,0,0,1,02,0,0,0,0,1,0,0,0,1,0,0,0,0,0,0,0,0,1
201,201,0,0,0c,00000,0,0,0,0,1,0,0,0,0,0,0fb9b,0,01,0,1f,4,1,0,0,0,1,02,0,0,0,0,1,0,0,0,1,0,0,0,0,0,0,0,0,1
202,202,0,0,0c,00000,0,0,0,0,1,0,0,0,0,0,0fb9c,0,01,0,1f,4,1,0,0,0,1,02,0,0,0,0,1,0,0,0,1,0,0,0,0,0,0,0,0,1
203,203,0,0,0c,00000,0,0,0,0,1,0,0,0,0,0,0fb9d,0,01,0,1f,4,1,0,0,0,1,02,0,0,0,0,1,0,0,0,1,0,0,0,0,0,0,0,0,1
204,204,0,0,0c,00000,0,0,0,0,1,0,0,0,0,0,0fb9e,0,01,0,1f,4,1,0,0,0,1,02,0,0,0,0,1,0,0,0,1,0,0,0,0,0,0,0,0,1
205,205,0,0,0c,00000,0,0,0,0,1,0,0,0,0,0,0fb9f,0,01,0,1f,4,1,0,0,0,1,02,0,0,0,0,1,0,0,0,1,0,0,0,0,0,0,0,0,1
206,206,0,0,0c,00000,0,0,0,0,1,0,0,0,0,0,0fba0,0,01,0,1f,4,1,0,0,0,1,02,0,0,0,0,1,0,0,0,1,0,0,0,0,0,0,0,0,1
207,207,0,0,0c,00000,0,0,0,0,1,0,0,0,0,0,0fba1,0,01,0,1f,4,1,0,0,0,1,02,0,0,0,0,1,0,0,0,1,0,0,0,0,0,0,0,0,1
208,208,0,0,0c,00000,0,0,0,0,1,0,0,0,0,0,0fba2,0,01,0,1f,4,1,0,0,0,1,02,0,0,0,0,1,0,0,0,1,0,0,0,0,0,0,0,0,1
209,209,0,0,0c,00000,0,0,0,0,1,0,0,0,0,0,0fba3,0,01,0,1f,4,1,0,0,0,1,02,0,0,0,0,1,0,0,0,1,0,0,0,0,0,0,0,0,1
210,210,0,0,0c,00000,0,0,0,0,1,0,0,0,0,0,0fba4,0,01,0,1f,4,1,0,0,0,1,02,0,0,0,0,1,0,0,0,1,0,0,0,0,0,0,0,0,1
211,211,0,0,0c,00000,0,0,0,0,1,0,0,0,0,0,0fba5,0,01,0,1f,4,1,0,0,0,1,02,0,0,0,0,1,0,0,0,1,0,0,0,0,0,0,0,0,1
212,212,0,0,0c,00000,0,0,0,0,1,0,0,0,0,0,0fba6,0,01,0,1f,4,1,0,0,0,1,02,0,0,0,0,1,0,0,0,1,0,0,0,0,0,0,0,0,1
213,213,0,0,0c,00000,0,0,0,0,1,0,0,0,0,0,0fba7,0,01,0,1f,4,1,0,0,0,1,02,0,0,0,0,1,0,0,0,1,0,0,0,0,0,0,0,0,1
214,214,0,0,0c,00000,0,0,0,0,1,0,0,0,0,0,0fba8,0,01,0,1f,4,1,0,0,0,1,02,0,0,0,0,1,0,0,0,1,0,0,0,0,0,0,0,0,1
215,215,0,0,0c,00000,0,0,0,0,1,0,0,0,0,0,0fba9,0,01,0,1f,4,1,0,0,0,1,02,0,0,0,0,1,0,0,0,1,0,0,0,0,0,0,0,0,1
216,216,0,0,0c,00000,0,0,0,0,1,0,0,0,0,0,0fbaa,0,01,0,1f,4,1,0,0,0,1,02,0,0,0,0,1,0,0,0,1,0,0,0,0,0,0,0,0,1
217,217,0,0,0c,00000,0,0,0,0,1,0,0,0,0,0,0fbab,0,01,0,1f,4,1,0,0,0,1,02,0,0,0,0,1,0,0,0,1,0,0,0,0,0,0,0,0,1
218,218,0,0,0c,00000,0,0,0,0,1,0,0,0,0,0,0fbac,0,01,0,1f,4,1,0,0,0,1,02,0,0,0,0,1,0,0,0,1,0,0,0,0,0,0,0,0,1
219,219,0,0,0c,00000,0,0,0,0,1,0,0,0,0,0,0fbad,0,01,0,1f,4,1,0,0,0,1,02,0,0,0,0,1,0,0,0,1,0,0,0,0,0,0,0,0,1
220,220,0,0,0c,00000,0,0,0,0,1,0,0,0,0,0,0fbae,0,01,0,1f,4,1,0,0,0,1,02,0,0,0,0,1,0,0,0,1,0,0,0,0,0,0,0,0,1
221,221,0,0,0c,00000,0,0,0,0,1,0,0,0,0,0,0fbaf,0,01,0,1f,4,1,0,0,0,1,02,0,0,0,0,1,0,0,0,1,0,0,0,0,0,0,0,0,1
222,222,0,0,0c,00000,0,0,0,0,1,0,0,0,0,0,0fbb0,0,01,0,1f,4,1,0,0,0,1,02,0,0,0,0,1,0,0,0,1,0,0,0,0,0,0,0,0,1
223,223,0,0,0c,00000,0,0,0,0,1,0,0,0,0,0,0fbb1,0,01,0,1f,4,1,0,0,0,1,02,0,0,0,0,1,0,0,0,1,0,0,0,0,0,0,0,0,1
224,224,0,0,0c,00000,0,0,0,0,1,0,0,0,0,0,0fbb2,0,01,0,1f,4,1,0,0,0,1,02,0,0,0,0,1,0,0,0,1,0,0,0,0,0,0,0,0,1
225,225,0,0,0c,00000,0,0,0,0,1,0,0,0,0,0,0fbb3,0,01,0,1f,4,1,0,0,0,1,02,0,0,0,0,1,0,0,0,1,0,0,0,0,0,0,0,0,1
226,226,0,0,0c,00000,0,0,0,0,1,0,0,0,0,0,0fbb4,0,01,0,1f,4,1,0,0,0,1,02,0,0,0,0,1,0,0,0,1,0,0,0,0,0,0,0,0,1
227,227,0,0,0c,00000,0,0,0,0,1,0,0,0,0,0,0fbb5,0,01,0,1f,4,1,0,0,0,1,02,0,0,0,0,1,0,0,0,1,0,0,0,0,0,0,0,0,1
228,228,0,0,0c,00000,0,0,0,0,1,0,0,0,0,0,0fbb6,0,01,0,1f,4,1,0,0,0,1,02,0,0,0,0,1,0,0,0,1,0,0,0,0,0,0,0,0,1
229,229,0,0,0c,00000,0,0,0,0,1,0,0,0,0,0,0fbb7,0,01,0,1f,4,1,0,0,0,1,02,0,0,0,0,1,0,0,0,1,0,0,0,0,0,0,0,0,1
230,230,0,0,0c,00000,0,0,0,0,1,0,0,0,0,0,0fbb8,0,01,0,1f,4,1,0,0,0,1,02,0,0,0,0,1,0,0,0,1,0,0,0,0,0,0,0,0,1
231,231,0,0,0c,00000,0,0,0,0,1,0,0,0,0,0,0fbb9,0,01,0,1f,4,1,0,0,0,1,02,0,0,0,0,1,0,0,0,1,0,0,0,0,0,0,0,0,1
232,232,0,0,0c,00000,0,0,0,0,1,0,0,0,0,0,0fbba,0,01,0,1f,4,1,0,0,0,1,02,0,0,0,0,1,0,0,0,1,0,0,0,0,0,0,0,0,1
233,233,0,0,0c,00000,0,0,0,0,1,0,0,0,0,0,0fbbb,0,01,0,1f,4,1,0,0,0,1,02,0,0,0,0,1,0,0,0,1,0,0,0,0,0,0,0,0,1
234,234,0,0,0c,00000,0,0,0,0,1,0,0,0,0,0,0fbbc,0,01,0,1f,4,1,0,0,0,1,02,0,0,0,0,1,0,0,0,1,0,0,0,0,0,0,0,0,1
235,235,0,0,0c,00000,0,0,0,0,1,0,0,0,0,0,0fbbd,0,01,0,1f,4,1,0,0,0,1,02,0,0,0,0,1,0,0,0,1,0,0,0,0,0,0,0,0,1
236,236,0,0,0c,00000,0,0,0,0,1,0,0,0,0,0,0fbbe,0,01,0,1f,4,1,0,0,0,1,02,0,0,0,0,1,0,0,0,1,0,0,0,0,0,0,0,0,1
237,237,0,0,0c,00000,0,0,0,0,1,0,0,0,0,0,0fbbf,0,01,0,1f,4,1,0,0,0,1,02,0,0,0,0,1,0,0,0,1,0,0,0,0,0,0,0,0,1
238,238,0,0,0c,00000,0,0,0,0,1,0,0,0,0,0,0fbc0,0,01,0,1f,4,1,0,0,0,1,02,0,0,0,0,1,0,0,0,1,0,0,0,0,0,0,0,0,1
239,239,0,0,0c,00000,0,0,0,0,1,0,0,0,0,0,0fbc1,0,01,0,1f,4,1,0,0,0,1,02,0,0,0,0,1,0,0,0,1,0,0,0,0,0,0,0,0,1
240,240,0,0,0c,00000,0,0,0,0,1,0,0,0,0,0,0fbc2,0,01,0,1f,4,1,0,0,0,1,02,0,0,0,0,1,0,0,0,1,0,0,0,0,0,0,0,0,1
241,241,0,0,0c,00000,0,0,0,0,1,0,0,0,0,0,0fbc3,0,01,0,1f,4,1,0,0,0,1,02,0,0,0,0,1,0,0,0,1,0,0,0,0,0,0,0,0,1
242,242,0,0,0c,00000,0,0,0,0,1,0,0,0,0,0,0fbc4,0,01,0,1f,4,1,0,0,0,1,02,0,0,0,0,1,0,0,0,1,0,0,0,0,0,0,0,0,1
243,243,0,0,0c,00000,0,0,0,0,1,0,0,0,0,0,0fbc5,0,01,0,1f,4,1,0,0,0,1,02,0,0,0,0,1,0,0,0,1,0,0,0,0,0,0,0,0,1
244,244,0,0,0c,00000,0,0,0,0,1,0,0,0,0,0,0fbc6,0,01,0,1f,4,1,0,0,0,1,02,0,0,0,0,1,0,0,0,1,0,0,0,0,0,0,0,0,1
245,245,0,0,0c,00000,0,0,0,0,1,0,0,0,0,0,0fbc7,0,01,0,1f,4,1,0,0,0,1,02,0,0,0,0,1,0,0,0,1,0,0,0,0,0,0,0,0,1
246,246,0,0,0c,00000,0,0,0,0,1,0,0,0,0,0,0fbc8,0,01,0,1f,4,1,0,0,0,1,02,0,0,0,0,1,0,0,0,1,0,0,0,0,0,0,0,0,1
247,247,0,0,0c,00000,0,0,0,0,1,0,0,0,0,0,0fbc9,0,01,0,1f,4,1,0,0,0,1,02,0,0,0,0,1,0,0,0,1,0,0,0,0,0,0,0,0,1
248,248,0,0,0c,00000,0,0,0,0,1,0,0,0,0,0,0fbca,0,01,0,1f,4,1,0,0,0,1,02,0,0,0,0,1,0,0,0,1,0,0,0,0,0,0,0,0,1
249,249,0,0,0c,00000,0,0,0,0,1,0,0,0,0,0,0fbcb,0,01,0,1f,4,1,0,0,0,1,02,0,0,0,0,1,0,0,0,1,0,0,0,0,0,0,0,0,1
250,250,0,0,0c,00000,0,0,0,0,1,0,0,0,0,0,0fbcc,0,01,0,1f,4,1,0,0,0,1,02,0,0,0,0,1,0,0,0,1,0,0,0,0,0,0,0,0,1
251,251,0,0,0c,00000,0,0,0,0,1,0,0,0,0,0,0fbcd,0,01,0,1f,4,1,0,0,0,1,02,0,0,0,0,1,0,0,0,1,0,0,0,0,0,0,0,0,1
252,252,0,0,0c,00000,0,0,0,0,1,0,0,0,0,0,0fbce,0,01,0,1f,4,1,0,0,0,1,02,0,0,0,0,1,0,0,0,1,0,0,0,0,0,0,0,0,1
253,253,0,0,0c,00000,0,0,0,0,1,0,0,0,0,0,0fbcf,0,01,0,1f,4,1,0,0,0,1,02,0,0,0,0,1,0,0,0,1,0,0,0,0,0,0,0,0,1
254,254,0,0,0c,00000,0,0,0,0,1,0,0,0,0,0,0fbd0,0,01,0,1f,4,1,0,0,0,1,02,0,0,0,0,1,0,0,0,1,0,0,0,0,0,0,0,0,1
255,255,0,0,0c,00000,0,0,0,0,1,0,0,0,0,0,0fbd1,0,01,0,1f,4,1,0,0,0,1,02,0,0,0,0,1,0,0,0,1,0,0,0,0,0,0,0,0,1
256,256,0,0,0c,00000,0,0,0,0,1,0,0,0,0,0,0fbd2,0,01,0,1f,4,1,0,0,0,1,02,0,0,0,0,1,0,0,0,1,0,0,0,0,0,0,0,0,1
257,257,0,0,0c,00000,0,0,0,0,1,0,0,0,0,0,0fbd3,0,01,0,1f,4,1,0,0,0,1,02,0,0,0,0,1,0,0,0,1,0,0,0,0,0,0,0,0,1
258,258,0,0,0c,00000,0,0,0,0,1,0,0,0,0,0,0fbd4,0,01,0,1f,4,1,0,0,0,1,02,0,0,0,0,1,0,0,0,1,0,0,0,0,0,0,0,0,1
259,259,0,0,0c,00000,0,0,0,0,1,0,0,0,0,0,0fbd5,0,01,0,1f,4,1,0,0,0,1,02,0,0,0,0,1,0,0,0,1,0,0,0,0,0,0,0,0,1
260,260,0,0,0c,00000,0,0,0,0,1,0,0,0,0,0,0fbd6,0,01,0,1f,4,1,0,0,0,1,02,0,0,0,0,1,0,0,0,1,0,0,0,0,0,0,0,0,1
261,261,0,0,0c,00000,0,0,0,0,1,0,0,0,0,0,0fbd7,0,01,0,1f,4,1,0,0,0,1,02,0,0,0,0,1,0,0,0,1,0,0,0,0,0,0,0,0,1
262,262,0,0,0c,00000,0,0,0,0,1,0,0,0,0,0,0fbd8,0,01,0,1f,4,1,0,0,0,1,02,0,0,0,0,1,0,0,0,1,0,0,0,0,0,0,0,0,1
263,263,0,0,0c,00000,0,0,0,0,1,0,0,0,0,0,0fbd9,0,01,0,1f,4,1,0,0,0,1,02,0,0,0,0,1,0,0,0,1,0,0,0,0,0,0,0,0,1
264,264,0,0,0c,00000,0,0,0,0,1,0,0,0,0,0,0fbda,0,01,0,1f,4,1,0,0,0,1,02,0,0,0,0,1,0,0,0,1,0,0,0,0,0,0,0,0,1
265,265,0,0,0c,00000,0,0,0,0,1,0,0,0,0,0,0fbdb,0,01,0,1f,4,1,0,0,0,1,02,0,0,0,0,1,0,0,0,1,0,0,0,0,0,0,0,0,1
266,266,0,0,0c,00000,0,0,0,0,1,0,0,0,0,0,0fbdc,0,01,0,1f,4,1,0,0,0,1,02,0,0,0,0,1,0,0,0,1,0,0,0,0,0,0,0,0,1
267,267,0,0,0c,00000,0,0,0,0,1,0,0,0,0,0,0fbdd,0,01,0,1f,4,1,0,0,0,1,02,0,0,0,0,1,0,0,0,1,0,0,0,0,0,0,0,0,1
268,268,0,0,0c,00000,0,0,0,0,1,0,0,0,0,0,0fbde,0,01,0,1f,4,1,0,0,0,1,02,0,0,0,0,1,0,0,0,1,0,0,0,0,0,0,0,0,1
269,269,0,0,0c,00000,0,0,0,0,1,0,0,0,0,0,0fbdf,0,01,0,1f,4,1,0,0,0,1,02,0,0,0,0,1,0,0,0,1,0,0,0,0,0,0,0,0,1
270,270,0,0,0c,00000,0,0,0,0,1,0,0,0,0,0,0fbe0,0,01,0,1f,4,1,0,0,0,1,02,0,0,0,0,1,0,0,0,1,0,0,0,0,0,0,0,0,1
271,271,0,0,0c,00000,0,0,0,0,1,0,0,0,0,0,0fbe1,0,01,0,1f,4,1,0,0,0,1,02,0,0,0,0,1,0,0,0,1,0,0,0,0,0,0,0,0,1
272,272,0,0,0c,00000,0,0,0,0,1,0,0,0,0,0,0fbe2,0,01,0,1f,4,1,0,0,0,1,02,0,0,0,0,1,0,0,0,1,0,0,0,0,0,0,0,0,1
273,273,0,0,0c,00000,0,0,0,0,1,0,0,0,0,0,0fbe3,0,01,0,1f,4,1,0,0,0,1,02,0,0,0,0,1,0,0,0,1,0,0,0,0,0,0,0,0,1
274,274,0,0,0c,00000,0,0,0,0,1,0,0,0,0,0,0fbe4,0,01,0,1f,4,1,0,0,0,1,02,0,0,0,0,1,0,0,0,1,0,0,0,0,0,0,0,0,1
275,275,0,0,0c,00000,0,0,0,0,1,0,0,0,0,0,0fbe5,0,01,0,1f,4,1,0,0,0,1,02,0,0,0,0,1,0,0,0,1,0,0,0,0,0,0,0,0,1
276,276,0,0,0c,00000,0,0,0,0,1,0,0,0,0,0,0fbe6,0,01,0,1f,4,1,0,0,0,1,02,0,0,0,0,1,0,0,0,1,0,0,0,0,0,0,0,0,1
277,277,0,0,0c,00000,0,0,0,0,1,0,0,0,0,0,0fbe7,0,01,0,1f,4,1,0,0,0,1,02,0,0,0,0,1,0,0,0,1,0,0,0,0,0,0,0,0,1
278,278,0,0,0c,00000,0,0,0,0,1,0,0,0,0,0,0fbe8,0,01,0,1f,4,1,0,0,0,1,02,0,0,0,0,1,0,0,0,1,0,0,0,0,0,0,0,0,1
279,279,0,0,0c,00000,0,0,0,0,1,0,0,0,0,0,0fbe9,0,01,0,1f,4,1,0,0,0,1,02,0,0,0,0,1,0,0,0,1,0,0,0,0,0,0,0,0,1
280,280,0,0,0c,00000,0,0,0,0,1,0,0,0,0,0,0fbea,0,01,0,1f,4,1,0,0,0,1,02,0,0,0,0,1,0,0,0,1,0,0,0,0,0,0,0,0,1
281,281,0,0,0c,00000,0,0,0,0,1,0,0,0,0,0,0fbeb,0,01,0,1f,4,1,0,0,0,1,02,0,0,0,0,1,0,0,0,1,0,0,0,0,0,0,0,0,1
282,282,0,0,0c,00000,0,0,0,0,1,0,0,0,0,0,0fbec,0,01,0,1f,4,1,0,0,0,1,02,0,0,0,0,1,0,0,0,1,0,0,0,0,0,0,0,0,1
283,283,0,0,0c,00000,0,0,0,0,1,0,0,0,0,0,0fbed,0,01,0,1f,4,1,0,0,0,1,02,0,0,0,0,1,0,0,0,1,0,0,0,0,0,0,0,0,1
284,284,0,0,0c,00000,0,0,0,0,1,0,0,0,0,0,0fbee,0,01,0,1f,4,1,0,0,0,1,02,0,0,0,0,1,0,0,0,1,0,0,0,0,0,0,0,0,1
285,285,0,0,0c,00000,0,0,0,0,1,0,0,0,0,0,0fbef,0,01,0,1f,4,1,0,0,0,1,02,0,0,0,0,1,0,0,0,1,0,0,0,0,0,0,0,0,1
286,286,0,0,0c,00000,0,0,0,0,1,0,0,0,0,0,0fbf0,0,01,0,1f,4,1,0,0,0,1,02,0,0,0,0,1,0,0,0,1,0,0,0,0,0,0,0,0,1
287,287,0,0,0c,00000,0,0,0,0,1,0,0,0,0,0,0fbf1,0,01,0,1f,4,1,0,0,0,1,02,0,0,0,0,1,0,0,0,1,0,0,0,0,0,0,0,0,1
288,288,0,0,0c,00000,0,0,0,0,1,0,0,0,0,0,0fbf2,0,01,0,1f,4,1,0,0,0,1,02,0,0,0,0,1,0,0,0,1,0,0,0,0,0,0,0,0,1
289,289,0,0,0c,00000,0,0,0,0,1,0,0,0,0,0,0fbf3,0,01,0,1f,4,1,0,0,0,1,02,0,0,0,0,1,0,0,0,1,0,0,0,0,0,0,0,0,1
290,290,0,0,0c,00000,0,0,0,0,1,0,0,0,0,0,0fbf4,0,01,0,1f,4,1,0,0,0,1,02,0,0,0,0,1,0,0,0,1,0,0,0,0,0,0,0,0,1
291,291,0,0,0c,00000,0,0,0,0,1,0,0,0,0,0,0fbf5,0,01,0,1f,4,1,0,0,0,1,02,0,0,0,0,1,0,0,0,1,0,0,0,0,0,0,0,0,1
292,292,0,0,0c,00000,0,0,0,0,1,0,0,0,0,0,0fbf6,0,01,0,1f,4,1,0,0,0,1,02,0,0,0,0,1,0,0,0,1,0,0,0,0,0,0,0,0,1
293,293,0,0,0c,00000,0,0,0,0,1,0,0,0,0,0,0fbf7,0,01,0,1f,4,1,0,0,0,1,02,0,0,0,0,1,0,0,0,1,0,0,0,0,0,0,0,0,1
294,294,0,0,0c,00000,0,0,0,0,1,0,0,0,0,0,0fbf8,0,01,0,1f,4,1,0,0,0,1,02,0,0,0,0,1,0,0,0,1,0,0,0,0,0,0,0,0,1
295,295,0,0,0c,00000,0,0,0,0,1,0,0,0,0,0,0fbf9,0,01,0,1f,4,1,0,0,0,1,02,0,0,0,0,1,0,0,0,1,0,0,0,0,0,0,0,0,1
296,296,0,0,0c,00000,0,0,0,0,1,0,0,0,0,0,0fbfa,0,01,0,1f,4,1,0,0,0,1,02,0,0,0,0,1,0,0,0,1,0,0,0,0,0,0,0,0,1
297,297,0,0,0c,00000,0,0,0,0,1,0,0,0,0,0,0fbfb,0,01,0,1f,4,1,0,0,0,1,02,0,0,0,0,1,0,0,0,1,0,0,0,0,0,0,0,0,1
298,298,0,0,0c,00000,0,0,0,0,1,0,0,0,0,0,0fbfc,0,01,0,1f,4,1,0,0,0,1,02,0,0,0,0,1,0,0,0,1,0,0,0,0,0,0,0,0,1
299,299,0,0,0c,00000,0,0,0,0,1,0,0,0,0,0,0fbfd,0,01,0,1f,4,1,0,0,0,1,02,0,0,0,0,1,0,0,0,1,0,0,0,0,0,0,0,0,1
300,300,0,0,0c,00000,0,0,0,0,1,0,0,0,0,0,0fbfe,0,01,0,1f,4,1,0,0,0,1,02,0,0,0,0,1,0,0,0,1,0,0,0,0,0,0,0,0,1
301,301,0,0,0c,00000,0,0,0,0,1,0,0,0,0,0,0fbff,0,01,0,1f,4,1,0,0,0,1,02,0,0,0,0,1,0,0,0,1,0,0,0,0,0,0,0,0,1
302,302,0,0,0c,00000,0,0,0,0,1,0,0,0,0,0,0fc00,0,01,0,1f,4,1,0,0,0,1,02,0,0,0,0,1,0,0,0,1,0,0,0,0,0,0,0,0,1
303,303,0,0,0c,00000,0,0,0,0,1,0,0,0,0,0,0fc01,0,01,0,1f,4,1,0,0,0,1,02,0,0,0,0,1,0,0,0,1,0,0,0,0,0,0,0,0,1
304,304,0,0,0c,00000,0,0,0,0,1,0,0,0,0,0,0fc02,0,01,0,1f,4,1,0,0,0,1,02,0,0,0,0,1,0,0,0,1,0,0,0,0,0,0,0,0,1
305,305,0,0,0c,00000,0,0,0,0,1,0,0,0,0,0,0fc03,0,01,0,1f,4,1,0,0,0,1,02,0,0,0,0,1,0,0,0,1,0,0,0,0,0,0,0,0,1
306,306,0,0,0c,00000,0,0,0,0,1,0,0,0,0,0,0fc04,0,01,0,1f,4,1,0,0,0,1,02,0,0,0,0,1,0,0,0,1,0,0,0,0,0,0,0,0,1
307,307,0,0,0c,00000,0,0,0,0,1,0,0,0,0,0,0fc05,0,01,0,1f,4,1,0,0,0,1,02,0,0,0,0,1,0,0,0,1,0,0,0,0,0,0,0,0,1
308,308,0,0,0c,00000,0,0,0,0,1,0,0,0,0,0,0fc06,0,01,0,1f,4,1,0,0,0,1,02,0,0,0,0,1,0,0,0,1,0,0,0,0,0,0,0,0,1
309,309,0,0,0c,00000,0,0,0,0,1,0,0,0,0,0,0fc07,0,01,0,1f,4,1,0,0,0,1,02,0,0,0,0,1,0,0,0,1,0,0,0,0,0,0,0,0,1
310,310,0,0,0c,00000,0,0,0,0,1,0,0,0,0,0,0fc08,0,01,0,1f,4,1,0,0,0,1,02,0,0,0,0,1,0,0,0,1,0,0,0,0,0,0,0,0,1
311,311,0,0,0c,00000,0,0,0,0,1,0,0,0,0,0,0fc09,0,01,0,1f,4,1,0,0,0,1,02,0,0,0,0,1,0,0,0,1,0,0,0,0,0,0,0,0,1
312,312,0,0,0c,00000,0,0,0,0,1,0,0,0,0,0,0fc0a,0,01,0,1f,4,1,0,0,0,1,02,0,0,0,0,1,0,0,0,1,0,0,0,0,0,0,0,0,1
313,313,0,0,0c,00000,0,0,0,0,1,0,0,0,0,0,0fc0b,0,01,0,1f,4,1,0,0,0,1,02,0,0,0,0,1,0,0,0,1,0,0,0,0,0,0,0,0,1
314,314,0,0,0c,00000,0,0,0,0,1,0,0,0,0,0,0fc0c,0,01,0,1f,4,1,0,0,0,1,02,0,0,0,0,1,0,0,0,1,0,0,0,0,0,0,0,0,1
315,315,0,0,0c,00000,0,0,0,0,1,0,0,0,0,0,0fc0d,0,01,0,1f,4,1,0,0,0,1,02,0,0,0,0,1,0,0,0,1,0,0,0,0,0,0,0,0,1
316,316,0,0,0c,00000,0,0,0,0,1,0,0,0,0,0,0fc0e,0,01,0,1f,4,1,0,0,0,1,02,0,0,0,0,1,0,0,0,1,0,0,0,0,0,0,0,0,1
317,317,0,0,0c,00000,0,0,0,0,1,0,0,0,0,0,0fc0f,0,01,0,1f,4,1,0,0,0,1,02,0,0,0,0,1,0,0,0,1,0,0,0,0,0,0,0,0,1
318,318,0,0,0c,00000,0,0,0,0,1,0,0,0,0,0,0fc10,0,01,0,1f,4,1,0,0,0,1,02,0,0,0,0,1,0,0,0,1,0,0,0,0,0,0,0,0,1
319,319,0,0,0c,00000,0,0,0,0,1,0,0,0,0,0,0fc11,0,01,0,1f,4,1,0,0,0,1,02,0,0,0,0,1,0,0,0,1,0,0,0,0,0,0,0,0,1
320,320,0,0,0c,00000,0,0,0,0,1,0,0,0,0,0,0fc12,0,01,0,1f,4,1,0,0,0,1,02,0,0,0,0,1,0,0,0,1,0,0,0,0,0,0,0,0,1
321,321,0,0,0c,00000,0,0,0,0,1,0,0,0,0,0,0fc13,0,01,0,1f,4,1,0,0,0,1,02,0,0,0,0,1,0,0,0,1,0,0,0,0,0,0,0,0,1
322,322,0,0,0c,00000,0,0,0,0,1,0,0,0,0,0,0fc14,0,01,0,1f,4,1,0,0,0,1,02,0,0,0,0,1,0,0,0,1,0,0,0,0,0,0,0,0,1
323,323,0,0,0c,00000,0,0,0,0,1,0,0,0,0,0,0fc15,0,01,0,1f,4,1,0,0,0,1,02,0,0,0,0,1,0,0,0,1,0,0,0,0,0,0,0,0,1
324,324,0,0,0c,00000,0,0,0,0,1,0,0,0,0,0,0fc16,0,01,0,1f,4,1,0,0,0,1,02,0,0,0,0,1,0,0,0,1,0,0,0,0,0,0,0,0,1
325,325,0,0,0c,00000,0,0,0,0,1,0,0,0,0,0,0fc17,0,01,0,1f,4,1,0,0,0,1,02,0,0,0,0,1,0,0,0,1,0,0,0,0,0,0,0,0,1
326,326,0,0,0c,00000,0,0,0,0,1,0,0,0,0,0,0fc18,0,01,0,1f,4,1,0,0,0,1,02,0,0,0,0,1,0,0,0,1,0,0,0,0,0,0,0,0,1
327,327,0,0,0c,00000,0,0,0,0,1,0,0,0,0,0,0fc19,0,01,0,1f,4,1,0,0,0,1,02,0,0,0,0,1,0,0,0,1,0,0,0,0,0,0,0,0,1
328,328,0,0,0c,00000,0,0,0,0,1,0,0,0,0,0,0fc1a,0,01,0,1f,4,1,0,0,0,1,02,0,0,0,0,1,0,0,0,1,0,0,0,0,0,0,0,0,1
329,329,0,0,0c,00000,0,0,0,0,1,0,0,0,0,0,0fc1b,0,01,0,1f,4,1,0,0,0,1,02,0,0,0,0,1,0,0,0,1,0,0,0,0,0,0,0,0,1
330,330,0,0,0c,00000,0,0,0,0,1,0,0,0,0,0,0fc1c,0,01,0,1f,4,1,0,0,0,1,02,0,0,0,0,1,0,0,0,1,0,0,0,0,0,0,0,0,1
331,331,0,0,0c,00000,0,0,0,0,1,0,0,0,0,0,0fc1d,0,01,0,1f,4,1,0,0,0,1,02,0,0,0,0,1,0,0,0,1,0,0,0,0,0,0,0,0,1
332,332,0,0,0c,00000,0,0,0,0,1,0,0,0,0,0,0fc1e,0,01,0,1f,4,1,0,0,0,1,02,0,0,0,0,1,0,0,0,1,0,0,0,0,0,0,0,0,1
333,333,0,0,0c,00000,0,0,0,0,1,0,0,0,0,0,0fc1f,0,01,0,1f,4,1,0,0,0,1,02,0,0,0,0,1,0,0,0,1,0,0,0,0,0,0,0,0,1
334,334,0,0,0c,00000,0,0,0,0,1,0,0,0,0,0,0fc20,0,01,0,1f,4,1,0,0,0,1,02,0,0,0,0,1,0,0,0,1,0,0,0,0,0,0,0,0,1
335,335,0,0,0c,00000,0,0,0,0,1,0,0,0,0,0,0fc21,0,01,0,1f,4,1,0,0,0,1,02,0,0,0,0,1,0,0,0,1,0,0,0,0,0,0,0,0,1
336,336,0,0,0c,00000,0,0,0,0,1,0,0,0,0,0,0fc22,0,01,0,1f,4,1,0,0,0,1,02,0,0,0,0,1,0,0,0,1,0,0,0,0,0,0,0,0,1
337,337,0,0,0c,00000,0,0,0,0,1,0,0,0,0,0,0fc23,0,01,0,1f,4,1,0,0,0,1,02,0,0,0,0,1,0,0,0,1,0,0,0,0,0,0,0,0,1
338,338,0,0,0c,00000,0,0,0,0,1,0,0,0,0,0,0fc24,0,01,0,1f,4,1,0,0,0,1,02,0,0,0,0,1,0,0,0,1,0,0,0,0,0,0,0,0,1
339,339,0,0,0c,00000,0,0,0,0,1,0,0,0,0,0,0fc25,0,01,0,1f,4,1,0,0,0,1,02,0,0,0,0,1,0,0,0,1,0,0,0,0,0,0,0,0,1
340,340,0,0,0c,00000,0,0,0,0,1,0,0,0,0,0,0fc26,0,01,0,1f,4,1,0,0,0,1,02,0,0,0,0,1,0,0,0,1,0,0,0,0,0,0,0,0,1
341,341,0,0,0c,00000,0,0,0,0,1,0,0,0,0,0,0fc27,0,01,0,1f,4,1,0,0,0,1,02,0,0,0,0,1,0,0,0,1,0,0,0,0,0,0,0,0,1
342,342,0,0,0c,00000,0,0,0,0,1,0,0,0,0,0,0fc28,0,01,0,1f,4,1,0,0,0,1,02,0,0,0,0,1,0,0,0,1,0,0,0,0,0,0,0,0,1
343,343,0,0,0c,00000,0,0,0,0,1,0,0,0,0,0,0fc29,0,01,0,1f,4,1,0,0,0,1,02,0,0,0,0,1,0,0,0,1,0,0,0,0,0,0,0,0,1
344,344,0,0,0c,00000,0,0,0,0,1,0,0,0,0,0,0fc2a,0,01,0,1f,4,1,0,0,0,1,02,0,0,0,0,1,0,0,0,1,0,0,0,0,0,0,0,0,1
345,345,0,0,0c,00000,0,0,0,0,1,0,0,0,0,0,0fc2b,0,01,0,1f,4,1,0,0,0,1,02,0,0,0,0,1,0,0,0,1,0,0,0,0,0,0,0,0,1
346,346,0,0,0c,00000,0,0,0,0,1,0,0,0,0,0,0fc2c,0,01,0,1f,4,1,0,0,0,1,02,0,0,0,0,1,0,0,0,1,0,0,0,0,0,0,0,0,1
347,347,0,0,0c,00000,0,0,0,0,1,0,0,0,0,0,0fc2d,0,01,0,1f,4,1,0,0,0,1,02,0,0,0,0,1,0,0,0,1,0,0,0,0,0,0,0,0,1
348,348,0,0,0c,00000,0,0,0,0,1,0,0,0,0,0,0fc2e,0,01,0,1f,4,1,0,0,0,1,02,0,0,0,0,1,0,0,0,1,0,0,0,0,0,0,0,0,1
349,349,0,0,0c,00000,0,0,0,0,1,0,0,0,0,0,0fc2f,0,01,0,1f,4,1,0,0,0,1,02,0,0,0,0,1,0,0,0,1,0,0,0,0,0,0,0,0,1
350,350,0,0,0c,00000,0,0,0,0,1,0,0,0,0,0,0fc30,0,01,0,1f,4,1,0,0,0,1,02,0,0,0,0,1,0,0,0,1,0,0,0,0,0,0,0,0,1
351,351,0,0,0c,00000,0,0,0,0,1,0,0,0,0,0,0fc31,0,01,0,1f,4,1,0,0,0,1,02,0,0,0,0,1,0,0,0,1,0,0,0,0,0,0,0,0,1
352,352,0,0,0c,00000,0,0,0,0,1,0,0,0,0,0,0fc32,0,01,0,1f,4,1,0,0,0,1,02,0,0,0,0,1,0,0,0,1,0,0,0,0,0,0,0,0,1
353,353,0,0,0c,00000,0,0,0,0,1,0,0,0,0,0,0fc33,0,01,0,1f,4,1,0,0,0,1,02,0,0,0,0,1,0,0,0,1,0,0,0,0,0,0,0,0,1
354,354,0,0,0c,00000,0,0,0,0,1,0,0,0,0,0,0fc34,0,01,0,1f,4,1,0,0,0,1,02,0,0,0,0,1,0,0,0,1,0,0,0,0,0,0,0,0,1
355,355,0,0,0c,00000,0,0,0,0,1,0,0,0,0,0,0fc35,0,01,0,1f,4,1,0,0,0,1,02,0,0,0,0,1,0,0,0,1,0,0,0,0,0,0,0,0,1
356,356,0,0,0c,00000,0,0,0,0,1,0,0,0,0,0,0fc36,0,01,0,1f,4,1,0,0,0,1,02,0,0,0,0,1,0,0,0,1,0,0,0,0,0,0,0,0,1
357,357,0,0,0c,00000,0,0,0,0,1,0,0,0,0,0,0fc37,0,01,0,1f,4,1,0,0,0,1,02,0,0,0,0,1,0,0,0,1,0,0,0,0,0,0,0,0,1
358,358,0,0,0c,00000,0,0,0,0,1,0,0,0,0,0,0fc38,0,01,0,1f,4,1,0,0,0,1,02,0,0,0,0,1,0,0,0,1,0,0,0,0,0,0,0,0,1
359,359,0,0,0c,00000,0,0,0,0,1,0,0,0,0,0,0fc39,0,01,0,1f,4,1,0,0,0,1,02,0,0,0,0,1,0,0,0,1,0,0,0,0,0,0,0,0,1
360,360,0,0,0c,00000,0,0,0,0,1,0,0,0,0,0,0fc3a,0,01,0,1f,4,1,0,0,0,1,02,0,0,0,0,1,0,0,0,1,0,0,0,0,0,0,0,0,1
361,361,0,0,0c,00000,0,0,0,0,1,0,0,0,0,0,0fc3b,0,01,0,1f,4,1,0,0,0,1,02,0,0,0,0,1,0,0,0,1,0,0,0,0,0,0,0,0,1
362,362,0,0,0c,00000,0,0,0,0,1,0,0,0,0,0,0fc3c,0,01,0,1f,4,1,0,0,0,1,02,0,0,0,0,1,0,0,0,1,0,0,0,0,0,0,0,0,1
363,363,0,0,0c,00000,0,0,0,0,1,0,0,0,0,0,0fc3d,0,01,0,1f,4,1,0,0,0,1,02,0,0,0,0,1,0,0,0,1,0,0,0,0,0,0,0,0,1
364,364,0,0,0c,00000,0,0,0,0,1,0,0,0,0,0,0fc3e,0,01,0,1f,4,1,0,0,0,1,02,0,0,0,0,1,0,0,0,1,0,0,0,0,0,0,0,0,1
365,365,0,0,0c,00000,0,0,0,0,1,0,0,0,0,0,0fc3f,0,01,0,1f,4,1,0,0,0,1,02,0,0,0,0,1,0,0,0,1,0,0,0,0,0,0,0,0,1
366,366,0,0,0c,00000,0,0,0,0,1,0,0,0,0,0,0fc40,0,01,0,1f,4,1,0,0,0,1,02,0,0,0,0,1,0,0,0,1,0,0,0,0,0,0,0,0,1
367,367,0,0,0c,00000,0,0,0,0,1,0,0,0,0,0,0fc41,0,01,0,1f,4,1,0,0,0,1,02,0,0,0,0,1,0,0,0,1,0,0,0,0,0,0,0,0,1
368,368,0,0,0c,00000,0,0,0,0,1,0,0,0,0,0,0fc42,0,01,0,1f,4,1,0,0,0,1,02,0,0,0,0,1,0,0,0,1,0,0,0,0,0,0,0,0,1
369,369,0,0,0c,00000,0,0,0,0,1,0,0,0,0,0,0fc43,0,01,0,1f,4,1,0,0,0,1,02,0,0,0,0,1,0,0,0,1,0,0,0,0,0,0,0,0,1
370,370,0,0,0c,00000,0,0,0,0,1,0,0,0,0,0,0fc44,0,01,0,1f,4,1,0,0,0,1,02,0,0,0,0,1,0,0,0,1,0,0,0,0,0,0,0,0,1
371,371,0,0,0c,00000,0,0,0,0,1,0,0,0,0,0,0fc45,0,01,0,1f,4,1,0,0,0,1,02,0,0,0,0,1,0,0,0,1,0,0,0,0,0,0,0,0,1
372,372,0,0,0c,00000,0,0,0,0,1,0,0,0,0,0,0fc46,0,01,0,1f,4,1,0,0,0,1,02,0,0,0,0,1,0,0,0,1,0,0,0,0,0,0,0,0,1
373,373,0,0,0c,00000,0,0,0,0,1,0,0,0,0,0,0fc47,0,01,0,1f,4,1,0,0,0,1,02,0,0,0,0,1,0,0,0,1,0,0,0,0,0,0,0,0,1
374,374,0,0,0c,00000,0,0,0,0,1,0,0,0,0,0,0fc48,0,01,0,1f,4,1,0,0,0,1,02,0,0,0,0,1,0,0,0,1,0,0,0,0,0,0,0,0,1
375,375,0,0,0c,00000,0,0,0,0,1,0,0,0,0,0,0fc49,0,01,0,1f,4,1,0,0,0,1,02,0,0,0,0,1,0,0,0,1,0,0,0,0,0,0,0,0,1
376,376,0,0,0c,00000,0,0,0,0,1,0,0,0,0,0,0fc4a,0,01,0,1f,4,1,0,0,0,1,02,0,0,0,0,1,0,0,0,1,0,0,0,0,0,0,0,0,1
377,377,0,0,0c,00000,0,0,0,0,1,0,0,0,0,0,0fc4b,0,01,0,1f,4,1,0,0,0,1,02,0,0,0,0,1,0,0,0,1,0,0,0,0,0,0,0,0,1
378,378,0,0,0c,00000,0,0,0,0,1,0,0,0,0,0,0fc4c,0,01,0,1f,4,1,0,0,0,1,02,0,0,0,0,1,0,0,0,1,0,0,0,0,0,0,0,0,1
379,379,0,0,0c,00000,0,0,0,0,1,0,0,0,0,0,0fc4d,0,01,0,1f,4,1,0,0,0,1,02,0,0,0,0,1,0,0,0,1,0,0,0,0,0,0,0,0,1
380,380,0,0,0c,00000,0,0,0,0,1,0,0,0,0,0,0fc4e,0,01,0,1f,4,1,0,0,0,1,02,0,0,0,0,1,0,0,0,1,0,0,0,0,0,0,0,0,1
381,381,0,0,0c,00000,0,0,0,0,1,0,0,0,0,0,0fc4f,0,01,0,1f,4,1,0,0,0,1,02,0,0,0,0,1,0,0,0,1,0,0,0,0,0,0,0,0,1
382,382,0,0,0c,00000,0,0,0,0,1,0,0,0,0,0,0fc50,0,01,0,1f,4,1,0,0,0,1,02,0,0,0,0,1,0,0,0,1,0,0,0,0,0,0,0,0,1
383,383,0,0,0c,00000,0,0,0,0,1,0,0,0,0,0,0fc51,0,01,0,1f,4,1,0,0,0,1,02,0,0,0,0,1,0,0,0,1,0,0,0,0,0,0,0,0,1
384,384,0,0,0c,00000,0,0,0,0,1,0,0,0,0,0,0fc52,0,01,0,1f,4,1,0,0,0,1,02,0,0,0,0,1,0,0,0,1,0,0,0,0,0,0,0,0,1
385,385,0,0,0c,00000,0,0,0,0,1,0,0,0,0,0,0fc53,0,01,0,1f,4,1,0,0,0,1,02,0,0,0,0,1,0,0,0,1,0,0,0,0,0,0,0,0,1
386,386,0,0,0c,00000,0,0,0,0,1,0,0,0,0,0,0fc54,0,01,0,1f,4,1,0,0,0,1,02,0,0,0,0,1,0,0,0,1,0,0,0,0,0,0,0,0,1
387,387,0,0,0c,00000,0,0,0,0,1,0,0,0,0,0,0fc55,0,01,0,1f,4,1,0,0,0,1,02,0,0,0,0,1,0,0,0,1,0,0,0,0,0,0,0,0,1
388,388,0,0,0c,00000,0,0,0,0,1,0,0,0,0,0,0fc56,0,01,0,1f,4,1,0,0,0,1,02,0,0,0,0,1,0,0,0,1,0,0,0,0,0,0,0,0,1
389,389,0,0,0c,00000,0,0,0,0,1,0,0,0,0,0,0fc57,0,01,0,1f,4,1,0,0,0,1,02,0,0,0,0,1,0,0,0,1,0,0,0,0,0,0,0,0,1
390,390,0,0,0c,00000,0,0,0,0,1,0,0,0,0,0,0fc58,0,01,0,1f,4,1,0,0,0,1,02,0,0,0,0,1,0,0,0,1,0,0,0,0,0,0,0,0,1
391,391,0,0,0c,00000,0,0,0,0,1,0,0,0,0,0,0fc59,0,01,0,1f,4,1,0,0,0,1,02,0,0,0,0,1,0,0,0,1,0,0,0,0,0,0,0,0,1
392,392,0,0,0c,00000,0,0,0,0,1,0,0,0,0,0,0fc5a,0,01,0,1f,4,1,0,0,0,1,02,0,0,0,0,1,0,0,0,1,0,0,0,0,0,0,0,0,1
393,393,0,0,0c,00000,0,0,0,0,1,0,0,0,0,0,0fc5b,0,01,0,1f,4,1,0,0,0,1,02,0,0,0,0,1,0,0,0,1,0,0,0,0,0,0,0,0,1
394,394,0,0,0c,00000,0,0,0,0,1,0,0,0,0,0,0fc5c,0,01,0,1f,4,1,0,0,0,1,02,0,0,0,0,1,0,0,0,1,0,0,0,0,0,0,0,0,1
395,395,0,0,0c,00000,0,0,0,0,1,0,0,0,0,0,0fc5d,0,01,0,1f,4,1,0,0,0,1,02,0,0,0,0,1,0,0,0,1,0,0,0,0,0,0,0,0,1
396,396,0,0,0c,00000,0,0,0,0,1,0,0,0,0,0,0fc5e,0,01,0,1f,4,1,0,0,0,1,02,0,0,0,0,1,0,0,0,1,0,0,0,0,0,0,0,0,1
397,397,0,0,0c,00000,0,0,0,0,1,0,0,0,0,0,0fc5f,0,01,0,1f,4,1,0,0,0,1,02,0,0,0,0,1,0,0,0,1,0,0,0,0,0,0,0,0,1
398,398,0,0,0c,00000,0,0,0,0,1,0,0,0,0,0,0fc60,0,01,0,1f,4,1,0,0,0,1,02,0,0,0,0,1,0,0,0,1,0,0,0,0,0,0,0,0,1
399,399,0,0,0c,00000,0,0,0,0,1,0,0,0,0,0,0fc61,0,01,0,1f,4,1,0,0,0,1,02,0,0,0,0,1,0,0,0,1,0,0,0,0,0,0,0,0,1
400,400,0,0,0c,00000,0,0,0,0,1,0,0,0,0,0,0fc62,0,01,0,1f,4,1,0,0,0,1,02,0,0,0,0,1,0,0,0,1,0,0,0,0,0,0,0,0,1
401,401,0,0,0c,00000,0,0,0,0,1,0,0,0,0,0,0fc63,0,01,0,1f,4,1,0,0,0,1,02,0,0,0,0,1,0,0,0,1,0,0,0,0,0,0,0,0,1
402,402,0,0,0c,00000,0,0,0,0,1,0,0,0,0,0,0fc64,0,01,0,1f,4,1,0,0,0,1,02,0,0,0,0,1,0,0,0,1,0,0,0,0,0,0,0,0,1
403,403,0,0,0c,00000,0,0,0,0,1,0,0,0,0,0,0fc65,0,01,0,1f,4,1,0,0,0,1,02,0,0,0,0,1,0,0,0,1,0,0,0,0,0,0,0,0,1
404,404,0,0,0c,00000,0,0,0,0,1,0,0,0,0,0,0fc66,0,01,0,1f,4,1,0,0,0,1,02,0,0,0,0,1,0,0,0,1,0,0,0,0,0,0,0,0,1
405,405,0,0,0c,00000,0,0,0,0,1,0,0,0,0,0,0fc67,0,01,0,1f,4,1,0,0,0,1,02,0,0,0,0,1,0,0,0,1,0,0,0,0,0,0,0,0,1
406,406,0,0,0c,00000,0,0,0,0,1,0,0,0,0,0,0fc68,0,01,0,1f,4,1,0,0,0,1,02,0,0,0,0,1,0,0,0,1,0,0,0,0,0,0,0,0,1
407,407,0,0,0c,00000,0,0,0,0,1,0,0,0,0,0,0fc69,0,01,0,1f,4,1,0,0,0,1,02,0,0,0,0,1,0,0,0,1,0,0,0,0,0,0,0,0,1
408,408,0,0,0c,00000,0,0,0,0,1,0,0,0,0,0,0fc6a,0,01,0,1f,4,1,0,0,0,1,02,0,0,0,0,1,0,0,0,1,0,0,0,0,0,0,0,0,1
409,409,0,0,0c,00000,0,0,0,0,1,0,0,0,0,0,0fc6b,0,01,0,1f,4,1,0,0,0,1,02,0,0,0,0,1,0,0,0,1,0,0,0,0,0,0,0,0,1
410,410,0,0,0c,00000,0,0,0,0,1,0,0,0,0,0,0fc6c,0,01,0,1f,4,1,0,0,0,1,02,0,0,0,0,1,0,0,0,1,0,0,0,0,0,0,0,0,1
411,411,0,0,0c,00000,0,0,0,0,1,0,0,0,0,0,0fc6d,0,01,0,1f,4,1,0,0,0,1,02,0,0,0,0,1,0,0,0,1,0,0,0,0,0,0,0,0,1
412,412,0,0,0c,00000,0,0,0,0,1,0,0,0,0,0,0fc6e,0,01,0,1f,4,1,0,0,0,1,02,0,0,0,0,1,0,0,0,1,0,0,0,0,0,0,0,0,1
413,413,0,0,0c,00000,0,0,0,0,1,0,0,0,0,0,0fc6f,0,01,0,1f,4,1,0,0,0,1,02,0,0,0,0,1,0,0,0,1,0,0,0,0,0,0,0,0,1
414,414,0,0,0c,00000,0,0,0,0,1,0,0,0,0,0,0fc70,0,01,0,1f,4,1,0,0,0,1,02,0,0,0,0,1,0,0,0,1,0,0,0,0,0,0,0,0,1
415,415,0,0,0c,00000,0,0,0,0,1,0,0,0,0,0,0fc71,0,01,0,1f,4,1,0,0,0,1,02,0,0,0,0,1,0,0,0,1,0,0,0,0,0,0,0,0,1
416,416,0,0,0c,00000,0,0,0,0,1,0,0,0,0,0,0fc72,0,01,0,1f,4,1,0,0,0,1,02,0,0,0,0,1,0,0,0,1,0,0,0,0,0,0,0,0,1
417,417,0,0,0c,00000,0,0,0,0,1,0,0,0,0,0,0fc73,0,01,0,1f,4,1,0,0,0,1,02,0,0,0,0,1,0,0,0,1,0,0,0,0,0,0,0,0,1
418,418,0,0,0c,00000,0,0,0,0,1,0,0,0,0,0,0fc74,0,01,0,1f,4,1,0,0,0,1,02,0,0,0,0,1,0,0,0,1,0,0,0,0,0,0,0,0,1
419,419,0,0,0c,00000,0,0,0,0,1,0,0,0,0,0,0fc75,0,01,0,1f,4,1,0,0,0,1,02,0,0,0,0,1,0,0,0,1,0,0,0,0,0,0,0,0,1
420,420,0,0,0c,00000,0,0,0,0,1,0,0,0,0,0,0fc76,0,01,0,1f,4,1,0,0,0,1,02,0,0,0,0,1,0,0,0,1,0,0,0,0,0,0,0,0,1
421,421,0,0,0c,00000,0,0,0,0,1,0,0,0,0,0,0fc77,0,01,0,1f,4,1,0,0,0,1,02,0,0,0,0,1,0,0,0,1,0,0,0,0,0,0,0,0,1
422,422,0,0,0c,00000,0,0,0,0,1,0,0,0,0,0,0fc78,0,01,0,1f,4,1,0,0,0,1,02,0,0,0,0,1,0,0,0,1,0,0,0,0,0,0,0,0,1
423,423,0,0,0c,00000,0,0,0,0,1,0,0,0,0,0,0fc79,0,01,0,1f,4,1,0,0,0,1,02,0,0,0,0,1,0,0,0,1,0,0,0,0,0,0,0,0,1
424,424,0,0,0c,00000,0,0,0,0,1,0,0,0,0,0,0fc7a,0,01,0,1f,4,1,0,0,0,1,02,0,0,0,0,1,0,0,0,1,0,0,0,0,0,0,0,0,1
425,425,0,0,0c,00000,0,0,0,0,1,0,0,0,0,0,0fc7b,0,01,0,1f,4,1,0,0,0,1,02,0,0,0,0,1,0,0,0,1,0,0,0,0,0,0,0,0,1
426,426,0,0,0c,00000,0,0,0,0,1,0,0,0,0,0,0fc7c,0,01,0,1f,4,1,0,0,0,1,02,0,0,0,0,1,0,0,0,1,0,0,0,0,0,0,0,0,1
427,427,0,0,0c,00000,0,0,0,0,1,0,0,0,0,0,0fc7d,0,01,0,1f,4,1,0,0,0,1,02,0,0,0,0,1,0,0,0,1,0,0,0,0,0,0,0,0,1
428,428,0,0,0c,00000,0,0,0,0,1,0,0,0,0,0,0fc7e,0,01,0,1f,4,1,0,0,0,1,02,0,0,0,0,1,0,0,0,1,0,0,0,0,0,0,0,0,1
429,429,0,0,0c,00000,0,0,0,0,1,0,0,0,0,0,0fc7f,0,01,0,1f,4,1,0,0,0,1,02,0,0,0,0,1,0,0,0,1,0,0,0,0,0,0,0,0,1
430,430,0,0,0c,00000,0,0,0,0,1,0,0,0,0,0,0fc80,0,01,0,1f,4,1,0,0,0,1,02,0,0,0,0,1,0,0,0,1,0,0,0,0,0,0,0,0,1
431,431,0,0,0c,00000,0,0,0,0,1,0,0,0,0,0,0fc81,0,01,0,1f,4,1,0,0,0,1,02,0,0,0,0,1,0,0,0,1,0,0,0,0,0,0,0,0,1
432,432,0,0,0c,00000,0,0,0,0,1,0,0,0,0,0,0fc82,0,01,0,1f,4,1,0,0,0,1,02,0,0,0,0,1,0,0,0,1,0,0,0,0,0,0,0,0,1
433,433,0,0,0c,00000,0,0,0,0,1,0,0,0,0,0,0fc83,0,01,0,1f,4,1,0,0,0,1,02,0,0,0,0,1,0,0,0,1,0,0,0,0,0,0,0,0,1
434,434,0,0,0c,00000,0,0,0,0,1,0,0,0,0,0,0fc84,0,01,0,1f,4,1,0,0,0,1,02,0,0,0,0,1,0,0,0,1,0,0,0,0,0,0,0,0,1
435,435,0,0,0c,00000,0,0,0,0,1,0,0,0,0,0,0fc85,0,01,0,1f,4,1,0,0,0,1,02,0,0,0,0,1,0,0,0,1,0,0,0,0,0,0,0,0,1
436,436,0,0,0c,00000,0,0,0,0,1,0,0,0,0,0,0fc86,0,01,0,1f,4,1,0,0,0,1,02,0,0,0,0,1,0,0,0,1,0,0,0,0,0,0,0,0,1
437,437,0,0,0c,00000,0,0,0,0,1,0,0,0,0,0,0fc87,0,01,0,1f,4,1,0,0,0,1,02,0,0,0,0,1,0,0,0,1,0,0,0,0,0,0,0,0,1
438,438,0,0,0c,00000,0,0,0,0,1,0,0,0,0,0,0fc88,0,01,0,1f,4,1,0,0,0,1,02,0,0,0,0,1,0,0,0,1,0,0,0,0,0,0,0,0,1
439,439,0,0,0c,00000,0,0,0,0,1,0,0,0,0,0,0fc89,0,01,0,1f,4,1,0,0,0,1,02,0,0,0,0,1,0,0,0,1,0,0,0,0,0,0,0,0,1
440,440,0,0,0c,00000,0,0,0,0,1,0,0,0,0,0,0fc8a,0,01,0,1f,4,1,0,0,0,1,02,0,0,0,0,1,0,0,0,1,0,0,0,0,0,0,0,0,1
441,441,0,0,0c,00000,0,0,0,0,1,0,0,0,0,0,0fc8b,0,01,0,1f,4,1,0,0,0,1,02,0,0,0,0,1,0,0,0,1,0,0,0,0,0,0,0,0,1
442,442,0,0,0c,00000,0,0,0,0,1,0,0,0,0,0,0fc8c,0,01,0,1f,4,1,0,0,0,1,02,0,0,0,0,1,0,0,0,1,0,0,0,0,0,0,0,0,1
443,443,0,0,0c,00000,0,0,0,0,1,0,0,0,0,0,0fc8d,0,01,0,1f,4,1,0,0,0,1,02,0,0,0,0,1,0,0,0,1,0,0,0,0,0,0,0,0,1
444,444,0,0,0c,00000,0,0,0,0,1,0,0,0,0,0,0fc8e,0,01,0,1f,4,1,0,0,0,1,02,0,0,0,0,1,0,0,0,1,0,0,0,0,0,0,0,0,1
445,445,0,0,0c,00000,0,0,0,0,1,0,0,0,0,0,0fc8f,0,01,0,1f,4,1,0,0,0,1,02,0,0,0,0,1,0,0,0,1,0,0,0,0,0,0,0,0,1
446,446,0,0,0c,00000,0,0,0,0,1,0,0,0,0,0,0fc90,0,01,0,1f,4,1,0,0,0,1,02,0,0,0,0,1,0,0,0,1,0,0,0,0,0,0,0,0,1
447,447,0,0,0c,00000,0,0,0,0,1,0,0,0,0,0,0fc91,0,01,0,1f,4,1,0,0,0,1,02,0,0,0,0,1,0,0,0,1,0,0,0,0,0,0,0,0,1
448,448,0,0,0c,00000,0,0,0,0,1,0,0,0,0,0,0fc92,0,01,0,1f,4,1,0,0,0,1,02,0,0,0,0,1,0,0,0,1,0,0,0,0,0,0,0,0,1
449,449,0,0,0c,00000,0,0,0,0,1,0,0,0,0,0,0fc93,0,01,0,1f,4,1,0,0,0,1,02,0,0,0,0,1,0,0,0,1,0,0,0,0,0,0,0,0,1
450,450,0,0,0c,00000,0,0,0,0,1,0,0,0,0,0,0fc94,0,01,0,1f,4,1,0,0,0,1,02,0,0,0,0,1,0,0,0,1,0,0,0,0,0,0,0,0,1
451,451,0,0,0c,00000,0,0,0,0,1,0,0,0,0,0,0fc95,0,01,0,1f,4,1,0,0,0,1,02,0,0,0,0,1,0,0,0,1,0,0,0,0,0,0,0,0,1
452,452,0,0,0c,00000,0,0,0,0,1,0,0,0,0,0,0fc96,0,01,0,1f,4,1,0,0,0,1,02,0,0,0,0,1,0,0,0,1,0,0,0,0,0,0,0,0,1
453,453,0,0,0c,00000,0,0,0,0,1,0,0,0,0,0,0fc97,0,01,0,1f,4,1,0,0,0,1,02,0,0,0,0,1,0,0,0,1,0,0,0,0,0,0,0,0,1
454,454,0,0,0c,00000,0,0,0,0,1,0,0,0,0,0,0fc98,0,01,0,1f,4,1,0,0,0,1,02,0,0,0,0,1,0,0,0,1,0,0,0,0,0,0,0,0,1
455,455,0,0,0c,00000,0,0,0,0,1,0,0,0,0,0,0fc99,0,01,0,1f,4,1,0,0,0,1,02,0,0,0,0,1,0,0,0,1,0,0,0,0,0,0,0,0,1
456,456,0,0,0c,00000,0,0,0,0,1,0,0,0,0,0,0fc9a,0,01,0,1f,4,1,0,0,0,1,02,0,0,0,0,1,0,0,0,1,0,0,0,0,0,0,0,0,1
457,457,0,0,0c,00000,0,0,0,0,1,0,0,0,0,0,0fc9b,0,01,0,1f,4,1,0,0,0,1,02,0,0,0,0,1,0,0,0,1,0,0,0,0,0,0,0,0,1
458,458,0,0,0c,00000,0,0,0,0,1,0,0,0,0,0,0fc9c,0,01,0,1f,4,1,0,0,0,1,02,0,0,0,0,1,0,0,0,1,0,0,0,0,0,0,0,0,1
459,459,0,0,0c,00000,0,0,0,0,1,0,0,0,0,0,0fc9d,0,01,0,1f,4,1,0,0,0,1,02,0,0,0,0,1,0,0,0,1,0,0,0,0,0,0,0,0,1
460,460,0,0,0c,00000,0,0,0,0,1,0,0,0,0,0,0fc9e,0,01,0,1f,4,1,0,0,0,1,02,0,0,0,0,1,0,0,0,1,0,0,0,0,0,0,0,0,1
461,461,0,0,0c,00000,0,0,0,0,1,0,0,0,0,0,0fc9f,0,01,0,1f,4,1,0,0,0,1,02,0,0,0,0,1,0,0,0,1,0,0,0,0,0,0,0,0,1
462,462,0,0,0c,00000,0,0,0,0,1,0,0,0,0,0,0fca0,0,01,0,1f,4,1,0,0,0,1,02,0,0,0,0,1,0,0,0,1,0,0,0,0,0,0,0,0,1
463,463,0,0,0c,00000,0,0,0,0,1,0,0,0,0,0,0fca1,0,01,0,1f,4,1,0,0,0,1,02,0,0,0,0,1,0,0,0,1,0,0,0,0,0,0,0,0,1
464,464,0,0,0c,00000,0,0,0,0,1,0,0,0,0,0,0fca2,0,01,0,1f,4,1,0,0,0,1,02,0,0,0,0,1,0,0,0,1,0,0,0,0,0,0,0,0,1
465,465,0,0,0c,00000,0,0,0,0,1,0,0,0,0,0,0fca3,0,01,0,1f,4,1,0,0,0,1,02,0,0,0,0,1,0,0,0,1,0,0,0,0,0,0,0,0,1
466,466,0,0,0c,00000,0,0,0,0,1,0,0,0,0,0,0fca4,0,01,0,1f,4,1,0,0,0,1,02,0,0,0,0,1,0,0,0,1,0,0,0,0,0,0,0,0,1
467,467,0,0,0c,00000,0,0,0,0,1,0,0,0,0,0,0fca5,0,01,0,1f,4,1,0,0,0,1,02,0,0,0,0,1,0,0,0,1,0,0,0,0,0,0,0,0,1
468,468,0,0,0c,00000,0,0,0,0,1,0,0,0,0,0,0fca6,0,01,0,1f,4,1,0,0,0,1,02,0,0,0,0,1,0,0,0,1,0,0,0,0,0,0,0,0,1
469,469,0,0,0c,00000,0,0,0,0,1,0,0,0,0,0,0fca7,0,01,0,1f,4,1,0,0,0,1,02,0,0,0,0,1,0,0,0,1,0,0,0,0,0,0,0,0,1
470,470,0,0,0c,00000,0,0,0,0,1,0,0,0,0,0,0fca8,0,01,0,1f,4,1,0,0,0,1,02,0,0,0,0,1,0,0,0,1,0,0,0,0,0,0,0,0,1
471,471,0,0,0c,00000,0,0,0,0,1,0,0,0,0,0,0fca9,0,01,0,1f,4,1,0,0,0,1,02,0,0,0,0,1,0,0,0,1,0,0,0,0,0,0,0,0,1
472,472,0,0,0c,00000,0,0,0,0,1,0,0,0,0,0,0fcaa,0,01,0,1f,4,1,0,0,0,1,02,0,0,0,0,1,0,0,0,1,0,0,0,0,0,0,0,0,1
473,473,0,0,0c,00000,0,0,0,0,1,0,0,0,0,0,0fcab,0,01,0,1f,4,1,0,0,0,1,02,0,0,0,0,1,0,0,0,1,0,0,0,0,0,0,0,0,1
474,474,0,0,0c,00000,0,0,0,0,1,0,0,0,0,0,0fcac,0,01,0,1f,4,1,0,0,0,1,02,0,0,0,0,1,0,0,0,1,0,0,0,0,0,0,0,0,1
475,475,0,0,0c,00000,0,0,0,0,1,0,0,0,0,0,0fcad,0,01,0,1f,4,1,0,0,0,1,02,0,0,0,0,1,0,0,0,1,0,0,0,0,0,0,0,0,1
476,476,0,0,0c,00000,0,0,0,0,1,0,0,0,0,0,0fcae,0,01,0,1f,4,1,0,0,0,1,02,0,0,0,0,1,0,0,0,1,0,0,0,0,0,0,0,0,1
477,477,0,0,0c,00000,0,0,0,0,1,0,0,0,0,0,0fcaf,0,01,0,1f,4,1,0,0,0,1,02,0,0,0,0,1,0,0,0,1,0,0,0,0,0,0,0,0,1
478,478,0,0,0c,00000,0,0,0,0,1,0,0,0,0,0,0fcb0,0,01,0,1f,4,1,0,0,0,1,02,0,0,0,0,1,0,0,0,1,0,0,0,0,0,0,0,0,1
479,479,0,0,0c,00000,0,0,0,0,1,0,0,0,0,0,0fcb1,0,01,0,1f,4,1,0,0,0,1,02,0,0,0,0,1,0,0,0,1,0,0,0,0,0,0,0,0,1
480,480,0,0,0c,00000,0,0,0,0,1,0,0,0,0,0,0fcb2,0,01,0,1f,4,1,0,0,0,1,02,0,0,0,0,1,0,0,0,1,0,0,0,0,0,0,0,0,1
481,481,0,0,0c,00000,0,0,0,0,1,0,0,0,0,0,0fcb3,0,01,0,1f,4,1,0,0,0,1,02,0,0,0,0,1,0,0,0,1,0,0,0,0,0,0,0,0,1
482,482,0,0,0c,00000,0,0,0,0,1,0,0,0,0,0,0fcb4,0,01,0,1f,4,1,0,0,0,1,02,0,0,0,0,1,0,0,0,1,0,0,0,0,0,0,0,0,1
483,483,0,0,0c,00000,0,0,0,0,1,0,0,0,0,0,0fcb5,0,01,0,1f,4,1,0,0,0,1,02,0,0,0,0,1,0,0,0,1,0,0,0,0,0,0,0,0,1
484,484,0,0,0c,00000,0,0,0,0,1,0,0,0,0,0,0fcb6,0,01,0,1f,4,1,0,0,0,1,02,0,0,0,0,1,0,0,0,1,0,0,0,0,0,0,0,0,1
485,485,0,0,0c,00000,0,0,0,0,1,0,0,0,0,0,0fcb7,0,01,0,1f,4,1,0,0,0,1,02,0,0,0,0,1,0,0,0,1,0,0,0,0,0,0,0,0,1
486,486,0,0,0c,00000,0,0,0,0,1,0,0,0,0,0,0fcb8,0,01,0,1f,4,1,0,0,0,1,02,0,0,0,0,1,0,0,0,1,0,0,0,0,0,0,0,0,1
487,487,0,0,0c,00000,0,0,0,0,1,0,0,0,0,0,0fcb9,0,01,0,1f,4,1,0,0,0,1,02,0,0,0,0,1,0,0,0,1,0,0,0,0,0,0,0,0,1
488,488,0,0,0c,00000,0,0,0,0,1,0,0,0,0,0,0fcba,0,01,0,1f,4,1,0,0,0,1,02,0,0,0,0,1,0,0,0,1,0,0,0,0,0,0,0,0,1
489,489,0,0,0c,00000,0,0,0,0,1,0,0,0,0,0,0fcbb,0,01,0,1f,4,1,0,0,0,1,02,0,0,0,0,1,0,0,0,1,0,0,0,0,0,0,0,0,1
490,490,0,0,0c,00000,0,0,0,0,1,0,0,0,0,0,0fcbc,0,01,0,1f,4,1,0,0,0,1,02,0,0,0,0,1,0,0,0,1,0,0,0,0,0,0,0,0,1
491,491,0,0,0c,00000,0,0,0,0,1,0,0,0,0,0,0fcbd,0,01,0,1f,4,1,0,0,0,1,02,0,0,0,0,1,0,0,0,1,0,0,0,0,0,0,0,0,1
492,492,0,0,0c,00000,0,0,0,0,1,0,0,0,0,0,0fcbe,0,01,0,1f,4,1,0,0,0,1,02,0,0,0,0,1,0,0,0,1,0,0,0,0,0,0,0,0,1
493,493,0,0,0c,00000,0,0,0,0,1,0,0,0,0,0,0fcbf,0,01,0,1f,4,1,0,0,0,1,02,0,0,0,0,1,0,0,0,1,0,0,0,0,0,0,0,0,1
494,494,0,0,0c,00000,0,0,0,0,1,0,0,0,0,0,0fcc0,0,01,0,1f,4,1,0,0,0,1,02,0,0,0,0,1,0,0,0,1,0,0,0,0,0,0,0,0,1
495,495,0,0,0c,00000,0,0,0,0,1,0,0,0,0,0,0fcc1,0,01,0,1f,4,1,0,0,0,1,02,0,0,0,0,1,0,0,0,1,0,0,0,0,0,0,0,0,1
496,496,0,0,0c,00000,0,0,0,0,1,0,0,0,0,0,0fcc2,0,01,0,1f,4,1,0,0,0,1,02,0,0,0,0,1,0,0,0,1,0,0,0,0,0,0,0,0,1
497,497,0,0,0c,00000,0,0,0,0,1,0,0,0,0,0,0fcc3,0,01,0,1f,4,1,0,0,0,1,02,0,0,0,0,1,0,0,0,1,0,0,0,0,0,0,0,0,1
498,498,0,0,0c,00000,0,0,0,0,1,0,0,0,0,0,0fcc4,0,01,0,1f,4,1,0,0,0,1,02,0,0,0,0,1,0,0,0,1,0,0,0,0,0,0,0,0,1
499,499,0,0,0c,00000,0,0,0,0,1,0,0,0,0,0,0fcc5,0,01,0,1f,4,1,0,0,0,1,02,0,0,0,0,1,0,0,0,1,0,0,0,0,0,0,0,0,1
500,500,0,0,0c,00000,0,0,0,0,1,0,0,0,0,0,0fcc6,0,01,0,1f,4,1,0,0,0,1,02,0,0,0,0,1,0,0,0,1,0,0,0,0,0,0,0,0,1
501,501,0,0,0c,00000,0,0,0,0,1,0,0,0,0,0,0fcc7,0,01,0,1f,4,1,0,0,0,1,02,0,0,0,0,1,0,0,0,1,0,0,0,0,0,0,0,0,1
502,502,0,0,0c,00000,0,0,0,0,1,0,0,0,0,0,0fcc8,0,01,0,1f,4,1,0,0,0,1,02,0,0,0,0,1,0,0,0,1,0,0,0,0,0,0,0,0,1
503,503,0,0,0c,00000,0,0,0,0,1,0,0,0,0,0,0fcc9,0,01,0,1f,4,1,0,0,0,1,02,0,0,0,0,1,0,0,0,1,0,0,0,0,0,0,0,0,1
504,504,0,0,0c,00000,0,0,0,0,1,0,0,0,0,0,0fcca,0,01,0,1f,4,1,0,0,0,1,02,0,0,0,0,1,0,0,0,1,0,0,0,0,0,0,0,0,1
505,505,0,0,0c,00000,0,0,0,0,1,0,0,0,0,0,0fccb,0,01,0,1f,4,1,0,0,0,1,02,0,0,0,0,1,0,0,0,1,0,0,0,0,0,0,0,0,1
506,506,0,0,0c,00000,0,0,0,0,1,0,0,0,0,0,0fccc,0,01,0,1f,4,1,0,0,0,1,02,0,0,0,0,1,0,0,0,1,0,0,0,0,0,0,0,0,1
507,507,0,0,0c,00000,0,0,0,0,1,0,0,0,0,0,0fccd,0,01,0,1f,4,1,0,0,0,1,02,0,0,0,0,1,0,0,0,1,0,0,0,0,0,0,0,0,1
508,508,0,0,0c,00000,0,0,0,0,1,0,0,0,0,0,0fcce,0,01,0,1f,4,1,0,0,0,1,02,0,0,0,0,1,0,0,0,1,0,0,0,0,0,0,0,0,1
509,509,0,0,0c,00000,0,0,0,0,1,0,0,0,0,0,0fccf,0,01,0,1f,4,1,0,0,0,1,02,0,0,0,0,1,0,0,0,1,0,0,0,0,0,0,0,0,1
510,510,0,0,0c,00000,0,0,0,0,1,0,0,0,0,0,0fcd0,0,01,0,1f,4,1,0,0,0,1,02,0,0,0,0,1,0,0,0,1,0,0,0,0,0,0,0,0,1
511,511,0,0,0c,00000,0,0,0,0,1,0,0,0,0,0,0fcd1,0,01,0,1f,4,1,0,0,0,1,02,0,0,0,0,1,0,0,0,1,0,0,0,0,0,0,0,0,1
512,512,0,0,0c,00000,0,0,0,0,1,0,0,0,0,0,0fcd2,0,01,0,1f,4,1,0,0,0,1,02,0,0,0,0,1,0,0,0,1,0,0,0,0,0,0,0,0,1
513,513,0,0,0c,00000,0,0,0,0,1,0,0,0,0,0,0fcd3,0,01,0,1f,4,1,0,0,0,1,02,0,0,0,0,1,0,0,0,1,0,0,0,0,0,0,0,0,1
514,514,0,0,0c,00000,0,0,0,0,1,0,0,0,0,0,0fcd4,0,01,0,1f,4,1,0,0,0,1,02,0,0,0,0,1,0,0,0,1,0,0,0,0,0,0,0,0,1
515,515,0,0,0c,00000,0,0,0,0,1,0,0,0,0,0,0fcd5,0,01,0,1f,4,1,0,0,0,1,02,0,0,0,0,1,0,0,0,1,0,0,0,0,0,0,0,0,1
516,516,0,0,0c,00000,0,0,0,0,1,0,0,0,0,0,0fcd6,0,01,0,1f,4,1,0,0,0,1,02,0,0,0,0,1,0,0,0,1,0,0,0,0,0,0,0,0,1
517,517,0,0,0c,00000,0,0,0,0,1,0,0,0,0,0,0fcd7,0,01,0,1f,4,1,0,0,0,1,02,0,0,0,0,1,0,0,0,1,0,0,0,0,0,0,0,0,1
518,518,0,0,0c,00000,0,0,0,0,1,0,0,0,0,0,0fcd8,0,01,0,1f,4,1,0,0,0,1,02,0,0,0,0,1,0,0,0,1,0,0,0,0,0,0,0,0,1
519,519,0,0,0c,00000,0,0,0,0,1,0,0,0,0,0,0fcd9,0,01,0,1f,4,1,0,0,0,1,02,0,0,0,0,1,0,0,0,1,0,0,0,0,0,0,0,0,1
520,520,0,0,0c,00000,0,0,0,0,1,0,0,0,0,0,0fcda,0,01,0,1f,4,1,0,0,0,1,02,0,0,0,0,1,0,0,0,1,0,0,0,0,0,0,0,0,1
521,521,0,0,0c,00000,0,0,0,0,1,0,0,0,0,0,0fcdb,0,01,0,1f,4,1,0,0,0,1,02,0,0,0,0,1,0,0,0,1,0,0,0,0,0,0,0,0,1
522,522,0,0,0c,00000,0,0,0,0,1,0,0,0,0,0,0fcdc,0,01,0,1f,4,1,0,0,0,1,02,0,0,0,0,1,0,0,0,1,0,0,0,0,0,0,0,0,1
523,523,0,0,0c,00000,0,0,0,0,1,0,0,0,0,0,0fcdd,0,01,0,1f,4,1,0,0,0,1,02,0,0,0,0,1,0,0,0,1,0,0,0,0,0,0,0,0,1
524,524,0,0,0c,00000,0,0,0,0,1,0,0,0,0,0,0fcde,0,01,0,1f,4,1,0,0,0,1,02,0,0,0,0,1,0,0,0,1,0,0,0,0,0,0,0,0,1
525,525,0,0,0c,00000,0,0,0,0,1,0,0,0,0,0,0fcdf,0,01,0,1f,4,1,0,0,0,1,02,0,0,0,0,1,0,0,0,1,0,0,0,0,0,0,0,0,1
526,526,0,0,0c,00000,0,0,0,0,1,0,0,0,0,0,0fce0,0,01,0,1f,4,1,0,0,0,1,02,0,0,0,0,1,0,0,0,1,0,0,0,0,0,0,0,0,1
527,527,0,0,0c,00000,0,0,0,0,1,0,0,0,0,0,0fce1,0,01,0,1f,4,1,0,0,0,1,02,0,0,0,0,1,0,0,0,1,0,0,0,0,0,0,0,0,1
528,528,0,0,0c,00000,0,0,0,0,1,0,0,0,0,0,0fce2,0,01,0,1f,4,1,0,0,0,1,02,0,0,0,0,1,0,0,0,1,0,0,0,0,0,0,0,0,1
529,529,0,0,0c,00000,0,0,0,0,1,0,0,0,0,0,0fce3,0,01,0,1f,4,1,0,0,0,1,02,0,0,0,0,1,0,0,0,1,0,0,0,0,0,0,0,0,1
530,530,0,0,0c,00000,0,0,0,0,1,0,0,0,0,0,0fce4,0,01,0,1f,4,1,0,0,0,1,02,0,0,0,0,1,0,0,0,1,0,0,0,0,0,0,0,0,1
531,531,0,0,0c,00000,0,0,0,0,1,0,0,0,0,0,0fce5,0,01,0,1f,4,1,0,0,0,1,02,0,0,0,0,1,0,0,0,1,0,0,0,0,0,0,0,0,1
532,532,0,0,0c,00000,0,0,0,0,1,0,0,0,0,0,0fce6,0,01,0,1f,4,1,0,0,0,1,02,0,0,0,0,1,0,0,0,1,0,0,0,0,0,0,0,0,1
533,533,0,0,0c,00000,0,0,0,0,1,0,0,0,0,0,0fce7,0,01,0,1f,4,1,0,0,0,1,02,0,0,0,0,1,0,0,0,1,0,0,0,0,0,0,0,0,1
534,534,0,0,0c,00000,0,0,0,0,1,0,0,0,0,0,0fce8,0,01,0,1f,4,1,0,0,0,1,02,0,0,0,0,1,0,0,0,1,0,0,0,0,0,0,0,0,1
535,535,0,0,0c,00000,0,0,0,0,1,0,0,0,0,0,0fce9,0,01,0,1f,4,1,0,0,0,1,02,0,0,0,0,1,0,0,0,1,0,0,0,0,0,0,0,0,1
536,536,0,0,0c,00000,0,0,0,0,1,0,0,0,0,0,0fcea,0,01,0,1f,4,1,0,0,0,1,02,0,0,0,0,1,0,0,0,1,0,0,0,0,0,0,0,0,1
537,537,0,0,0c,00000,0,0,0,0,1,0,0,0,0,0,0fceb,0,01,0,1f,4,1,0,0,0,1,02,0,0,0,0,1,0,0,0,1,0,0,0,0,0,0,0,0,1
538,538,0,0,0c,00000,0,0,0,0,1,0,0,0,0,0,0fcec,0,01,0,1f,4,1,0,0,0,1,02,0,0,0,0,1,0,0,0,1,0,0,0,0,0,0,0,0,1
539,539,0,0,0c,00000,0,0,0,0,1,0,0,0,0,0,0fced,0,01,0,1f,4,1,0,0,0,1,02,0,0,0,0,1,0,0,0,1,0,0,0,0,0,0,0,0,1
540,540,0,0,0c,00000,0,0,0,0,1,0,0,0,0,0,0fcee,0,01,0,1f,4,1,0,0,0,1,02,0,0,0,0,1,0,0,0,1,0,0,0,0,0,0,0,0,1
541,541,0,0,0c,00000,0,0,0,0,1,0,0,0,0,0,0fcef,0,01,0,1f,4,1,0,0,0,1,02,0,0,0,0,1,0,0,0,1,0,0,0,0,0,0,0,0,1
542,542,0,0,0c,00000,0,0,0,0,1,0,0,0,0,0,0fcf0,0,01,0,1f,4,1,0,0,0,1,02,0,0,0,0,1,0,0,0,1,0,0,0,0,0,0,0,0,1
543,543,0,0,0c,00000,0,0,0,0,1,0,0,0,0,0,0fcf1,0,01,0,1f,4,1,0,0,0,1,02,0,0,0,0,1,0,0,0,1,0,0,0,0,0,0,0,0,1
544,544,0,0,0c,00000,0,0,0,0,1,0,0,0,0,0,0fcf2,0,01,0,1f,4,1,0,0,0,1,02,0,0,0,0,1,0,0,0,1,0,0,0,0,0,0,0,0,1
545,545,0,0,0c,00000,0,0,0,0,1,0,0,0,0,0,0fcf3,0,01,0,1f,4,1,0,0,0,1,02,0,0,0,0,1,0,0,0,1,0,0,0,0,0,0,0,0,1
546,546,0,0,0c,00000,0,0,0,0,1,0,0,0,0,0,0fcf4,0,01,0,1f,4,1,0,0,0,1,02,0,0,0,0,1,0,0,0,1,0,0,0,0,0,0,0,0,1
547,547,0,0,0c,00000,0,0,0,0,1,0,0,0,0,0,0fcf5,0,01,0,1f,4,1,0,0,0,1,02,0,0,0,0,1,0,0,0,1,0,0,0,0,0,0,0,0,1
548,548,0,0,0c,00000,0,0,0,0,1,0,0,0,0,0,0fcf6,0,01,0,1f,4,1,0,0,0,1,02,0,0,0,0,1,0,0,0,1,0,0,0,0,0,0,0,0,1
549,549,0,0,0c,00000,0,0,0,0,1,0,0,0,0,0,0fcf7,0,01,0,1f,4,1,0,0,0,1,02,0,0,0,0,1,0,0,0,1,0,0,0,0,0,0,0,0,1
550,550,0,0,0c,00000,0,0,0,0,1,0,0,0,0,0,0fcf8,0,01,0,1f,4,1,0,0,0,1,02,0,0,0,0,1,0,0,0,1,0,0,0,0,0,0,0,0,1
551,551,0,0,0c,00000,0,0,0,0,1,0,0,0,0,0,0fcf9,0,01,0,1f,4,1,0,0,0,1,02,0,0,0,0,1,0,0,0,1,0,0,0,0,0,0,0,0,1
552,552,0,0,0c,00000,0,0,0,0,1,0,0,0,0,0,0fcfa,0,01,0,1f,4,1,0,0,0,1,02,0,0,0,0,1,0,0,0,1,0,0,0,0,0,0,0,0,1
553,553,0,0,0c,00000,0,0,0,0,1,0,0,0,0,0,0fcfb,0,01,0,1f,4,1,0,0,0,1,02,0,0,0,0,1,0,0,0,1,0,0,0,0,0,0,0,0,1
554,554,0,0,0c,00000,0,0,0,0,1,0,0,0,0,0,0fcfc,0,01,0,1f,4,1,0,0,0,1,02,0,0,0,0,1,0,0,0,1,0,0,0,0,0,0,0,0,1
555,555,0,0,0c,00000,0,0,0,0,1,0,0,0,0,0,0fcfd,0,01,0,1f,4,1,0,0,0,1,02,0,0,0,0,1,0,0,0,1,0,0,0,0,0,0,0,0,1
556,556,0,0,0c,00000,0,0,0,0,1,0,0,0,0,0,0fcfe,0,01,0,1f,4,1,0,0,0,1,02,0,0,0,0,1,0,0,0,1,0,0,0,0,0,0,0,0,1
557,557,0,0,0c,00000,0,0,0,0,1,0,0,0,0,0,0fcff,0,01,0,1f,4,1,0,0,0,1,02,0,0,0,0,1,0,0,0,1,0,0,0,0,0,0,0,0,1
558,558,0,0,0c,00000,0,0,0,0,1,0,0,0,0,0,0fd00,0,01,0,1f,4,1,0,0,0,1,02,0,0,0,0,1,0,0,0,1,0,0,0,0,0,0,0,0,1
559,559,0,0,0c,00000,0,0,0,0,1,0,0,0,0,0,0fd01,0,01,0,1f,4,1,0,0,0,1,02,0,0,0,0,1,0,0,0,1,0,0,0,0,0,0,0,0,1
560,560,0,0,0c,00000,0,0,0,0,1,0,0,0,0,0,0fd02,0,01,0,1f,4,1,0,0,0,1,02,0,0,0,0,1,0,0,0,1,0,0,0,0,0,0,0,0,1
561,561,0,0,0c,00000,0,0,0,0,1,0,0,0,0,0,0fd03,0,01,0,1f,4,1,0,0,0,1,02,0,0,0,0,1,0,0,0,1,0,0,0,0,0,0,0,0,1
562,562,0,0,0c,00000,0,0,0,0,1,0,0,0,0,0,0fd04,0,01,0,1f,4,1,0,0,0,1,02,0,0,0,0,1,0,0,0,1,0,0,0,0,0,0,0,0,1
563,563,0,0,0c,00000,0,0,0,0,1,0,0,0,0,0,0fd05,0,01,0,1f,4,1,0,0,0,1,02,0,0,0,0,1,0,0,0,1,0,0,0,0,0,0,0,0,1
564,564,0,0,0c,00000,0,0,0,0,1,0,0,0,0,0,0fd06,0,01,0,1f,4,1,0,0,0,1,02,0,0,0,0,1,0,0,0,1,0,0,0,0,0,0,0,0,1
565,565,0,0,0c,00000,0,0,0,0,1,0,0,0,0,0,0fd07,0,01,0,1f,4,1,0,0,0,1,02,0,0,0,0,1,0,0,0,1,0,0,0,0,0,0,0,0,1
566,566,0,0,0c,00000,0,0,0,0,1,0,0,0,0,0,0fd08,0,01,0,1f,4,1,0,0,0,1,02,0,0,0,0,1,0,0,0,1,0,0,0,0,0,0,0,0,1
567,567,0,0,0c,00000,0,0,0,0,1,0,0,0,0,0,0fd09,0,01,0,1f,4,1,0,0,0,1,02,0,0,0,0,1,0,0,0,1,0,0,0,0,0,0,0,0,1
568,568,0,0,0c,00000,0,0,0,0,1,0,0,0,0,0,0fd0a,0,01,0,1f,4,1,0,0,0,1,02,0,0,0,0,1,0,0,0,1,0,0,0,0,0,0,0,0,1
569,569,0,0,0c,00000,0,0,0,0,1,0,0,0,0,0,0fd0b,0,01,0,1f,4,1,0,0,0,1,02,0,0,0,0,1,0,0,0,1,0,0,0,0,0,0,0,0,1
570,570,0,0,0c,00000,0,0,0,0,1,0,0,0,0,0,0fd0c,0,01,0,1f,4,1,0,0,0,1,02,0,0,0,0,1,0,0,0,1,0,0,0,0,0,0,0,0,1
571,571,0,0,0c,00000,0,0,0,0,1,0,0,0,0,0,0fd0d,0,01,0,1f,4,1,0,0,0,1,02,0,0,0,0,1,0,0,0,1,0,0,0,0,0,0,0,0,1
572,572,0,0,0c,00000,0,0,0,0,1,0,0,0,0,0,0fd0e,0,01,0,1f,4,1,0,0,0,1,02,0,0,0,0,1,0,0,0,1,0,0,0,0,0,0,0,0,1
573,573,0,0,0c,00000,0,0,0,0,1,0,0,0,0,0,0fd0f,0,01,0,1f,4,1,0,0,0,1,02,0,0,0,0,1,0,0,0,1,0,0,0,0,0,0,0,0,1
574,574,0,0,0c,00000,0,0,0,0,1,0,0,0,0,0,0fd10,0,01,0,1f,4,1,0,0,0,1,02,0,0,0,0,1,0,0,0,1,0,0,0,0,0,0,0,0,1
575,575,0,0,0c,00000,0,0,0,0,1,0,0,0,0,0,0fd11,0,01,0,1f,4,1,0,0,0,1,02,0,0,0,0,1,0,0,0,1,0,0,0,0,0,0,0,0,1
576,576,0,0,0c,00000,0,0,0,0,1,0,0,0,0,0,0fd12,0,01,0,1f,4,1,0,0,0,1,02,0,0,0,0,1,0,0,0,1,0,0,0,0,0,0,0,0,1
577,577,0,0,0c,00000,0,0,0,0,1,0,0,0,0,0,0fd13,0,01,0,1f,4,1,0,0,0,1,02,0,0,0,0,1,0,0,0,1,0,0,0,0,0,0,0,0,1
578,578,0,0,0c,00000,0,0,0,0,1,0,0,0,0,0,0fd14,0,01,0,1f,4,1,0,0,0,1,02,0,0,0,0,1,0,0,0,1,0,0,0,0,0,0,0,0,1
579,579,0,0,0c,00000,0,0,0,0,1,0,0,0,0,0,0fd15,0,01,0,1f,4,1,0,0,0,1,02,0,0,0,0,1,0,0,0,1,0,0,0,0,0,0,0,0,1
580,580,0,0,0c,00000,0,0,0,0,1,0,0,0,0,0,0fd16,0,01,0,1f,4,1,0,0,0,1,02,0,0,0,0,1,0,0,0,1,0,0,0,0,0,0,0,0,1
581,581,0,0,0c,00000,0,0,0,0,1,0,0,0,0,0,0fd17,0,01,0,1f,4,1,0,0,0,1,02,0,0,0,0,1,0,0,0,1,0,0,0,0,0,0,0,0,1
582,582,0,0,0c,00000,0,0,0,0,1,0,0,0,0,0,0fd18,0,01,0,1f,4,1,0,0,0,1,02,0,0,0,0,1,0,0,0,1,0,0,0,0,0,0,0,0,1
583,583,0,0,0c,00000,0,0,0,0,1,0,0,0,0,0,0fd19,0,01,0,1f,4,1,0,0,0,1,02,0,0,0,0,1,0,0,0,1,0,0,0,0,0,0,0,0,1
584,584,0,0,0c,00000,0,0,0,0,1,0,0,0,0,0,0fd1a,0,01,0,1f,4,1,0,0,0,1,02,0,0,0,0,1,0,0,0,1,0,0,0,0,0,0,0,0,1
585,585,0,0,0c,00000,0,0,0,0,1,0,0,0,0,0,0fd1b,0,01,0,1f,4,1,0,0,0,1,02,0,0,0,0,1,0,0,0,1,0,0,0,0,0,0,0,0,1
586,586,0,0,0c,00000,0,0,0,0,1,0,0,0,0,0,0fd1c,0,01,0,1f,4,1,0,0,0,1,02,0,0,0,0,1,0,0,0,1,0,0,0,0,0,0,0,0,1
587,587,0,0,0c,00000,0,0,0,0,1,0,0,0,0,0,0fd1d,0,01,0,1f,4,1,0,0,0,1,02,0,0,0,0,1,0,0,0,1,0,0,0,0,0,0,0,0,1
588,588,0,0,0c,00000,0,0,0,0,1,0,0,0,0,0,0fd1e,0,01,0,1f,4,1,0,0,0,1,02,0,0,0,0,1,0,0,0,1,0,0,0,0,0,0,0,0,1
589,589,0,0,0c,00000,0,0,0,0,1,0,0,0,0,0,0fd1f,0,01,0,1f,4,1,0,0,0,1,02,0,0,0,0,1,0,0,0,1,0,0,0,0,0,0,0,0,1
590,590,0,0,0c,00000,0,0,0,0,1,0,0,0,0,0,0fd20,0,01,0,1f,4,1,0,0,0,1,02,0,0,0,0,1,0,0,0,1,0,0,0,0,0,0,0,0,1
591,591,0,0,0c,00000,0,0,0,0,1,0,0,0,0,0,0fd21,0,01,0,1f,4,1,0,0,0,1,02,0,0,0,0,1,0,0,0,1,0,0,0,0,0,0,0,0,1
592,592,0,0,0c,00000,0,0,0,0,1,0,0,0,0,0,0fd22,0,01,0,1f,4,1,0,0,0,1,02,0,0,0,0,1,0,0,0,1,0,0,0,0,0,0,0,0,1
593,593,0,0,0c,00000,0,0,0,0,1,0,0,0,0,0,0fd23,0,01,0,1f,4,1,0,0,0,1,02,0,0,0,0,1,0,0,0,1,0,0,0,0,0,0,0,0,1
594,594,0,0,0c,00000,0,0,0,0,1,0,0,0,0,0,0fd24,0,01,0,1f,4,1,0,0,0,1,02,0,0,0,0,1,0,0,0,1,0,0,0,0,0,0,0,0,1
595,595,0,0,0c,00000,0,0,0,0,1,0,0,0,0,0,0fd25,0,01,0,1f,4,1,0,0,0,1,02,0,0,0,0,1,0,0,0,1,0,0,0,0,0,0,0,0,1
596,596,0,0,0c,00000,0,0,0,0,1,0,0,0,0,0,0fd26,0,01,0,1f,4,1,0,0,0,1,02,0,0,0,0,1,0,0,0,1,0,0,0,0,0,0,0,0,1
597,597,0,0,0c,00000,0,0,0,0,1,0,0,0,0,0,0fd27,0,01,0,1f,4,1,0,0,0,1,02,0,0,0,0,1,0,0,0,1,0,0,0,0,0,0,0,0,1
598,598,0,0,0c,00000,0,0,0,0,1,0,0,0,0,0,0fd28,0,01,0,1f,4,1,0,0,0,1,02,0,0,0,0,1,0,0,0,1,0,0,0,0,0,0,0,0,1
599,599,0,0,0c,00000,0,0,0,0,1,0,0,0,0,0,0fd29,0,01,0,1f,4,1,0,0,0,1,02,0,0,0,0,1,0,0,0,1,0,0,0,0,0,0,0,0,1
600,600,0,0,0c,00000,0,0,0,0,1,0,0,0,0,0,0fd2a,0,01,0,1f,4,1,0,0,0,1,02,0,0,0,0,1,0,0,0,1,0,0,0,0,0,0,0,0,1
601,601,0,0,0c,00000,0,0,0,0,1,0,0,0,0,0,0fd2b,0,01,0,1f,4,1,0,0,0,1,02,0,0,0,0,1,0,0,0,1,0,0,0,0,0,0,0,0,1
602,602,0,0,0c,00000,0,0,0,0,1,0,0,0,0,0,0fd2c,0,01,0,1f,4,1,0,0,0,1,02,0,0,0,0,1,0,0,0,1,0,0,0,0,0,0,0,0,1
603,603,0,0,0c,00000,0,0,0,0,1,0,0,0,0,0,0fd2d,0,01,0,1f,4,1,0,0,0,1,02,0,0,0,0,1,0,0,0,1,0,0,0,0,0,0,0,0,1
604,604,0,0,0c,00000,0,0,0,0,1,0,0,0,0,0,0fd2e,0,01,0,1f,4,1,0,0,0,1,02,0,0,0,0,1,0,0,0,1,0,0,0,0,0,0,0,0,1
605,605,0,0,0c,00000,0,0,0,0,1,0,0,0,0,0,0fd2f,0,01,0,1f,4,1,0,0,0,1,02,0,0,0,0,1,0,0,0,1,0,0,0,0,0,0,0,0,1
606,606,0,0,0c,00000,0,0,0,0,1,0,0,0,0,0,0fd30,0,01,0,1f,4,1,0,0,0,1,02,0,0,0,0,1,0,0,0,1,0,0,0,0,0,0,0,0,1
607,607,0,0,0c,00000,0,0,0,0,1,0,0,0,0,0,0fd31,0,01,0,1f,4,1,0,0,0,1,02,0,0,0,0,1,0,0,0,1,0,0,0,0,0,0,0,0,1
608,608,0,0,0c,00000,0,0,0,0,1,0,0,0,0,0,0fd32,0,01,0,1f,4,1,0,0,0,1,02,0,0,0,0,1,0,0,0,1,0,0,0,0,0,0,0,0,1
609,609,0,0,0c,00000,0,0,0,0,1,0,0,0,0,0,0fd33,0,01,0,1f,4,1,0,0,0,1,02,0,0,0,0,1,0,0,0,1,0,0,0,0,0,0,0,0,1
610,610,0,0,0c,00000,0,0,0,0,1,0,0,0,0,0,0fd34,0,01,0,1f,4,1,0,0,0,1,02,0,0,0,0,1,0,0,0,1,0,0,0,0,0,0,0,0,1
611,611,0,0,0c,00000,0,0,0,0,1,0,0,0,0,0,0fd35,0,01,0,1f,4,1,0,0,0,1,02,0,0,0,0,1,0,0,0,1,0,0,0,0,0,0,0,0,1
612,612,0,0,0c,00000,0,0,0,0,1,0,0,0,0,0,0fd36,0,01,0,1f,4,1,0,0,0,1,02,0,0,0,0,1,0,0,0,1,0,0,0,0,0,0,0,0,1
613,613,0,0,0c,00000,0,0,0,0,1,0,0,0,0,0,0fd37,0,01,0,1f,4,1,0,0,0,1,02,0,0,0,0,1,0,0,0,1,0,0,0,0,0,0,0,0,1
614,614,0,0,0c,00000,0,0,0,0,1,0,0,0,0,0,0fd38,0,01,0,1f,4,1,0,0,0,1,02,0,0,0,0,1,0,0,0,1,0,0,0,0,0,0,0,0,1
615,615,0,0,0c,00000,0,0,0,0,1,0,0,0,0,0,0fd39,0,01,0,1f,4,1,0,0,0,1,02,0,0,0,0,1,0,0,0,1,0,0,0,0,0,0,0,0,1
616,616,0,0,0c,00000,0,0,0,0,1,0,0,0,0,0,0fd3a,0,01,0,1f,4,1,0,0,0,1,02,0,0,0,0,1,0,0,0,1,0,0,0,0,0,0,0,0,1
617,617,0,0,0c,00000,0,0,0,0,1,0,0,0,0,0,0fd3b,0,01,0,1f,4,1,0,0,0,1,02,0,0,0,0,1,0,0,0,1,0,0,0,0,0,0,0,0,1
618,618,0,0,0c,00000,0,0,0,0,1,0,0,0,0,0,0fd3c,0,01,0,1f,4,1,0,0,0,1,02,0,0,0,0,1,0,0,0,1,0,0,0,0,0,0,0,0,1
619,619,0,0,0c,00000,0,0,0,0,1,0,0,0,0,0,0fd3d,0,01,0,1f,4,1,0,0,0,1,02,0,0,0,0,1,0,0,0,1,0,0,0,0,0,0,0,0,1
620,620,0,0,0c,00000,0,0,0,0,1,0,0,0,0,0,0fd3e,0,01,0,1f,4,1,0,0,0,1,02,0,0,0,0,1,0,0,0,1,0,0,0,0,0,0,0,0,1
621,621,0,0,0c,00000,0,0,0,0,1,0,0,0,0,0,0fd3f,0,01,0,1f,4,1,0,0,0,1,02,0,0,0,0,1,0,0,0,1,0,0,0,0,0,0,0,0,1
622,622,0,0,0c,00000,0,0,0,0,1,0,0,0,0,0,0fd40,0,01,0,1f,4,1,0,0,0,1,02,0,0,0,0,1,0,0,0,1,0,0,0,0,0,0,0,0,1
623,623,0,0,0c,00000,0,0,0,0,1,0,0,0,0,0,0fd41,0,01,0,1f,4,1,0,0,0,1,02,0,0,0,0,1,0,0,0,1,0,0,0,0,0,0,0,0,1
624,624,0,0,0c,00000,0,0,0,0,1,0,0,0,0,0,0fd42,0,01,0,1f,4,1,0,0,0,1,02,0,0,0,0,1,0,0,0,1,0,0,0,0,0,0,0,0,1
625,625,0,0,0c,00000,0,0,0,0,1,0,0,0,0,0,0fd43,0,01,0,1f,4,1,0,0,0,1,02,0,0,0,0,1,0,0,0,1,0,0,0,0,0,0,0,0,1
626,626,0,0,0c,00000,0,0,0,0,1,0,0,0,0,0,0fd44,0,01,0,1f,4,1,0,0,0,1,02,0,0,0,0,1,0,0,0,1,0,0,0,0,0,0,0,0,1
627,627,0,0,0c,00000,0,0,0,0,1,0,0,0,0,0,0fd45,0,01,0,1f,4,1,0,0,0,1,02,0,0,0,0,1,0,0,0,1,0,0,0,0,0,0,0,0,1
628,628,0,0,0c,00000,0,0,0,0,1,0,0,0,0,0,0fd46,0,01,0,1f,4,1,0,0,0,1,02,0,0,0,0,1,0,0,0,1,0,0,0,0,0,0,0,0,1
629,629,0,0,0c,00000,0,0,0,0,1,0,0,0,0,0,0fd47,0,01,0,1f,4,1,0,0,0,1,02,0,0,0,0,1,0,0,0,1,0,0,0,0,0,0,0,0,1
630,630,0,0,0c,00000,0,0,0,0,1,0,0,0,0,0,0fd48,0,01,0,1f,4,1,0,0,0,1,02,0,0,0,0,1,0,0,0,1,0,0,0,0,0,0,0,0,1
631,631,0,0,0c,00000,0,0,0,0,1,0,0,0,0,0,0fd49,0,01,0,1f,4,1,0,0,0,1,02,0,0,0,0,1,0,0,0,1,0,0,0,0,0,0,0,0,1
632,632,0,0,0c,00000,0,0,0,0,1,0,0,0,0,0,0fd4a,0,01,0,1f,4,1,0,0,0,1,02,0,0,0,0,1,0,0,0,1,0,0,0,0,0,0,0,0,1
633,633,0,0,0c,00000,0,0,0,0,1,0,0,0,0,0,0fd4b,0,01,0,1f,4,1,0,0,0,1,02,0,0,0,0,1,0,0,0,1,0,0,0,0,0,0,0,0,1
634,634,0,0,0c,00000,0,0,0,0,1,0,0,0,0,0,0fd4c,0,01,0,1f,4,1,0,0,0,1,02,0,0,0,0,1,0,0,0,1,0,0,0,0,0,0,0,0,1
635,635,0,0,0c,00000,0,0,0,0,1,0,0,0,0,0,0fd4d,0,01,0,1f,4,1,0,0,0,1,02,0,0,0,0,1,0,0,0,1,0,0,0,0,0,0,0,0,1
636,636,0,0,0c,00000,0,0,0,0,1,0,0,0,0,0,0fd4e,0,01,0,1f,4,1,0,0,0,1,02,0,0,0,0,1,0,0,0,1,0,0,0,0,0,0,0,0,1
637,637,0,0,0c,00000,0,0,0,0,1,0,0,0,0,0,0fd4f,0,01,0,1f,4,1,0,0,0,1,02,0,0,0,0,1,0,0,0,1,0,0,0,0,0,0,0,0,1
638,638,0,0,0c,00000,0,0,0,0,1,0,0,0,0,0,0fd50,0,01,0,1f,4,1,0,0,0,1,02,0,0,0,0,1,0,0,0,1,0,0,0,0,0,0,0,0,1
639,639,0,0,0c,00000,0,0,0,0,1,0,0,0,0,0,0fd51,0,01,0,1f,4,1,0,0,0,1,02,0,0,0,0,1,0,0,0,1,0,0,0,0,0,0,0,0,1
640,640,0,0,0c,00000,0,0,0,0,1,0,0,0,0,0,0fd52,0,01,0,1f,4,1,0,0,0,1,02,0,0,0,0,1,0,0,0,1,0,0,0,0,0,0,0,0,1
641,641,0,0,0c,00000,0,0,0,0,1,0,0,0,0,0,0fd53,0,01,0,1f,4,1,0,0,0,1,02,0,0,0,0,1,0,0,0,1,0,0,0,0,0,0,0,0,1
642,642,0,0,0c,00000,0,0,0,0,1,0,0,0,0,0,0fd54,0,01,0,1f,4,1,0,0,0,1,02,0,0,0,0,1,0,0,0,1,0,0,0,0,0,0,0,0,1
643,643,0,0,0c,00000,0,0,0,0,1,0,0,0,0,0,0fd55,0,01,0,1f,4,1,0,0,0,1,02,0,0,0,0,1,0,0,0,1,0,0,0,0,0,0,0,0,1
644,644,0,0,0c,00000,0,0,0,0,1,0,0,0,0,0,0fd56,0,01,0,1f,4,1,0,0,0,1,02,0,0,0,0,1,0,0,0,1,0,0,0,0,0,0,0,0,1
645,645,0,0,0c,00000,0,0,0,0,1,0,0,0,0,0,0fd57,0,01,0,1f,4,1,0,0,0,1,02,0,0,0,0,1,0,0,0,1,0,0,0,0,0,0,0,0,1
646,646,0,0,0c,00000,0,0,0,0,1,0,0,0,0,0,0fd58,0,01,0,1f,4,1,0,0,0,1,02,0,0,0,0,1,0,0,0,1,0,0,0,0,0,0,0,0,1
647,647,0,0,0c,00000,0,0,0,0,1,0,0,0,0,0,0fd59,0,01,0,1f,4,1,0,0,0,1,02,0,0,0,0,1,0,0,0,1,0,0,0,0,0,0,0,0,1
648,648,0,0,0c,00000,0,0,0,0,1,0,0,0,0,0,0fd5a,0,01,0,1f,4,1,0,0,0,1,02,0,0,0,0,1,0,0,0,1,0,0,0,0,0,0,0,0,1
649,649,0,0,0c,00000,0,0,0,0,1,0,0,0,0,0,0fd5b,0,01,0,1f,4,1,0,0,0,1,02,0,0,0,0,1,0,0,0,1,0,0,0,0,0,0,0,0,1
650,650,0,0,0c,00000,0,0,0,0,1,0,0,0,0,0,0fd5c,0,01,0,1f,4,1,0,0,0,1,02,0,0,0,0,1,0,0,0,1,0,0,0,0,0,0,0,0,1
651,651,0,0,0c,00000,0,0,0,0,1,0,0,0,0,0,0fd5d,0,01,0,1f,4,1,0,0,0,1,02,0,0,0,0,1,0,0,0,1,0,0,0,0,0,0,0,0,1
652,652,0,0,0c,00000,0,0,0,0,1,0,0,0,0,0,0fd5e,0,01,0,1f,4,1,0,0,0,1,02,0,0,0,0,1,0,0,0,1,0,0,0,0,0,0,0,0,1
653,653,0,0,0c,00000,0,0,0,0,1,0,0,0,0,0,0fd5f,0,01,0,1f,4,1,0,0,0,1,02,0,0,0,0,1,0,0,0,1,0,0,0,0,0,0,0,0,1
654,654,0,0,0c,00000,0,0,0,0,1,0,0,0,0,0,0fd60,0,01,0,1f,4,1,0,0,0,1,02,0,0,0,0,1,0,0,0,1,0,0,0,0,0,0,0,0,1
655,655,0,0,0c,00000,0,0,0,0,1,0,0,0,0,0,0fd61,0,01,0,1f,4,1,0,0,0,1,02,0,0,0,0,1,0,0,0,1,0,0,0,0,0,0,0,0,1
656,656,0,0,0c,00000,0,0,0,0,1,0,0,0,0,0,0fd62,0,01,0,1f,4,1,0,0,0,1,02,0,0,0,0,1,0,0,0,1,0,0,0,0,0,0,0,0,1
657,657,0,0,0c,00000,0,0,0,0,1,0,0,0,0,0,0fd63,0,01,0,1f,4,1,0,0,0,1,02,0,0,0,0,1,0,0,0,1,0,0,0,0,0,0,0,0,1
658,658,0,0,0c,00000,0,0,0,0,1,0,0,0,0,0,0fd64,0,01,0,1f,4,1,0,0,0,1,02,0,0,0,0,1,0,0,0,1,0,0,0,0,0,0,0,0,1
659,659,0,0,0c,00000,0,0,0,0,1,0,0,0,0,0,0fd65,0,01,0,1f,4,1,0,0,0,1,02,0,0,0,0,1,0,0,0,1,0,0,0,0,0,0,0,0,1
660,660,0,0,0c,00000,0,0,0,0,1,0,0,0,0,0,0fd66,0,01,0,1f,4,1,0,0,0,1,02,0,0,0,0,1,0,0,0,1,0,0,0,0,0,0,0,0,1
661,661,0,0,0c,00000,0,0,0,0,1,0,0,0,0,0,0fd67,0,01,0,1f,4,1,0,0,0,1,02,0,0,0,0,1,0,0,0,1,0,0,0,0,0,0,0,0,1
662,662,0,0,0c,00000,0,0,0,0,1,0,0,0,0,0,0fd68,0,01,0,1f,4,1,0,0,0,1,02,0,0,0,0,1,0,0,0,1,0,0,0,0,0,0,0,0,1
663,663,0,0,0c,00000,0,0,0,0,1,0,0,0,0,0,0fd69,0,01,0,1f,4,1,0,0,0,1,02,0,0,0,0,1,0,0,0,1,0,0,0,0,0,0,0,0,1
664,664,0,0,0c,00000,0,0,0,0,1,0,0,0,0,0,0fd6a,0,01,0,1f,4,1,0,0,0,1,02,0,0,0,0,1,0,0,0,1,0,0,0,0,0,0,0,0,1
665,665,0,0,0c,00000,0,0,0,0,1,0,0,0,0,0,0fd6b,0,01,0,1f,4,1,0,0,0,1,02,0,0,0,0,1,0,0,0,1,0,0,0,0,0,0,0,0,1
666,666,0,0,0c,00000,0,0,0,0,1,0,0,0,0,0,0fd6c,0,01,0,1f,4,1,0,0,0,1,02,0,0,0,0,1,0,0,0,1,0,0,0,0,0,0,0,0,1
667,667,0,0,0c,00000,0,0,0,0,1,0,0,0,0,0,0fd6d,0,01,0,1f,4,1,0,0,0,1,02,0,0,0,0,1,0,0,0,1,0,0,0,0,0,0,0,0,1
668,668,0,0,0c,00000,0,0,0,0,1,0,0,0,0,0,0fd6e,0,01,0,1f,4,1,0,0,0,1,02,0,0,0,0,1,0,0,0,1,0,0,0,0,0,0,0,0,1
669,669,0,0,0c,00000,0,0,0,0,1,0,0,0,0,0,0fd6f,0,01,0,1f,4,1,0,0,0,1,02,0,0,0,0,1,0,0,0,1,0,0,0,0,0,0,0,0,1
670,670,0,0,0c,00000,0,0,0,0,1,0,0,0,0,0,0fd70,0,01,0,1f,4,1,0,0,0,1,02,0,0,0,0,1,0,0,0,1,0,0,0,0,0,0,0,0,1
671,671,0,0,0c,00000,0,0,0,0,1,0,0,0,0,0,0fd71,0,01,0,1f,4,1,0,0,0,1,02,0,0,0,0,1,0,0,0,1,0,0,0,0,0,0,0,0,1
672,672,0,0,0c,00000,0,0,0,0,1,0,0,0,0,0,0fd72,0,01,0,1f,4,1,0,0,0,1,02,0,0,0,0,1,0,0,0,1,0,0,0,0,0,0,0,0,1
673,673,0,0,0c,00000,0,0,0,0,1,0,0,0,0,0,0fd73,0,01,0,1f,4,1,0,0,0,1,02,0,0,0,0,1,0,0,0,1,0,0,0,0,0,0,0,0,1
674,674,0,0,0c,00000,0,0,0,0,1,0,0,0,0,0,0fd74,0,01,0,1f,4,1,0,0,0,1,02,0,0,0,0,1,0,0,0,1,0,0,0,0,0,0,0,0,1
675,675,0,0,0c,00000,0,0,0,0,1,0,0,0,0,0,0fd75,0,01,0,1f,4,1,0,0,0,1,02,0,0,0,0,1,0,0,0,1,0,0,0,0,0,0,0,0,1
676,676,0,0,0c,00000,0,0,0,0,1,0,0,0,0,0,0fd76,0,01,0,1f,4,1,0,0,0,1,02,0,0,0,0,1,0,0,0,1,0,0,0,0,0,0,0,0,1
677,677,0,0,0c,00000,0,0,0,0,1,0,0,0,0,0,0fd77,0,01,0,1f,4,1,0,0,0,1,02,0,0,0,0,1,0,0,0,1,0,0,0,0,0,0,0,0,1
678,678,0,0,0c,00000,0,0,0,0,1,0,0,0,0,0,0fd78,0,01,0,1f,4,1,0,0,0,1,02,0,0,0,0,1,0,0,0,1,0,0,0,0,0,0,0,0,1
679,679,0,0,0c,00000,0,0,0,0,1,0,0,0,0,0,0fd79,0,01,0,1f,4,1,0,0,0,1,02,0,0,0,0,1,0,0,0,1,0,0,0,0,0,0,0,0,1
680,680,0,0,0c,00000,0,0,0,0,1,0,0,0,0,0,0fd7a,0,01,0,1f,4,1,0,0,0,1,02,0,0,0,0,1,0,0,0,1,0,0,0,0,0,0,0,0,1
681,681,0,0,0c,00000,0,0,0,0,1,0,0,0,0,0,0fd7b,0,01,0,1f,4,1,0,0,0,1,02,0,0,0,0,1,0,0,0,1,0,0,0,0,0,0,0,0,1
682,682,0,0,0c,00000,0,0,0,0,1,0,0,0,0,0,0fd7c,0,01,0,1f,4,1,0,0,0,1,02,0,0,0,0,1,0,0,0,1,0,0,0,0,0,0,0,0,1
683,683,0,0,0c,00000,0,0,0,0,1,0,0,0,0,0,0fd7d,0,01,0,1f,4,1,0,0,0,1,02,0,0,0,0,1,0,0,0,1,0,0,0,0,0,0,0,0,1
684,684,0,0,0c,00000,0,0,0,0,1,0,0,0,0,0,0fd7e,0,01,0,1f,4,1,0,0,0,1,02,0,0,0,0,1,0,0,0,1,0,0,0,0,0,0,0,0,1
685,685,0,0,0c,00000,0,0,0,0,1,0,0,0,0,0,0fd7f,0,01,0,1f,4,1,0,0,0,1,02,0,0,0,0,1,0,0,0,1,0,0,0,0,0,0,0,0,1
686,686,0,0,0c,00000,0,0,0,0,1,0,0,0,0,0,0fd80,0,01,0,1f,4,1,0,0,0,1,02,0,0,0,0,1,0,0,0,1,0,0,0,0,0,0,0,0,1
687,687,0,0,0c,00000,0,0,0,0,1,0,0,0,0,0,0fd81,0,01,0,1f,4,1,0,0,0,1,02,0,0,0,0,1,0,0,0,1,0,0,0,0,0,0,0,0,1
688,688,0,0,0c,00000,0,0,0,0,1,0,0,0,0,0,0fd82,0,01,0,1f,4,1,0,0,0,1,02,0,0,0,0,1,0,0,0,1,0,0,0,0,0,0,0,0,1
689,689,0,0,0c,00000,0,0,0,0,1,0,0,0,0,0,0fd83,0,01,0,1f,4,1,0,0,0,1,02,0,0,0,0,1,0,0,0,1,0,0,0,0,0,0,0,0,1
690,690,0,0,0c,00000,0,0,0,0,1,0,0,0,0,0,0fd84,0,01,0,1f,4,1,0,0,0,1,02,0,0,0,0,1,0,0,0,1,0,0,0,0,0,0,0,0,1
691,691,0,0,0c,00000,0,0,0,0,1,0,0,0,0,0,0fd85,0,01,0,1f,4,1,0,0,0,1,02,0,0,0,0,1,0,0,0,1,0,0,0,0,0,0,0,0,1
692,692,0,0,0c,00000,0,0,0,0,1,0,0,0,0,0,0fd86,0,01,0,1f,4,1,0,0,0,1,02,0,0,0,0,1,0,0,0,1,0,0,0,0,0,0,0,0,1
693,693,0,0,0c,00000,0,0,0,0,1,0,0,0,0,0,0fd87,0,01,0,1f,4,1,0,0,0,1,02,0,0,0,0,1,0,0,0,1,0,0,0,0,0,0,0,0,1
694,694,0,0,0c,00000,0,0,0,0,1,0,0,0,0,0,0fd88,0,01,0,1f,4,1,0,0,0,1,02,0,0,0,0,1,0,0,0,1,0,0,0,0,0,0,0,0,1
695,695,0,0,0c,00000,0,0,0,0,1,0,0,0,0,0,0fd89,0,01,0,1f,4,1,0,0,0,1,02,0,0,0,0,1,0,0,0,1,0,0,0,0,0,0,0,0,1
696,696,0,0,0c,00000,0,0,0,0,1,0,0,0,0,0,0fd8a,0,01,0,1f,4,1,0,0,0,1,02,0,0,0,0,1,0,0,0,1,0,0,0,0,0,0,0,0,1
697,697,0,0,0c,00000,0,0,0,0,1,0,0,0,0,0,0fd8b,0,01,0,1f,4,1,0,0,0,1,02,0,0,0,0,1,0,0,0,1,0,0,0,0,0,0,0,0,1
698,698,0,0,0c,00000,0,0,0,0,1,0,0,0,0,0,0fd8c,0,01,0,1f,4,1,0,0,0,1,02,0,0,0,0,1,0,0,0,1,0,0,0,0,0,0,0,0,1
699,699,0,0,0c,00000,0,0,0,0,1,0,0,0,0,0,0fd8d,0,01,0,1f,4,1,0,0,0,1,02,0,0,0,0,1,0,0,0,1,0,0,0,0,0,0,0,0,1
700,700,0,0,0c,00000,0,0,0,0,1,0,0,0,0,0,0fd8e,0,01,0,1f,4,1,0,0,0,1,02,0,0,0,0,1,0,0,0,1,0,0,0,0,0,0,0,0,1
701,701,0,0,0c,00000,0,0,0,0,1,0,0,0,0,0,0fd8f,0,01,0,1f,4,1,0,0,0,1,02,0,0,0,0,1,0,0,0,1,0,0,0,0,0,0,0,0,1
702,702,0,0,0c,00000,0,0,0,0,1,0,0,0,0,0,0fd90,0,01,0,1f,4,1,0,0,0,1,02,0,0,0,0,1,0,0,0,1,0,0,0,0,0,0,0,0,1
703,703,0,0,0c,00000,0,0,0,0,1,0,0,0,0,0,0fd91,0,01,0,1f,4,1,0,0,0,1,02,0,0,0,0,1,0,0,0,1,0,0,0,0,0,0,0,0,1
704,704,0,0,0c,00000,0,0,0,0,1,0,0,0,0,0,0fd92,0,01,0,1f,4,1,0,0,0,1,02,0,0,0,0,1,0,0,0,1,0,0,0,0,0,0,0,0,1
705,705,0,0,0c,00000,0,0,0,0,1,0,0,0,0,0,0fd93,0,01,0,1f,4,1,0,0,0,1,02,0,0,0,0,1,0,0,0,1,0,0,0,0,0,0,0,0,1
706,706,0,0,0c,00000,0,0,0,0,1,0,0,0,0,0,0fd94,0,01,0,1f,4,1,0,0,0,1,02,0,0,0,0,1,0,0,0,1,0,0,0,0,0,0,0,0,1
707,707,0,0,0c,00000,0,0,0,0,1,0,0,0,0,0,0fd95,0,01,0,1f,4,1,0,0,0,1,02,0,0,0,0,1,0,0,0,1,0,0,0,0,0,0,0,0,1
708,708,0,0,0c,00000,0,0,0,0,1,0,0,0,0,0,0fd96,0,01,0,1f,4,1,0,0,0,1,02,0,0,0,0,1,0,0,0,1,0,0,0,0,0,0,0,0,1
709,709,0,0,0c,00000,0,0,0,0,1,0,0,0,0,0,0fd97,0,01,0,1f,4,1,0,0,0,1,02,0,0,0,0,1,0,0,0,1,0,0,0,0,0,0,0,0,1
710,710,0,0,0c,00000,0,0,0,0,1,0,0,0,0,0,0fd98,0,01,0,1f,4,1,0,0,0,1,02,0,0,0,0,1,0,0,0,1,0,0,0,0,0,0,0,0,1
711,711,0,0,0c,00000,0,0,0,0,1,0,0,0,0,0,0fd99,0,01,0,1f,4,1,0,0,0,1,02,0,0,0,0,1,0,0,0,1,0,0,0,0,0,0,0,0,1
712,712,0,0,0c,00000,0,0,0,0,1,0,0,0,0,0,0fd9a,0,01,0,1f,4,1,0,0,0,1,02,0,0,0,0,1,0,0,0,1,0,0,0,0,0,0,0,0,1
713,713,0,0,0c,00000,0,0,0,0,1,0,0,0,0,0,0fd9b,0,01,0,1f,4,1,0,0,0,1,02,0,0,0,0,1,0,0,0,1,0,0,0,0,0,0,0,0,1
714,714,0,0,0c,00000,0,0,0,0,1,0,0,0,0,0,0fd9c,0,01,0,1f,4,1,0,0,0,1,02,0,0,0,0,1,0,0,0,1,0,0,0,0,0,0,0,0,1
715,715,0,0,0c,00000,0,0,0,0,1,0,0,0,0,0,0fd9d,0,01,0,1f,4,1,0,0,0,1,02,0,0,0,0,1,0,0,0,1,0,0,0,0,0,0,0,0,1
716,716,0,0,0c,00000,0,0,0,0,1,0,0,0,0,0,0fd9e,0,01,0,1f,4,1,0,0,0,1,02,0,0,0,0,1,0,0,0,1,0,0,0,0,0,0,0,0,1
717,717,0,0,0c,00000,0,0,0,0,1,0,0,0,0,0,0fd9f,0,01,0,1f,4,1,0,0,0,1,02,0,0,0,0,1,0,0,0,1,0,0,0,0,0,0,0,0,1
718,718,0,0,0c,00000,0,0,0,0,1,0,0,0,0,0,0fda0,0,01,0,1f,4,1,0,0,0,1,02,0,0,0,0,1,0,0,0,1,0,0,0,0,0,0,0,0,1
719,719,0,0,0c,00000,0,0,0,0,1,0,0,0,0,0,0fda1,0,01,0,1f,4,1,0,0,0,1,02,0,0,0,0,1,0,0,0,1,0,0,0,0,0,0,0,0,1
720,720,0,0,0c,00000,0,0,0,0,1,0,0,0,0,0,0fda2,0,01,0,1f,4,1,0,0,0,1,02,0,0,0,0,1,0,0,0,1,0,0,0,0,0,0,0,0,1
721,721,0,0,0c,00000,0,0,0,0,1,0,0,0,0,0,0fda3,0,01,0,1f,4,1,0,0,0,1,02,0,0,0,0,1,0,0,0,1,0,0,0,0,0,0,0,0,1
722,722,0,0,0c,00000,0,0,0,0,1,0,0,0,0,0,0fda4,0,01,0,1f,4,1,0,0,0,1,02,0,0,0,0,1,0,0,0,1,0,0,0,0,0,0,0,0,1
723,723,0,0,0c,00000,0,0,0,0,1,0,0,0,0,0,0fda5,0,01,0,1f,4,1,0,0,0,1,02,0,0,0,0,1,0,0,0,1,0,0,0,0,0,0,0,0,1
724,724,0,0,0c,00000,0,0,0,0,1,0,0,0,0,0,0fda6,0,01,0,1f,4,1,0,0,0,1,02,0,0,0,0,1,0,0,0,1,0,0,0,0,0,0,0,0,1
725,725,0,0,0c,00000,0,0,0,0,1,0,0,0,0,0,0fda7,0,01,0,1f,4,1,0,0,0,1,02,0,0,0,0,1,0,0,0,1,0,0,0,0,0,0,0,0,1
726,726,0,0,0c,00000,0,0,0,0,1,0,0,0,0,0,0fda8,0,01,0,1f,4,1,0,0,0,1,02,0,0,0,0,1,0,0,0,1,0,0,0,0,0,0,0,0,1
727,727,0,0,0c,00000,0,0,0,0,1,0,0,0,0,0,0fda9,0,01,0,1f,4,1,0,0,0,1,02,0,0,0,0,1,0,0,0,1,0,0,0,0,0,0,0,0,1
728,728,0,0,0c,00000,0,0,0,0,1,0,0,0,0,0,0fdaa,0,01,0,1f,4,1,0,0,0,1,02,0,0,0,0,1,0,0,0,1,0,0,0,0,0,0,0,0,1
729,729,0,0,0c,00000,0,0,0,0,1,0,0,0,0,0,0fdab,0,01,0,1f,4,1,0,0,0,1,02,0,0,0,0,1,0,0,0,1,0,0,0,0,0,0,0,0,1
730,730,0,0,0c,00000,0,0,0,0,1,0,0,0,0,0,0fdac,0,01,0,1f,4,1,0,0,0,1,02,0,0,0,0,1,0,0,0,1,0,0,0,0,0,0,0,0,1
731,731,0,0,0c,00000,0,0,0,0,1,0,0,0,0,0,0fdad,0,01,0,1f,4,1,0,0,0,1,02,0,0,0,0,1,0,0,0,1,0,0,0,0,0,0,0,0,1
732,732,0,0,0c,00000,0,0,0,0,1,0,0,0,0,0,0fdae,0,01,0,1f,4,1,0,0,0,1,02,0,0,0,0,1,0,0,0,1,0,0,0,0,0,0,0,0,1
733,733,0,0,0c,00000,0,0,0,0,1,0,0,0,0,0,0fdaf,0,01,0,1f,4,1,0,0,0,1,02,0,0,0,0,1,0,0,0,1,0,0,0,0,0,0,0,0,1
734,734,0,0,0c,00000,0,0,0,0,1,0,0,0,0,0,0fdb0,0,01,0,1f,4,1,0,0,0,1,02,0,0,0,0,1,0,0,0,1,0,0,0,0,0,0,0,0,1
735,735,0,0,0c,00000,0,0,0,0,1,0,0,0,0,0,0fdb1,0,01,0,1f,4,1,0,0,0,1,02,0,0,0,0,1,0,0,0,1,0,0,0,0,0,0,0,0,1
736,736,0,0,0c,00000,0,0,0,0,1,0,0,0,0,0,0fdb2,0,01,0,1f,4,1,0,0,0,1,02,0,0,0,0,1,0,0,0,1,0,0,0,0,0,0,0,0,1
737,737,0,0,0c,00000,0,0,0,0,1,0,0,0,0,0,0fdb3,0,01,0,1f,4,1,0,0,0,1,02,0,0,0,0,1,0,0,0,1,0,0,0,0,0,0,0,0,1
738,738,0,0,0c,00000,0,0,0,0,1,0,0,0,0,0,0fdb4,0,01,0,1f,4,1,0,0,0,1,02,0,0,0,0,1,0,0,0,1,0,0,0,0,0,0,0,0,1
739,739,0,0,0c,00000,0,0,0,0,1,0,0,0,0,0,0fdb5,0,01,0,1f,4,1,0,0,0,1,02,0,0,0,0,1,0,0,0,1,0,0,0,0,0,0,0,0,1
740,740,0,0,0c,00000,0,0,0,0,1,0,0,0,0,0,0fdb6,0,01,0,1f,4,1,0,0,0,1,02,0,0,0,0,1,0,0,0,1,0,0,0,0,0,0,0,0,1
741,741,0,0,0c,00000,0,0,0,0,1,0,0,0,0,0,0fdb7,0,01,0,1f,4,1,0,0,0,1,02,0,0,0,0,1,0,0,0,1,0,0,0,0,0,0,0,0,1
742,742,0,0,0c,00000,0,0,0,0,1,0,0,0,0,0,0fdb8,0,01,0,1f,4,1,0,0,0,1,02,0,0,0,0,1,0,0,0,1,0,0,0,0,0,0,0,0,1
743,743,0,0,0c,00000,0,0,0,0,1,0,0,0,0,0,0fdb9,0,01,0,1f,4,1,0,0,0,1,02,0,0,0,0,1,0,0,0,1,0,0,0,0,0,0,0,0,1
744,744,0,0,0c,00000,0,0,0,0,1,0,0,0,0,0,0fdba,0,01,0,1f,4,1,0,0,0,1,02,0,0,0,0,1,0,0,0,1,0,0,0,0,0,0,0,0,1
745,745,0,0,0c,00000,0,0,0,0,1,0,0,0,0,0,0fdbb,0,01,0,1f,4,1,0,0,0,1,02,0,0,0,0,1,0,0,0,1,0,0,0,0,0,0,0,0,1
746,746,0,0,0c,00000,0,0,0,0,1,0,0,0,0,0,0fdbc,0,01,0,1f,4,1,0,0,0,1,02,0,0,0,0,1,0,0,0,1,0,0,0,0,0,0,0,0,1
747,747,0,0,0c,00000,0,0,0,0,1,0,0,0,0,0,0fdbd,0,01,0,1f,4,1,0,0,0,1,02,0,0,0,0,1,0,0,0,1,0,0,0,0,0,0,0,0,1
748,748,0,0,0c,00000,0,0,0,0,1,0,0,0,0,0,0fdbe,0,01,0,1f,4,1,0,0,0,1,02,0,0,0,0,1,0,0,0,1,0,0,0,0,0,0,0,0,1
749,749,0,0,0c,00000,0,0,0,0,1,0,0,0,0,0,0fdbf,0,01,0,1f,4,1,0,0,0,1,02,0,0,0,0,1,0,0,0,1,0,0,0,0,0,0,0,0,1
750,750,0,0,0c,00000,0,0,0,0,1,0,0,0,0,0,0fdc0,0,01,0,1f,4,1,0,0,0,1,02,0,0,0,0,1,0,0,0,1,0,0,0,0,0,0,0,0,1
751,751,0,0,0c,00000,0,0,0,0,1,0,0,0,0,0,0fdc1,0,01,0,1f,4,1,0,0,0,1,02,0,0,0,0,1,0,0,0,1,0,0,0,0,0,0,0,0,1
752,752,0,0,0c,00000,0,0,0,0,1,0,0,0,0,0,0fdc2,0,01,0,1f,4,1,0,0,0,1,02,0,0,0,0,1,0,0,0,1,0,0,0,0,0,0,0,0,1
753,753,0,0,0c,00000,0,0,0,0,1,0,0,0,0,0,0fdc3,0,01,0,1f,4,1,0,0,0,1,02,0,0,0,0,1,0,0,0,1,0,0,0,0,0,0,0,0,1
754,754,0,0,0c,00000,0,0,0,0,1,0,0,0,0,0,0fdc4,0,01,0,1f,4,1,0,0,0,1,02,0,0,0,0,1,0,0,0,1,0,0,0,0,0,0,0,0,1
755,755,0,0,0c,00000,0,0,0,0,1,0,0,0,0,0,0fdc5,0,01,0,1f,4,1,0,0,0,1,02,0,0,0,0,1,0,0,0,1,0,0,0,0,0,0,0,0,1
756,756,0,0,0c,00000,0,0,0,0,1,0,0,0,0,0,0fdc6,0,01,0,1f,4,1,0,0,0,1,02,0,0,0,0,1,0,0,0,1,0,0,0,0,0,0,0,0,1
757,757,0,0,0c,00000,0,0,0,0,1,0,0,0,0,0,0fdc7,0,01,0,1f,4,1,0,0,0,1,02,0,0,0,0,1,0,0,0,1,0,0,0,0,0,0,0,0,1
758,758,0,0,0c,00000,0,0,0,0,1,0,0,0,0,0,0fdc8,0,01,0,1f,4,1,0,0,0,1,02,0,0,0,0,1,0,0,0,1,0,0,0,0,0,0,0,0,1
759,759,0,0,0c,00000,0,0,0,0,1,0,0,0,0,0,0fdc9,0,01,0,1f,4,1,0,0,0,1,02,0,0,0,0,1,0,0,0,1,0,0,0,0,0,0,0,0,1
760,760,0,0,0c,00000,0,0,0,0,1,0,0,0,0,0,0fdca,0,01,0,1f,4,1,0,0,0,1,02,0,0,0,0,1,0,0,0,1,0,0,0,0,0,0,0,0,1
761,761,0,0,0c,00000,0,0,0,0,1,0,0,0,0,0,0fdcb,0,01,0,1f,4,1,0,0,0,1,02,0,0,0,0,1,0,0,0,1,0,0,0,0,0,0,0,0,1
762,762,0,0,0c,00000,0,0,0,0,1,0,0,0,0,0,0fdcc,0,01,0,1f,4,1,0,0,0,1,02,0,0,0,0,1,0,0,0,1,0,0,0,0,0,0,0,0,1
763,763,0,0,0c,00000,0,0,0,0,1,0,0,0,0,0,0fdcd,0,01,0,1f,4,1,0,0,0,1,02,0,0,0,0,1,0,0,0,1,0,0,0,0,0,0,0,0,1
764,764,0,0,0c,00000,0,0,0,0,1,0,0,0,0,0,0fdce,0,01,0,1f,4,1,0,0,0,1,02,0,0,0,0,1,0,0,0,1,0,0,0,0,0,0,0,0,1
765,765,0,0,0c,00000,0,0,0,0,1,0,0,0,0,0,0fdcf,0,01,0,1f,4,1,0,0,0,1,02,0,0,0,0,1,0,0,0,1,0,0,0,0,0,0,0,0,1
766,766,0,0,0c,00000,0,0,0,0,1,0,0,0,0,0,0fdd0,0,01,0,1f,4,1,0,0,0,1,02,0,0,0,0,1,0,0,0,1,0,0,0,0,0,0,0,0,1
767,767,0,0,0c,00000,0,0,0,0,1,0,0,0,0,0,0fdd1,0,01,0,1f,4,1,0,0,0,1,02,0,0,0,0,1,0,0,0,1,0,0,0,0,0,0,0,0,1
768,768,0,0,0c,00000,0,0,0,0,1,0,0,0,0,0,0fdd2,0,01,0,1f,4,1,0,0,0,1,02,0,0,0,0,1,0,0,0,1,0,0,0,0,0,0,0,0,1
769,769,0,0,0c,00000,0,0,0,0,1,0,0,0,0,0,0fdd3,0,01,0,1f,4,1,0,0,0,1,02,0,0,0,0,1,0,0,0,1,0,0,0,0,0,0,0,0,1
770,770,0,0,0c,00000,0,0,0,0,1,0,0,0,0,0,0fdd4,0,01,0,1f,4,1,0,0,0,1,02,0,0,0,0,1,0,0,0,1,0,0,0,0,0,0,0,0,1
771,771,0,0,0c,00000,0,0,0,0,1,0,0,0,0,0,0fdd5,0,01,0,1f,4,1,0,0,0,1,02,0,0,0,0,1,0,0,0,1,0,0,0,0,0,0,0,0,1
772,772,0,0,0c,00000,0,0,0,0,1,0,0,0,0,0,0fdd6,0,01,0,1f,4,1,0,0,0,1,02,0,0,0,0,1,0,0,0,1,0,0,0,0,0,0,0,0,1
773,773,0,0,0c,00000,0,0,0,0,1,0,0,0,0,0,0fdd7,0,01,0,1f,4,1,0,0,0,1,02,0,0,0,0,1,0,0,0,1,0,0,0,0,0,0,0,0,1
774,774,0,0,0c,00000,0,0,0,0,1,0,0,0,0,0,0fdd8,0,01,0,1f,4,1,0,0,0,1,02,0,0,0,0,1,0,0,0,1,0,0,0,0,0,0,0,0,1
775,775,0,0,0c,00000,0,0,0,0,1,0,0,0,0,0,0fdd9,0,01,0,1f,4,1,0,0,0,1,02,0,0,0,0,1,0,0,0,1,0,0,0,0,0,0,0,0,1
776,776,0,0,0c,00000,0,0,0,0,1,0,0,0,0,0,0fdda,0,01,0,1f,4,1,0,0,0,1,02,0,0,0,0,1,0,0,0,1,0,0,0,0,0,0,0,0,1
777,777,0,0,0c,00000,0,0,0,0,1,0,0,0,0,0,0fddb,0,01,0,1f,4,1,0,0,0,1,02,0,0,0,0,1,0,0,0,1,0,0,0,0,0,0,0,0,1
778,778,0,0,0c,00000,0,0,0,0,1,0,0,0,0,0,0fddc,0,01,0,1f,4,1,0,0,0,1,02,0,0,0,0,1,0,0,0,1,0,0,0,0,0,0,0,0,1
779,779,0,0,0c,00000,0,0,0,0,1,0,0,0,0,0,0fddd,0,01,0,1f,4,1,0,0,0,1,02,0,0,0,0,1,0,0,0,1,0,0,0,0,0,0,0,0,1
780,780,0,0,0c,00000,0,0,0,0,1,0,0,0,0,0,0fdde,0,01,0,1f,4,1,0,0,0,1,02,0,0,0,0,1,0,0,0,1,0,0,0,0,0,0,0,0,1
781,781,0,0,0c,00000,0,0,0,0,1,0,0,0,0,0,0fddf,0,01,0,1f,4,1,0,0,0,1,02,0,0,0,0,1,0,0,0,1,0,0,0,0,0,0,0,0,1
782,782,0,0,0c,00000,0,0,0,0,1,0,0,0,0,0,0fde0,0,01,0,1f,4,1,0,0,0,1,02,0,0,0,0,1,0,0,0,1,0,0,0,0,0,0,0,0,1
783,783,0,0,0c,00000,0,0,0,0,1,0,0,0,0,0,0fde1,0,01,0,1f,4,1,0,0,0,1,02,0,0,0,0,1,0,0,0,1,0,0,0,0,0,0,0,0,1
784,784,0,0,0c,00000,0,0,0,0,1,0,0,0,0,0,0fde2,0,01,0,1f,4,1,0,0,0,1,02,0,0,0,0,1,0,0,0,1,0,0,0,0,0,0,0,0,1
785,785,0,0,0c,00000,0,0,0,0,1,0,0,0,0,0,0fde3,0,01,0,1f,4,1,0,0,0,1,02,0,0,0,0,1,0,0,0,1,0,0,0,0,0,0,0,0,1
786,786,0,0,0c,00000,0,0,0,0,1,0,0,0,0,0,0fde4,0,01,0,1f,4,1,0,0,0,1,02,0,0,0,0,1,0,0,0,1,0,0,0,0,0,0,0,0,1
787,787,0,0,0c,00000,0,0,0,0,1,0,0,0,0,0,0fde5,0,01,0,1f,4,1,0,0,0,1,02,0,0,0,0,1,0,0,0,1,0,0,0,0,0,0,0,0,1
788,788,0,0,0c,00000,0,0,0,0,1,0,0,0,0,0,0fde6,0,01,0,1f,4,1,0,0,0,1,02,0,0,0,0,1,0,0,0,1,0,0,0,0,0,0,0,0,1
789,789,0,0,0c,00000,0,0,0,0,1,0,0,0,0,0,0fde7,0,01,0,1f,4,1,0,0,0,1,02,0,0,0,0,1,0,0,0,1,0,0,0,0,0,0,0,0,1
790,790,0,0,0c,00000,0,0,0,0,1,0,0,0,0,0,0fde8,0,01,0,1f,4,1,0,0,0,1,02,0,0,0,0,1,0,0,0,1,0,0,0,0,0,0,0,0,1
791,791,0,0,0c,00000,0,0,0,0,1,0,0,0,0,0,0fde9,0,01,0,1f,4,1,0,0,0,1,02,0,0,0,0,1,0,0,0,1,0,0,0,0,0,0,0,0,1
792,792,0,0,0c,00000,0,0,0,0,1,0,0,0,0,0,0fdea,0,01,0,1f,4,1,0,0,0,1,02,0,0,0,0,1,0,0,0,1,0,0,0,0,0,0,0,0,1
793,793,0,0,0c,00000,0,0,0,0,1,0,0,0,0,0,0fdeb,0,01,0,1f,4,1,0,0,0,1,02,0,0,0,0,1,0,0,0,1,0,0,0,0,0,0,0,0,1
794,794,0,0,0c,00000,0,0,0,0,1,0,0,0,0,0,0fdec,0,01,0,1f,4,1,0,0,0,1,02,0,0,0,0,1,0,0,0,1,0,0,0,0,0,0,0,0,1
795,795,0,0,0c,00000,0,0,0,0,1,0,0,0,0,0,0fded,0,01,0,1f,4,1,0,0,0,1,02,0,0,0,0,1,0,0,0,1,0,0,0,0,0,0,0,0,1
796,796,0,0,0c,00000,0,0,0,0,1,0,0,0,0,0,0fdee,0,01,0,1f,4,1,0,0,0,1,02,0,0,0,0,1,0,0,0,1,0,0,0,0,0,0,0,0,1
797,797,0,0,0c,00000,0,0,0,0,1,0,0,0,0,0,0fdef,0,01,0,1f,4,1,0,0,0,1,02,0,0,0,0,1,0,0,0,1,0,0,0,0,0,0,0,0,1
798,798,0,0,0c,00000,0,0,0,0,1,0,0,0,0,0,0fdf0,0,01,0,1f,4,1,0,0,0,1,02,0,0,0,0,1,0,0,0,1,0,0,0,0,0,0,0,0,1
799,799,0,0,0c,00000,0,0,0,0,1,0,0,0,0,0,0fdf1,0,01,0,1f,4,1,0,0,0,1,02,0,0,0,0,1,0,0,0,1,0,0,0,0,0,0,0,0,1
800,800,0,0,0c,00000,0,0,0,0,1,0,0,0,0,0,0fdf2,0,01,0,1f,4,1,0,0,0,1,02,0,0,0,0,1,0,0,0,1,0,0,0,0,0,0,0,0,1
801,801,0,0,0c,00000,0,0,0,0,1,0,0,0,0,0,0fdf3,0,01,0,1f,4,1,0,0,0,1,02,0,0,0,0,1,0,0,0,1,0,0,0,0,0,0,0,0,1
802,802,0,0,0c,00000,0,0,0,0,1,0,0,0,0,0,0fdf4,0,01,0,1f,4,1,0,0,0,1,02,0,0,0,0,1,0,0,0,1,0,0,0,0,0,0,0,0,1
803,803,0,0,0c,00000,0,0,0,0,1,0,0,0,0,0,0fdf5,0,01,0,1f,4,1,0,0,0,1,02,0,0,0,0,1,0,0,0,1,0,0,0,0,0,0,0,0,1
804,804,0,0,0c,00000,0,0,0,0,1,0,0,0,0,0,0fdf6,0,01,0,1f,4,1,0,0,0,1,02,0,0,0,0,1,0,0,0,1,0,0,0,0,0,0,0,0,1
805,805,0,0,0c,00000,0,0,0,0,1,0,0,0,0,0,0fdf7,0,01,0,1f,4,1,0,0,0,1,02,0,0,0,0,1,0,0,0,1,0,0,0,0,0,0,0,0,1
806,806,0,0,0c,00000,0,0,0,0,1,0,0,0,0,0,0fdf8,0,01,0,1f,4,1,0,0,0,1,02,0,0,0,0,1,0,0,0,1,0,0,0,0,0,0,0,0,1
807,807,0,0,0c,00000,0,0,0,0,1,0,0,0,0,0,0fdf9,0,01,0,1f,4,1,0,0,0,1,02,0,0,0,0,1,0,0,0,1,0,0,0,0,0,0,0,0,1
808,808,0,0,0c,00000,0,0,0,0,1,0,0,0,0,0,0fdfa,0,01,0,1f,4,1,0,0,0,1,02,0,0,0,0,1,0,0,0,1,0,0,0,0,0,0,0,0,1
809,809,0,0,0c,00000,0,0,0,0,1,0,0,0,0,0,0fdfb,0,01,0,1f,4,1,0,0,0,1,02,0,0,0,0,1,0,0,0,1,0,0,0,0,0,0,0,0,1
810,810,0,0,0c,00000,0,0,0,0,1,0,0,0,0,0,0fdfc,0,01,0,1f,4,1,0,0,0,1,02,0,0,0,0,1,0,0,0,1,0,0,0,0,0,0,0,0,1
811,811,0,0,0c,00000,0,0,0,0,1,0,0,0,0,0,0fdfd,0,01,0,1f,4,1,0,0,0,1,02,0,0,0,0,1,0,0,0,1,0,0,0,0,0,0,0,0,1
812,812,0,0,0c,00000,0,0,0,0,1,0,0,0,0,0,0fdfe,0,01,0,1f,4,1,0,0,0,1,02,0,0,0,0,1,0,0,0,1,0,0,0,0,0,0,0,0,1
813,813,0,0,0c,00000,0,0,0,0,1,0,0,0,0,0,0fdff,0,01,0,1f,4,1,0,0,0,1,02,0,0,0,0,1,0,0,0,1,0,0,0,0,0,0,0,0,1
814,814,0,0,0c,00000,0,0,0,0,1,0,0,0,0,0,0fe00,0,01,0,1f,4,1,0,0,0,1,02,0,0,0,0,1,0,0,0,1,0,0,0,0,0,0,0,0,1
815,815,0,0,0c,00000,0,0,0,0,1,0,0,0,0,0,0fe01,0,01,0,1f,4,1,0,0,0,1,02,0,0,0,0,1,0,0,0,1,0,0,0,0,0,0,0,0,1
816,816,0,0,0c,00000,0,0,0,0,1,0,0,0,0,0,0fe02,0,01,0,1f,4,1,0,0,0,1,02,0,0,0,0,1,0,0,0,1,0,0,0,0,0,0,0,0,1
817,817,0,0,0c,00000,0,0,0,0,1,0,0,0,0,0,0fe03,0,01,0,1f,4,1,0,0,0,1,02,0,0,0,0,1,0,0,0,1,0,0,0,0,0,0,0,0,1
818,818,0,0,0c,00000,0,0,0,0,1,0,0,0,0,0,0fe04,0,01,0,1f,4,1,0,0,0,1,02,0,0,0,0,1,0,0,0,1,0,0,0,0,0,0,0,0,1
819,819,0,0,0c,00000,0,0,0,0,1,0,0,0,0,0,0fe05,0,01,0,1f,4,1,0,0,0,1,02,0,0,0,0,1,0,0,0,1,0,0,0,0,0,0,0,0,1
820,820,0,0,0c,00000,0,0,0,0,1,0,0,0,0,0,0fe06,0,01,0,1f,4,1,0,0,0,1,02,0,0,0,0,1,0,0,0,1,0,0,0,0,0,0,0,0,1
821,821,0,0,0c,00000,0,0,0,0,1,0,0,0,0,0,0fe07,0,01,0,1f,4,1,0,0,0,1,02,0,0,0,0,1,0,0,0,1,0,0,0,0,0,0,0,0,1
822,822,0,0,0c,00000,0,0,0,0,1,0,0,0,0,0,0fe08,0,01,0,1f,4,1,0,0,0,1,02,0,0,0,0,1,0,0,0,1,0,0,0,0,0,0,0,0,1
823,823,0,0,0c,00000,0,0,0,0,1,0,0,0,0,0,0fe09,0,01,0,1f,4,1,0,0,0,1,02,0,0,0,0,1,0,0,0,1,0,0,0,0,0,0,0,0,1
824,824,0,0,0c,00000,0,0,0,0,1,0,0,0,0,0,0fe0a,0,01,0,1f,4,1,0,0,0,1,02,0,0,0,0,1,0,0,0,1,0,0,0,0,0,0,0,0,1
825,825,0,0,0c,00000,0,0,0,0,1,0,0,0,0,0,0fe0b,0,01,0,1f,4,1,0,0,0,1,02,0,0,0,0,1,0,0,0,1,0,0,0,0,0,0,0,0,1
826,826,0,0,0c,00000,0,0,0,0,1,0,0,0,0,0,0fe0c,0,01,0,1f,4,1,0,0,0,1,02,0,0,0,0,1,0,0,0,1,0,0,0,0,0,0,0,0,1
827,827,0,0,0c,00000,0,0,0,0,1,0,0,0,0,0,0fe0d,0,01,0,1f,4,1,0,0,0,1,02,0,0,0,0,1,0,0,0,1,0,0,0,0,0,0,0,0,1
828,828,0,0,0c,00000,0,0,0,0,1,0,0,0,0,0,0fe0e,0,01,0,1f,4,1,0,0,0,1,02,0,0,0,0,1,0,0,0,1,0,0,0,0,0,0,0,0,1
829,829,0,0,0c,00000,0,0,0,0,1,0,0,0,0,0,0fe0f,0,01,0,1f,4,1,0,0,0,1,02,0,0,0,0,1,0,0,0,1,0,0,0,0,0,0,0,0,1
830,830,0,0,0c,00000,0,0,0,0,1,0,0,0,0,0,0fe10,0,01,0,1f,4,1,0,0,0,1,02,0,0,0,0,1,0,0,0,1,0,0,0,0,0,0,0,0,1
831,831,0,0,0c,00000,0,0,0,0,1,0,0,0,0,0,0fe11,0,01,0,1f,4,1,0,0,0,1,02,0,0,0,0,1,0,0,0,1,0,0,0,0,0,0,0,0,1
832,832,0,0,0c,00000,0,0,0,0,1,0,0,0,0,0,0fe12,0,01,0,1f,4,1,0,0,0,1,02,0,0,0,0,1,0,0,0,1,0,0,0,0,0,0,0,0,1
833,833,0,0,0c,00000,0,0,0,0,1,0,0,0,0,0,0fe13,0,01,0,1f,4,1,0,0,0,1,02,0,0,0,0,1,0,0,0,1,0,0,0,0,0,0,0,0,1
834,834,0,0,0c,00000,0,0,0,0,1,0,0,0,0,0,0fe14,0,01,0,1f,4,1,0,0,0,1,02,0,0,0,0,1,0,0,0,1,0,0,0,0,0,0,0,0,1
835,835,0,0,0c,00000,0,0,0,0,1,0,0,0,0,0,0fe15,0,01,0,1f,4,1,0,0,0,1,02,0,0,0,0,1,0,0,0,1,0,0,0,0,0,0,0,0,1
836,836,0,0,0c,00000,0,0,0,0,1,0,0,0,0,0,0fe16,0,01,0,1f,4,1,0,0,0,1,02,0,0,0,0,1,0,0,0,1,0,0,0,0,0,0,0,0,1
837,837,0,0,0c,00000,0,0,0,0,1,0,0,0,0,0,0fe17,0,01,0,1f,4,1,0,0,0,1,02,0,0,0,0,1,0,0,0,1,0,0,0,0,0,0,0,0,1
838,838,0,0,0c,00000,0,0,0,0,1,0,0,0,0,0,0fe18,0,01,0,1f,4,1,0,0,0,1,02,0,0,0,0,1,0,0,0,1,0,0,0,0,0,0,0,0,1
839,839,0,0,0c,00000,0,0,0,0,1,0,0,0,0,0,0fe19,0,01,0,1f,4,1,0,0,0,1,02,0,0,0,0,1,0,0,0,1,0,0,0,0,0,0,0,0,1
840,840,0,0,0c,00000,0,0,0,0,1,0,0,0,0,0,0fe1a,0,01,0,1f,4,1,0,0,0,1,02,0,0,0,0,1,0,0,0,1,0,0,0,0,0,0,0,0,1
841,841,0,0,0c,00000,0,0,0,0,1,0,0,0,0,0,0fe1b,0,01,0,1f,4,1,0,0,0,1,02,0,0,0,0,1,0,0,0,1,0,0,0,0,0,0,0,0,1
842,842,0,0,0c,00000,0,0,0,0,1,0,0,0,0,0,0fe1c,0,01,0,1f,4,1,0,0,0,1,02,0,0,0,0,1,0,0,0,1,0,0,0,0,0,0,0,0,1
843,843,0,0,0c,00000,0,0,0,0,1,0,0,0,0,0,0fe1d,0,01,0,1f,4,1,0,0,0,1,02,0,0,0,0,1,0,0,0,1,0,0,0,0,0,0,0,0,1
844,844,0,0,0c,00000,0,0,0,0,1,0,0,0,0,0,0fe1e,0,01,0,1f,4,1,0,0,0,1,02,0,0,0,0,1,0,0,0,1,0,0,0,0,0,0,0,0,1
845,845,0,0,0c,00000,0,0,0,0,1,0,0,0,0,0,0fe1f,0,01,0,1f,4,1,0,0,0,1,02,0,0,0,0,1,0,0,0,1,0,0,0,0,0,0,0,0,1
846,846,0,0,0c,00000,0,0,0,0,1,0,0,0,0,0,0fe20,0,01,0,1f,4,1,0,0,0,1,02,0,0,0,0,1,0,0,0,1,0,0,0,0,0,0,0,0,1
847,847,0,0,0c,00000,0,0,0,0,1,0,0,0,0,0,0fe21,0,01,0,1f,4,1,0,0,0,1,02,0,0,0,0,1,0,0,0,1,0,0,0,0,0,0,0,0,1
848,848,0,0,0c,00000,0,0,0,0,1,0,0,0,0,0,0fe22,0,01,0,1f,4,1,0,0,0,1,02,0,0,0,0,1,0,0,0,1,0,0,0,0,0,0,0,0,1
849,849,0,0,0c,00000,0,0,0,0,1,0,0,0,0,0,0fe23,0,01,0,1f,4,1,0,0,0,1,02,0,0,0,0,1,0,0,0,1,0,0,0,0,0,0,0,0,1
850,850,0,0,0c,00000,0,0,0,0,1,0,0,0,0,0,0fe24,0,01,0,1f,4,1,0,0,0,1,02,0,0,0,0,1,0,0,0,1,0,0,0,0,0,0,0,0,1
851,851,0,0,0c,00000,0,0,0,0,1,0,0,0,0,0,0fe25,0,01,0,1f,4,1,0,0,0,1,02,0,0,0,0,1,0,0,0,1,0,0,0,0,0,0,0,0,1
852,852,0,0,0c,00000,0,0,0,0,1,0,0,0,0,0,0fe26,0,01,0,1f,4,1,0,0,0,1,02,0,0,0,0,1,0,0,0,1,0,0,0,0,0,0,0,0,1
853,853,0,0,0c,00000,0,0,0,0,1,0,0,0,0,0,0fe27,0,01,0,1f,4,1,0,0,0,1,02,0,0,0,0,1,0,0,0,1,0,0,0,0,0,0,0,0,1
854,854,0,0,0c,00000,0,0,0,0,1,0,0,0,0,0,0fe28,0,01,0,1f,4,1,0,0,0,1,02,0,0,0,0,1,0,0,0,1,0,0,0,0,0,0,0,0,1
855,855,0,0,0c,00000,0,0,0,0,1,0,0,0,0,0,0fe29,0,01,0,1f,4,1,0,0,0,1,02,0,0,0,0,1,0,0,0,1,0,0,0,0,0,0,0,0,1
856,856,0,0,0c,00000,0,0,0,0,1,0,0,0,0,0,0fe2a,0,01,0,1f,4,1,0,0,0,1,02,0,0,0,0,1,0,0,0,1,0,0,0,0,0,0,0,0,1
857,857,0,0,0c,00000,0,0,0,0,1,0,0,0,0,0,0fe2b,0,01,0,1f,4,1,0,0,0,1,02,0,0,0,0,1,0,0,0,1,0,0,0,0,0,0,0,0,1
858,858,0,0,0c,00000,0,0,0,0,1,0,0,0,0,0,0fe2c,0,01,0,1f,4,1,0,0,0,1,02,0,0,0,0,1,0,0,0,1,0,0,0,0,0,0,0,0,1
859,859,0,0,0c,00000,0,0,0,0,1,0,0,0,0,0,0fe2d,0,01,0,1f,4,1,0,0,0,1,02,0,0,0,0,1,0,0,0,1,0,0,0,0,0,0,0,0,1
860,860,0,0,0c,00000,0,0,0,0,1,0,0,0,0,0,0fe2e,0,01,0,1f,4,1,0,0,0,1,02,0,0,0,0,1,0,0,0,1,0,0,0,0,0,0,0,0,1
861,861,0,0,0c,00000,0,0,0,0,1,0,0,0,0,0,0fe2f,0,01,0,1f,4,1,0,0,0,1,02,0,0,0,0,1,0,0,0,1,0,0,0,0,0,0,0,0,1
862,862,0,0,0c,00000,0,0,0,0,1,0,0,0,0,0,0fe30,0,01,0,1f,4,1,0,0,0,1,02,0,0,0,0,1,0,0,0,1,0,0,0,0,0,0,0,0,1
863,863,0,0,0c,00000,0,0,0,0,1,0,0,0,0,0,0fe31,0,01,0,1f,4,1,0,0,0,1,02,0,0,0,0,1,0,0,0,1,0,0,0,0,0,0,0,0,1
864,864,0,0,0c,00000,0,0,0,0,1,0,0,0,0,0,0fe32,0,01,0,1f,4,1,0,0,0,1,02,0,0,0,0,1,0,0,0,1,0,0,0,0,0,0,0,0,1
865,865,0,0,0c,00000,0,0,0,0,1,0,0,0,0,0,0fe33,0,01,0,1f,4,1,0,0,0,1,02,0,0,0,0,1,0,0,0,1,0,0,0,0,0,0,0,0,1
866,866,0,0,0c,00000,0,0,0,0,1,0,0,0,0,0,0fe34,0,01,0,1f,4,1,0,0,0,1,02,0,0,0,0,1,0,0,0,1,0,0,0,0,0,0,0,0,1
867,867,0,0,0c,00000,0,0,0,0,1,0,0,0,0,0,0fe35,0,01,0,1f,4,1,0,0,0,1,02,0,0,0,0,1,0,0,0,1,0,0,0,0,0,0,0,0,1
868,868,0,0,0c,00000,0,0,0,0,1,0,0,0,0,0,0fe36,0,01,0,1f,4,1,0,0,0,1,02,0,0,0,0,1,0,0,0,1,0,0,0,0,0,0,0,0,1
869,869,0,0,0c,00000,0,0,0,0,1,0,0,0,0,0,0fe37,0,01,0,1f,4,1,0,0,0,1,02,0,0,0,0,1,0,0,0,1,0,0,0,0,0,0,0,0,1
870,870,0,0,0c,00000,0,0,0,0,1,0,0,0,0,0,0fe38,0,01,0,1f,4,1,0,0,0,1,02,0,0,0,0,1,0,0,0,1,0,0,0,0,0,0,0,0,1
871,871,0,0,0c,00000,0,0,0,0,1,0,0,0,0,0,0fe39,0,01,0,1f,4,1,0,0,0,1,02,0,0,0,0,1,0,0,0,1,0,0,0,0,0,0,0,0,1
872,872,0,0,0c,00000,0,0,0,0,1,0,0,0,0,0,0fe3a,0,01,0,1f,4,1,0,0,0,1,02,0,0,0,0,1,0,0,0,1,0,0,0,0,0,0,0,0,1
873,873,0,0,0c,00000,0,0,0,0,1,0,0,0,0,0,0fe3b,0,01,0,1f,4,1,0,0,0,1,02,0,0,0,0,1,0,0,0,1,0,0,0,0,0,0,0,0,1
874,874,0,0,0c,00000,0,0,0,0,1,0,0,0,0,0,0fe3c,0,01,0,1f,4,1,0,0,0,1,02,0,0,0,0,1,0,0,0,1,0,0,0,0,0,0,0,0,1
875,875,0,0,0c,00000,0,0,0,0,1,0,0,0,0,0,0fe3d,0,01,0,1f,4,1,0,0,0,1,02,0,0,0,0,1,0,0,0,1,0,0,0,0,0,0,0,0,1
876,876,0,0,0c,00000,0,0,0,0,1,0,0,0,0,0,0fe3e,0,01,0,1f,4,1,0,0,0,1,02,0,0,0,0,1,0,0,0,1,0,0,0,0,0,0,0,0,1
877,877,0,0,0c,00000,0,0,0,0,1,0,0,0,0,0,0fe3f,0,01,0,1f,4,1,0,0,0,1,02,0,0,0,0,1,0,0,0,1,0,0,0,0,0,0,0,0,1
878,878,0,0,0c,00000,0,0,0,0,1,0,0,0,0,0,0fe40,0,01,0,1f,4,1,0,0,0,1,02,0,0,0,0,1,0,0,0,1,0,0,0,0,0,0,0,0,1
879,879,0,0,0c,00000,0,0,0,0,1,0,0,0,0,0,0fe41,0,01,0,1f,4,1,0,0,0,1,02,0,0,0,0,1,0,0,0,1,0,0,0,0,0,0,0,0,1
880,880,0,0,0c,00000,0,0,0,0,1,0,0,0,0,0,0fe42,0,01,0,1f,4,1,0,0,0,1,02,0,0,0,0,1,0,0,0,1,0,0,0,0,0,0,0,0,1
881,881,0,0,0c,00000,0,0,0,0,1,0,0,0,0,0,0fe43,0,01,0,1f,4,1,0,0,0,1,02,0,0,0,0,1,0,0,0,1,0,0,0,0,0,0,0,0,1
882,882,0,0,0c,00000,0,0,0,0,1,0,0,0,0,0,0fe44,0,01,0,1f,4,1,0,0,0,1,02,0,0,0,0,1,0,0,0,1,0,0,0,0,0,0,0,0,1
883,883,0,0,0c,00000,0,0,0,0,1,0,0,0,0,0,0fe45,0,01,0,1f,4,1,0,0,0,1,02,0,0,0,0,1,0,0,0,1,0,0,0,0,0,0,0,0,1
884,884,0,0,0c,00000,0,0,0,0,1,0,0,0,0,0,0fe46,0,01,0,1f,4,1,0,0,0,1,02,0,0,0,0,1,0,0,0,1,0,0,0,0,0,0,0,0,1
885,885,0,0,0c,00000,0,0,0,0,1,0,0,0,0,0,0fe47,0,01,0,1f,4,1,0,0,0,1,02,0,0,0,0,1,0,0,0,1,0,0,0,0,0,0,0,0,1
886,886,0,0,0c,00000,0,0,0,0,1,0,0,0,0,0,0fe48,0,01,0,1f,4,1,0,0,0,1,02,0,0,0,0,1,0,0,0,1,0,0,0,0,0,0,0,0,1
887,887,0,0,0c,00000,0,0,0,0,1,0,0,0,0,0,0fe49,0,01,0,1f,4,1,0,0,0,1,02,0,0,0,0,1,0,0,0,1,0,0,0,0,0,0,0,0,1
888,888,0,0,0c,00000,0,0,0,0,1,0,0,0,0,0,0fe4a,0,01,0,1f,4,1,0,0,0,1,02,0,0,0,0,1,0,0,0,1,0,0,0,0,0,0,0,0,1
889,889,0,0,0c,00000,0,0,0,0,1,0,0,0,0,0,0fe4b,0,01,0,1f,4,1,0,0,0,1,02,0,0,0,0,1,0,0,0,1,0,0,0,0,0,0,0,0,1
890,890,0,0,0c,00000,0,0,0,0,1,0,0,0,0,0,0fe4c,0,01,0,1f,4,1,0,0,0,1,02,0,0,0,0,1,0,0,0,1,0,0,0,0,0,0,0,0,1
891,891,0,0,0c,00000,0,0,0,0,1,0,0,0,0,0,0fe4d,0,01,0,1f,4,1,0,0,0,1,02,0,0,0,0,1,0,0,0,1,0,0,0,0,0,0,0,0,1
892,892,0,0,0c,00000,0,0,0,0,1,0,0,0,0,0,0fe4e,0,01,0,1f,4,1,0,0,0,1,02,0,0,0,0,1,0,0,0,1,0,0,0,0,0,0,0,0,1
893,893,0,0,0c,00000,0,0,0,0,1,0,0,0,0,0,0fe4f,0,01,0,1f,4,1,0,0,0,1,02,0,0,0,0,1,0,0,0,1,0,0,0,0,0,0,0,0,1
894,894,0,0,0c,00000,0,0,0,0,1,0,0,0,0,0,0fe50,0,01,0,1f,4,1,0,0,0,1,02,0,0,0,0,1,0,0,0,1,0,0,0,0,0,0,0,0,1
895,895,0,0,0c,00000,0,0,0,0,1,0,0,0,0,0,0fe51,0,01,0,1f,4,1,0,0,0,1,02,0,0,0,0,1,0,0,0,1,0,0,0,0,0,0,0,0,1
896,896,0,0,0c,00000,0,0,0,0,1,0,0,0,0,0,0fe52,0,01,0,1f,4,1,0,0,0,1,02,0,0,0,0,1,0,0,0,1,0,0,0,0,0,0,0,0,1
897,897,0,0,0c,00000,0,0,0,0,1,0,0,0,0,0,0fe53,0,01,0,1f,4,1,0,0,0,1,02,0,0,0,0,1,0,0,0,1,0,0,0,0,0,0,0,0,1
898,898,0,0,0c,00000,0,0,0,0,1,0,0,0,0,0,0fe54,0,01,0,1f,4,1,0,0,0,1,02,0,0,0,0,1,0,0,0,1,0,0,0,0,0,0,0,0,1
899,899,0,0,0c,00000,0,0,0,0,1,0,0,0,0,0,0fe55,0,01,0,1f,4,1,0,0,0,1,02,0,0,0,0,1,0,0,0,1,0,0,0,0,0,0,0,0,1
900,900,0,0,0c,00000,0,0,0,0,1,0,0,0,0,0,0fe56,0,01,0,1f,4,1,0,0,0,1,02,0,0,0,0,1,0,0,0,1,0,0,0,0,0,0,0,0,1
901,901,0,0,0c,00000,0,0,0,0,1,0,0,0,0,0,0fe57,0,01,0,1f,4,1,0,0,0,1,02,0,0,0,0,1,0,0,0,1,0,0,0,0,0,0,0,0,1
902,902,0,0,0c,00000,0,0,0,0,1,0,0,0,0,0,0fe58,0,01,0,1f,4,1,0,0,0,1,02,0,0,0,0,1,0,0,0,1,0,0,0,0,0,0,0,0,1
903,903,0,0,0c,00000,0,0,0,0,1,0,0,0,0,0,0fe59,0,01,0,1f,4,1,0,0,0,1,02,0,0,0,0,1,0,0,0,1,0,0,0,0,0,0,0,0,1
904,904,0,0,0c,00000,0,0,0,0,1,0,0,0,0,0,0fe5a,0,01,0,1f,4,1,0,0,0,1,02,0,0,0,0,1,0,0,0,1,0,0,0,0,0,0,0,0,1
905,905,0,0,0c,00000,0,0,0,0,1,0,0,0,0,0,0fe5b,0,01,0,1f,4,1,0,0,0,1,02,0,0,0,0,1,0,0,0,1,0,0,0,0,0,0,0,0,1
906,906,0,0,0c,00000,0,0,0,0,1,0,0,0,0,0,0fe5c,0,01,0,1f,4,1,0,0,0,1,02,0,0,0,0,1,0,0,0,1,0,0,0,0,0,0,0,0,1
907,907,0,0,0c,00000,0,0,0,0,1,0,0,0,0,0,0fe5d,0,01,0,1f,4,1,0,0,0,1,02,0,0,0,0,1,0,0,0,1,0,0,0,0,0,0,0,0,1
908,908,0,0,0c,00000,0,0,0,0,1,0,0,0,0,0,0fe5e,0,01,0,1f,4,1,0,0,0,1,02,0,0,0,0,1,0,0,0,1,0,0,0,0,0,0,0,0,1
909,909,0,0,0c,00000,0,0,0,0,1,0,0,0,0,0,0fe5f,0,01,0,1f,4,1,0,0,0,1,02,0,0,0,0,1,0,0,0,1,0,0,0,0,0,0,0,0,1
910,910,0,0,0c,00000,0,0,0,0,1,0,0,0,0,0,0fe60,0,01,0,1f,4,1,0,0,0,1,02,0,0,0,0,1,0,0,0,1,0,0,0,0,0,0,0,0,1
911,911,0,0,0c,00000,0,0,0,0,1,0,0,0,0,0,0fe61,0,01,0,1f,4,1,0,0,0,1,02,0,0,0,0,1,0,0,0,1,0,0,0,0,0,0,0,0,1
912,912,0,0,0c,00000,0,0,0,0,1,0,0,0,0,0,0fe62,0,01,0,1f,4,1,0,0,0,1,02,0,0,0,0,1,0,0,0,1,0,0,0,0,0,0,0,0,1
913,913,0,0,0c,00000,0,0,0,0,1,0,0,0,0,0,0fe63,0,01,0,1f,4,1,0,0,0,1,02,0,0,0,0,1,0,0,0,1,0,0,0,0,0,0,0,0,1
914,914,0,0,0c,00000,0,0,0,0,1,0,0,0,0,0,0fe64,0,01,0,1f,4,1,0,0,0,1,02,0,0,0,0,1,0,0,0,1,0,0,0,0,0,0,0,0,1
915,915,0,0,0c,00000,0,0,0,0,1,0,0,0,0,0,0fe65,0,01,0,1f,4,1,0,0,0,1,02,0,0,0,0,1,0,0,0,1,0,0,0,0,0,0,0,0,1
916,916,0,0,0c,00000,0,0,0,0,1,0,0,0,0,0,0fe66,0,01,0,1f,4,1,0,0,0,1,02,0,0,0,0,1,0,0,0,1,0,0,0,0,0,0,0,0,1
917,917,0,0,0c,00000,0,0,0,0,1,0,0,0,0,0,0fe67,0,01,0,1f,4,1,0,0,0,1,02,0,0,0,0,1,0,0,0,1,0,0,0,0,0,0,0,0,1
918,918,0,0,0c,00000,0,0,0,0,1,0,0,0,0,0,0fe68,0,01,0,1f,4,1,0,0,0,1,02,0,0,0,0,1,0,0,0,1,0,0,0,0,0,0,0,0,1
919,919,0,0,0c,00000,0,0,0,0,1,0,0,0,0,0,0fe69,0,01,0,1f,4,1,0,0,0,1,02,0,0,0,0,1,0,0,0,1,0,0,0,0,0,0,0,0,1
920,920,0,0,0c,00000,0,0,0,0,1,0,0,0,0,0,0fe6a,0,01,0,1f,4,1,0,0,0,1,02,0,0,0,0,1,0,0,0,1,0,0,0,0,0,0,0,0,1
921,921,0,0,0c,00000,0,0,0,0,1,0,0,0,0,0,0fe6b,0,01,0,1f,4,1,0,0,0,1,02,0,0,0,0,1,0,0,0,1,0,0,0,0,0,0,0,0,1
922,922,0,0,0c,00000,0,0,0,0,1,0,0,0,0,0,0fe6c,0,01,0,1f,4,1,0,0,0,1,02,0,0,0,0,1,0,0,0,1,0,0,0,0,0,0,0,0,1
923,923,0,0,0c,00000,0,0,0,0,1,0,0,0,0,0,0fe6d,0,01,0,1f,4,1,0,0,0,1,02,0,0,0,0,1,0,0,0,1,0,0,0,0,0,0,0,0,1
924,924,0,0,0c,00000,0,0,0,0,1,0,0,0,0,0,0fe6e,0,01,0,1f,4,1,0,0,0,1,02,0,0,0,0,1,0,0,0,1,0,0,0,0,0,0,0,0,1
925,925,0,0,0c,00000,0,0,0,0,1,0,0,0,0,0,0fe6f,0,01,0,1f,4,1,0,0,0,1,02,0,0,0,0,1,0,0,0,1,0,0,0,0,0,0,0,0,1
926,926,0,0,0c,00000,0,0,0,0,1,0,0,0,0,0,0fe70,0,01,0,1f,4,1,0,0,0,1,02,0,0,0,0,1,0,0,0,1,0,0,0,0,0,0,0,0,1
927,927,0,0,0c,00000,0,0,0,0,1,0,0,0,0,0,0fe71,0,01,0,1f,4,1,0,0,0,1,02,0,0,0,0,1,0,0,0,1,0,0,0,0,0,0,0,0,1
928,928,0,0,0c,00000,0,0,0,0,1,0,0,0,0,0,0fe72,0,01,0,1f,4,1,0,0,0,1,02,0,0,0,0,1,0,0,0,1,0,0,0,0,0,0,0,0,1
929,929,0,0,0c,00000,0,0,0,0,1,0,0,0,0,0,0fe73,0,01,0,1f,4,1,0,0,0,1,02,0,0,0,0,1,0,0,0,1,0,0,0,0,0,0,0,0,1
930,930,0,0,0c,00000,0,0,0,0,1,0,0,0,0,0,0fe74,0,01,0,1f,4,1,0,0,0,1,02,0,0,0,0,1,0,0,0,1,0,0,0,0,0,0,0,0,1
931,931,0,0,0c,00000,0,0,0,0,1,0,0,0,0,0,0fe75,0,01,0,1f,4,1,0,0,0,1,02,0,0,0,0,1,0,0,0,1,0,0,0,0,0,0,0,0,1
932,932,0,0,0c,00000,0,0,0,0,1,0,0,0,0,0,0fe76,0,01,0,1f,4,1,0,0,0,1,02,0,0,0,0,1,0,0,0,1,0,0,0,0,0,0,0,0,1
933,933,0,0,0c,00000,0,0,0,0,1,0,0,0,0,0,0fe77,0,01,0,1f,4,1,0,0,0,1,02,0,0,0,0,1,0,0,0,1,0,0,0,0,0,0,0,0,1
934,934,0,0,0c,00000,0,0,0,0,1,0,0,0,0,0,0fe78,0,01,0,1f,4,1,0,0,0,1,02,0,0,0,0,1,0,0,0,1,0,0,0,0,0,0,0,0,1
935,935,0,0,0c,00000,0,0,0,0,1,0,0,0,0,0,0fe79,0,01,0,1f,4,1,0,0,0,1,02,0,0,0,0,1,0,0,0,1,0,0,0,0,0,0,0,0,1
936,936,0,0,0c,00000,0,0,0,0,1,0,0,0,0,0,0fe7a,0,01,0,1f,4,1,0,0,0,1,02,0,0,0,0,1,0,0,0,1,0,0,0,0,0,0,0,0,1
937,937,0,0,0c,00000,0,0,0,0,1,0,0,0,0,0,0fe7b,0,01,0,1f,4,1,0,0,0,1,02,0,0,0,0,1,0,0,0,1,0,0,0,0,0,0,0,0,1
938,938,0,0,0c,00000,0,0,0,0,1,0,0,0,0,0,0fe7c,0,01,0,1f,4,1,0,0,0,1,02,0,0,0,0,1,0,0,0,1,0,0,0,0,0,0,0,0,1
939,939,0,0,0c,00000,0,0,0,0,1,0,0,0,0,0,0fe7d,0,01,0,1f,4,1,0,0,0,1,02,0,0,0,0,1,0,0,0,1,0,0,0,0,0,0,0,0,1
940,940,0,0,0c,00000,0,0,0,0,1,0,0,0,0,0,0fe7e,0,01,0,1f,4,1,0,0,0,1,02,0,0,0,0,1,0,0,0,1,0,0,0,0,0,0,0,0,1
941,941,0,0,0c,00000,0,0,0,0,1,0,0,0,0,0,0fe7f,0,01,0,1f,4,1,0,0,0,1,02,0,0,0,0,1,0,0,0,1,0,0,0,0,0,0,0,0,1
942,942,0,0,0c,00000,0,0,0,0,1,0,0,0,0,0,0fe80,0,01,0,1f,4,1,0,0,0,1,02,0,0,0,0,1,0,0,0,1,0,0,0,0,0,0,0,0,1
943,943,0,0,0c,00000,0,0,0,0,1,0,0,0,0,0,0fe81,0,01,0,1f,4,1,0,0,0,1,02,0,0,0,0,1,0,0,0,1,0,0,0,0,0,0,0,0,1
944,944,0,0,0c,00000,0,0,0,0,1,0,0,0,0,0,0fe82,0,01,0,1f,4,1,0,0,0,1,02,0,0,0,0,1,0,0,0,1,0,0,0,0,0,0,0,0,1
945,945,0,0,0c,00000,0,0,0,0,1,0,0,0,0,0,0fe83,0,01,0,1f,4,1,0,0,0,1,02,0,0,0,0,1,0,0,0,1,0,0,0,0,0,0,0,0,1
946,946,0,0,0c,00000,0,0,0,0,1,0,0,0,0,0,0fe84,0,01,0,1f,4,1,0,0,0,1,02,0,0,0,0,1,0,0,0,1,0,0,0,0,0,0,0,0,1
947,947,0,0,0c,00000,0,0,0,0,1,0,0,0,0,0,0fe85,0,01,0,1f,4,1,0,0,0,1,02,0,0,0,0,1,0,0,0,1,0,0,0,0,0,0,0,0,1
948,948,0,0,0c,00000,0,0,0,0,1,0,0,0,0,0,0fe86,0,01,0,1f,4,1,0,0,0,1,02,0,0,0,0,1,0,0,0,1,0,0,0,0,0,0,0,0,1
949,949,0,0,0c,00000,0,0,0,0,1,0,0,0,0,0,0fe87,0,01,0,1f,4,1,0,0,0,1,02,0,0,0,0,1,0,0,0,1,0,0,0,0,0,0,0,0,1
950,950,0,0,0c,00000,0,0,0,0,1,0,0,0,0,0,0fe88,0,01,0,1f,4,1,0,0,0,1,02,0,0,0,0,1,0,0,0,1,0,0,0,0,0,0,0,0,1
951,951,0,0,0c,00000,0,0,0,0,1,0,0,0,0,0,0fe89,0,01,0,1f,4,1,0,0,0,1,02,0,0,0,0,1,0,0,0,1,0,0,0,0,0,0,0,0,1
952,952,0,0,0c,00000,0,0,0,0,1,0,0,0,0,0,0fe8a,0,01,0,1f,4,1,0,0,0,1,02,0,0,0,0,1,0,0,0,1,0,0,0,0,0,0,0,0,1
953,953,0,0,0c,00000,0,0,0,0,1,0,0,0,0,0,0fe8b,0,01,0,1f,4,1,0,0,0,1,02,0,0,0,0,1,0,0,0,1,0,0,0,0,0,0,0,0,1
954,954,0,0,0c,00000,0,0,0,0,1,0,0,0,0,0,0fe8c,0,01,0,1f,4,1,0,0,0,1,02,0,0,0,0,1,0,0,0,1,0,0,0,0,0,0,0,0,1
955,955,0,0,0c,00000,0,0,0,0,1,0,0,0,0,0,0fe8d,0,01,0,1f,4,1,0,0,0,1,02,0,0,0,0,1,0,0,0,1,0,0,0,0,0,0,0,0,1
956,956,0,0,0c,00000,0,0,0,0,1,0,0,0,0,0,0fe8e,0,01,0,1f,4,1,0,0,0,1,02,0,0,0,0,1,0,0,0,1,0,0,0,0,0,0,0,0,1
957,957,0,0,0c,00000,0,0,0,0,1,0,0,0,0,0,0fe8f,0,01,0,1f,4,1,0,0,0,1,02,0,0,0,0,1,0,0,0,1,0,0,0,0,0,0,0,0,1
958,958,0,0,0c,00000,0,0,0,0,1,0,0,0,0,0,0fe90,0,01,0,1f,4,1,0,0,0,1,02,0,0,0,0,1,0,0,0,1,0,0,0,0,0,0,0,0,1
959,959,0,0,0c,00000,0,0,0,0,1,0,0,0,0,0,0fe91,0,01,0,1f,4,1,0,0,0,1,02,0,0,0,0,1,0,0,0,1,0,0,0,0,0,0,0,0,1
960,960,0,0,0c,00000,0,0,0,0,1,0,0,0,0,0,0fe92,0,01,0,1f,4,1,0,0,0,1,02,0,0,0,0,1,0,0,0,1,0,0,0,0,0,0,0,0,1
961,961,0,0,0c,00000,0,0,0,0,1,0,0,0,0,0,0fe93,0,01,0,1f,4,1,0,0,0,1,02,0,0,0,0,1,0,0,0,1,0,0,0,0,0,0,0,0,1
962,962,0,0,0c,00000,0,0,0,0,1,0,0,0,0,0,0fe94,0,01,0,1f,4,1,0,0,0,1,02,0,0,0,0,1,0,0,0,1,0,0,0,0,0,0,0,0,1
963,963,0,0,0c,00000,0,0,0,0,1,0,0,0,0,0,0fe95,0,01,0,1f,4,1,0,0,0,1,02,0,0,0,0,1,0,0,0,1,0,0,0,0,0,0,0,0,1
964,964,0,0,0c,00000,0,0,0,0,1,0,0,0,0,0,0fe96,0,01,0,1f,4,1,0,0,0,1,02,0,0,0,0,1,0,0,0,1,0,0,0,0,0,0,0,0,1
965,965,0,0,0c,00000,0,0,0,0,1,0,0,0,0,0,0fe97,0,01,0,1f,4,1,0,0,0,1,02,0,0,0,0,1,0,0,0,1,0,0,0,0,0,0,0,0,1
966,966,0,0,0c,00000,0,0,0,0,1,0,0,0,0,0,0fe98,0,01,0,1f,4,1,0,0,0,1,02,0,0,0,0,1,0,0,0,1,0,0,0,0,0,0,0,0,1
967,967,0,0,0c,00000,0,0,0,0,1,0,0,0,0,0,0fe99,0,01,0,1f,4,1,0,0,0,1,02,0,0,0,0,1,0,0,0,1,0,0,0,0,0,0,0,0,1
968,968,0,0,0c,00000,0,0,0,0,1,0,0,0,0,0,0fe9a,0,01,0,1f,4,1,0,0,0,1,02,0,0,0,0,1,0,0,0,1,0,0,0,0,0,0,0,0,1
969,969,0,0,0c,00000,0,0,0,0,1,0,0,0,0,0,0fe9b,0,01,0,1f,4,1,0,0,0,1,02,0,0,0,0,1,0,0,0,1,0,0,0,0,0,0,0,0,1
970,970,0,0,0c,00000,0,0,0,0,1,0,0,0,0,0,0fe9c,0,01,0,1f,4,1,0,0,0,1,02,0,0,0,0,1,0,0,0,1,0,0,0,0,0,0,0,0,1
971,971,0,0,0c,00000,0,0,0,0,1,0,0,0,0,0,0fe9d,0,01,0,1f,4,1,0,0,0,1,02,0,0,0,0,1,0,0,0,1,0,0,0,0,0,0,0,0,1
972,972,0,0,0c,00000,0,0,0,0,1,0,0,0,0,0,0fe9e,0,01,0,1f,4,1,0,0,0,1,02,0,0,0,0,1,0,0,0,1,0,0,0,0,0,0,0,0,1
973,973,0,0,0c,00000,0,0,0,0,1,0,0,0,0,0,0fe9f,0,01,0,1f,4,1,0,0,0,1,02,0,0,0,0,1,0,0,0,1,0,0,0,0,0,0,0,0,1
974,974,0,0,0c,00000,0,0,0,0,1,0,0,0,0,0,0fea0,0,01,0,1f,4,1,0,0,0,1,02,0,0,0,0,1,0,0,0,1,0,0,0,0,0,0,0,0,1
975,975,0,0,0c,00000,0,0,0,0,1,0,0,0,0,0,0fea1,0,01,0,1f,4,1,0,0,0,1,02,0,0,0,0,1,0,0,0,1,0,0,0,0,0,0,0,0,1
976,976,0,0,0c,00000,0,0,0,0,1,0,0,0,0,0,0fea2,0,01,0,1f,4,1,0,0,0,1,02,0,0,0,0,1,0,0,0,1,0,0,0,0,0,0,0,0,1
977,977,0,0,0c,00000,0,0,0,0,1,0,0,0,0,0,0fea3,0,01,0,1f,4,1,0,0,0,1,02,0,0,0,0,1,0,0,0,1,0,0,0,0,0,0,0,0,1
978,978,0,0,0c,00000,0,0,0,0,1,0,0,0,0,0,0fea4,0,01,0,1f,4,1,0,0,0,1,02,0,0,0,0,1,0,0,0,1,0,0,0,0,0,0,0,0,1
979,979,0,0,0c,00000,0,0,0,0,1,0,0,0,0,0,0fea5,0,01,0,1f,4,1,0,0,0,1,02,0,0,0,0,1,0,0,0,1,0,0,0,0,0,0,0,0,1
980,980,0,0,0c,00000,0,0,0,0,1,0,0,0,0,0,0fea6,0,01,0,1f,4,1,0,0,0,1,02,0,0,0,0,1,0,0,0,1,0,0,0,0,0,0,0,0,1
981,981,0,0,0c,00000,0,0,0,0,1,0,0,0,0,0,0fea7,0,01,0,1f,4,1,0,0,0,1,02,0,0,0,0,1,0,0,0,1,0,0,0,0,0,0,0,0,1
982,982,0,0,0c,00000,0,0,0,0,1,0,0,0,0,0,0fea8,0,01,0,1f,4,1,0,0,0,1,02,0,0,0,0,1,0,0,0,1,0,0,0,0,0,0,0,0,1
983,983,0,0,0c,00000,0,0,0,0,1,0,0,0,0,0,0fea9,0,01,0,1f,4,1,0,0,0,1,02,0,0,0,0,1,0,0,0,1,0,0,0,0,0,0,0,0,1
984,984,0,0,0c,00000,0,0,0,0,1,0,0,0,0,0,0feaa,0,01,0,1f,4,1,0,0,0,1,02,0,0,0,0,1,0,0,0,1,0,0,0,0,0,0,0,0,1
985,985,0,0,0c,00000,0,0,0,0,1,0,0,0,0,0,0feab,0,01,0,1f,4,1,0,0,0,1,02,0,0,0,0,1,0,0,0,1,0,0,0,0,0,0,0,0,1
986,986,0,0,0c,00000,0,0,0,0,1,0,0,0,0,0,0feac,0,01,0,1f,4,1,0,0,0,1,02,0,0,0,0,1,0,0,0,1,0,0,0,0,0,0,0,0,1
987,987,0,0,0c,00000,0,0,0,0,1,0,0,0,0,0,0fead,0,01,0,1f,4,1,0,0,0,1,02,0,0,0,0,1,0,0,0,1,0,0,0,0,0,0,0,0,1
988,988,0,0,0c,00000,0,0,0,0,1,0,0,0,0,0,0feae,0,01,0,1f,4,1,0,0,0,1,02,0,0,0,0,1,0,0,0,1,0,0,0,0,0,0,0,0,1
989,989,0,0,0c,00000,0,0,0,0,1,0,0,0,0,0,0feaf,0,01,0,1f,4,1,0,0,0,1,02,0,0,0,0,1,0,0,0,1,0,0,0,0,0,0,0,0,1
990,990,0,0,0c,00000,0,0,0,0,1,0,0,0,0,0,0feb0,0,01,0,1f,4,1,0,0,0,1,02,0,0,0,0,1,0,0,0,1,0,0,0,0,0,0,0,0,1
991,991,0,0,0c,00000,0,0,0,0,1,0,0,0,0,0,0feb1,0,01,0,1f,4,1,0,0,0,1,02,0,0,0,0,1,0,0,0,1,0,0,0,0,0,0,0,0,1
992,992,0,0,0c,00000,0,0,0,0,1,0,0,0,0,0,0feb2,0,01,0,1f,4,1,0,0,0,1,02,0,0,0,0,1,0,0,0,1,0,0,0,0,0,0,0,0,1
993,993,0,0,0c,00000,0,0,0,0,1,0,0,0,0,0,0feb3,0,01,0,1f,4,1,0,0,0,1,02,0,0,0,0,1,0,0,0,1,0,0,0,0,0,0,0,0,1
994,994,0,0,0c,00000,0,0,0,0,1,0,0,0,0,0,0feb4,0,01,0,1f,4,1,0,0,0,1,02,0,0,0,0,1,0,0,0,1,0,0,0,0,0,0,0,0,1
995,995,0,0,0c,00000,0,0,0,0,1,0,0,0,0,0,0feb5,0,01,0,1f,4,1,0,0,0,1,02,0,0,0,0,1,0,0,0,1,0,0,0,0,0,0,0,0,1
996,996,0,0,0c,00000,0,0,0,0,1,0,0,0,0,0,0feb6,0,01,0,1f,4,1,0,0,0,1,02,0,0,0,0,1,0,0,0,1,0,0,0,0,0,0,0,0,1
997,997,0,0,0c,00000,0,0,0,0,1,0,0,0,0,0,0feb7,0,01,0,1f,4,1,0,0,0,1,02,0,0,0,0,1,0,0,0,1,0,0,0,0,0,0,0,0,1
998,998,0,0,0c,00000,0,0,0,0,1,0,0,0,0,0,0feb8,0,01,0,1f,4,1,0,0,0,1,02,0,0,0,0,1,0,0,0,1,0,0,0,0,0,0,0,0,1
999,999,0,0,0c,00000,0,0,0,0,1,0,0,0,0,0,0feb9,0,01,0,1f,4,1,0,0,0,1,02,0,0,0,0,1,0,0,0,1,0,0,0,0,0,0,0,0,1
1000,1000,0,0,0c,00000,0,0,0,0,1,0,0,0,0,0,0feba,0,01,0,1f,4,1,0,0,0,1,02,0,0,0,0,1,0,0,0,1,0,0,0,0,0,0,0,0,1
1001,1001,0,0,0c,00000,0,0,0,0,1,0,0,0,0,0,0febb,0,01,0,1f,4,1,0,0,0,1,02,0,0,0,0,1,0,0,0,1,0,0,0,0,0,0,0,0,1
1002,1002,0,0,0c,00000,0,0,0,0,1,0,0,0,0,0,0febc,0,01,0,1f,4,1,0,0,0,1,02,0,0,0,0,1,0,0,0,1,0,0,0,0,0,0,0,0,1
1003,1003,0,0,0c,00000,0,0,0,0,1,0,0,0,0,0,0febd,0,01,0,1f,4,1,0,0,0,1,02,0,0,0,0,1,0,0,0,1,0,0,0,0,0,0,0,0,1
1004,1004,0,0,0c,00000,0,0,0,0,1,0,0,0,0,0,0febe,0,01,0,1f,4,1,0,0,0,1,02,0,0,0,0,1,0,0,0,1,0,0,0,0,0,0,0,0,1
1005,1005,0,0,0c,00000,0,0,0,0,1,0,0,0,0,0,0febf,0,01,0,1f,4,1,0,0,0,1,02,0,0,0,0,1,0,0,0,1,0,0,0,0,0,0,0,0,1
1006,1006,0,0,0c,00000,0,0,0,0,1,0,0,0,0,0,0fec0,0,01,0,1f,4,1,0,0,0,1,02,0,0,0,0,1,0,0,0,1,0,0,0,0,0,0,0,0,1
1007,1007,0,0,0c,00000,0,0,0,0,1,0,0,0,0,0,0fec1,0,01,0,1f,4,1,0,0,0,1,02,0,0,0,0,1,0,0,0,1,0,0,0,0,0,0,0,0,1
1008,1008,0,0,0c,00000,0,0,0,0,1,0,0,0,0,0,0fec2,0,01,0,1f,4,1,0,0,0,1,02,0,0,0,0,1,0,0,0,1,0,0,0,0,0,0,0,0,1
1009,1009,0,0,0c,00000,0,0,0,0,1,0,0,0,0,0,0fec3,0,01,0,1f,4,1,0,0,0,1,02,0,0,0,0,1,0,0,0,1,0,0,0,0,0,0,0,0,1
1010,1010,0,0,0c,00000,0,0,0,0,1,0,0,0,0,0,0fec4,0,01,0,1f,4,1,0,0,0,1,02,0,0,0,0,1,0,0,0,1,0,0,0,0,0,0,0,0,1
1011,1011,0,0,0c,00000,0,0,0,0,1,0,0,0,0,0,0fec5,0,01,0,1f,4,1,0,0,0,1,02,0,0,0,0,1,0,0,0,1,0,0,0,0,0,0,0,0,1
1012,1012,0,0,0c,00000,0,0,0,0,1,0,0,0,0,0,0fec6,0,01,0,1f,4,1,0,0,0,1,02,0,0,0,0,1,0,0,0,1,0,0,0,0,0,0,0,0,1
1013,1013,0,0,0c,00000,0,0,0,0,1,0,0,0,0,0,0fec7,0,01,0,1f,4,1,0,0,0,1,02,0,0,0,0,1,0,0,0,1,0,0,0,0,0,0,0,0,1
1014,1014,0,0,0c,00000,0,0,0,0,1,0,0,0,0,0,0fec8,0,01,0,1f,4,1,0,0,0,1,02,0,0,0,0,1,0,0,0,1,0,0,0,0,0,0,0,0,1
1015,1015,0,0,0c,00000,0,0,0,0,1,0,0,0,0,0,0fec9,0,01,0,1f,4,1,0,0,0,1,02,0,0,0,0,1,0,0,0,1,0,0,0,0,0,0,0,0,1
1016,1016,0,0,0c,00000,0,0,0,0,1,0,0,0,0,0,0feca,0,01,0,1f,4,1,0,0,0,1,02,0,0,0,0,1,0,0,0,1,0,0,0,0,0,0,0,0,1
1017,1017,0,0,0c,00000,0,0,0,0,1,0,0,0,0,0,0fecb,0,01,0,1f,4,1,0,0,0,1,02,0,0,0,0,1,0,0,0,1,0,0,0,0,0,0,0,0,1
1018,1018,0,0,0c,00000,0,0,0,0,1,0,0,0,0,0,0fecc,0,01,0,1f,4,1,0,0,0,1,02,0,0,0,0,1,0,0,0,1,0,0,0,0,0,0,0,0,1
1019,1019,0,0,0c,00000,0,0,0,0,1,0,0,0,0,0,0fecd,0,01,0,1f,4,1,0,0,0,1,02,0,0,0,0,1,0,0,0,1,0,0,0,0,0,0,0,0,1
1020,1020,0,0,0c,00000,0,0,0,0,1,0,0,0,0,0,0fece,0,01,0,1f,4,1,0,0,0,1,02,0,0,0,0,1,0,0,0,1,0,0,0,0,0,0,0,0,1
1021,1021,0,0,0c,00000,0,0,0,0,1,0,0,0,0,0,0fecf,0,01,0,1f,4,1,0,0,0,1,02,0,0,0,0,1,0,0,0,1,0,0,0,0,0,0,0,0,1
1022,1022,0,0,0c,00000,0,0,0,0,1,0,0,0,0,0,0fed0,0,01,0,1f,4,1,0,0,0,1,02,0,0,0,0,1,0,0,0,1,0,0,0,0,0,0,0,0,1
1023,1023,0,0,0c,00000,0,0,0,0,1,0,0,0,0,0,0fed1,0,01,0,1f,4,1,0,0,0,1,02,0,0,0,0,1,0,0,0,1,0,0,0,0,0,0,0,0,1
1024,1024,1,0,0c,00000,0,0,0,0,1,0,0,0,0,0,0fed2,0,01,0,1f,4,1,0,0,0,1,02,0,0,0,0,1,0,0,0,1,0,0,0,0,0,0,0,0,1
1025,1025,0,0,0c,00000,0,0,0,0,1,0,0,0,0,0,0fed3,0,01,0,1f,4,1,0,0,0,1,02,0,0,0,0,1,0,0,0,1,0,0,0,0,0,0,0,0,1
1026,1026,0,0,0c,00000,0,0,0,0,1,0,0,0,0,0,0fed4,0,01,0,1f,4,1,0,0,0,1,02,0,0,0,0,1,0,0,0,1,0,0,0,0,0,0,0,0,1
1027,1027,0,0,0c,00000,0,0,0,0,1,0,0,0,0,0,0fed5,0,01,0,1f,4,1,0,0,0,1,02,0,0,0,0,1,0,0,0,1,0,0,0,0,0,0,0,0,1
1028,1028,0,0,0c,00000,0,0,0,0,1,0,0,0,0,0,0fed6,0,01,0,1f,4,1,0,0,0,1,02,0,0,0,0,1,0,0,0,1,0,0,0,0,0,0,0,0,1
1029,1029,0,0,0c,00000,0,0,0,0,1,0,0,0,0,0,0fed7,0,01,0,1f,4,1,0,0,0,1,02,0,0,0,0,1,0,0,0,1,0,0,0,0,0,0,0,0,1
1030,1030,0,0,0c,00000,0,0,0,0,1,0,0,0,0,0,0fed8,0,01,0,1f,4,1,0,0,0,1,02,0,0,0,0,1,0,0,0,1,0,0,0,0,0,0,0,0,1
1031,1031,0,0,0c,00000,0,0,0,0,1,0,0,0,0,0,0fed9,0,01,0,1f,4,1,0,0,0,1,02,0,0,0,0,1,0,0,0,1,0,0,0,0,0,0,0,0,1
1032,1032,0,0,0c,00000,0,0,0,0,1,0,0,0,0,0,0feda,0,01,0,1f,4,1,0,0,0,1,02,0,0,0,0,1,0,0,0,1,0,0,0,0,0,0,0,0,1
1033,1033,0,0,0c,00000,0,0,0,0,1,0,0,0,0,0,0fedb,0,01,0,1f,4,1,0,0,0,1,02,0,0,0,0,1,0,0,0,1,0,0,0,0,0,0,0,0,1
1034,1034,0,0,0c,00000,0,0,0,0,1,0,0,0,0,0,0fedc,0,01,0,1f,4,1,0,0,0,1,02,0,0,0,0,1,0,0,0,1,0,0,0,0,0,0,0,0,1
1035,1035,0,0,0c,00000,0,0,0,0,1,0,0,0,0,0,0fedd,0,01,0,1f,4,1,0,0,0,1,02,0,0,0,0,1,0,0,0,1,0,0,0,0,0,0,0,0,1
1036,1036,0,0,0c,00000,0,0,0,0,1,0,0,0,0,0,0fede,0,01,0,1f,4,1,0,0,0,1,02,0,0,0,0,1,0,0,0,1,0,0,0,0,0,0,0,0,1
1037,1037,0,0,0c,00000,0,0,0,0,1,0,0,0,0,0,0fedf,0,01,0,1f,4,1,0,0,0,1,02,0,0,0,0,1,0,0,0,1,0,0,0,0,0,0,0,0,1
1038,1038,0,0,0c,00000,0,0,0,0,1,0,0,0,0,0,0fee0,0,01,0,1f,4,1,0,0,0,1,02,0,0,0,0,1,0,0,0,1,0,0,0,0,0,0,0,0,1
1039,1039,0,0,0c,00000,0,0,0,0,1,0,0,0,0,0,0fee1,0,01,0,1f,4,1,0,0,0,1,02,0,0,0,0,1,0,0,0,1,0,0,0,0,0,0,0,0,1
1040,1040,0,0,0c,00000,0,0,0,0,1,0,0,0,0,0,0fee2,0,01,0,1f,4,1,0,0,0,1,02,0,0,0,0,1,0,0,0,1,0,0,0,0,0,0,0,0,1
1041,1041,0,0,0c,00000,0,0,0,0,1,0,0,0,0,0,0fee3,0,01,0,1f,4,1,0,0,0,1,02,0,0,0,0,1,0,0,0,1,0,0,0,0,0,0,0,0,1
1042,1042,0,0,0c,00000,0,0,0,0,1,0,0,0,0,0,0fee4,0,01,0,1f,4,1,0,0,0,1,02,0,0,0,0,1,0,0,0,1,0,0,0,0,0,0,0,0,1
1043,1043,0,0,0c,00000,0,0,0,0,1,0,0,0,0,0,0fee5,0,01,0,1f,4,1,0,0,0,1,02,0,0,0,0,1,0,0,0,1,0,0,0,0,0,0,0,0,1
1044,1044,0,0,0c,00000,0,0,0,0,1,0,0,0,0,0,0fee6,0,01,0,1f,4,1,0,0,0,1,02,0,0,0,0,1,0,0,0,1,0,0,0,0,0,0,0,0,1
1045,1045,0,0,0c,00000,0,0,0,0,1,0,0,0,0,0,0fee7,0,01,0,1f,4,1,0,0,0,1,02,0,0,0,0,1,0,0,0,1,0,0,0,0,0,0,0,0,1
1046,1046,0,0,0c,00000,0,0,0,0,1,0,0,0,0,0,0fee8,0,01,0,1f,4,1,0,0,0,1,02,0,0,0,0,1,0,0,0,1,0,0,0,0,0,0,0,0,1
1047,1047,0,0,0c,00000,0,0,0,0,1,0,0,0,0,0,0fee9,0,01,0,1f,4,1,0,0,0,1,02,0,0,0,0,1,0,0,0,1,0,0,0,0,0,0,0,0,1
1048,1048,0,0,0c,00000,0,0,0,0,1,0,0,0,0,0,0feea,0,01,0,1f,4,1,0,0,0,1,02,0,0,0,0,1,0,0,0,1,0,0,0,0,0,0,0,0,1
1049,1049,0,0,0c,00000,0,0,0,0,1,0,0,0,0,0,0feeb,0,01,0,1f,4,1,0,0,0,1,02,0,0,0,0,1,0,0,0,1,0,0,0,0,0,0,0,0,1
1050,1050,0,0,0c,00000,0,0,0,0,1,0,0,0,0,0,0feec,0,01,0,1f,4,1,0,0,0,1,02,0,0,0,0,1,0,0,0,1,0,0,0,0,0,0,0,0,1
1051,1051,0,0,0c,00000,0,0,0,0,1,0,0,0,0,0,0feed,0,01,0,1f,4,1,0,0,0,1,02,0,0,0,0,1,0,0,0,1,0,0,0,0,0,0,0,0,1
1052,1052,0,0,0c,00000,0,0,0,0,1,0,0,0,0,0,0feee,0,01,0,1f,4,1,0,0,0,1,02,0,0,0,0,1,0,0,0,1,0,0,0,0,0,0,0,0,1
1053,1053,0,0,0c,00000,0,0,0,0,1,0,0,0,0,0,0feef,0,01,0,1f,4,1,0,0,0,1,02,0,0,0,0,1,0,0,0,1,0,0,0,0,0,0,0,0,1
1054,1054,0,0,0c,00000,0,0,0,0,1,0,0,0,0,0,0fef0,0,01,0,1f,4,1,0,0,0,1,02,0,0,0,0,1,0,0,0,1,0,0,0,0,0,0,0,0,1
1055,1055,0,0,0c,00000,0,0,0,0,1,0,0,0,0,0,0fef1,0,01,0,1f,4,1,0,0,0,1,02,0,0,0,0,1,0,0,0,1,0,0,0,0,0,0,0,0,1
1056,1056,0,0,0c,00000,0,0,0,0,1,0,0,0,0,0,0fef2,0,01,0,1f,4,1,0,0,0,1,02,0,0,0,0,1,0,0,0,1,0,0,0,0,0,0,0,0,1
1057,1057,0,0,0c,00000,0,0,0,0,1,0,0,0,0,0,0fef3,0,01,0,1f,4,1,0,0,0,1,02,0,0,0,0,1,0,0,0,1,0,0,0,0,0,0,0,0,1
1058,1058,0,0,0c,00000,0,0,0,0,1,0,0,0,0,0,0fef4,0,01,0,1f,4,1,0,0,0,1,02,0,0,0,0,1,0,0,0,1,0,0,0,0,0,0,0,0,1
1059,1059,0,0,0c,00000,0,0,0,0,1,0,0,0,0,0,0fef5,0,01,0,1f,4,1,0,0,0,1,02,0,0,0,0,1,0,0,0,1,0,0,0,0,0,0,0,0,1
1060,1060,0,0,0c,00000,0,0,0,0,1,0,0,0,0,0,0fef6,0,01,0,1f,4,1,0,0,0,1,02,0,0,0,0,1,0,0,0,1,0,0,0,0,0,0,0,0,1
1061,1061,0,0,0c,00000,0,0,0,0,1,0,0,0,0,0,0fef7,0,01,0,1f,4,1,0,0,0,1,02,0,0,0,0,1,0,0,0,1,0,0,0,0,0,0,0,0,1
1062,1062,0,0,0c,00000,0,0,0,0,1,0,0,0,0,0,0fef8,0,01,0,1f,4,1,0,0,0,1,02,0,0,0,0,1,0,0,0,1,0,0,0,0,0,0,0,0,1
1063,1063,0,0,0c,00000,0,0,0,0,1,0,0,0,0,0,0fef9,0,01,0,1f,4,1,0,0,0,1,02,0,0,0,0,1,0,0,0,1,0,0,0,0,0,0,0,0,1
1064,1064,0,0,0c,00000,0,0,0,0,1,0,0,0,0,0,0fefa,0,01,0,1f,4,1,0,0,0,1,02,0,0,0,0,1,0,0,0,1,0,0,0,0,0,0,0,0,1
1065,1065,0,0,0c,00000,0,0,0,0,1,0,0,0,0,0,0fefb,0,01,0,1f,4,1,0,0,0,1,02,0,0,0,0,1,0,0,0,1,0,0,0,0,0,0,0,0,1
1066,1066,0,0,0c,00000,0,0,0,0,1,0,0,0,0,0,0fefc,0,01,0,1f,4,1,0,0,0,1,02,0,0,0,0,1,0,0,0,1,0,0,0,0,0,0,0,0,1
1067,1067,0,0,0c,00000,0,0,0,0,1,0,0,0,0,0,0fefd,0,01,0,1f,4,1,0,0,0,1,02,0,0,0,0,1,0,0,0,1,0,0,0,0,0,0,0,0,1
1068,1068,0,0,0c,00000,0,0,0,0,1,0,0,0,0,0,0fefe,0,01,0,1f,4,1,0,0,0,1,02,0,0,0,0,1,0,0,0,1,0,0,0,0,0,0,0,0,1
1069,1069,0,0,0c,00000,0,0,0,0,1,0,0,0,0,0,0feff,0,01,0,1f,4,1,0,0,0,1,02,0,0,0,0,1,0,0,0,1,0,0,0,0,0,0,0,0,1
1070,1070,0,0,0c,00000,0,0,0,0,1,0,0,0,0,0,0ff00,0,01,0,1f,4,1,0,0,0,1,02,0,0,0,0,1,0,0,0,1,0,0,0,0,0,0,0,0,1
1071,1071,0,0,0c,00000,0,0,0,0,1,0,0,0,0,0,0ff01,0,01,0,1f,4,1,0,0,0,1,02,0,0,0,0,1,0,0,0,1,0,0,0,0,0,0,0,0,1
1072,1072,0,0,0c,00000,0,0,0,0,1,0,0,0,0,0,0ff02,0,01,0,1f,4,1,0,0,0,1,02,0,0,0,0,1,0,0,0,1,0,0,0,0,0,0,0,0,1
1073,1073,0,0,0c,00000,0,0,0,0,1,0,0,0,0,0,0ff03,0,01,0,1f,4,1,0,0,0,1,02,0,0,0,0,1,0,0,0,1,0,0,0,0,0,0,0,0,1
1074,1074,0,0,0c,00000,0,0,0,0,1,0,0,0,0,0,0ff04,0,01,0,1f,4,1,0,0,0,1,02,0,0,0,0,1,0,0,0,1,0,0,0,0,0,0,0,0,1
1075,1075,0,0,0c,00000,0,0,0,0,1,0,0,0,0,0,0ff05,0,01,0,1f,4,1,0,0,0,1,02,0,0,0,0,1,0,0,0,1,0,0,0,0,0,0,0,0,1
1076,1076,0,0,0c,00000,0,0,0,0,1,0,0,0,0,0,0ff06,0,01,0,1f,4,1,0,0,0,1,02,0,0,0,0,1,0,0,0,1,0,0,0,0,0,0,0,0,1
1077,1077,0,0,0c,00000,0,0,0,0,1,0,0,0,0,0,0ff07,0,01,0,1f,4,1,0,0,0,1,02,0,0,0,0,1,0,0,0,1,0,0,0,0,0,0,0,0,1
1078,1078,0,0,0c,00000,0,0,0,0,1,0,0,0,0,0,0ff08,0,01,0,1f,4,1,0,0,0,1,02,0,0,0,0,1,0,0,0,1,0,0,0,0,0,0,0,0,1
1079,1079,0,0,0c,00000,0,0,0,0,1,0,0,0,0,0,0ff09,0,01,0,1f,4,1,0,0,0,1,02,0,0,0,0,1,0,0,0,1,0,0,0,0,0,0,0,0,1
1080,1080,0,0,0c,00000,0,0,0,0,1,0,0,0,0,0,0ff0a,0,01,0,1f,4,1,0,0,0,1,02,0,0,0,0,1,0,0,0,1,0,0,0,0,0,0,0,0,1
1081,1081,0,0,0c,00000,0,0,0,0,1,0,0,0,0,0,0ff0b,0,01,0,1f,4,1,0,0,0,1,02,0,0,0,0,1,0,0,0,1,0,0,0,0,0,0,0,0,1
1082,1082,0,0,0c,00000,0,0,0,0,1,0,0,0,0,0,0ff0c,0,01,0,1f,4,1,0,0,0,1,02,0,0,0,0,1,0,0,0,1,0,0,0,0,0,0,0,0,1
1083,1083,0,0,0c,00000,0,0,0,0,1,0,0,0,0,0,0ff0d,0,01,0,1f,4,1,0,0,0,1,02,0,0,0,0,1,0,0,0,1,0,0,0,0,0,0,0,0,1
1084,1084,0,0,0c,00000,0,0,0,0,1,0,0,0,0,0,0ff0e,0,01,0,1f,4,1,0,0,0,1,02,0,0,0,0,1,0,0,0,1,0,0,0,0,0,0,0,0,1
1085,1085,0,0,0c,00000,0,0,0,0,1,0,0,0,0,0,0ff0f,0,01,0,1f,4,1,0,0,0,1,02,0,0,0,0,1,0,0,0,1,0,0,0,0,0,0,0,0,1
1086,1086,0,0,0c,00000,0,0,0,0,1,0,0,0,0,0,0ff10,0,01,0,1f,4,1,0,0,0,1,02,0,0,0,0,1,0,0,0,1,0,0,0,0,0,0,0,0,1
1087,1087,0,0,0c,00000,0,0,0,0,1,0,0,0,0,0,0ff11,0,01,0,1f,4,1,0,0,0,1,02,0,0,0,0,1,0,0,0,1,0,0,0,0,0,0,0,0,1
1088,1088,0,0,0c,00000,0,0,0,0,1,0,0,0,0,0,0ff12,0,01,0,1f,4,1,0,0,0,1,02,0,0,0,0,1,0,0,0,1,0,0,0,0,0,0,0,0,1
1089,1089,0,0,0c,00000,0,0,0,0,1,0,0,0,0,0,0ff13,0,01,0,1f,4,1,0,0,0,1,02,0,0,0,0,1,0,0,0,1,0,0,0,0,0,0,0,0,1
1090,1090,0,0,0c,00000,0,0,0,0,1,0,0,0,0,0,0ff14,0,01,0,1f,4,1,0,0,0,1,02,0,0,0,0,1,0,0,0,1,0,0,0,0,0,0,0,0,1
1091,1091,0,0,0c,00000,0,0,0,0,1,0,0,0,0,0,0ff15,0,01,0,1f,4,1,0,0,0,1,02,0,0,0,0,1,0,0,0,1,0,0,0,0,0,0,0,0,1
1092,1092,0,0,0c,00000,0,0,0,0,1,0,0,0,0,0,0ff16,0,01,0,1f,4,1,0,0,0,1,02,0,0,0,0,1,0,0,0,1,0,0,0,0,0,0,0,0,1
1093,1093,0,0,0c,00000,0,0,0,0,1,0,0,0,0,0,0ff17,0,01,0,1f,4,1,0,0,0,1,02,0,0,0,0,1,0,0,0,1,0,0,0,0,0,0,0,0,1
1094,1094,0,0,0c,00000,0,0,0,0,1,0,0,0,0,0,0ff18,0,01,0,1f,4,1,0,0,0,1,02,0,0,0,0,1,0,0,0,1,0,0,0,0,0,0,0,0,1
1095,1095,0,0,0c,00000,0,0,0,0,1,0,0,0,0,0,0ff19,0,01,0,1f,4,1,0,0,0,1,02,0,0,0,0,1,0,0,0,1,0,0,0,0,0,0,0,0,1
1096,1096,0,0,0c,00000,0,0,0,0,1,0,0,0,0,0,0ff1a,0,01,0,1f,4,1,0,0,0,1,02,0,0,0,0,1,0,0,0,1,0,0,0,0,0,0,0,0,1
1097,1097,0,0,0c,00000,0,0,0,0,1,0,0,0,0,0,0ff1b,0,01,0,1f,4,1,0,0,0,1,02,0,0,0,0,1,0,0,0,1,0,0,0,0,0,0,0,0,1
1098,1098,0,0,0c,00000,0,0,0,0,1,0,0,0,0,0,0ff1c,0,01,0,1f,4,1,0,0,0,1,02,0,0,0,0,1,0,0,0,1,0,0,0,0,0,0,0,0,1
1099,1099,0,0,0c,00000,0,0,0,0,1,0,0,0,0,0,0ff1d,0,01,0,1f,4,1,0,0,0,1,02,0,0,0,0,1,0,0,0,1,0,0,0,0,0,0,0,0,1
1100,1100,0,0,0c,00000,0,0,0,0,1,0,0,0,0,0,0ff1e,0,01,0,1f,4,1,0,0,0,1,02,0,0,0,0,1,0,0,0,1,0,0,0,0,0,0,0,0,1
1101,1101,0,0,0c,00000,0,0,0,0,1,0,0,0,0,0,0ff1f,0,01,0,1f,4,1,0,0,0,1,02,0,0,0,0,1,0,0,0,1,0,0,0,0,0,0,0,0,1
1102,1102,0,0,0c,00000,0,0,0,0,1,0,0,0,0,0,0ff20,0,01,0,1f,4,1,0,0,0,1,02,0,0,0,0,1,0,0,0,1,0,0,0,0,0,0,0,0,1
1103,1103,0,0,0c,00000,0,0,0,0,1,0,0,0,0,0,0ff21,0,01,0,1f,4,1,0,0,0,1,02,0,0,0,0,1,0,0,0,1,0,0,0,0,0,0,0,0,1
1104,1104,0,0,0c,00000,0,0,0,0,1,0,0,0,0,0,0ff22,0,01,0,1f,4,1,0,0,0,1,02,0,0,0,0,1,0,0,0,1,0,0,0,0,0,0,0,0,1
1105,1105,0,0,0c,00000,0,0,0,0,1,0,0,0,0,0,0ff23,0,01,0,1f,4,1,0,0,0,1,02,0,0,0,0,1,0,0,0,1,0,0,0,0,0,0,0,0,1
1106,1106,0,0,0c,00000,0,0,0,0,1,0,0,0,0,0,0ff24,0,01,0,1f,4,1,0,0,0,1,02,0,0,0,0,1,0,0,0,1,0,0,0,0,0,0,0,0,1
1107,1107,0,0,0c,00000,0,0,0,0,1,0,0,0,0,0,0ff25,0,01,0,1f,4,1,0,0,0,1,02,0,0,0,0,1,0,0,0,1,0,0,0,0,0,0,0,0,1
1108,1108,0,0,0c,00000,0,0,0,0,1,0,0,0,0,0,0ff26,0,01,0,1f,4,1,0,0,0,1,02,0,0,0,0,1,0,0,0,1,0,0,0,0,0,0,0,0,1
1109,1109,0,0,0c,00000,0,0,0,0,1,0,0,0,0,0,0ff27,0,01,0,1f,4,1,0,0,0,1,02,0,0,0,0,1,0,0,0,1,0,0,0,0,0,0,0,0,1
1110,1110,0,0,0c,00000,0,0,0,0,1,0,0,0,0,0,0ff28,0,01,0,1f,4,1,0,0,0,1,02,0,0,0,0,1,0,0,0,1,0,0,0,0,0,0,0,0,1
1111,1111,0,0,0c,00000,0,0,0,0,1,0,0,0,0,0,0ff29,0,01,0,1f,4,1,0,0,0,1,02,0,0,0,0,1,0,0,0,1,0,0,0,0,0,0,0,0,1
1112,1112,0,0,0c,00000,0,0,0,0,1,0,0,0,0,0,0ff2a,0,01,0,1f,4,1,0,0,0,1,02,0,0,0,0,1,0,0,0,1,0,0,0,0,0,0,0,0,1
1113,1113,0,0,0c,00000,0,0,0,0,1,0,0,0,0,0,0ff2b,0,01,0,1f,4,1,0,0,0,1,02,0,0,0,0,1,0,0,0,1,0,0,0,0,0,0,0,0,1
1114,1114,0,0,0c,00000,0,0,0,0,1,0,0,0,0,0,0ff2c,0,01,0,1f,4,1,0,0,0,1,02,0,0,0,0,1,0,0,0,1,0,0,0,0,0,0,0,0,1
1115,1115,0,0,0c,00000,0,0,0,0,1,0,0,0,0,0,0ff2d,0,01,0,1f,4,1,0,0,0,1,02,0,0,0,0,1,0,0,0,1,0,0,0,0,0,0,0,0,1
1116,1116,0,0,0c,00000,0,0,0,0,1,0,0,0,0,0,0ff2e,0,01,0,1f,4,1,0,0,0,1,02,0,0,0,0,1,0,0,0,1,0,0,0,0,0,0,0,0,1
1117,1117,0,0,0c,00000,0,0,0,0,1,0,0,0,0,0,0ff2f,0,01,0,1f,4,1,0,0,0,1,02,0,0,0,0,1,0,0,0,1,0,0,0,0,0,0,0,0,1
1118,1118,0,0,0c,00000,0,0,0,0,1,0,0,0,0,0,0ff30,0,01,0,1f,4,1,0,0,0,1,02,0,0,0,0,1,0,0,0,1,0,0,0,0,0,0,0,0,1
1119,1119,0,0,0c,00000,0,0,0,0,1,0,0,0,0,0,0ff31,0,01,0,1f,4,1,0,0,0,1,02,0,0,0,0,1,0,0,0,1,0,0,0,0,0,0,0,0,1
1120,1120,0,0,0c,00000,0,0,0,0,1,0,0,0,0,0,0ff32,0,01,0,1f,4,1,0,0,0,1,02,0,0,0,0,1,0,0,0,1,0,0,0,0,0,0,0,0,1
1121,1121,0,0,0c,00000,0,0,0,0,1,0,0,0,0,0,0ff33,0,01,0,1f,4,1,0,0,0,1,02,0,0,0,0,1,0,0,0,1,0,0,0,0,0,0,0,0,1
1122,1122,0,0,0c,00000,0,0,0,0,1,0,0,0,0,0,0ff34,0,01,0,1f,4,1,0,0,0,1,02,0,0,0,0,1,0,0,0,1,0,0,0,0,0,0,0,0,1
1123,1123,0,0,0c,00000,0,0,0,0,1,0,0,0,0,0,0ff35,0,01,0,1f,4,1,0,0,0,1,02,0,0,0,0,1,0,0,0,1,0,0,0,0,0,0,0,0,1
1124,1124,0,0,0c,00000,0,0,0,0,1,0,0,0,0,0,0ff36,0,01,0,1f,4,1,0,0,0,1,02,0,0,0,0,1,0,0,0,1,0,0,0,0,0,0,0,0,1
1125,1125,0,0,0c,00000,0,0,0,0,1,0,0,0,0,0,0ff37,0,01,0,1f,4,1,0,0,0,1,02,0,0,0,0,1,0,0,0,1,0,0,0,0,0,0,0,0,1
1126,1126,0,0,0c,00000,0,0,0,0,1,0,0,0,0,0,0ff38,0,01,0,1f,4,1,0,0,0,1,02,0,0,0,0,1,0,0,0,1,0,0,0,0,0,0,0,0,1
1127,1127,0,0,0c,00000,0,0,0,0,1,0,0,0,0,0,0ff39,0,01,0,1f,4,1,0,0,0,1,02,0,0,0,0,1,0,0,0,1,0,0,0,0,0,0,0,0,1
1128,1128,0,0,0c,00000,0,0,0,0,1,0,0,0,0,0,0ff3a,0,01,0,1f,4,1,0,0,0,1,02,0,0,0,0,1,0,0,0,1,0,0,0,0,0,0,0,0,1
1129,1129,0,0,0c,00000,0,0,0,0,1,0,0,0,0,0,0ff3b,0,01,0,1f,4,1,0,0,0,1,02,0,0,0,0,1,0,0,0,1,0,0,0,0,0,0,0,0,1
1130,1130,0,0,0c,00000,0,0,0,0,1,0,0,0,0,0,0ff3c,0,01,0,1f,4,1,0,0,0,1,02,0,0,0,0,1,0,0,0,1,0,0,0,0,0,0,0,0,1
1131,1131,0,0,0c,00000,0,0,0,0,1,0,0,0,0,0,0ff3d,0,01,0,1f,4,1,0,0,0,1,02,0,0,0,0,1,0,0,0,1,0,0,0,0,0,0,0,0,1
1132,1132,0,0,0c,00000,0,0,0,0,1,0,0,0,0,0,0ff3e,0,01,0,1f,4,1,0,0,0,1,02,0,0,0,0,1,0,0,0,1,0,0,0,0,0,0,0,0,1
1133,1133,0,0,0c,00000,0,0,0,0,1,0,0,0,0,0,0ff3f,0,01,0,1f,4,1,0,0,0,1,02,0,0,0,0,1,0,0,0,1,0,0,0,0,0,0,0,0,1
1134,1134,0,0,0c,00000,0,0,0,0,1,0,0,0,0,0,0ff40,0,01,0,1f,4,1,0,0,0,1,02,0,0,0,0,1,0,0,0,1,0,0,0,0,0,0,0,0,1
1135,1135,0,0,0c,00000,0,0,0,0,1,0,0,0,0,0,0ff41,0,01,0,1f,4,1,0,0,0,1,02,0,0,0,0,1,0,0,0,1,0,0,0,0,0,0,0,0,1
1136,1136,0,0,0c,00000,0,0,0,0,1,0,0,0,0,0,0ff42,0,01,0,1f,4,1,0,0,0,1,02,0,0,0,0,1,0,0,0,1,0,0,0,0,0,0,0,0,1
1137,1137,0,0,0c,00000,0,0,0,0,1,0,0,0,0,0,0ff43,0,01,0,1f,4,1,0,0,0,1,02,0,0,0,0,1,0,0,0,1,0,0,0,0,0,0,0,0,1
1138,1138,0,0,0c,00000,0,0,0,0,1,0,0,0,0,0,0ff44,0,01,0,1f,4,1,0,0,0,1,02,0,0,0,0,1,0,0,0,1,0,0,0,0,0,0,0,0,1
1139,1139,0,0,0c,00000,0,0,0,0,1,0,0,0,0,0,0ff45,0,01,0,1f,4,1,0,0,0,1,02,0,0,0,0,1,0,0,0,1,0,0,0,0,0,0,0,0,1
1140,1140,0,0,0c,00000,0,0,0,0,1,0,0,0,0,0,0ff46,0,01,0,1f,4,1,0,0,0,1,02,0,0,0,0,1,0,0,0,1,0,0,0,0,0,0,0,0,1
1141,1141,0,0,0c,00000,0,0,0,0,1,0,0,0,0,0,0ff47,0,01,0,1f,4,1,0,0,0,1,02,0,0,0,0,1,0,0,0,1,0,0,0,0,0,0,0,0,1
1142,1142,0,0,0c,00000,0,0,0,0,1,0,0,0,0,0,0ff48,0,01,0,1f,4,1,0,0,0,1,02,0,0,0,0,1,0,0,0,1,0,0,0,0,0,0,0,0,1
1143,1143,0,0,0c,00000,0,0,0,0,1,0,0,0,0,0,0ff49,0,01,0,1f,4,1,0,0,0,1,02,0,0,0,0,1,0,0,0,1,0,0,0,0,0,0,0,0,1
1144,1144,0,0,0c,00000,0,0,0,0,1,0,0,0,0,0,0ff4a,0,01,0,1f,4,1,0,0,0,1,02,0,0,0,0,1,0,0,0,1,0,0,0,0,0,0,0,0,1
1145,1145,0,0,0c,00000,0,0,0,0,1,0,0,0,0,0,0ff4b,0,01,0,1f,4,1,0,0,0,1,02,0,0,0,0,1,0,0,0,1,0,0,0,0,0,0,0,0,1
1146,1146,0,0,0c,00000,0,0,0,0,1,0,0,0,0,0,0ff4c,0,01,0,1f,4,1,0,0,0,1,02,0,0,0,0,1,0,0,0,1,0,0,0,0,0,0,0,0,1
1147,1147,0,0,0c,00000,0,0,0,0,1,0,0,0,0,0,0ff4d,0,01,0,1f,4,1,0,0,0,1,02,0,0,0,0,1,0,0,0,1,0,0,0,0,0,0,0,0,1
1148,1148,0,0,0c,00000,0,0,0,0,1,0,0,0,0,0,0ff4e,0,01,0,1f,4,1,0,0,0,1,02,0,0,0,0,1,0,0,0,1,0,0,0,0,0,0,0,0,1
1149,1149,0,0,0c,00000,0,0,0,0,1,0,0,0,0,0,0ff4f,0,01,0,1f,4,1,0,0,0,1,02,0,0,0,0,1,0,0,0,1,0,0,0,0,0,0,0,0,1
1150,1150,0,0,0c,00000,0,0,0,0,1,0,0,0,0,0,0ff50,0,01,0,1f,4,1,0,0,0,1,02,0,0,0,0,1,0,0,0,1,0,0,0,0,0,0,0,0,1
1151,1151,0,0,0c,00000,0,0,0,0,1,0,0,0,0,0,0ff51,0,01,0,1f,4,1,0,0,0,1,02,0,0,0,0,1,0,0,0,1,0,0,0,0,0,0,0,0,1
1152,1152,0,0,0c,00000,0,0,0,0,1,0,0,0,0,0,0ff52,0,01,0,1f,4,1,0,0,0,1,02,0,0,0,0,1,0,0,0,1,0,0,0,0,0,0,0,0,1
1153,1153,0,0,0c,00000,0,0,0,0,1,0,0,0,0,0,0ff53,0,01,0,1f,4,1,0,0,0,1,02,0,0,0,0,1,0,0,0,1,0,0,0,0,0,0,0,0,1
1154,1154,0,0,0c,00000,0,0,0,0,1,0,0,0,0,0,0ff54,0,01,0,1f,4,1,0,0,0,1,02,0,0,0,0,1,0,0,0,1,0,0,0,0,0,0,0,0,1
1155,1155,0,0,0c,00000,0,0,0,0,1,0,0,0,0,0,0ff55,0,01,0,1f,4,1,0,0,0,1,02,0,0,0,0,1,0,0,0,1,0,0,0,0,0,0,0,0,1
1156,1156,0,0,0c,00000,0,0,0,0,1,0,0,0,0,0,0ff56,0,01,0,1f,4,1,0,0,0,1,02,0,0,0,0,1,0,0,0,1,0,0,0,0,0,0,0,0,1
1157,1157,0,0,0c,00000,0,0,0,0,1,0,0,0,0,0,0ff57,0,01,0,1f,4,1,0,0,0,1,02,0,0,0,0,1,0,0,0,1,0,0,0,0,0,0,0,0,1
1158,1158,0,0,0c,00000,0,0,0,0,1,0,0,0,0,0,0ff58,0,01,0,1f,4,1,0,0,0,1,02,0,0,0,0,1,0,0,0,1,0,0,0,0,0,0,0,0,1
1159,1159,0,0,0c,00000,0,0,0,0,1,0,0,0,0,0,0ff59,0,01,0,1f,4,1,0,0,0,1,02,0,0,0,0,1,0,0,0,1,0,0,0,0,0,0,0,0,1
1160,1160,0,0,0c,00000,0,0,0,0,1,0,0,0,0,0,0ff5a,0,01,0,1f,4,1,0,0,0,1,02,0,0,0,0,1,0,0,0,1,0,0,0,0,0,0,0,0,1
1161,1161,0,0,0c,00000,0,0,0,0,1,0,0,0,0,0,0ff5b,0,01,0,1f,4,1,0,0,0,1,02,0,0,0,0,1,0,0,0,1,0,0,0,0,0,0,0,0,1
1162,1162,0,0,0c,00000,0,0,0,0,1,0,0,0,0,0,0ff5c,0,01,0,1f,4,1,0,0,0,1,02,0,0,0,0,1,0,0,0,1,0,0,0,0,0,0,0,0,1
1163,1163,0,0,0c,00000,0,0,0,0,1,0,0,0,0,0,0ff5d,0,01,0,1f,4,1,0,0,0,1,02,0,0,0,0,1,0,0,0,1,0,0,0,0,0,0,0,0,1
1164,1164,0,0,0c,00000,0,0,0,0,1,0,0,0,0,0,0ff5e,0,01,0,1f,4,1,0,0,0,1,02,0,0,0,0,1,0,0,0,1,0,0,0,0,0,0,0,0,1
1165,1165,0,0,0c,00000,0,0,0,0,1,0,0,0,0,0,0ff5f,0,01,0,1f,4,1,0,0,0,1,02,0,0,0,0,1,0,0,0,1,0,0,0,0,0,0,0,0,1
1166,1166,0,0,0c,00000,0,0,0,0,1,0,0,0,0,0,0ff60,0,01,0,1f,4,1,0,0,0,1,02,0,0,0,0,1,0,0,0,1,0,0,0,0,0,0,0,0,1
1167,1167,0,0,0c,00000,0,0,0,0,1,0,0,0,0,0,0ff61,0,01,0,1f,4,1,0,0,0,1,02,0,0,0,0,1,0,0,0,1,0,0,0,0,0,0,0,0,1
1168,1168,0,0,0c,00000,0,0,0,0,1,0,0,0,0,0,0ff62,0,01,0,1f,4,1,0,0,0,1,02,0,0,0,0,1,0,0,0,1,0,0,0,0,0,0,0,0,1
1169,1169,0,0,0c,00000,0,0,0,0,1,0,0,0,0,0,0ff63,0,01,0,1f,4,1,0,0,0,1,02,0,0,0,0,1,0,0,0,1,0,0,0,0,0,0,0,0,1
1170,1170,0,0,0c,00000,0,0,0,0,1,0,0,0,0,0,0ff64,0,01,0,1f,4,1,0,0,0,1,02,0,0,0,0,1,0,0,0,1,0,0,0,0,0,0,0,0,1
1171,1171,0,0,0c,00000,0,0,0,0,1,0,0,0,0,0,0ff65,0,01,0,1f,4,1,0,0,0,1,02,0,0,0,0,1,0,0,0,1,0,0,0,0,0,0,0,0,1
1172,1172,0,0,0c,00000,0,0,0,0,1,0,0,0,0,0,0ff66,0,01,0,1f,4,1,0,0,0,1,02,0,0,0,0,1,0,0,0,1,0,0,0,0,0,0,0,0,1
1173,1173,0,0,0c,00000,0,0,0,0,1,0,0,0,0,0,0ff67,0,01,0,1f,4,1,0,0,0,1,02,0,0,0,0,1,0,0,0,1,0,0,0,0,0,0,0,0,1
1174,1174,0,0,0c,00000,0,0,0,0,1,0,0,0,0,0,0ff68,0,01,0,1f,4,1,0,0,0,1,02,0,0,0,0,1,0,0,0,1,0,0,0,0,0,0,0,0,1
1175,1175,0,0,0c,00000,0,0,0,0,1,0,0,0,0,0,0ff69,0,01,0,1f,4,1,0,0,0,1,02,0,0,0,0,1,0,0,0,1,0,0,0,0,0,0,0,0,1
1176,1176,0,0,0c,00000,0,0,0,0,1,0,0,0,0,0,0ff6a,0,01,0,1f,4,1,0,0,0,1,02,0,0,0,0,1,0,0,0,1,0,0,0,0,0,0,0,0,1
1177,1177,0,0,0c,00000,0,0,0,0,1,0,0,0,0,0,0ff6b,0,01,0,1f,4,1,0,0,0,1,02,0,0,0,0,1,0,0,0,1,0,0,0,0,0,0,0,0,1
1178,1178,0,0,0c,00000,0,0,0,0,1,0,0,0,0,0,0ff6c,0,01,0,1f,4,1,0,0,0,1,02,0,0,0,0,1,0,0,0,1,0,0,0,0,0,0,0,0,1
1179,1179,0,0,0c,00000,0,0,0,0,1,0,0,0,0,0,0ff6d,0,01,0,1f,4,1,0,0,0,1,02,0,0,0,0,1,0,0,0,1,0,0,0,0,0,0,0,0,1
1180,1180,0,0,0c,00000,0,0,0,0,1,0,0,0,0,0,0ff6e,0,01,0,1f,4,1,0,0,0,1,02,0,0,0,0,1,0,0,0,1,0,0,0,0,0,0,0,0,1
1181,1181,0,0,0c,00000,0,0,0,0,1,0,0,0,0,0,0ff6f,0,01,0,1f,4,1,0,0,0,1,02,0,0,0,0,1,0,0,0,1,0,0,0,0,0,0,0,0,1
1182,1182,0,0,0c,00000,0,0,0,0,1,0,0,0,0,0,0ff70,0,01,0,1f,4,1,0,0,0,1,02,0,0,0,0,1,0,0,0,1,0,0,0,0,0,0,0,0,1
1183,1183,0,0,0c,00000,0,0,0,0,1,0,0,0,0,0,0ff71,0,01,0,1f,4,1,0,0,0,1,02,0,0,0,0,1,0,0,0,1,0,0,0,0,0,0,0,0,1
1184,1184,0,0,0c,00000,0,0,0,0,1,0,0,0,0,0,0ff72,0,01,0,1f,4,1,0,0,0,1,02,0,0,0,0,1,0,0,0,1,0,0,0,0,0,0,0,0,1
1185,1185,0,0,0c,00000,0,0,0,0,1,0,0,0,0,0,0ff73,0,01,0,1f,4,1,0,0,0,1,02,0,0,0,0,1,0,0,0,1,0,0,0,0,0,0,0,0,1
1186,1186,0,0,0c,00000,0,0,0,0,1,0,0,0,0,0,0ff74,0,01,0,1f,4,1,0,0,0,1,02,0,0,0,0,1,0,0,0,1,0,0,0,0,0,0,0,0,1
1187,1187,0,0,0c,00000,0,0,0,0,1,0,0,0,0,0,0ff75,0,01,0,1f,4,1,0,0,0,1,02,0,0,0,0,1,0,0,0,1,0,0,0,0,0,0,0,0,1
1188,1188,0,0,0c,00000,0,0,0,0,1,0,0,0,0,0,0ff76,0,01,0,1f,4,1,0,0,0,1,02,0,0,0,0,1,0,0,0,1,0,0,0,0,0,0,0,0,1
1189,1189,0,0,0c,00000,0,0,0,0,1,0,0,0,0,0,0ff77,0,01,0,1f,4,1,0,0,0,1,02,0,0,0,0,1,0,0,0,1,0,0,0,0,0,0,0,0,1
1190,1190,0,0,0c,00000,0,0,0,0,1,0,0,0,0,0,0ff78,0,01,0,1f,4,1,0,0,0,1,02,0,0,0,0,1,0,0,0,1,0,0,0,0,0,0,0,0,1
1191,1191,0,0,0c,00000,0,0,0,0,1,0,0,0,0,0,0ff79,0,01,0,1f,4,1,0,0,0,1,02,0,0,0,0,1,0,0,0,1,0,0,0,0,0,0,0,0,1
1192,1192,0,0,0c,00000,0,0,0,0,1,0,0,0,0,0,0ff7a,0,01,0,1f,4,1,0,0,0,1,02,0,0,0,0,1,0,0,0,1,0,0,0,0,0,0,0,0,1
1193,1193,0,0,0c,00000,0,0,0,0,1,0,0,0,0,0,0ff7b,0,01,0,1f,4,1,0,0,0,1,02,0,0,0,0,1,0,0,0,1,0,0,0,0,0,0,0,0,1
1194,1194,0,0,0c,00000,0,0,0,0,1,0,0,0,0,0,0ff7c,0,01,0,1f,4,1,0,0,0,1,02,0,0,0,0,1,0,0,0,1,0,0,0,0,0,0,0,0,1
1195,1195,0,0,0c,00000,0,0,0,0,1,0,0,0,0,0,0ff7d,0,01,0,1f,4,1,0,0,0,1,02,0,0,0,0,1,0,0,0,1,0,0,0,0,0,0,0,0,1
1196,1196,0,0,0c,00000,0,0,0,0,1,0,0,0,0,0,0ff7e,0,01,0,1f,4,1,0,0,0,1,02,0,0,0,0,1,0,0,0,1,0,0,0,0,0,0,0,0,1
1197,1197,0,0,0c,00000,0,0,0,0,1,0,0,0,0,0,0ff7f,0,01,0,1f,4,1,0,0,0,1,02,0,0,0,0,1,0,0,0,1,0,0,0,0,0,0,0,0,1
1198,1198,0,0,0c,00000,0,0,0,0,1,0,0,0,0,0,0ff80,0,01,0,1f,4,1,0,0,0,1,02,0,0,0,0,1,0,0,0,1,0,0,0,0,0,0,0,0,1
1199,1199,0,0,0c,00000,0,0,0,0,1,0,0,0,0,0,0ff81,0,01,0,1f,4,1,0,0,0,1,02,0,0,0,0,1,0,0,0,1,0,0,0,0,0,0,0,0,1
1200,1200,0,0,0c,00000,0,0,0,0,1,0,0,0,0,0,0ff82,0,01,0,1f,4,1,0,0,0,1,02,0,0,0,0,1,0,0,0,1,0,0,0,0,0,0,0,0,1
1201,1201,0,0,0c,00000,0,0,0,0,1,0,0,0,0,0,0ff83,0,01,0,1f,4,1,0,0,0,1,02,0,0,0,0,1,0,0,0,1,0,0,0,0,0,0,0,0,1
1202,1202,0,0,0c,00000,0,0,0,0,1,0,0,0,0,0,0ff84,0,01,0,1f,4,1,0,0,0,1,02,0,0,0,0,1,0,0,0,1,0,0,0,0,0,0,0,0,1
1203,1203,0,0,0c,00000,0,0,0,0,1,0,0,0,0,0,0ff85,0,01,0,1f,4,1,0,0,0,1,02,0,0,0,0,1,0,0,0,1,0,0,0,0,0,0,0,0,1
1204,1204,0,0,0c,00000,0,0,0,0,1,0,0,0,0,0,0ff86,0,01,0,1f,4,1,0,0,0,1,02,0,0,0,0,1,0,0,0,1,0,0,0,0,0,0,0,0,1
1205,1205,0,0,0c,00000,0,0,0,0,1,0,0,0,0,0,0ff87,0,01,0,1f,4,1,0,0,0,1,02,0,0,0,0,1,0,0,0,1,0,0,0,0,0,0,0,0,1
1206,1206,0,0,0c,00000,0,0,0,0,1,0,0,0,0,0,0ff88,0,01,0,1f,4,1,0,0,0,1,02,0,0,0,0,1,0,0,0,1,0,0,0,0,0,0,0,0,1
1207,1207,0,0,0c,00000,0,0,0,0,1,0,0,0,0,0,0ff89,0,01,0,1f,4,1,0,0,0,1,02,0,0,0,0,1,0,0,0,1,0,0,0,0,0,0,0,0,1
1208,1208,0,0,0c,00000,0,0,0,0,1,0,0,0,0,0,0ff8a,0,01,0,1f,4,1,0,0,0,1,02,0,0,0,0,1,0,0,0,1,0,0,0,0,0,0,0,0,1
1209,1209,0,0,0c,00000,0,0,0,0,1,0,0,0,0,0,0ff8b,0,01,0,1f,4,1,0,0,0,1,02,0,0,0,0,1,0,0,0,1,0,0,0,0,0,0,0,0,1
1210,1210,0,0,0c,00000,0,0,0,0,1,0,0,0,0,0,0ff8c,0,01,0,1f,4,1,0,0,0,1,02,0,0,0,0,1,0,0,0,1,0,0,0,0,0,0,0,0,1
1211,1211,0,0,0c,00000,0,0,0,0,1,0,0,0,0,0,0ff8d,0,01,0,1f,4,1,0,0,0,1,02,0,0,0,0,1,0,0,0,1,0,0,0,0,0,0,0,0,1
1212,1212,0,0,0c,00000,0,0,0,0,1,0,0,0,0,0,0ff8e,0,01,0,1f,4,1,0,0,0,1,02,0,0,0,0,1,0,0,0,1,0,0,0,0,0,0,0,0,1
1213,1213,0,0,0c,00000,0,0,0,0,1,0,0,0,0,0,0ff8f,0,01,0,1f,4,1,0,0,0,1,02,0,0,0,0,1,0,0,0,1,0,0,0,0,0,0,0,0,1
1214,1214,0,0,0c,00000,0,0,0,0,1,0,0,0,0,0,0ff90,0,01,0,1f,4,1,0,0,0,1,02,0,0,0,0,1,0,0,0,1,0,0,0,0,0,0,0,0,1
1215,1215,0,0,0c,00000,0,0,0,0,1,0,0,0,0,0,0ff91,0,01,0,1f,4,1,0,0,0,1,02,0,0,0,0,1,0,0,0,1,0,0,0,0,0,0,0,0,1
1216,1216,0,0,0c,00000,0,0,0,0,1,0,0,0,0,0,0ff92,0,01,0,1f,4,1,0,0,0,1,02,0,0,0,0,1,0,0,0,1,0,0,0,0,0,0,0,0,1
1217,1217,0,0,0c,00000,0,0,0,0,1,0,0,0,0,0,0ff93,0,01,0,1f,4,1,0,0,0,1,02,0,0,0,0,1,0,0,0,1,0,0,0,0,0,0,0,0,1
1218,1218,0,0,0c,00000,0,0,0,0,1,0,0,0,0,0,0ff94,0,01,0,1f,4,1,0,0,0,1,02,0,0,0,0,1,0,0,0,1,0,0,0,0,0,0,0,0,1
1219,1219,0,0,0c,00000,0,0,0,0,1,0,0,0,0,0,0ff95,0,01,0,1f,4,1,0,0,0,1,02,0,0,0,0,1,0,0,0,1,0,0,0,0,0,0,0,0,1
1220,1220,0,0,0c,00000,0,0,0,0,1,0,0,0,0,0,0ff96,0,01,0,1f,4,1,0,0,0,1,02,0,0,0,0,1,0,0,0,1,0,0,0,0,0,0,0,0,1
1221,1221,0,0,0c,00000,0,0,0,0,1,0,0,0,0,0,0ff97,0,01,0,1f,4,1,0,0,0,1,02,0,0,0,0,1,0,0,0,1,0,0,0,0,0,0,0,0,1
1222,1222,0,0,0c,00000,0,0,0,0,1,0,0,0,0,0,0ff98,0,01,0,1f,4,1,0,0,0,1,02,0,0,0,0,1,0,0,0,1,0,0,0,0,0,0,0,0,1
1223,1223,0,0,0c,00000,0,0,0,0,1,0,0,0,0,0,0ff99,0,01,0,1f,4,1,0,0,0,1,02,0,0,0,0,1,0,0,0,1,0,0,0,0,0,0,0,0,1
1224,1224,0,0,0c,00000,0,0,0,0,1,0,0,0,0,0,0ff9a,0,01,0,1f,4,1,0,0,0,1,02,0,0,0,0,1,0,0,0,1,0,0,0,0,0,0,0,0,1
1225,1225,0,0,0c,00000,0,0,0,0,1,0,0,0,0,0,0ff9b,0,01,0,1f,4,1,0,0,0,1,02,0,0,0,0,1,0,0,0,1,0,0,0,0,0,0,0,0,1
1226,1226,0,0,0c,00000,0,0,0,0,1,0,0,0,0,0,0ff9c,0,01,0,1f,4,1,0,0,0,1,02,0,0,0,0,1,0,0,0,1,0,0,0,0,0,0,0,0,1
1227,1227,0,0,0c,00000,0,0,0,0,1,0,0,0,0,0,0ff9d,0,01,0,1f,4,1,0,0,0,1,02,0,0,0,0,1,0,0,0,1,0,0,0,0,0,0,0,0,1
1228,1228,0,0,0c,00000,0,0,0,0,1,0,0,0,0,0,0ff9e,0,01,0,1f,4,1,0,0,0,1,02,0,0,0,0,1,0,0,0,1,0,0,0,0,0,0,0,0,1
1229,1229,0,0,0c,00000,0,0,0,0,1,0,0,0,0,0,0ff9f,0,01,0,1f,4,1,0,0,0,1,02,0,0,0,0,1,0,0,0,1,0,0,0,0,0,0,0,0,1
1230,1230,0,0,0c,00000,0,0,0,0,1,0,0,0,0,0,0ffa0,0,01,0,1f,4,1,0,0,0,1,02,0,0,0,0,1,0,0,0,1,0,0,0,0,0,0,0,0,1
1231,1231,0,0,0c,00000,0,0,0,0,1,0,0,0,0,0,0ffa1,0,01,0,1f,4,1,0,0,0,1,02,0,0,0,0,1,0,0,0,1,0,0,0,0,0,0,0,0,1
1232,1232,0,0,0c,00000,0,0,0,0,1,0,0,0,0,0,0ffa2,0,01,0,1f,4,1,0,0,0,1,02,0,0,0,0,1,0,0,0,1,0,0,0,0,0,0,0,0,1
1233,1233,0,0,0c,00000,0,0,0,0,1,0,0,0,0,0,0ffa3,0,01,0,1f,4,1,0,0,0,1,02,0,0,0,0,1,0,0,0,1,0,0,0,0,0,0,0,0,1
1234,1234,0,0,0c,00000,0,0,0,0,1,0,0,0,0,0,0ffa4,0,01,0,1f,4,1,0,0,0,1,02,0,0,0,0,1,0,0,0,1,0,0,0,0,0,0,0,0,1
1235,1235,0,0,0c,00000,0,0,0,0,1,0,0,0,0,0,0ffa5,0,01,0,1f,4,1,0,0,0,1,02,0,0,0,0,1,0,0,0,1,0,0,0,0,0,0,0,0,1
1236,1236,0,0,0c,00000,0,0,0,0,1,0,0,0,0,0,0ffa6,0,01,0,1f,4,1,0,0,0,1,02,0,0,0,0,1,0,0,0,1,0,0,0,0,0,0,0,0,1
1237,1237,0,0,0c,00000,0,0,0,0,1,0,0,0,0,0,0ffa7,0,01,0,1f,4,1,0,0,0,1,02,0,0,0,0,1,0,0,0,1,0,0,0,0,0,0,0,0,1
1238,1238,0,0,0c,00000,0,0,0,0,1,0,0,0,0,0,0ffa8,0,01,0,1f,4,1,0,0,0,1,02,0,0,0,0,1,0,0,0,1,0,0,0,0,0,0,0,0,1
1239,1239,0,0,0c,00000,0,0,0,0,1,0,0,0,0,0,0ffa9,0,01,0,1f,4,1,0,0,0,1,02,0,0,0,0,1,0,0,0,1,0,0,0,0,0,0,0,0,1
1240,1240,0,0,0c,00000,0,0,0,0,1,0,0,0,0,0,0ffaa,0,01,0,1f,4,1,0,0,0,1,02,0,0,0,0,1,0,0,0,1,0,0,0,0,0,0,0,0,1
1241,1241,0,0,0c,00000,0,0,0,0,1,0,0,0,0,0,0ffab,0,01,0,1f,4,1,0,0,0,1,02,0,0,0,0,1,0,0,0,1,0,0,0,0,0,0,0,0,1
1242,1242,0,0,0c,00000,0,0,0,0,1,0,0,0,0,0,0ffac,0,01,0,1f,4,1,0,0,0,1,02,0,0,0,0,1,0,0,0,1,0,0,0,0,0,0,0,0,1
1243,1243,0,0,0c,00000,0,0,0,0,1,0,0,0,0,0,0ffad,0,01,0,1f,4,1,0,0,0,1,02,0,0,0,0,1,0,0,0,1,0,0,0,0,0,0,0,0,1
1244,1244,0,0,0c,00000,0,0,0,0,1,0,0,0,0,0,0ffae,0,01,0,1f,4,1,0,0,0,1,02,0,0,0,0,1,0,0,0,1,0,0,0,0,0,0,0,0,1
1245,1245,0,0,0c,00000,0,0,0,0,1,0,0,0,0,0,0ffaf,0,01,0,1f,4,1,0,0,0,1,02,0,0,0,0,1,0,0,0,1,0,0,0,0,0,0,0,0,1
1246,1246,0,0,0c,00000,0,0,0,0,1,0,0,0,0,0,0ffb0,0,01,0,1f,4,1,0,0,0,1,02,0,0,0,0,1,0,0,0,1,0,0,0,0,0,0,0,0,1
1247,1247,0,0,0c,00000,0,0,0,0,1,0,0,0,0,0,0ffb1,0,01,0,1f,4,1,0,0,0,1,02,0,0,0,0,1,0,0,0,1,0,0,0,0,0,0,0,0,1
1248,1248,0,0,0c,00000,0,0,0,0,1,0,0,0,0,0,0ffb2,0,01,0,1f,4,1,0,0,0,1,02,0,0,0,0,1,0,0,0,1,0,0,0,0,0,0,0,0,1
1249,1249,0,0,0c,00000,0,0,0,0,1,0,0,0,0,0,0ffb3,0,01,0,1f,4,1,0,0,0,1,02,0,0,0,0,1,0,0,0,1,0,0,0,0,0,0,0,0,1
1250,1250,0,0,0c,00000,0,0,0,0,1,0,0,0,0,0,0ffb4,0,01,0,1f,4,1,0,0,0,1,02,0,0,0,0,1,0,0,0,1,0,0,0,0,0,0,0,0,1
1251,1251,0,0,0c,00000,0,0,0,0,1,0,0,0,0,0,0ffb5,0,01,0,1f,4,1,0,0,0,1,02,0,0,0,0,1,0,0,0,1,0,0,0,0,0,0,0,0,1
1252,1252,0,0,0c,00000,0,0,0,0,1,0,0,0,0,0,0ffb6,0,01,0,1f,4,1,0,0,0,1,02,0,0,0,0,1,0,0,0,1,0,0,0,0,0,0,0,0,1
1253,1253,0,0,0c,00000,0,0,0,0,1,0,0,0,0,0,0ffb7,0,01,0,1f,4,1,0,0,0,1,02,0,0,0,0,1,0,0,0,1,0,0,0,0,0,0,0,0,1
1254,1254,0,0,0c,00000,0,0,0,0,1,0,0,0,0,0,0ffb8,0,01,0,1f,4,1,0,0,0,1,02,0,0,0,0,1,0,0,0,1,0,0,0,0,0,0,0,0,1
1255,1255,0,0,0c,00000,0,0,0,0,1,0,0,0,0,0,0ffb9,0,01,0,1f,4,1,0,0,0,1,02,0,0,0,0,1,0,0,0,1,0,0,0,0,0,0,0,0,1
1256,1256,0,0,0c,00000,0,0,0,0,1,0,0,0,0,0,0ffba,0,01,0,1f,4,1,0,0,0,1,02,0,0,0,0,1,0,0,0,1,0,0,0,0,0,0,0,0,1
1257,1257,0,0,0c,00000,0,0,0,0,1,0,0,0,0,0,0ffbb,0,01,0,1f,4,1,0,0,0,1,02,0,0,0,0,1,0,0,0,1,0,0,0,0,0,0,0,0,1
1258,1258,0,0,0c,00000,0,0,0,0,1,0,0,0,0,0,0ffbc,0,01,0,1f,4,1,0,0,0,1,02,0,0,0,0,1,0,0,0,1,0,0,0,0,0,0,0,0,1
1259,1259,0,0,0c,00000,0,0,0,0,1,0,0,0,0,0,0ffbd,0,01,0,1f,4,1,0,0,0,1,02,0,0,0,0,1,0,0,0,1,0,0,0,0,0,0,0,0,1
1260,1260,0,0,0c,00000,0,0,0,0,1,0,0,0,0,0,0ffbe,0,01,0,1f,4,1,0,0,0,1,02,0,0,0,0,1,0,0,0,1,0,0,0,0,0,0,0,0,1
1261,1261,0,0,0c,00000,0,0,0,0,1,0,0,0,0,0,0ffbf,0,01,0,1f,4,1,0,0,0,1,02,0,0,0,0,1,0,0,0,1,0,0,0,0,0,0,0,0,1
1262,1262,0,0,0c,00000,0,0,0,0,1,0,0,0,0,0,0ffc0,0,01,0,1f,4,1,0,0,0,1,02,0,0,0,0,1,0,0,0,1,0,0,0,0,0,0,0,0,1
1263,1263,0,0,0c,00000,0,0,0,0,1,0,0,0,0,0,0ffc1,0,01,0,1f,4,1,0,0,0,1,02,0,0,0,0,1,0,0,0,1,0,0,0,0,0,0,0,0,1
1264,1264,0,0,0c,00000,0,0,0,0,1,0,0,0,0,0,0ffc2,0,01,0,1f,4,1,0,0,0,1,02,0,0,0,0,1,0,0,0,1,0,0,0,0,0,0,0,0,1
1265,1265,0,0,0c,00000,0,0,0,0,1,0,0,0,0,0,0ffc3,0,01,0,1f,4,1,0,0,0,1,02,0,0,0,0,1,0,0,0,1,0,0,0,0,0,0,0,0,1
1266,1266,0,0,0c,00000,0,0,0,0,1,0,0,0,0,0,0ffc4,0,01,0,1f,4,1,0,0,0,1,02,0,0,0,0,1,0,0,0,1,0,0,0,0,0,0,0,0,1
1267,1267,0,0,0c,00000,0,0,0,0,1,0,0,0,0,0,0ffc5,0,01,0,1f,4,1,0,0,0,1,02,0,0,0,0,1,0,0,0,1,0,0,0,0,0,0,0,0,1
1268,1268,0,0,0c,00000,0,0,0,0,1,0,0,0,0,0,0ffc6,0,01,0,1f,4,1,0,0,0,1,02,0,0,0,0,1,0,0,0,1,0,0,0,0,0,0,0,0,1
1269,1269,0,0,0c,00000,0,0,0,0,1,0,0,0,0,0,0ffc7,0,01,0,1f,4,1,0,0,0,1,02,0,0,0,0,1,0,0,0,1,0,0,0,0,0,0,0,0,1
1270,1270,0,0,0c,00000,0,0,0,0,1,0,0,0,0,0,0ffc8,0,01,0,1f,4,1,0,0,0,1,02,0,0,0,0,1,0,0,0,1,0,0,0,0,0,0,0,0,1
1271,1271,0,0,0c,00000,0,0,0,0,1,0,0,0,0,0,0ffc9,0,01,0,1f,4,1,0,0,0,1,02,0,0,0,0,1,0,0,0,1,0,0,0,0,0,0,0,0,1
1272,1272,0,0,0c,00000,0,0,0,0,1,0,0,0,0,0,0ffca,0,01,0,1f,4,1,0,0,0,1,02,0,0,0,0,1,0,0,0,1,0,0,0,0,0,0,0,0,1
1273,1273,0,0,0c,00000,0,0,0,0,1,0,0,0,0,0,0ffcb,0,01,0,1f,4,1,0,0,0,1,02,0,0,0,0,1,0,0,0,1,0,0,0,0,0,0,0,0,1
1274,1274,0,0,0c,00000,0,0,0,0,1,0,0,0,0,0,0ffcc,0,01,0,1f,4,1,0,0,0,1,02,0,0,0,0,1,0,0,0,1,0,0,0,0,0,0,0,0,1
1275,1275,0,0,0c,00000,0,0,0,0,1,0,0,0,0,0,0ffcd,0,01,0,1f,4,1,0,0,0,1,02,0,0,0,0,1,0,0,0,1,0,0,0,0,0,0,0,0,1
1276,1276,0,0,0c,00000,0,0,0,0,1,0,0,0,0,0,0ffce,0,01,0,1f,4,1,0,0,0,1,02,0,0,0,0,1,0,0,0,1,0,0,0,0,0,0,0,0,1
1277,1277,0,0,0c,00000,0,0,0,0,1,0,0,0,0,0,0ffcf,0,01,0,1f,4,1,0,0,0,1,02,0,0,0,0,1,0,0,0,1,0,0,0,0,0,0,0,0,1
1278,1278,0,0,0c,00000,0,0,0,0,1,0,0,0,0,0,0ffd0,0,01,0,1f,4,1,0,0,0,1,02,0,0,0,0,1,0,0,0,1,0,0,0,0,0,0,0,0,1
1279,1279,0,0,0c,00000,0,0,0,0,1,0,0,0,0,0,0ffd1,0,01,0,1f,4,1,0,0,0,1,02,0,0,0,0,1,0,0,0,1,0,0,0,0,0,0,0,0,1
1280,1280,0,0,0c,00000,0,0,0,0,1,0,0,0,0,0,0ffd2,0,01,0,1f,4,1,0,0,0,1,02,0,0,0,0,1,0,0,0,1,0,0,0,0,0,0,0,0,1
1281,1281,0,0,0c,00000,0,0,0,0,1,0,0,0,0,0,0ffd3,0,01,0,1f,4,1,0,0,0,1,02,0,0,0,0,1,0,0,0,1,0,0,0,0,0,0,0,0,1
1282,1282,0,0,0c,00000,0,0,0,0,1,0,0,0,0,0,0ffd4,0,01,0,1f,4,1,0,0,0,1,02,0,0,0,0,1,0,0,0,1,0,0,0,0,0,0,0,0,1
1283,1283,0,0,0c,00000,0,0,0,0,1,0,0,0,0,0,0ffd5,0,01,0,1f,4,1,0,0,0,1,02,0,0,0,0,1,0,0,0,1,0,0,0,0,0,0,0,0,1
1284,1284,0,0,0c,00000,0,0,0,0,1,0,0,0,0,0,0ffd6,0,01,0,1f,4,1,0,0,0,1,02,0,0,0,0,1,0,0,0,1,0,0,0,0,0,0,0,0,1
1285,1285,0,0,0c,00000,0,0,0,0,1,0,0,0,0,0,0ffd7,0,01,0,1f,4,1,0,0,0,1,02,0,0,0,0,1,0,0,0,1,0,0,0,0,0,0,0,0,1
1286,1286,0,0,0c,00000,0,0,0,0,1,0,0,0,0,0,0ffd8,0,01,0,1f,4,1,0,0,0,1,02,0,0,0,0,1,0,0,0,1,0,0,0,0,0,0,0,0,1
1287,1287,0,0,0c,00000,0,0,0,0,1,0,0,0,0,0,0ffd9,0,01,0,1f,4,1,0,0,0,1,02,0,0,0,0,1,0,0,0,1,0,0,0,0,0,0,0,0,1
1288,1288,0,0,0c,00000,0,0,0,0,1,0,0,0,0,0,0ffda,0,01,0,1f,4,1,0,0,0,1,02,0,0,0,0,1,0,0,0,1,0,0,0,0,0,0,0,0,1
1289,1289,0,0,0c,00000,0,0,0,0,1,0,0,0,0,0,0ffdb,0,01,0,1f,4,1,0,0,0,1,02,0,0,0,0,1,0,0,0,1,0,0,0,0,0,0,0,0,1
1290,1290,0,0,0c,00000,0,0,0,0,1,0,0,0,0,0,0ffdc,0,01,0,1f,4,1,0,0,0,1,02,0,0,0,0,1,0,0,0,1,0,0,0,0,0,0,0,0,1
1291,1291,0,0,0c,00000,0,0,0,0,1,0,0,0,0,0,0ffdd,0,01,0,1f,4,1,0,0,0,1,02,0,0,0,0,1,0,0,0,1,0,0,0,0,0,0,0,0,1
1292,1292,0,0,0c,00000,0,0,0,0,1,0,0,0,0,0,0ffde,0,01,0,1f,4,1,0,0,0,1,02,0,0,0,0,1,0,0,0,1,0,0,0,0,0,0,0,0,1
1293,1293,0,0,0c,00000,0,0,0,0,1,0,0,0,0,0,0ffdf,0,01,0,1f,4,1,0,0,0,1,02,0,0,0,0,1,0,0,0,1,0,0,0,0,0,0,0,0,1
1294,1294,0,0,0c,00000,0,0,0,0,1,0,0,0,0,0,0ffe0,0,01,0,1f,4,1,0,0,0,1,02,0,0,0,0,1,0,0,0,1,0,0,0,0,0,0,0,0,1
1295,1295,0,0,0c,00000,0,0,0,0,1,0,0,0,0,0,0ffe1,0,01,0,1f,4,1,0,0,0,1,02,0,0,0,0,1,0,0,0,1,0,0,0,0,0,0,0,0,1
1296,1296,0,0,0c,00000,0,0,0,0,1,0,0,0,0,0,0ffe2,0,01,0,1f,4,1,0,0,0,1,02,0,0,0,0,1,0,0,0,1,0,0,0,0,0,0,0,0,1
1297,1297,0,0,0c,00000,0,0,0,0,1,0,0,0,0,0,0ffe3,0,01,0,1f,4,1,0,0,0,1,02,0,0,0,0,1,0,0,0,1,0,0,0,0,0,0,0,0,1
1298,1298,0,0,0c,00000,0,0,0,0,1,0,0,0,0,0,0ffe4,0,01,0,1f,4,1,0,0,0,1,02,0,0,0,0,1,0,0,0,1,0,0,0,0,0,0,0,0,1
1299,1299,0,0,0c,00000,0,0,0,0,1,0,0,0,0,0,0ffe5,0,01,0,1f,4,1,0,0,0,1,02,0,0,0,0,1,0,0,0,1,0,0,0,0,0,0,0,0,1
1300,1300,0,0,0c,00000,0,0,0,0,1,0,0,0,0,0,0ffe6,0,01,0,1f,4,1,0,0,0,1,02,0,0,0,0,1,0,0,0,1,0,0,0,0,0,0,0,0,1
1301,1301,0,0,0c,00000,0,0,0,0,1,0,0,0,0,0,0ffe7,0,01,0,1f,4,1,0,0,0,1,02,0,0,0,0,1,0,0,0,1,0,0,0,0,0,0,0,0,1
1302,1302,0,0,0c,00000,0,0,0,0,1,0,0,0,0,0,0ffe8,0,01,0,1f,4,1,0,0,0,1,02,0,0,0,0,1,0,0,0,1,0,0,0,0,0,0,0,0,1
1303,1303,0,0,0c,00000,0,0,0,0,1,0,0,0,0,0,0ffe9,0,01,0,1f,4,1,0,0,0,1,02,0,0,0,0,1,0,0,0,1,0,0,0,0,0,0,0,0,1
1304,1304,0,0,0c,00000,0,0,0,0,1,0,0,0,0,0,0ffea,0,01,0,1f,4,1,0,0,0,1,02,0,0,0,0,1,0,0,0,1,0,0,0,0,0,0,0,0,1
1305,1305,0,0,0c,00000,0,0,0,0,1,0,0,0,0,0,0ffeb,0,01,0,1f,4,1,0,0,0,1,02,0,0,0,0,1,0,0,0,1,0,0,0,0,0,0,0,0,1
1306,1306,0,0,0c,00000,0,0,0,0,1,0,0,0,0,0,0ffec,0,01,0,1f,4,1,0,0,0,1,02,0,0,0,0,1,0,0,0,1,0,0,0,0,0,0,0,0,1
1307,1307,0,0,0c,00000,0,0,0,0,1,0,0,0,0,0,0ffed,0,01,0,1f,4,1,0,0,0,1,02,0,0,0,0,1,0,0,0,1,0,0,0,0,0,0,0,0,1
1308,1308,0,0,0c,00000,0,0,0,0,1,0,0,0,0,0,0ffee,0,01,0,1f,4,1,0,0,0,1,02,0,0,0,0,1,0,0,0,1,0,0,0,0,0,0,0,0,1
1309,1309,0,0,0c,00000,0,0,0,0,1,0,0,0,0,0,0ffef,0,01,0,1f,4,1,0,0,0,1,02,0,0,0,0,1,0,0,0,1,0,0,0,0,0,0,0,0,1
1310,1310,0,0,0c,00000,0,0,0,0,1,0,0,0,0,0,0fff0,0,01,0,1f,4,1,0,0,0,1,02,0,0,0,0,1,0,0,0,1,0,0,0,0,0,0,0,0,1
1311,1311,0,0,0c,00000,0,0,0,0,1,0,0,0,0,0,0fff1,0,01,0,1f,4,1,0,0,0,1,02,0,0,0,0,1,0,0,0,1,0,0,0,0,0,0,0,0,1
1312,1312,0,0,0c,00000,0,0,0,0,1,0,0,0,0,0,0fff2,0,01,0,1f,4,1,0,0,0,1,02,0,0,0,0,1,0,0,0,1,0,0,0,0,0,0,0,0,1
1313,1313,0,0,0c,00000,0,0,0,0,1,0,0,0,0,0,0fff3,0,01,0,1f,4,1,0,0,0,1,02,0,0,0,0,1,0,0,0,1,0,0,0,0,0,0,0,0,1
1314,1314,0,0,0c,00000,0,0,0,0,1,0,0,0,0,0,0fff4,0,01,0,1f,4,1,0,0,0,1,02,0,0,0,0,1,0,0,0,1,0,0,0,0,0,0,0,0,1
1315,1315,0,0,0c,00000,0,0,0,0,1,0,0,0,0,0,0fff5,0,01,0,1f,4,1,0,0,0,1,02,0,0,0,0,1,0,0,0,1,0,0,0,0,0,0,0,0,1
1316,1316,0,0,0c,00000,0,0,0,0,1,0,0,0,0,0,0fff6,0,01,0,1f,4,1,0,0,0,1,02,0,0,0,0,1,0,0,0,1,0,0,0,0,0,0,0,0,1
1317,1317,0,0,0c,00000,0,0,0,0,1,0,0,0,0,0,0fff7,0,01,0,1f,4,1,0,0,0,1,02,0,0,0,0,1,0,0,0,1,0,0,0,0,0,0,0,0,1
1318,1318,0,0,0c,00000,0,0,0,0,1,0,0,0,0,0,0fff8,0,01,0,1f,4,1,0,0,0,1,02,0,0,0,0,1,0,0,0,1,0,0,0,0,0,0,0,0,1
1319,1319,0,0,0c,00000,0,0,0,0,1,0,0,0,0,0,0fff9,0,01,0,1f,4,1,0,0,0,1,02,0,0,0,0,1,0,0,0,1,0,0,0,0,0,0,0,0,1
1320,1320,0,0,0c,00000,0,0,0,0,1,0,0,0,0,0,0fffa,0,01,0,1f,4,1,0,0,0,1,02,0,0,0,0,1,0,0,0,1,0,0,0,0,0,0,0,0,1
1321,1321,0,0,0c,00000,0,0,0,0,1,0,0,0,0,0,0fffb,0,01,0,1f,4,1,0,0,0,1,02,0,0,0,0,1,0,0,0,1,0,0,0,0,0,0,0,0,1
1322,1322,0,0,0c,00000,0,0,0,0,1,0,0,0,0,0,0fffc,0,01,0,1f,4,1,0,0,0,1,02,0,0,0,0,1,0,0,0,1,0,0,0,0,0,0,0,0,1
1323,1323,0,0,0c,00000,0,0,0,0,1,0,0,0,0,0,0fffd,0,01,0,1f,4,1,0,0,0,1,02,0,0,0,0,1,0,0,0,1,0,0,0,0,0,0,0,0,1
1324,1324,0,0,0c,00000,0,0,0,0,1,0,0,0,0,0,0fffe,0,01,0,1f,4,1,0,0,0,1,02,0,0,0,0,1,0,0,0,1,0,0,0,0,0,0,0,0,1
1325,1325,0,0,0c,00000,0,0,0,0,1,0,0,0,0,0,0ffff,0,01,0,1f,4,1,0,0,0,1,02,0,0,0,0,1,0,0,0,1,0,0,0,0,0,0,0,0,1
1326,1326,0,0,0c,00000,0,0,0,0,1,0,0,0,0,0,10000,0,01,0,1f,4,1,0,0,0,1,02,0,0,0,0,1,0,0,0,1,0,0,0,0,0,0,0,0,1
1327,1327,0,0,0c,00000,0,0,0,0,1,0,0,0,0,0,00000,0,01,0,1f,4,1,0,0,0,1,02,0,0,0,0,1,0,0,0,1,0,0,0,0,0,0,0,0,1
1328,1328,0,0,0c,00000,0,0,0,0,1,0,0,0,0,0,00001,0,01,0,1f,4,1,0,0,0,1,02,0,0,0,0,1,0,0,0,1,0,0,0,0,0,0,0,0,1
1329,1329,0,0,0c,00000,0,0,0,0,1,0,0,0,0,0,00002,0,01,0,1f,4,1,0,0,0,1,02,0,0,0,0,1,0,0,0,1,0,0,0,0,0,0,0,0,1
1330,1330,0,0,0c,00000,0,0,0,0,1,0,0,0,0,0,00003,0,01,0,1f,4,1,0,0,0,1,02,0,0,0,0,1,0,0,0,1,0,0,0,0,0,0,0,0,1
1331,1331,0,0,0c,00000,0,0,0,0,1,0,0,0,0,0,00004,0,01,0,1f,4,1,0,0,0,1,02,0,0,0,0,1,0,0,0,1,0,0,0,0,0,0,0,0,1
1332,1332,0,0,0c,00000,0,0,0,0,1,0,0,0,0,0,00005,0,01,0,1f,4,1,0,0,0,1,02,0,0,0,0,1,0,0,0,1,0,0,0,0,0,0,0,0,1
1333,1333,0,0,0c,00000,0,0,0,0,1,0,0,0,0,0,00006,0,01,0,1f,4,1,0,0,0,1,02,0,0,0,0,1,0,0,0,1,0,0,0,0,0,0,0,0,1
1334,1334,0,0,0c,00000,0,0,0,0,1,0,0,0,0,0,00007,0,01,0,1f,4,1,0,0,0,1,02,0,0,0,0,1,0,0,0,1,0,0,0,0,0,0,0,0,1
1335,1335,0,0,0c,00000,0,0,0,0,1,0,0,0,0,0,00008,0,01,0,1f,4,1,0,0,0,1,02,0,0,0,0,1,0,0,0,1,0,0,0,0,0,0,0,0,1
1336,1336,0,0,0c,00000,0,0,0,0,1,0,0,0,0,0,00009,0,01,0,1f,4,1,0,0,0,1,02,0,0,0,0,1,0,0,0,1,0,0,0,0,0,0,0,0,1
1337,1337,0,0,0c,00000,0,0,0,0,1,0,0,0,0,0,0000a,0,01,0,1f,4,1,0,0,0,1,02,0,0,0,0,1,0,0,0,1,0,0,0,0,0,0,0,0,1
1338,1338,0,0,0c,00000,0,0,0,0,1,0,0,0,0,0,0000b,0,01,0,1f,4,1,0,0,0,1,02,0,0,0,0,1,0,0,0,1,0,0,0,0,0,0,0,0,1
1339,1339,0,0,0c,00000,0,0,0,0,1,0,0,0,0,0,0000c,0,01,0,1f,4,1,0,0,0,1,02,0,0,0,0,1,0,0,0,1,0,0,0,0,0,0,0,0,1
1340,1340,0,0,0c,00000,0,0,0,0,1,0,0,0,0,0,0000d,0,01,0,1f,4,1,0,0,0,1,02,0,0,0,0,1,0,0,0,1,0,0,0,0,0,0,0,0,1
1341,1341,0,0,0c,00000,0,0,0,0,1,0,0,0,0,0,0000e,0,01,0,1f,4,1,0,0,0,1,02,0,0,0,0,1,0,0,0,1,0,0,0,0,0,0,0,0,1
1342,1342,0,0,0c,00000,0,0,0,0,1,0,0,0,0,0,0000f,0,01,0,1f,4,1,0,0,0,1,02,0,0,0,0,1,0,0,0,1,0,0,0,0,0,0,0,0,1
1343,1343,0,0,0c,00000,0,0,0,0,1,0,0,0,0,0,00010,0,01,0,1f,4,1,0,0,0,1,02,0,0,0,0,1,0,0,0,1,0,0,0,0,0,0,0,0,1
1344,1344,0,0,0c,00000,0,0,0,0,1,0,0,0,0,0,00011,0,01,0,1f,4,1,0,0,0,1,02,0,0,0,0,1,0,0,0,1,0,0,0,0,0,0,0,0,1
1345,1345,0,0,0c,00000,0,0,0,0,1,0,0,0,0,0,00012,0,01,0,1f,4,1,0,0,0,1,02,0,0,0,0,1,0,0,0,1,0,0,0,0,0,0,0,0,1
1346,1346,0,0,0c,00000,0,0,0,0,1,0,0,0,0,0,00013,0,01,0,1f,4,1,0,0,0,1,02,0,0,0,0,1,0,0,0,1,0,0,0,0,0,0,0,0,1
1347,1347,0,0,0c,00000,0,0,0,0,1,0,0,0,0,0,00014,0,01,0,1f,4,1,0,0,0,1,02,0,0,0,0,1,0,0,0,1,0,0,0,0,0,0,0,0,1
1348,1348,0,0,0c,00000,0,0,0,0,1,0,0,0,0,0,00015,0,01,0,1f,4,1,0,0,0,1,02,0,0,0,0,1,0,0,0,1,0,0,0,0,0,0,0,0,1
1349,1349,0,0,0c,00000,0,0,0,0,1,0,0,0,0,0,00016,0,01,0,1f,4,1,0,0,0,1,02,0,0,0,0,1,0,0,0,1,0,0,0,0,0,0,0,0,1
1350,1350,0,0,0c,00000,0,0,0,0,1,0,0,0,0,0,00017,0,01,0,1f,4,1,0,0,0,1,02,0,0,0,0,1,0,0,0,1,0,0,0,0,0,0,0,0,1
1351,1351,0,0,0c,00000,0,0,0,0,1,0,0,0,0,0,00018,0,01,0,1f,4,1,0,0,0,1,02,0,0,0,0,1,0,0,0,1,0,0,0,0,0,0,0,0,1
1352,1352,0,0,0c,00000,0,0,0,0,1,0,0,0,0,0,00019,0,01,0,1f,4,1,0,0,0,1,02,0,0,0,0,1,0,0,0,1,0,0,0,0,0,0,0,0,1
1353,1353,0,0,0c,00000,0,0,0,0,1,0,0,0,0,0,0001a,0,01,0,1f,4,1,0,0,0,1,02,0,0,0,0,1,0,0,0,1,0,0,0,0,0,0,0,0,1
1354,1354,0,0,0c,00000,0,0,0,0,1,0,0,0,0,0,0001b,0,01,0,1f,4,1,0,0,0,1,02,0,0,0,0,1,0,0,0,1,0,0,0,0,0,0,0,0,1
1355,1355,0,0,0c,00000,0,0,0,0,1,0,0,0,0,0,0001c,0,01,0,1f,4,1,0,0,0,1,02,0,0,0,0,1,0,0,0,1,0,0,0,0,0,0,0,0,1
1356,1356,0,0,0c,00000,0,0,0,0,1,0,0,0,0,0,0001d,0,01,0,1f,4,1,0,0,0,1,02,0,0,0,0,1,0,0,0,1,0,0,0,0,0,0,0,0,1
1357,1357,0,0,0c,00000,0,0,0,0,1,0,0,0,0,0,0001e,0,01,0,1f,4,1,0,0,0,1,02,0,0,0,0,1,0,0,0,1,0,0,0,0,0,0,0,0,1
1358,1358,0,0,0c,00000,0,0,0,0,1,0,0,0,0,0,0001f,0,01,0,1f,4,1,0,0,0,1,02,0,0,0,0,1,0,0,0,1,0,0,0,0,0,0,0,0,1
1359,1359,0,0,0c,00000,0,0,0,0,1,0,0,0,0,0,00020,0,01,0,1f,4,1,0,0,0,1,02,0,0,0,0,1,0,0,0,1,0,0,0,0,0,0,0,0,1
1360,1360,0,0,0c,00000,0,0,0,0,1,0,0,0,0,0,00021,0,01,0,1f,4,1,0,0,0,1,02,0,0,0,0,1,0,0,0,1,0,0,0,0,0,0,0,0,1
1361,1361,0,0,0c,00000,0,0,0,0,1,0,0,0,0,0,00022,0,01,0,1f,4,1,0,0,0,1,02,0,0,0,0,1,0,0,0,1,0,0,0,0,0,0,0,0,1
1362,1362,0,0,0c,00000,0,0,0,0,1,0,0,0,0,0,00023,0,01,0,1f,4,1,0,0,0,1,02,0,0,0,0,1,0,0,0,1,0,0,0,0,0,0,0,0,1
1363,1363,0,0,0c,00000,0,0,0,0,1,0,0,0,0,0,00024,0,01,0,1f,4,1,0,0,0,1,02,0,0,0,0,1,0,0,0,1,0,0,0,0,0,0,0,0,1
1364,1364,0,0,0c,00000,0,0,0,0,1,0,0,0,0,0,00025,0,01,0,1f,4,1,0,0,0,1,02,0,0,0,0,1,0,0,0,1,0,0,0,0,0,0,0,0,1
1365,1365,0,0,0c,00000,0,0,0,0,1,0,0,0,0,0,00026,0,01,0,1f,4,1,0,0,0,1,02,0,0,0,0,1,0,0,0,1,0,0,0,0,0,0,0,0,1
1366,1366,0,0,0c,00000,0,0,0,0,1,0,0,0,0,0,00027,0,01,0,1f,4,1,0,0,0,1,02,0,0,0,0,1,0,0,0,1,0,0,0,0,0,0,0,0,1
1367,1367,0,0,0c,00000,0,0,0,0,1,0,0,0,0,0,00028,0,01,0,1f,4,1,0,0,0,1,02,0,0,0,0,1,0,0,0,1,0,0,0,0,0,0,0,0,1
1368,1368,0,0,0c,00000,0,0,0,0,1,0,0,0,0,0,00029,0,01,0,1f,4,1,0,0,0,1,02,0,0,0,0,1,0,0,0,1,0,0,0,0,0,0,0,0,1
1369,1369,0,0,0c,00000,0,0,0,0,1,0,0,0,0,0,0002a,0,01,0,1f,4,1,0,0,0,1,02,0,0,0,0,1,0,0,0,1,0,0,0,0,0,0,0,0,1
1370,1370,0,0,0c,00000,0,0,0,0,1,0,0,0,0,0,0002b,0,01,0,1f,4,1,0,0,0,1,02,0,0,0,0,1,0,0,0,1,0,0,0,0,0,0,0,0,1
1371,1371,0,0,0c,00000,0,0,0,0,1,0,0,0,0,0,0002c,0,01,0,1f,4,1,0,0,0,1,02,0,0,0,0,1,0,0,0,1,0,0,0,0,0,0,0,0,1
1372,1372,0,0,0c,00000,0,0,0,0,1,0,0,0,0,0,0002d,0,01,0,1f,4,1,0,0,0,1,02,0,0,0,0,1,0,0,0,1,0,0,0,0,0,0,0,0,1
1373,1373,0,0,0c,00000,0,0,0,0,1,0,0,0,0,0,0002e,0,01,0,1f,4,1,0,0,0,1,02,0,0,0,0,1,0,0,0,1,0,0,0,0,0,0,0,0,1
1374,1374,0,0,0c,00000,0,0,0,0,1,0,0,0,0,0,0002f,0,01,0,1f,4,1,0,0,0,1,02,0,0,0,0,1,0,0,0,1,0,0,0,0,0,0,0,0,1
1375,1375,0,0,0c,00000,0,0,0,0,1,0,0,0,0,0,00030,0,01,0,1f,4,1,0,0,0,1,02,0,0,0,0,1,0,0,0,1,0,0,0,0,0,0,0,0,1
1376,1376,0,0,0c,00000,0,0,0,0,1,0,0,0,0,0,00031,0,01,0,1f,4,1,0,0,0,1,02,0,0,0,0,1,0,0,0,1,0,0,0,0,0,0,0,0,1
1377,1377,0,0,0c,00000,0,0,0,0,1,0,0,0,0,0,00032,0,01,0,1f,4,1,0,0,0,1,02,0,0,0,0,1,0,0,0,1,0,0,0,0,0,0,0,0,1
1378,1378,0,0,0c,00000,0,0,0,0,1,0,0,0,0,0,00033,0,01,0,1f,4,1,0,0,0,1,02,0,0,0,0,1,0,0,0,1,0,0,0,0,0,0,0,0,1
1379,1379,0,0,0c,00000,0,0,0,0,1,0,0,0,0,0,00034,0,01,0,1f,4,1,0,0,0,1,02,0,0,0,0,1,0,0,0,1,0,0,0,0,0,0,0,0,1
1380,1380,0,0,0c,00000,0,0,0,0,1,0,0,0,0,0,00035,0,01,0,1f,4,1,0,0,0,1,02,0,0,0,0,1,0,0,0,1,0,0,0,0,0,0,0,0,1
1381,1381,0,0,0c,00000,0,0,0,0,1,0,0,0,0,0,00036,0,01,0,1f,4,1,0,0,0,1,02,0,0,0,0,1,0,0,0,1,0,0,0,0,0,0,0,0,1
1382,1382,0,0,0c,00000,0,0,0,0,1,0,0,0,0,0,00037,0,01,0,1f,4,1,0,0,0,1,02,0,0,0,0,1,0,0,0,1,0,0,0,0,0,0,0,0,1
1383,1383,0,0,0c,00000,0,0,0,0,1,0,0,0,0,0,00038,0,01,0,1f,4,1,0,0,0,1,02,0,0,0,0,1,0,0,0,1,0,0,0,0,0,0,0,0,1
1384,1384,0,0,0c,00000,0,0,0,0,1,0,0,0,0,0,00039,0,01,0,1f,4,1,0,0,0,1,02,0,0,0,0,1,0,0,0,1,0,0,0,0,0,0,0,0,1
1385,1385,0,0,0c,00000,0,0,0,0,1,0,0,0,0,0,0003a,0,01,0,1f,4,1,0,0,0,1,02,0,0,0,0,1,0,0,0,1,0,0,0,0,0,0,0,0,1
1386,1386,0,0,0c,00000,0,0,0,0,1,0,0,0,0,0,0003b,0,01,0,1f,4,1,0,0,0,1,02,0,0,0,0,1,0,0,0,1,0,0,0,0,0,0,0,0,1
1387,1387,0,0,0c,00000,0,0,0,0,1,0,0,0,0,0,0003c,0,01,0,1f,4,1,0,0,0,1,02,0,0,0,0,1,0,0,0,1,0,0,0,0,0,0,0,0,1
1388,1388,0,0,0c,00000,0,0,0,0,1,0,0,0,0,0,0003d,0,01,0,1f,4,1,0,0,0,1,02,0,0,0,0,1,0,0,0,1,0,0,0,0,0,0,0,0,1
1389,1389,0,0,0c,00000,0,0,0,0,1,0,0,0,0,0,0003e,0,01,0,1f,4,1,0,0,0,1,02,0,0,0,0,1,0,0,0,1,0,0,0,0,0,0,0,0,1
1390,1390,0,0,0c,00000,0,0,0,0,1,0,0,0,0,0,0003f,0,01,0,1f,4,1,0,0,0,1,02,0,0,0,0,1,0,0,0,1,0,0,0,0,0,0,0,0,1
1391,1391,0,0,0c,00000,0,0,0,0,1,0,0,0,0,0,00040,0,01,0,1f,4,1,0,0,0,1,02,0,0,0,0,1,0,0,0,1,0,0,0,0,0,0,0,0,1
1392,1392,0,0,0c,00000,0,0,0,0,1,0,0,0,0,0,00041,0,01,0,1f,4,1,0,0,0,1,02,0,0,0,0,1,0,0,0,1,0,0,0,0,0,0,0,0,1
1393,1393,0,0,0c,00000,0,0,0,0,1,0,0,0,0,0,00042,0,01,0,1f,4,1,0,0,0,1,02,0,0,0,0,1,0,0,0,1,0,0,0,0,0,0,0,0,1
1394,1394,0,0,0c,00000,0,0,0,0,1,0,0,0,0,0,00043,0,01,0,1f,4,1,0,0,0,1,02,0,0,0,0,1,0,0,0,1,0,0,0,0,0,0,0,0,1
1395,1395,0,0,0c,00000,0,0,0,0,1,0,0,0,0,0,00044,0,01,0,1f,4,1,0,0,0,1,02,0,0,0,0,1,0,0,0,1,0,0,0,0,0,0,0,0,1
1396,1396,0,0,0c,00000,0,0,0,0,1,0,0,0,0,0,00045,0,01,0,1f,4,1,0,0,0,1,02,0,0,0,0,1,0,0,0,1,0,0,0,0,0,0,0,0,1
1397,1397,0,0,0c,00000,0,0,0,0,1,0,0,0,0,0,00046,0,01,0,1f,4,1,0,0,0,1,02,0,0,0,0,1,0,0,0,1,0,0,0,0,0,0,0,0,1
1398,1398,0,0,0c,00000,0,0,0,0,1,0,0,0,0,0,00047,0,01,0,1f,4,1,0,0,0,1,02,0,0,0,0,1,0,0,0,1,0,0,0,0,0,0,0,0,1
1399,1399,0,0,0c,00000,0,0,0,0,1,0,0,0,0,0,00048,0,01,0,1f,4,1,0,0,0,1,02,0,0,0,0,1,0,0,0,1,0,0,0,0,0,0,0,0,1
1400,1400,0,0,0c,00000,0,0,0,0,1,0,0,0,0,0,00049,0,01,0,1f,4,1,0,0,0,1,02,0,0,0,0,1,0,0,0,1,0,0,0,0,0,0,0,0,1
1401,1401,0,0,0c,00000,0,0,0,0,1,0,0,0,0,0,0004a,0,01,0,1f,4,1,0,0,0,1,02,0,0,0,0,1,0,0,0,1,0,0,0,0,0,0,0,0,1
1402,1402,0,0,0c,00000,0,0,0,0,1,0,0,0,0,0,0004b,0,01,0,1f,4,1,0,0,0,1,02,0,0,0,0,1,0,0,0,1,0,0,0,0,0,0,0,0,1
1403,1403,0,0,0c,00000,0,0,0,0,1,0,0,0,0,0,0004c,0,01,0,1f,4,1,0,0,0,1,02,0,0,0,0,1,0,0,0,1,0,0,0,0,0,0,0,0,1
1404,1404,0,0,0c,00000,0,0,0,0,1,0,0,0,0,0,0004d,0,01,0,1f,4,1,0,0,0,1,02,0,0,0,0,1,0,0,0,1,0,0,0,0,0,0,0,0,1
1405,1405,0,0,0c,00000,0,0,0,0,1,0,0,0,0,0,0004e,0,01,0,1f,4,1,0,0,0,1,02,0,0,0,0,1,0,0,0,1,0,0,0,0,0,0,0,0,1
1406,1406,0,0,0c,00000,0,0,0,0,1,0,0,0,0,0,0004f,0,01,0,1f,4,1,0,0,0,1,02,0,0,0,0,1,0,0,0,1,0,0,0,0,0,0,0,0,1
1407,1407,0,0,0c,00000,0,0,0,0,1,0,0,0,0,0,00050,0,01,0,1f,4,1,0,0,0,1,02,0,0,0,0,1,0,0,0,1,0,0,0,0,0,0,0,0,1
1408,1408,0,0,0c,00000,0,0,0,0,1,0,0,0,0,0,00051,0,01,0,1f,4,1,0,0,0,1,02,0,0,0,0,1,0,0,0,1,0,0,0,0,0,0,0,0,1
1409,1409,0,0,0c,00000,0,0,0,0,1,0,0,0,0,0,00052,0,01,0,1f,4,1,0,0,0,1,02,0,0,0,0,1,0,0,0,1,0,0,0,0,0,0,0,0,1
1410,1410,0,0,0c,00000,0,0,0,0,1,0,0,0,0,0,00053,0,01,0,1f,4,1,0,0,0,1,02,0,0,0,0,1,0,0,0,1,0,0,0,0,0,0,0,0,1
1411,1411,0,0,0c,00000,0,0,0,0,1,0,0,0,0,0,00054,0,01,0,1f,4,1,0,0,0,1,02,0,0,0,0,1,0,0,0,1,0,0,0,0,0,0,0,0,1
1412,1412,0,0,0c,00000,0,0,0,0,1,0,0,0,0,0,00055,0,01,0,1f,4,1,0,0,0,1,02,0,0,0,0,1,0,0,0,1,0,0,0,0,0,0,0,0,1
1413,1413,0,0,0c,00000,0,0,0,0,1,0,0,0,0,0,00056,0,01,0,1f,4,1,0,0,0,1,02,0,0,0,0,1,0,0,0,1,0,0,0,0,0,0,0,0,1
1414,1414,0,0,0c,00000,0,0,0,0,1,0,0,0,0,0,00057,0,01,0,1f,4,1,0,0,0,1,02,0,0,0,0,1,0,0,0,1,0,0,0,0,0,0,0,0,1
1415,1415,0,0,0c,00000,0,0,0,0,1,0,0,0,0,0,00058,0,01,0,1f,4,1,0,0,0,1,02,0,0,0,0,1,0,0,0,1,0,0,0,0,0,0,0,0,1
1416,1416,0,0,0c,00000,0,0,0,0,1,0,0,0,0,0,00059,0,01,0,1f,4,1,0,0,0,1,02,0,0,0,0,1,0,0,0,1,0,0,0,0,0,0,0,0,1
1417,1417,0,0,0c,00000,0,0,0,0,1,0,0,0,0,0,0005a,0,01,0,1f,4,1,0,0,0,1,02,0,0,0,0,1,0,0,0,1,0,0,0,0,0,0,0,0,1
1418,1418,0,0,0c,00000,0,0,0,0,1,0,0,0,0,0,0005b,0,01,0,1f,4,1,0,0,0,1,02,0,0,0,0,1,0,0,0,1,0,0,0,0,0,0,0,0,1
1419,1419,0,0,0c,00000,0,0,0,0,1,0,0,0,0,0,0005c,0,01,0,1f,4,1,0,0,0,1,02,0,0,0,0,1,0,0,0,1,0,0,0,0,0,0,0,0,1
1420,1420,0,0,0c,00000,0,0,0,0,1,0,0,0,0,0,0005d,0,01,0,1f,4,1,0,0,0,1,02,0,0,0,0,1,0,0,0,1,0,0,0,0,0,0,0,0,1
1421,1421,0,0,0c,00000,0,0,0,0,1,0,0,0,0,0,0005e,0,01,0,1f,4,1,0,0,0,1,02,0,0,0,0,1,0,0,0,1,0,0,0,0,0,0,0,0,1
1422,1422,0,0,0c,00000,0,0,0,0,1,0,0,0,0,0,0005f,0,01,0,1f,4,1,0,0,0,1,02,0,0,0,0,1,0,0,0,1,0,0,0,0,0,0,0,0,1
1423,1423,0,0,0c,00000,0,0,0,0,1,0,0,0,0,0,00060,0,01,0,1f,4,1,0,0,0,1,02,0,0,0,0,1,0,0,0,1,0,0,0,0,0,0,0,0,1
1424,1424,0,0,0c,00000,0,0,0,0,1,0,0,0,0,0,00061,0,01,0,1f,4,1,0,0,0,1,02,0,0,0,0,1,0,0,0,1,0,0,0,0,0,0,0,0,1
1425,1425,0,0,0c,00000,0,0,0,0,1,0,0,0,0,0,00062,0,01,0,1f,4,1,0,0,0,1,02,0,0,0,0,1,0,0,0,1,0,0,0,0,0,0,0,0,1
1426,1426,0,0,0c,00000,0,0,0,0,1,0,0,0,0,0,00063,0,01,0,1f,4,1,0,0,0,1,02,0,0,0,0,1,0,0,0,1,0,0,0,0,0,0,0,0,1
1427,1427,0,0,0c,00000,0,0,0,0,1,0,0,0,0,0,00064,0,01,0,1f,4,1,0,0,0,1,02,0,0,0,0,1,0,0,0,1,0,0,0,0,0,0,0,0,1
1428,1428,0,0,0c,00000,0,0,0,0,1,0,0,0,0,0,00065,0,01,0,1f,4,1,0,0,0,1,02,0,0,0,0,1,0,0,0,1,0,0,0,0,0,0,0,0,1
1429,1429,0,0,0c,00000,0,0,0,0,1,0,0,0,0,0,00066,0,01,0,1f,4,1,0,0,0,1,02,0,0,0,0,1,0,0,0,1,0,0,0,0,0,0,0,0,1
1430,1430,0,0,0c,00000,0,0,0,0,1,0,0,0,0,0,00067,0,01,0,1f,4,1,0,0,0,1,02,0,0,0,0,1,0,0,0,1,0,0,0,0,0,0,0,0,1
1431,1431,0,0,0c,00000,0,0,0,0,1,0,0,0,0,0,00068,0,01,0,1f,4,1,0,0,0,1,02,0,0,0,0,1,0,0,0,1,0,0,0,0,0,0,0,0,1
1432,1432,0,0,0c,00000,0,0,0,0,1,0,0,0,0,0,00069,0,01,0,1f,4,1,0,0,0,1,02,0,0,0,0,1,0,0,0,1,0,0,0,0,0,0,0,0,1
1433,1433,0,0,0c,00000,0,0,0,0,1,0,0,0,0,0,0006a,0,01,0,1f,4,1,0,0,0,1,02,0,0,0,0,1,0,0,0,1,0,0,0,0,0,0,0,0,1
1434,1434,0,0,0c,00000,0,0,0,0,1,0,0,0,0,0,0006b,0,01,0,1f,4,1,0,0,0,1,02,0,0,0,0,1,0,0,0,1,0,0,0,0,0,0,0,0,1
1435,1435,0,0,0c,00000,0,0,0,0,1,0,0,0,0,0,0006c,0,01,0,1f,4,1,0,0,0,1,02,0,0,0,0,1,0,0,0,1,0,0,0,0,0,0,0,0,1
1436,1436,0,0,0c,00000,0,0,0,0,1,0,0,0,0,0,0006d,0,01,0,1f,4,1,0,0,0,1,02,0,0,0,0,1,0,0,0,1,0,0,0,0,0,0,0,0,1
1437,1437,0,0,0c,00000,0,0,0,0,1,0,0,0,0,0,0006e,0,01,0,1f,4,1,0,0,0,1,02,0,0,0,0,1,0,0,0,1,0,0,0,0,0,0,0,0,1
1438,1438,0,0,0c,00000,0,0,0,0,1,0,0,0,0,0,0006f,0,01,0,1f,4,1,0,0,0,1,02,0,0,0,0,1,0,0,0,1,0,0,0,0,0,0,0,0,1
1439,1439,0,0,0c,00000,0,0,0,0,1,0,0,0,0,0,00070,0,01,0,1f,4,1,0,0,0,1,02,0,0,0,0,1,0,0,0,1,0,0,0,0,0,0,0,0,1
1440,1440,0,0,0c,00000,0,0,0,0,1,0,0,0,0,0,00071,0,01,0,1f,4,1,0,0,0,1,02,0,0,0,0,1,0,0,0,1,0,0,0,0,0,0,0,0,1
1441,1441,0,0,0c,00000,0,0,0,0,1,0,0,0,0,0,00072,0,01,0,1f,4,1,0,0,0,1,02,0,0,0,0,1,0,0,0,1,0,0,0,0,0,0,0,0,1
1442,1442,0,0,0c,00000,0,0,0,0,1,0,0,0,0,0,00073,0,01,0,1f,4,1,0,0,0,1,02,0,0,0,0,1,0,0,0,1,0,0,0,0,0,0,0,0,1
1443,1443,0,0,0c,00000,0,0,0,0,1,0,0,0,0,0,00074,0,01,0,1f,4,1,0,0,0,1,02,0,0,0,0,1,0,0,0,1,0,0,0,0,0,0,0,0,1
1444,1444,0,0,0c,00000,0,0,0,0,1,0,0,0,0,0,00075,0,01,0,1f,4,1,0,0,0,1,02,0,0,0,0,1,0,0,0,1,0,0,0,0,0,0,0,0,1
1445,1445,0,0,0c,00000,0,0,0,0,1,0,0,0,0,0,00076,0,01,0,1f,4,1,0,0,0,1,02,0,0,0,0,1,0,0,0,1,0,0,0,0,0,0,0,0,1
1446,1446,0,0,0c,00000,0,0,0,0,1,0,0,0,0,0,00077,0,01,0,1f,4,1,0,0,0,1,02,0,0,0,0,1,0,0,0,1,0,0,0,0,0,0,0,0,1
1447,1447,0,0,0c,00000,0,0,0,0,1,0,0,0,0,0,00078,0,01,0,1f,4,1,0,0,0,1,02,0,0,0,0,1,0,0,0,1,0,0,0,0,0,0,0,0,1
1448,1448,0,0,0c,00000,0,0,0,0,1,0,0,0,0,0,00079,0,01,0,1f,4,1,0,0,0,1,02,0,0,0,0,1,0,0,0,1,0,0,0,0,0,0,0,0,1
1449,1449,0,0,0c,00000,0,0,0,0,1,0,0,0,0,0,0007a,0,01,0,1f,4,1,0,0,0,1,02,0,0,0,0,1,0,0,0,1,0,0,0,0,0,0,0,0,1
1450,1450,0,0,0c,00000,0,0,0,0,1,0,0,0,0,0,0007b,0,01,0,1f,4,1,0,0,0,1,02,0,0,0,0,1,0,0,0,1,0,0,0,0,0,0,0,0,1
1451,1451,0,0,0c,00000,0,0,0,0,1,0,0,0,0,0,0007c,0,01,0,1f,4,1,0,0,0,1,02,0,0,0,0,1,0,0,0,1,0,0,0,0,0,0,0,0,1
1452,1452,0,0,0c,00000,0,0,0,0,1,0,0,0,0,0,0007d,0,01,0,1f,4,1,0,0,0,1,02,0,0,0,0,1,0,0,0,1,0,0,0,0,0,0,0,0,1
1453,1453,0,0,0c,00000,0,0,0,0,1,0,0,0,0,0,0007e,0,01,0,1f,4,1,0,0,0,1,02,0,0,0,0,1,0,0,0,1,0,0,0,0,0,0,0,0,1
1454,1454,0,0,0c,00000,0,0,0,0,1,0,0,0,0,0,0007f,0,01,0,1f,4,1,0,0,0,1,02,0,0,0,0,1,0,0,0,1,0,0,0,0,0,0,0,0,1
1455,1455,0,0,0c,00000,0,0,0,0,1,0,0,0,0,0,00080,0,01,0,1f,4,1,0,0,0,1,02,0,0,0,0,1,0,0,0,1,0,0,0,0,0,0,0,0,1
1456,1456,0,0,0c,00000,0,0,0,0,1,0,0,0,0,0,00081,0,01,0,1f,4,1,0,0,0,1,02,0,0,0,0,1,0,0,0,1,0,0,0,0,0,0,0,0,1
1457,1457,0,0,0c,00000,0,0,0,0,1,0,0,0,0,0,00082,0,01,0,1f,4,1,0,0,0,1,02,0,0,0,0,1,0,0,0,1,0,0,0,0,0,0,0,0,1
1458,1458,0,0,0c,00000,0,0,0,0,1,0,0,0,0,0,00083,0,01,0,1f,4,1,0,0,0,1,02,0,0,0,0,1,0,0,0,1,0,0,0,0,0,0,0,0,1
1459,1459,0,0,0c,00000,0,0,0,0,1,0,0,0,0,0,00084,0,01,0,1f,4,1,0,0,0,1,02,0,0,0,0,1,0,0,0,1,0,0,0,0,0,0,0,0,1
1460,1460,0,0,0c,00000,0,0,0,0,1,0,0,0,0,0,00085,0,01,0,1f,4,1,0,0,0,1,02,0,0,0,0,1,0,0,0,1,0,0,0,0,0,0,0,0,1
1461,1461,0,0,0c,00000,0,0,0,0,1,0,0,0,0,0,00086,0,01,0,1f,4,1,0,0,0,1,02,0,0,0,0,1,0,0,0,1,0,0,0,0,0,0,0,0,1
1462,1462,0,0,0c,00000,0,0,0,0,1,0,0,0,0,0,00087,0,01,0,1f,4,1,0,0,0,1,02,0,0,0,0,1,0,0,0,1,0,0,0,0,0,0,0,0,1
1463,1463,0,0,0c,00000,0,0,0,0,1,0,0,0,0,0,00088,0,01,0,1f,4,1,0,0,0,1,02,0,0,0,0,1,0,0,0,1,0,0,0,0,0,0,0,0,1
1464,1464,0,0,0c,00000,0,0,0,0,1,0,0,0,0,0,00089,0,01,0,1f,4,1,0,0,0,1,02,0,0,0,0,1,0,0,0,1,0,0,0,0,0,0,0,0,1
1465,1465,0,0,0c,00000,0,0,0,0,1,0,0,0,0,0,0008a,0,01,0,1f,4,1,0,0,0,1,02,0,0,0,0,1,0,0,0,1,0,0,0,0,0,0,0,0,1
1466,1466,0,0,0c,00000,0,0,0,0,1,0,0,0,0,0,0008b,0,01,0,1f,4,1,0,0,0,1,02,0,0,0,0,1,0,0,0,1,0,0,0,0,0,0,0,0,1
1467,1467,0,0,0c,00000,0,0,0,0,1,0,0,0,0,0,0008c,0,01,0,1f,4,1,0,0,0,1,02,0,0,0,0,1,0,0,0,1,0,0,0,0,0,0,0,0,1
1468,1468,0,0,0c,00000,0,0,0,0,1,0,0,0,0,0,0008d,0,01,0,1f,4,1,0,0,0,1,02,0,0,0,0,1,0,0,0,1,0,0,0,0,0,0,0,0,1
1469,1469,0,0,0c,00000,0,0,0,0,1,0,0,0,0,0,0008e,0,01,0,1f,4,1,0,0,0,1,02,0,0,0,0,1,0,0,0,1,0,0,0,0,0,0,0,0,1
1470,1470,0,0,0c,00000,0,0,0,0,1,0,0,0,0,0,0008f,0,01,0,1f,4,1,0,0,0,1,02,0,0,0,0,1,0,0,0,1,0,0,0,0,0,0,0,0,1
1471,1471,0,0,0c,00000,0,0,0,0,1,0,0,0,0,0,00090,0,01,0,1f,4,1,0,0,0,1,02,0,0,0,0,1,0,0,0,1,0,0,0,0,0,0,0,0,1
1472,1472,0,0,0c,00000,0,0,0,0,1,0,0,0,0,0,00091,0,01,0,1f,4,1,0,0,0,1,02,0,0,0,0,1,0,0,0,1,0,0,0,0,0,0,0,0,1
1473,1473,0,0,0c,00000,0,0,0,0,1,0,0,0,0,0,00092,0,01,0,1f,4,1,0,0,0,1,02,0,0,0,0,1,0,0,0,1,0,0,0,0,0,0,0,0,1
1474,1474,0,0,0c,00000,0,0,0,0,1,0,0,0,0,0,00093,0,01,0,1f,4,1,0,0,0,1,02,0,0,0,0,1,0,0,0,1,0,0,0,0,0,0,0,0,1
1475,1475,0,0,0c,00000,0,0,0,0,1,0,0,0,0,0,00094,0,01,0,1f,4,1,0,0,0,1,02,0,0,0,0,1,0,0,0,1,0,0,0,0,0,0,0,0,1
1476,1476,0,0,0c,00000,0,0,0,0,1,0,0,0,0,0,00095,0,01,0,1f,4,1,0,0,0,1,02,0,0,0,0,1,0,0,0,1,0,0,0,0,0,0,0,0,1
1477,1477,0,0,0c,00000,0,0,0,0,1,0,0,0,0,0,00096,0,01,0,1f,4,1,0,0,0,1,02,0,0,0,0,1,0,0,0,1,0,0,0,0,0,0,0,0,1
1478,1478,0,0,0c,00000,0,0,0,0,1,0,0,0,0,0,00097,0,01,0,1f,4,1,0,0,0,1,02,0,0,0,0,1,0,0,0,1,0,0,0,0,0,0,0,0,1
1479,1479,0,0,0c,00000,0,0,0,0,1,0,0,0,0,0,00098,0,01,0,1f,4,1,0,0,0,1,02,0,0,0,0,1,0,0,0,1,0,0,0,0,0,0,0,0,1
1480,1480,0,0,0c,00000,0,0,0,0,1,0,0,0,0,0,00099,0,01,0,1f,4,1,0,0,0,1,02,0,0,0,0,1,0,0,0,1,0,0,0,0,0,0,0,0,1
1481,1481,0,0,0c,00000,0,0,0,0,1,0,0,0,0,0,0009a,0,01,0,1f,4,1,0,0,0,1,02,0,0,0,0,1,0,0,0,1,0,0,0,0,0,0,0,0,1
1482,1482,0,0,0c,00000,0,0,0,0,1,0,0,0,0,0,0009b,0,01,0,1f,4,1,0,0,0,1,02,0,0,0,0,1,0,0,0,1,0,0,0,0,0,0,0,0,1
1483,1483,0,0,0c,00000,0,0,0,0,1,0,0,0,0,0,0009c,0,01,0,1f,4,1,0,0,0,1,02,0,0,0,0,1,0,0,0,1,0,0,0,0,0,0,0,0,1
1484,1484,0,0,0c,00000,0,0,0,0,1,0,0,0,0,0,0009d,0,01,0,1f,4,1,0,0,0,1,02,0,0,0,0,1,0,0,0,1,0,0,0,0,0,0,0,0,1
1485,1485,0,0,0c,00000,0,0,0,0,1,0,0,0,0,0,0009e,0,01,0,1f,4,1,0,0,0,1,02,0,0,0,0,1,0,0,0,1,0,0,0,0,0,0,0,0,1
1486,1486,0,0,0c,00000,0,0,0,0,1,0,0,0,0,0,0009f,0,01,0,1f,4,1,0,0,0,1,02,0,0,0,0,1,0,0,0,1,0,0,0,0,0,0,0,0,1
1487,1487,0,0,0c,00000,0,0,0,0,1,0,0,0,0,0,000a0,0,01,0,1f,4,1,0,0,0,1,02,0,0,0,0,1,0,0,0,1,0,0,0,0,0,0,0,0,1
1488,1488,0,0,0c,00000,0,0,0,0,1,0,0,0,0,0,000a1,0,01,0,1f,4,1,0,0,0,1,02,0,0,0,0,1,0,0,0,1,0,0,0,0,0,0,0,0,1
1489,1489,0,0,0c,00000,0,0,0,0,1,0,0,0,0,0,000a2,0,01,0,1f,4,1,0,0,0,1,02,0,0,0,0,1,0,0,0,1,0,0,0,0,0,0,0,0,1
1490,1490,0,0,0c,00000,0,0,0,0,1,0,0,0,0,0,000a3,0,01,0,1f,4,1,0,0,0,1,02,0,0,0,0,1,0,0,0,1,0,0,0,0,0,0,0,0,1
1491,1491,0,0,0c,00000,0,0,0,0,1,0,0,0,0,0,000a4,0,01,0,1f,4,1,0,0,0,1,02,0,0,0,0,1,0,0,0,1,0,0,0,0,0,0,0,0,1
1492,1492,0,0,0c,00000,0,0,0,0,1,0,0,0,0,0,000a5,0,01,0,1f,4,1,0,0,0,1,02,0,0,0,0,1,0,0,0,1,0,0,0,0,0,0,0,0,1
1493,1493,0,0,0c,00000,0,0,0,0,1,0,0,0,0,0,000a6,0,01,0,1f,4,1,0,0,0,1,02,0,0,0,0,1,0,0,0,1,0,0,0,0,0,0,0,0,1
1494,1494,0,0,0c,00000,0,0,0,0,1,0,0,0,0,0,000a7,0,01,0,1f,4,1,0,0,0,1,02,0,0,0,0,1,0,0,0,1,0,0,0,0,0,0,0,0,1
1495,1495,0,0,0c,00000,0,0,0,0,1,0,0,0,0,0,000a8,0,01,0,1f,4,1,0,0,0,1,02,0,0,0,0,1,0,0,0,1,0,0,0,0,0,0,0,0,1
1496,1496,0,0,0c,00000,0,0,0,0,1,0,0,0,0,0,000a9,0,01,0,1f,4,1,0,0,0,1,02,0,0,0,0,1,0,0,0,1,0,0,0,0,0,0,0,0,1
1497,1497,0,0,0c,00000,0,0,0,0,1,0,0,0,0,0,000aa,0,01,0,1f,4,1,0,0,0,1,02,0,0,0,0,1,0,0,0,1,0,0,0,0,0,0,0,0,1
1498,1498,0,0,0c,00000,0,0,0,0,1,0,0,0,0,0,000ab,0,01,0,1f,4,1,0,0,0,1,02,0,0,0,0,1,0,0,0,1,0,0,0,0,0,0,0,0,1
1499,1499,0,0,0c,00000,0,0,0,0,1,0,0,0,0,0,000ac,0,01,0,1f,4,1,0,0,0,1,02,0,0,0,0,1,0,0,0,1,0,0,0,0,0,0,0,0,1
1500,1500,0,0,0c,00000,0,0,0,0,1,0,0,0,0,0,000ad,0,01,0,1f,4,1,0,0,0,1,02,0,0,0,0,1,0,0,0,1,0,0,0,0,0,0,0,0,1
1501,1501,0,0,0c,00000,0,0,0,0,1,0,0,0,0,0,000ae,0,01,0,1f,4,1,0,0,0,1,02,0,0,0,0,1,0,0,0,1,0,0,0,0,0,0,0,0,1
1502,1502,0,0,0c,00000,0,0,0,0,1,0,0,0,0,0,000af,0,01,0,1f,4,1,0,0,0,1,02,0,0,0,0,1,0,0,0,1,0,0,0,0,0,0,0,0,1
1503,1503,0,0,0c,00000,0,0,0,0,1,0,0,0,0,0,000b0,0,01,0,1f,4,1,0,0,0,1,02,0,0,0,0,1,0,0,0,1,0,0,0,0,0,0,0,0,1
1504,1504,0,0,0c,00000,0,0,0,0,1,0,0,0,0,0,000b1,0,01,0,1f,4,1,0,0,0,1,02,0,0,0,0,1,0,0,0,1,0,0,0,0,0,0,0,0,1
1505,1505,0,0,0c,00000,0,0,0,0,1,0,0,0,0,0,000b2,0,01,0,1f,4,1,0,0,0,1,02,0,0,0,0,1,0,0,0,1,0,0,0,0,0,0,0,0,1
1506,1506,0,0,0c,00000,0,0,0,0,1,0,0,0,0,0,000b3,0,01,0,1f,4,1,0,0,0,1,02,0,0,0,0,1,0,0,0,1,0,0,0,0,0,0,0,0,1
1507,1507,0,0,0c,00000,0,0,0,0,1,0,0,0,0,0,000b4,0,01,0,1f,4,1,0,0,0,1,02,0,0,0,0,1,0,0,0,1,0,0,0,0,0,0,0,0,1
1508,1508,0,0,0c,00000,0,0,0,0,1,0,0,0,0,0,000b5,0,01,0,1f,4,1,0,0,0,1,02,0,0,0,0,1,0,0,0,1,0,0,0,0,0,0,0,0,1
1509,1509,0,0,0c,00000,0,0,0,0,1,0,0,0,0,0,000b6,0,01,0,1f,4,1,0,0,0,1,02,0,0,0,0,1,0,0,0,1,0,0,0,0,0,0,0,0,1
1510,1510,0,0,0c,00000,0,0,0,0,1,0,0,0,0,0,000b7,0,01,0,1f,4,1,0,0,0,1,02,0,0,0,0,1,0,0,0,1,0,0,0,0,0,0,0,0,1
1511,1511,0,0,0c,00000,0,0,0,0,1,0,0,0,0,0,000b8,0,01,0,1f,4,1,0,0,0,1,02,0,0,0,0,1,0,0,0,1,0,0,0,0,0,0,0,0,1
1512,1512,0,0,0c,00000,0,0,0,0,1,0,0,0,0,0,000b9,0,01,0,1f,4,1,0,0,0,1,02,0,0,0,0,1,0,0,0,1,0,0,0,0,0,0,0,0,1
1513,1513,0,0,0c,00000,0,0,0,0,1,0,0,0,0,0,000ba,0,01,0,1f,4,1,0,0,0,1,02,0,0,0,0,1,0,0,0,1,0,0,0,0,0,0,0,0,1
1514,1514,0,0,0c,00000,0,0,0,0,1,0,0,0,0,0,000bb,0,01,0,1f,4,1,0,0,0,1,02,0,0,0,0,1,0,0,0,1,0,0,0,0,0,0,0,0,1
1515,1515,0,0,0c,00000,0,0,0,0,1,0,0,0,0,0,000bc,0,01,0,1f,4,1,0,0,0,1,02,0,0,0,0,1,0,0,0,1,0,0,0,0,0,0,0,0,1
1516,1516,0,0,0c,00000,0,0,0,0,1,0,0,0,0,0,000bd,0,01,0,1f,4,1,0,0,0,1,02,0,0,0,0,1,0,0,0,1,0,0,0,0,0,0,0,0,1
1517,1517,0,0,0c,00000,0,0,0,0,1,0,0,0,0,0,000be,0,01,0,1f,4,1,0,0,0,1,02,0,0,0,0,1,0,0,0,1,0,0,0,0,0,0,0,0,1
1518,1518,0,0,0c,00000,0,0,0,0,1,0,0,0,0,0,000bf,0,01,0,1f,4,1,0,0,0,1,02,0,0,0,0,1,0,0,0,1,0,0,0,0,0,0,0,0,1
1519,1519,0,0,0c,00000,0,0,0,0,1,0,0,0,0,0,000c0,0,01,0,1f,4,1,0,0,0,1,02,0,0,0,0,1,0,0,0,1,0,0,0,0,0,0,0,0,1
1520,1520,0,0,0c,00000,0,0,0,0,1,0,0,0,0,0,000c1,0,01,0,1f,4,1,0,0,0,1,02,0,0,0,0,1,0,0,0,1,0,0,0,0,0,0,0,0,1
1521,1521,0,0,0c,00000,0,0,0,0,1,0,0,0,0,0,000c2,0,01,0,1f,4,1,0,0,0,1,02,0,0,0,0,1,0,0,0,1,0,0,0,0,0,0,0,0,1
1522,1522,0,0,0c,00000,0,0,0,0,1,0,0,0,0,0,000c3,0,01,0,1f,4,1,0,0,0,1,02,0,0,0,0,1,0,0,0,1,0,0,0,0,0,0,0,0,1
1523,1523,0,0,0c,00000,0,0,0,0,1,0,0,0,0,0,000c4,0,01,0,1f,4,1,0,0,0,1,02,0,0,0,0,1,0,0,0,1,0,0,0,0,0,0,0,0,1
1524,1524,0,0,0c,00000,0,0,0,0,1,0,0,0,0,0,000c5,0,01,0,1f,4,1,0,0,0,1,02,0,0,0,0,1,0,0,0,1,0,0,0,0,0,0,0,0,1
1525,1525,0,0,0c,00000,0,0,0,0,1,0,0,0,0,0,000c6,0,01,0,1f,4,1,0,0,0,1,02,0,0,0,0,1,0,0,0,1,0,0,0,0,0,0,0,0,1
1526,1526,0,0,0c,00000,0,0,0,0,1,0,0,0,0,0,000c7,0,01,0,1f,4,1,0,0,0,1,02,0,0,0,0,1,0,0,0,1,0,0,0,0,0,0,0,0,1
1527,1527,0,0,0c,00000,0,0,0,0,1,0,0,0,0,0,000c8,0,01,0,1f,4,1,0,0,0,1,02,0,0,0,0,1,0,0,0,1,0,0,0,0,0,0,0,0,1
1528,1528,0,0,0c,00000,0,0,0,0,1,0,0,0,0,0,000c9,0,01,0,1f,4,1,0,0,0,1,02,0,0,0,0,1,0,0,0,1,0,0,0,0,0,0,0,0,1
1529,1529,0,0,0c,00000,0,0,0,0,1,0,0,0,0,0,000ca,0,01,0,1f,4,1,0,0,0,1,02,0,0,0,0,1,0,0,0,1,0,0,0,0,0,0,0,0,1
1530,1530,0,0,0c,00000,0,0,0,0,1,0,0,0,0,0,000cb,0,01,0,1f,4,1,0,0,0,1,02,0,0,0,0,1,0,0,0,1,0,0,0,0,0,0,0,0,1
1531,1531,0,0,0c,00000,0,0,0,0,1,0,0,0,0,0,000cc,0,01,0,1f,4,1,0,0,0,1,02,0,0,0,0,1,0,0,0,1,0,0,0,0,0,0,0,0,1
1532,1532,0,0,0c,00000,0,0,0,0,1,0,0,0,0,0,000cd,0,01,0,1f,4,1,0,0,0,1,02,0,0,0,0,1,0,0,0,1,0,0,0,0,0,0,0,0,1
1533,1533,0,0,0c,00000,0,0,0,0,1,0,0,0,0,0,000ce,0,01,0,1f,4,1,0,0,0,1,02,0,0,0,0,1,0,0,0,1,0,0,0,0,0,0,0,0,1
1534,1534,0,0,0c,00000,0,0,0,0,1,0,0,0,0,0,000cf,0,01,0,1f,4,1,0,0,0,1,02,0,0,0,0,1,0,0,0,1,0,0,0,0,0,0,0,0,1
1535,1535,0,0,0c,00000,0,0,0,0,1,0,0,0,0,0,000d0,0,01,0,1f,4,1,0,0,0,1,02,0,0,0,0,1,0,0,0,1,0,0,0,0,0,0,0,0,1
1536,1536,0,0,0c,00000,0,0,0,0,1,0,0,0,0,0,000d1,0,01,0,1f,4,1,0,0,0,1,02,0,0,0,0,1,0,0,0,1,0,0,0,0,0,0,0,0,1
1537,1537,0,0,0c,00000,0,0,0,0,1,0,0,0,0,0,000d2,0,01,0,1f,4,1,0,0,0,1,02,0,0,0,0,1,0,0,0,1,0,0,0,0,0,0,0,0,1
1538,1538,0,0,0c,00000,0,0,0,0,1,0,0,0,0,0,000d3,0,01,0,1f,4,1,0,0,0,1,02,0,0,0,0,1,0,0,0,1,0,0,0,0,0,0,0,0,1
1539,1539,0,0,0c,00000,0,0,0,0,1,0,0,0,0,0,000d4,0,01,0,1f,4,1,0,0,0,1,02,0,0,0,0,1,0,0,0,1,0,0,0,0,0,0,0,0,1
1540,1540,0,0,0c,00000,0,0,0,0,1,0,0,0,0,0,000d5,0,01,0,1f,4,1,0,0,0,1,02,0,0,0,0,1,0,0,0,1,0,0,0,0,0,0,0,0,1
1541,1541,0,0,0c,00000,0,0,0,0,1,0,0,0,0,0,000d6,0,01,0,1f,4,1,0,0,0,1,02,0,0,0,0,1,0,0,0,1,0,0,0,0,0,0,0,0,1
1542,1542,0,0,0c,00000,0,0,0,0,1,0,0,0,0,0,000d7,0,01,0,1f,4,1,0,0,0,1,02,0,0,0,0,1,0,0,0,1,0,0,0,0,0,0,0,0,1
1543,1543,0,0,0c,00000,0,0,0,0,1,0,0,0,0,0,000d8,0,01,0,1f,4,1,0,0,0,1,02,0,0,0,0,1,0,0,0,1,0,0,0,0,0,0,0,0,1
1544,1544,0,0,0c,00000,0,0,0,0,1,0,0,0,0,0,000d9,0,01,0,1f,4,1,0,0,0,1,02,0,0,0,0,1,0,0,0,1,0,0,0,0,0,0,0,0,1
1545,1545,0,0,0c,00000,0,0,0,0,1,0,0,0,0,0,000da,0,01,0,1f,4,1,0,0,0,1,02,0,0,0,0,1,0,0,0,1,0,0,0,0,0,0,0,0,1
1546,1546,0,0,0c,00000,0,0,0,0,1,0,0,0,0,0,000db,0,01,0,1f,4,1,0,0,0,1,02,0,0,0,0,1,0,0,0,1,0,0,0,0,0,0,0,0,1
1547,1547,0,0,0c,00000,0,0,0,0,1,0,0,0,0,0,000dc,0,01,0,1f,4,1,0,0,0,1,02,0,0,0,0,1,0,0,0,1,0,0,0,0,0,0,0,0,1
1548,1548,0,0,0c,00000,0,0,0,0,1,0,0,0,0,0,000dd,0,01,0,1f,4,1,0,0,0,1,02,0,0,0,0,1,0,0,0,1,0,0,0,0,0,0,0,0,1
1549,1549,0,0,0c,00000,0,0,0,0,1,0,0,0,0,0,000de,0,01,0,1f,4,1,0,0,0,1,02,0,0,0,0,1,0,0,0,1,0,0,0,0,0,0,0,0,1
1550,1550,0,0,0c,00000,0,0,0,0,1,0,0,0,0,0,000df,0,01,0,1f,4,1,0,0,0,1,02,0,0,0,0,1,0,0,0,1,0,0,0,0,0,0,0,0,1
1551,1551,0,0,0c,00000,0,0,0,0,1,0,0,0,0,0,000e0,0,01,0,1f,4,1,0,0,0,1,02,0,0,0,0,1,0,0,0,1,0,0,0,0,0,0,0,0,1
1552,1552,0,0,0c,00000,0,0,0,0,1,0,0,0,0,0,000e1,0,01,0,1f,4,1,0,0,0,1,02,0,0,0,0,1,0,0,0,1,0,0,0,0,0,0,0,0,1
1553,1553,0,0,0c,00000,0,0,0,0,1,0,0,0,0,0,000e2,0,01,0,1f,4,1,0,0,0,1,02,0,0,0,0,1,0,0,0,1,0,0,0,0,0,0,0,0,1
1554,1554,0,0,0c,00000,0,0,0,0,1,0,0,0,0,0,000e3,0,01,0,1f,4,1,0,0,0,1,02,0,0,0,0,1,0,0,0,1,0,0,0,0,0,0,0,0,1
1555,1555,0,0,0c,00000,0,0,0,0,1,0,0,0,0,0,000e4,0,01,0,1f,4,1,0,0,0,1,02,0,0,0,0,1,0,0,0,1,0,0,0,0,0,0,0,0,1
1556,1556,0,0,0c,00000,0,0,0,0,1,0,0,0,0,0,000e5,0,01,0,1f,4,1,0,0,0,1,02,0,0,0,0,1,0,0,0,1,0,0,0,0,0,0,0,0,1
1557,1557,0,0,0c,00000,0,0,0,0,1,0,0,0,0,0,000e6,0,01,0,1f,4,1,0,0,0,1,02,0,0,0,0,1,0,0,0,1,0,0,0,0,0,0,0,0,1
1558,1558,0,0,0c,00000,0,0,0,0,1,0,0,0,0,0,000e7,0,01,0,1f,4,1,0,0,0,1,02,0,0,0,0,1,0,0,0,1,0,0,0,0,0,0,0,0,1
1559,1559,0,0,0c,00000,0,0,0,0,1,0,0,0,0,0,000e8,0,01,0,1f,4,1,0,0,0,1,02,0,0,0,0,1,0,0,0,1,0,0,0,0,0,0,0,0,1
1560,1560,0,0,0c,00000,0,0,0,0,1,0,0,0,0,0,000e9,0,01,0,1f,4,1,0,0,0,1,02,0,0,0,0,1,0,0,0,1,0,0,0,0,0,0,0,0,1
1561,1561,0,0,0c,00000,0,0,0,0,1,0,0,0,0,0,000ea,0,01,0,1f,4,1,0,0,0,1,02,0,0,0,0,1,0,0,0,1,0,0,0,0,0,0,0,0,1
1562,1562,0,0,0c,00000,0,0,0,0,1,0,0,0,0,0,000eb,0,01,0,1f,4,1,0,0,0,1,02,0,0,0,0,1,0,0,0,1,0,0,0,0,0,0,0,0,1
1563,1563,0,0,0c,00000,0,0,0,0,1,0,0,0,0,0,000ec,0,01,0,1f,4,1,0,0,0,1,02,0,0,0,0,1,0,0,0,1,0,0,0,0,0,0,0,0,1
1564,1564,0,0,0c,00000,0,0,0,0,1,0,0,0,0,0,000ed,0,01,0,1f,4,1,0,0,0,1,02,0,0,0,0,1,0,0,0,1,0,0,0,0,0,0,0,0,1
1565,1565,0,0,0c,00000,0,0,0,0,1,0,0,0,0,0,000ee,0,01,0,1f,4,1,0,0,0,1,02,0,0,0,0,1,0,0,0,1,0,0,0,0,0,0,0,0,1
1566,1566,0,0,0c,00000,0,0,0,0,1,0,0,0,0,0,000ef,0,01,0,1f,4,1,0,0,0,1,02,0,0,0,0,1,0,0,0,1,0,0,0,0,0,0,0,0,1
1567,1567,0,0,0c,00000,0,0,0,0,1,0,0,0,0,0,000f0,0,01,0,1f,4,1,0,0,0,1,02,0,0,0,0,1,0,0,0,1,0,0,0,0,0,0,0,0,1
1568,1568,0,0,0c,00000,0,0,0,0,1,0,0,0,0,0,000f1,0,01,0,1f,4,1,0,0,0,1,02,0,0,0,0,1,0,0,0,1,0,0,0,0,0,0,0,0,1
1569,1569,0,0,0c,00000,0,0,0,0,1,0,0,0,0,0,000f2,0,01,0,1f,4,1,0,0,0,1,02,0,0,0,0,1,0,0,0,1,0,0,0,0,0,0,0,0,1
1570,1570,0,0,0c,00000,0,0,0,0,1,0,0,0,0,0,000f3,0,01,0,1f,4,1,0,0,0,1,02,0,0,0,0,1,0,0,0,1,0,0,0,0,0,0,0,0,1
1571,1571,0,0,0c,00000,0,0,0,0,1,0,0,0,0,0,000f4,0,01,0,1f,4,1,0,0,0,1,02,0,0,0,0,1,0,0,0,1,0,0,0,0,0,0,0,0,1
1572,1572,0,0,0c,00000,0,0,0,0,1,0,0,0,0,0,000f5,0,01,0,1f,4,1,0,0,0,1,02,0,0,0,0,1,0,0,0,1,0,0,0,0,0,0,0,0,1
1573,1573,0,0,0c,00000,0,0,0,0,1,0,0,0,0,0,000f6,0,01,0,1f,4,1,0,0,0,1,02,0,0,0,0,1,0,0,0,1,0,0,0,0,0,0,0,0,1
1574,1574,0,0,0c,00000,0,0,0,0,1,0,0,0,0,0,000f7,0,01,0,1f,4,1,0,0,0,1,02,0,0,0,0,1,0,0,0,1,0,0,0,0,0,0,0,0,1
1575,1575,0,0,0c,00000,0,0,0,0,1,0,0,0,0,0,000f8,0,01,0,1f,4,1,0,0,0,1,02,0,0,0,0,1,0,0,0,1,0,0,0,0,0,0,0,0,1
1576,1576,0,0,0c,00000,0,0,0,0,1,0,0,0,0,0,000f9,0,01,0,1f,4,1,0,0,0,1,02,0,0,0,0,1,0,0,0,1,0,0,0,0,0,0,0,0,1
1577,1577,0,0,0c,00000,0,0,0,0,1,0,0,0,0,0,000fa,0,01,0,1f,4,1,0,0,0,1,02,0,0,0,0,1,0,0,0,1,0,0,0,0,0,0,0,0,1
1578,1578,0,0,0c,00000,0,0,0,0,1,0,0,0,0,0,000fb,0,01,0,1f,4,1,0,0,0,1,02,0,0,0,0,1,0,0,0,1,0,0,0,0,0,0,0,0,1
1579,1579,0,0,0c,00000,0,0,0,0,1,0,0,0,0,0,000fc,0,01,0,1f,4,1,0,0,0,1,02,0,0,0,0,1,0,0,0,1,0,0,0,0,0,0,0,0,1
1580,1580,0,0,0c,00000,0,0,0,0,1,0,0,0,0,0,000fd,0,01,0,1f,4,1,0,0,0,1,02,0,0,0,0,1,0,0,0,1,0,0,0,0,0,0,0,0,1
1581,1581,0,0,0c,00000,0,0,0,0,1,0,0,0,0,0,000fe,0,01,0,1f,4,1,0,0,0,1,02,0,0,0,0,1,0,0,0,1,0,0,0,0,0,0,0,0,1
1582,1582,0,0,0c,00000,0,0,0,0,1,0,0,0,0,0,000ff,0,01,0,1f,4,1,0,0,0,1,02,0,0,0,0,1,0,0,0,1,0,0,0,0,0,0,0,0,1
1583,1583,0,0,0c,00000,0,0,0,0,1,0,0,0,0,0,00100,0,01,0,1f,4,1,0,0,0,1,02,0,0,0,0,1,0,0,0,1,0,0,0,0,0,0,0,0,1
1584,1584,0,0,0c,00000,0,0,0,0,1,0,0,0,0,0,00101,0,01,0,1f,4,1,0,0,0,1,02,0,0,0,0,1,0,0,0,1,0,0,0,0,0,0,0,0,1
1585,1585,0,0,0c,00000,0,0,0,0,1,0,0,0,0,0,00102,0,01,0,1f,4,1,0,0,0,1,02,0,0,0,0,1,0,0,0,1,0,0,0,0,0,0,0,0,1
1586,1586,0,0,0c,00000,0,0,0,0,1,0,0,0,0,0,00103,0,01,0,1f,4,1,0,0,0,1,02,0,0,0,0,1,0,0,0,1,0,0,0,0,0,0,0,0,1
1587,1587,0,0,0c,00000,0,0,0,0,1,0,0,0,0,0,00104,0,01,0,1f,4,1,0,0,0,1,02,0,0,0,0,1,0,0,0,1,0,0,0,0,0,0,0,0,1
1588,1588,0,0,0c,00000,0,0,0,0,1,0,0,0,0,0,00105,0,01,0,1f,4,1,0,0,0,1,02,0,0,0,0,1,0,0,0,1,0,0,0,0,0,0,0,0,1
1589,1589,0,0,0c,00000,0,0,0,0,1,0,0,0,0,0,00106,0,01,0,1f,4,1,0,0,0,1,02,0,0,0,0,1,0,0,0,1,0,0,0,0,0,0,0,0,1
1590,1590,0,0,0c,00000,0,0,0,0,1,0,0,0,0,0,00107,0,01,0,1f,4,1,0,0,0,1,02,0,0,0,0,1,0,0,0,1,0,0,0,0,0,0,0,0,1
1591,1591,0,0,0c,00000,0,0,0,0,1,0,0,0,0,0,00108,0,01,0,1f,4,1,0,0,0,1,02,0,0,0,0,1,0,0,0,1,0,0,0,0,0,0,0,0,1
1592,1592,0,0,0c,00000,0,0,0,0,1,0,0,0,0,0,00109,0,01,0,1f,4,1,0,0,0,1,02,0,0,0,0,1,0,0,0,1,0,0,0,0,0,0,0,0,1
1593,1593,0,0,0c,00000,0,0,0,0,1,0,0,0,0,0,0010a,0,01,0,1f,4,1,0,0,0,1,02,0,0,0,0,1,0,0,0,1,0,0,0,0,0,0,0,0,1
1594,1594,0,0,0c,00000,0,0,0,0,1,0,0,0,0,0,0010b,0,01,0,1f,4,1,0,0,0,1,02,0,0,0,0,1,0,0,0,1,0,0,0,0,0,0,0,0,1
1595,1595,0,0,0c,00000,0,0,0,0,1,0,0,0,0,0,0010c,0,01,0,1f,4,1,0,0,0,1,02,0,0,0,0,1,0,0,0,1,0,0,0,0,0,0,0,0,1
1596,1596,0,0,0c,00000,0,0,0,0,1,0,0,0,0,0,0010d,0,01,0,1f,4,1,0,0,0,1,02,0,0,0,0,1,0,0,0,1,0,0,0,0,0,0,0,0,1
1597,1597,0,0,0c,00000,0,0,0,0,1,0,0,0,0,0,0010e,0,01,0,1f,4,1,0,0,0,1,02,0,0,0,0,1,0,0,0,1,0,0,0,0,0,0,0,0,1
1598,1598,0,0,0c,00000,0,0,0,0,1,0,0,0,0,0,0010f,0,01,0,1f,4,1,0,0,0,1,02,0,0,0,0,1,0,0,0,1,0,0,0,0,0,0,0,0,1
1599,1599,0,0,0c,00000,0,0,0,0,1,0,0,0,0,0,00110,0,01,0,1f,4,1,0,0,0,1,02,0,0,0,0,1,0,0,0,1,0,0,0,0,0,0,0,0,1
1600,1600,0,0,0c,00000,0,0,0,0,1,0,0,0,0,0,00111,0,01,0,1f,4,1,0,0,0,1,02,0,0,0,0,1,0,0,0,1,0,0,0,0,0,0,0,0,1
1601,1601,0,0,0c,00000,0,0,0,0,1,0,0,0,0,0,00112,0,01,0,1f,4,1,0,0,0,1,02,0,0,0,0,1,0,0,0,1,0,0,0,0,0,0,0,0,1
1602,1602,0,0,0c,00000,0,0,0,0,1,0,0,0,0,0,00113,0,01,0,1f,4,1,0,0,0,1,02,0,0,0,0,1,0,0,0,1,0,0,0,0,0,0,0,0,1
1603,1603,0,0,0c,00000,0,0,0,0,1,0,0,0,0,0,00114,0,01,0,1f,4,1,0,0,0,1,02,0,0,0,0,1,0,0,0,1,0,0,0,0,0,0,0,0,1
1604,1604,0,0,0c,00000,0,0,0,0,1,0,0,0,0,0,00115,0,01,0,1f,4,1,0,0,0,1,02,0,0,0,0,1,0,0,0,1,0,0,0,0,0,0,0,0,1
1605,1605,0,0,0c,00000,0,0,0,0,1,0,0,0,0,0,00116,0,01,0,1f,4,1,0,0,0,1,02,0,0,0,0,1,0,0,0,1,0,0,0,0,0,0,0,0,1
1606,1606,0,0,0c,00000,0,0,0,0,1,0,0,0,0,0,00117,0,01,0,1f,4,1,0,0,0,1,02,0,0,0,0,1,0,0,0,1,0,0,0,0,0,0,0,0,1
1607,1607,0,0,0c,00000,0,0,0,0,1,0,0,0,0,0,00118,0,01,0,1f,4,1,0,0,0,1,02,0,0,0,0,1,0,0,0,1,0,0,0,0,0,0,0,0,1
1608,1608,0,0,0c,00000,0,0,0,0,1,0,0,0,0,0,00119,0,01,0,1f,4,1,0,0,0,1,02,0,0,0,0,1,0,0,0,1,0,0,0,0,0,0,0,0,1
1609,1609,0,0,0c,00000,0,0,0,0,1,0,0,0,0,0,0011a,0,01,0,1f,4,1,0,0,0,1,02,0,0,0,0,1,0,0,0,1,0,0,0,0,0,0,0,0,1
1610,1610,0,0,0c,00000,0,0,0,0,1,0,0,0,0,0,0011b,0,01,0,1f,4,1,0,0,0,1,02,0,0,0,0,1,0,0,0,1,0,0,0,0,0,0,0,0,1
1611,1611,0,0,0c,00000,0,0,0,0,1,0,0,0,0,0,0011c,0,01,0,1f,4,1,0,0,0,1,02,0,0,0,0,1,0,0,0,1,0,0,0,0,0,0,0,0,1
1612,1612,0,0,0c,00000,0,0,0,0,1,0,0,0,0,0,0011d,0,01,0,1f,4,1,0,0,0,1,02,0,0,0,0,1,0,0,0,1,0,0,0,0,0,0,0,0,1
1613,1613,0,0,0c,00000,0,0,0,0,1,0,0,0,0,0,0011e,0,01,0,1f,4,1,0,0,0,1,02,0,0,0,0,1,0,0,0,1,0,0,0,0,0,0,0,0,1
1614,1614,0,0,0c,00000,0,0,0,0,1,0,0,0,0,0,0011f,0,01,0,1f,4,1,0,0,0,1,02,0,0,0,0,1,0,0,0,1,0,0,0,0,0,0,0,0,1
1615,1615,0,0,0c,00000,0,0,0,0,1,0,0,0,0,0,00120,0,01,0,1f,4,1,0,0,0,1,02,0,0,0,0,1,0,0,0,1,0,0,0,0,0,0,0,0,1
1616,1616,0,0,0c,00000,0,0,0,0,1,0,0,0,0,0,00121,0,01,0,1f,4,1,0,0,0,1,02,0,0,0,0,1,0,0,0,1,0,0,0,0,0,0,0,0,1
1617,1617,0,0,0c,00000,0,0,0,0,1,0,0,0,0,0,00122,0,01,0,1f,4,1,0,0,0,1,02,0,0,0,0,1,0,0,0,1,0,0,0,0,0,0,0,0,1
1618,1618,0,0,0c,00000,0,0,0,0,1,0,0,0,0,0,00123,0,01,0,1f,4,1,0,0,0,1,02,0,0,0,0,1,0,0,0,1,0,0,0,0,0,0,0,0,1
1619,1619,0,0,0c,00000,0,0,0,0,1,0,0,0,0,0,00124,0,01,0,1f,4,1,0,0,0,1,02,0,0,0,0,1,0,0,0,1,0,0,0,0,0,0,0,0,1
1620,1620,0,0,0c,00000,0,0,0,0,1,0,0,0,0,0,00125,0,01,0,1f,4,1,0,0,0,1,02,0,0,0,0,1,0,0,0,1,0,0,0,0,0,0,0,0,1
1621,1621,0,0,0c,00000,0,0,0,0,1,0,0,0,0,0,00126,0,01,0,1f,4,1,0,0,0,1,02,0,0,0,0,1,0,0,0,1,0,0,0,0,0,0,0,0,1
1622,1622,0,0,0c,00000,0,0,0,0,1,0,0,0,0,0,00127,0,01,0,1f,4,1,0,0,0,1,02,0,0,0,0,1,0,0,0,1,0,0,0,0,0,0,0,0,1
1623,1623,0,0,0c,00000,0,0,0,0,1,0,0,0,0,0,00128,0,01,0,1f,4,1,0,0,0,1,02,0,0,0,0,1,0,0,0,1,0,0,0,0,0,0,0,0,1
1624,1624,0,0,0c,00000,0,0,0,0,1,0,0,0,0,0,00129,0,01,0,1f,4,1,0,0,0,1,02,0,0,0,0,1,0,0,0,1,0,0,0,0,0,0,0,0,1
1625,1625,0,0,0c,00000,0,0,0,0,1,0,0,0,0,0,0012a,0,01,0,1f,4,1,0,0,0,1,02,0,0,0,0,1,0,0,0,1,0,0,0,0,0,0,0,0,1
1626,1626,0,0,0c,00000,0,0,0,0,1,0,0,0,0,0,0012b,0,01,0,1f,4,1,0,0,0,1,02,0,0,0,0,1,0,0,0,1,0,0,0,0,0,0,0,0,1
1627,1627,0,0,0c,00000,0,0,0,0,1,0,0,0,0,0,0012c,0,01,0,1f,4,1,0,0,0,1,02,0,0,0,0,1,0,0,0,1,0,0,0,0,0,0,0,0,1
1628,1628,0,0,0c,00000,0,0,0,0,1,0,0,0,0,0,0012d,0,01,0,1f,4,1,0,0,0,1,02,0,0,0,0,1,0,0,0,1,0,0,0,0,0,0,0,0,1
1629,1629,0,0,0c,00000,0,0,0,0,1,0,0,0,0,0,0012e,0,01,0,1f,4,1,0,0,0,1,02,0,0,0,0,1,0,0,0,1,0,0,0,0,0,0,0,0,1
1630,1630,0,0,0c,00000,0,0,0,0,1,0,0,0,0,0,0012f,0,01,0,1f,4,1,0,0,0,1,02,0,0,0,0,1,0,0,0,1,0,0,0,0,0,0,0,0,1
1631,1631,0,0,0c,00000,0,0,0,0,1,0,0,0,0,0,00130,0,01,0,1f,4,1,0,0,0,1,02,0,0,0,0,1,0,0,0,1,0,0,0,0,0,0,0,0,1
1632,1632,0,0,0c,00000,0,0,0,0,1,0,0,0,0,0,00131,0,01,0,1f,4,1,0,0,0,1,02,0,0,0,0,1,0,0,0,1,0,0,0,0,0,0,0,0,1
1633,1633,0,0,0c,00000,0,0,0,0,1,0,0,0,0,0,00132,0,01,0,1f,4,1,0,0,0,1,02,0,0,0,0,1,0,0,0,1,0,0,0,0,0,0,0,0,1
1634,1634,0,0,0c,00000,0,0,0,0,1,0,0,0,0,0,00133,0,01,0,1f,4,1,0,0,0,1,02,0,0,0,0,1,0,0,0,1,0,0,0,0,0,0,0,0,1
1635,1635,0,0,0c,00000,0,0,0,0,1,0,0,0,0,0,00134,0,01,0,1f,4,1,0,0,0,1,02,0,0,0,0,1,0,0,0,1,0,0,0,0,0,0,0,0,1
1636,1636,0,0,0c,00000,0,0,0,0,1,0,0,0,0,0,00135,0,01,0,1f,4,1,0,0,0,1,02,0,0,0,0,1,0,0,0,1,0,0,0,0,0,0,0,0,1
1637,1637,0,0,0c,00000,0,0,0,0,1,0,0,0,0,0,00136,0,01,0,1f,4,1,0,0,0,1,02,0,0,0,0,1,0,0,0,1,0,0,0,0,0,0,0,0,1
1638,1638,0,0,0c,00000,0,0,0,0,1,0,0,0,0,0,00137,0,01,0,1f,4,1,0,0,0,1,02,0,0,0,0,1,0,0,0,1,0,0,0,0,0,0,0,0,1
1639,1639,0,0,0c,00000,0,0,0,0,1,0,0,0,0,0,00138,0,01,0,1f,4,1,0,0,0,1,02,0,0,0,0,1,0,0,0,1,0,0,0,0,0,0,0,0,1
1640,1640,0,0,0c,00000,0,0,0,0,1,0,0,0,0,0,00139,0,01,0,1f,4,1,0,0,0,1,02,0,0,0,0,1,0,0,0,1,0,0,0,0,0,0,0,0,1
1641,1641,0,0,0c,00000,0,0,0,0,1,0,0,0,0,0,0013a,0,01,0,1f,4,1,0,0,0,1,02,0,0,0,0,1,0,0,0,1,0,0,0,0,0,0,0,0,1
1642,1642,0,0,0c,00000,0,0,0,0,1,0,0,0,0,0,0013b,0,01,0,1f,4,1,0,0,0,1,02,0,0,0,0,1,0,0,0,1,0,0,0,0,0,0,0,0,1
1643,1643,0,0,0c,00000,0,0,0,0,1,0,0,0,0,0,0013c,0,01,0,1f,4,1,0,0,0,1,02,0,0,0,0,1,0,0,0,1,0,0,0,0,0,0,0,0,1
1644,1644,0,0,0c,00000,0,0,0,0,1,0,0,0,0,0,0013d,0,01,0,1f,4,1,0,0,0,1,02,0,0,0,0,1,0,0,0,1,0,0,0,0,0,0,0,0,1
1645,1645,0,0,0c,00000,0,0,0,0,1,0,0,0,0,0,0013e,0,01,0,1f,4,1,0,0,0,1,02,0,0,0,0,1,0,0,0,1,0,0,0,0,0,0,0,0,1
1646,1646,0,0,0c,00000,0,0,0,0,1,0,0,0,0,0,0013f,0,01,0,1f,4,1,0,0,0,1,02,0,0,0,0,1,0,0,0,1,0,0,0,0,0,0,0,0,1
1647,1647,0,0,0c,00000,0,0,0,0,1,0,0,0,0,0,00140,0,01,0,1f,4,1,0,0,0,1,02,0,0,0,0,1,0,0,0,1,0,0,0,0,0,0,0,0,1
1648,1648,0,0,0c,00000,0,0,0,0,1,0,0,0,0,0,00141,0,01,0,1f,4,1,0,0,0,1,02,0,0,0,0,1,0,0,0,1,0,0,0,0,0,0,0,0,1
1649,1649,0,0,0c,00000,0,0,0,0,1,0,0,0,0,0,00142,0,01,0,1f,4,1,0,0,0,1,02,0,0,0,0,1,0,0,0,1,0,0,0,0,0,0,0,0,1
1650,1650,0,0,0c,00000,0,0,0,0,1,0,0,0,0,0,00143,0,01,0,1f,4,1,0,0,0,1,02,0,0,0,0,1,0,0,0,1,0,0,0,0,0,0,0,0,1
1651,1651,0,0,0c,00000,0,0,0,0,1,0,0,0,0,0,00144,0,01,0,1f,4,1,0,0,0,1,02,0,0,0,0,1,0,0,0,1,0,0,0,0,0,0,0,0,1
1652,1652,0,0,0c,00000,0,0,0,0,1,0,0,0,0,0,00145,0,01,0,1f,4,1,0,0,0,1,02,0,0,0,0,1,0,0,0,1,0,0,0,0,0,0,0,0,1
1653,1653,0,0,0c,00000,0,0,0,0,1,0,0,0,0,0,00146,0,01,0,1f,4,1,0,0,0,1,02,0,0,0,0,1,0,0,0,1,0,0,0,0,0,0,0,0,1
1654,1654,0,0,0c,00000,0,0,0,0,1,0,0,0,0,0,00147,0,01,0,1f,4,1,0,0,0,1,02,0,0,0,0,1,0,0,0,1,0,0,0,0,0,0,0,0,1
1655,1655,0,0,0c,00000,0,0,0,0,1,0,0,0,0,0,00148,0,01,0,1f,4,1,0,0,0,1,02,0,0,0,0,1,0,0,0,1,0,0,0,0,0,0,0,0,1
1656,1656,0,0,0c,00000,0,0,0,0,1,0,0,0,0,0,00149,0,01,0,1f,4,1,0,0,0,1,02,0,0,0,0,1,0,0,0,1,0,0,0,0,0,0,0,0,1
1657,1657,0,0,0c,00000,0,0,0,0,1,0,0,0,0,0,0014a,0,01,0,1f,4,1,0,0,0,1,02,0,0,0,0,1,0,0,0,1,0,0,0,0,0,0,0,0,1
1658,1658,0,0,0c,00000,0,0,0,0,1,0,0,0,0,0,0014b,0,01,0,1f,4,1,0,0,0,1,02,0,0,0,0,1,0,0,0,1,0,0,0,0,0,0,0,0,1
1659,1659,0,0,0c,00000,0,0,0,0,1,0,0,0,0,0,0014c,0,01,0,1f,4,1,0,0,0,1,02,0,0,0,0,1,0,0,0,1,0,0,0,0,0,0,0,0,1
1660,1660,0,0,0c,00000,0,0,0,0,1,0,0,0,0,0,0014d,0,01,0,1f,4,1,0,0,0,1,02,0,0,0,0,1,0,0,0,1,0,0,0,0,0,0,0,0,1
1661,1661,0,0,0c,00000,0,0,0,0,1,0,0,0,0,0,0014e,0,01,0,1f,4,1,0,0,0,1,02,0,0,0,0,1,0,0,0,1,0,0,0,0,0,0,0,0,1
1662,1662,0,0,0c,00000,0,0,0,0,1,0,0,0,0,0,0014f,0,01,0,1f,4,1,0,0,0,1,02,0,0,0,0,1,0,0,0,1,0,0,0,0,0,0,0,0,1
1663,1663,0,0,0c,00000,0,0,0,0,1,0,0,0,0,0,00150,0,01,0,1f,4,1,0,0,0,1,02,0,0,0,0,1,0,0,0,1,0,0,0,0,0,0,0,0,1
1664,1664,0,0,0c,00000,0,0,0,0,1,0,0,0,0,0,00151,0,01,0,1f,4,1,0,0,0,1,02,0,0,0,0,1,0,0,0,1,0,0,0,0,0,0,0,0,1
1665,1665,0,0,0c,00000,0,0,0,0,1,0,0,0,0,0,00152,0,01,0,1f,4,1,0,0,0,1,02,0,0,0,0,1,0,0,0,1,0,0,0,0,0,0,0,0,1
1666,1666,0,0,0c,00000,0,0,0,0,1,0,0,0,0,0,00153,0,01,0,1f,4,1,0,0,0,1,02,0,0,0,0,1,0,0,0,1,0,0,0,0,0,0,0,0,1
1667,1667,0,0,0c,00000,0,0,0,0,1,0,0,0,0,0,00154,0,01,0,1f,4,1,0,0,0,1,02,0,0,0,0,1,0,0,0,1,0,0,0,0,0,0,0,0,1
1668,1668,0,0,0c,00000,0,0,0,0,1,0,0,0,0,0,00155,0,01,0,1f,4,1,0,0,0,1,02,0,0,0,0,1,0,0,0,1,0,0,0,0,0,0,0,0,1
1669,1669,0,0,0c,00000,0,0,0,0,1,0,0,0,0,0,00156,0,01,0,1f,4,1,0,0,0,1,02,0,0,0,0,1,0,0,0,1,0,0,0,0,0,0,0,0,1
1670,1670,0,0,0c,00000,0,0,0,0,1,0,0,0,0,0,00157,0,01,0,1f,4,1,0,0,0,1,02,0,0,0,0,1,0,0,0,1,0,0,0,0,0,0,0,0,1
1671,1671,0,0,0c,00000,0,0,0,0,1,0,0,0,0,0,00158,0,01,0,1f,4,1,0,0,0,1,02,0,0,0,0,1,0,0,0,1,0,0,0,0,0,0,0,0,1
1672,1672,0,0,0c,00000,0,0,0,0,1,0,0,0,0,0,00159,0,01,0,1f,4,1,0,0,0,1,02,0,0,0,0,1,0,0,0,1,0,0,0,0,0,0,0,0,1
1673,1673,0,0,0c,00000,0,0,0,0,1,0,0,0,0,0,0015a,0,01,0,1f,4,1,0,0,0,1,02,0,0,0,0,1,0,0,0,1,0,0,0,0,0,0,0,0,1
1674,1674,0,0,0c,00000,0,0,0,0,1,0,0,0,0,0,0015b,0,01,0,1f,4,1,0,0,0,1,02,0,0,0,0,1,0,0,0,1,0,0,0,0,0,0,0,0,1
1675,1675,0,0,0c,00000,0,0,0,0,1,0,0,0,0,0,0015c,0,01,0,1f,4,1,0,0,0,1,02,0,0,0,0,1,0,0,0,1,0,0,0,0,0,0,0,0,1
1676,1676,0,0,0c,00000,0,0,0,0,1,0,0,0,0,0,0015d,0,01,0,1f,4,1,0,0,0,1,02,0,0,0,0,1,0,0,0,1,0,0,0,0,0,0,0,0,1
1677,1677,0,0,0c,00000,0,0,0,0,1,0,0,0,0,0,0015e,0,01,0,1f,4,1,0,0,0,1,02,0,0,0,0,1,0,0,0,1,0,0,0,0,0,0,0,0,1
1678,1678,0,0,0c,00000,0,0,0,0,1,0,0,0,0,0,0015f,0,01,0,1f,4,1,0,0,0,1,02,0,0,0,0,1,0,0,0,1,0,0,0,0,0,0,0,0,1
1679,1679,0,0,0c,00000,0,0,0,0,1,0,0,0,0,0,00160,0,01,0,1f,4,1,0,0,0,1,02,0,0,0,0,1,0,0,0,1,0,0,0,0,0,0,0,0,1
1680,1680,0,0,0c,00000,0,0,0,0,1,0,0,0,0,0,00161,0,01,0,1f,4,1,0,0,0,1,02,0,0,0,0,1,0,0,0,1,0,0,0,0,0,0,0,0,1
1681,1681,0,0,0c,00000,0,0,0,0,1,0,0,0,0,0,00162,0,01,0,1f,4,1,0,0,0,1,02,0,0,0,0,1,0,0,0,1,0,0,0,0,0,0,0,0,1
1682,1682,0,0,0c,00000,0,0,0,0,1,0,0,0,0,0,00163,0,01,0,1f,4,1,0,0,0,1,02,0,0,0,0,1,0,0,0,1,0,0,0,0,0,0,0,0,1
1683,1683,0,0,0c,00000,0,0,0,0,1,0,0,0,0,0,00164,0,01,0,1f,4,1,0,0,0,1,02,0,0,0,0,1,0,0,0,1,0,0,0,0,0,0,0,0,1
1684,1684,0,0,0c,00000,0,0,0,0,1,0,0,0,0,0,00165,0,01,0,1f,4,1,0,0,0,1,02,0,0,0,0,1,0,0,0,1,0,0,0,0,0,0,0,0,1
1685,1685,0,0,0c,00000,0,0,0,0,1,0,0,0,0,0,00166,0,01,0,1f,4,1,0,0,0,1,02,0,0,0,0,1,0,0,0,1,0,0,0,0,0,0,0,0,1
1686,1686,0,0,0c,00000,0,0,0,0,1,0,0,0,0,0,00167,0,01,0,1f,4,1,0,0,0,1,02,0,0,0,0,1,0,0,0,1,0,0,0,0,0,0,0,0,1
1687,1687,0,0,0c,00000,0,0,0,0,1,0,0,0,0,0,00168,0,01,0,1f,4,1,0,0,0,1,02,0,0,0,0,1,0,0,0,1,0,0,0,0,0,0,0,0,1
1688,1688,0,0,0c,00000,0,0,0,0,1,0,0,0,0,0,00169,0,01,0,1f,4,1,0,0,0,1,02,0,0,0,0,1,0,0,0,1,0,0,0,0,0,0,0,0,1
1689,1689,0,0,0c,00000,0,0,0,0,1,0,0,0,0,0,0016a,0,01,0,1f,4,1,0,0,0,1,02,0,0,0,0,1,0,0,0,1,0,0,0,0,0,0,0,0,1
1690,1690,0,0,0c,00000,0,0,0,0,1,0,0,0,0,0,0016b,0,01,0,1f,4,1,0,0,0,1,02,0,0,0,0,1,0,0,0,1,0,0,0,0,0,0,0,0,1
1691,1691,0,0,0c,00000,0,0,0,0,1,0,0,0,0,0,0016c,0,01,0,1f,4,1,0,0,0,1,02,0,0,0,0,1,0,0,0,1,0,0,0,0,0,0,0,0,1
1692,1692,0,0,0c,00000,0,0,0,0,1,0,0,0,0,0,0016d,0,01,0,1f,4,1,0,0,0,1,02,0,0,0,0,1,0,0,0,1,0,0,0,0,0,0,0,0,1
1693,1693,0,0,0c,00000,0,0,0,0,1,0,0,0,0,0,0016e,0,01,0,1f,4,1,0,0,0,1,02,0,0,0,0,1,0,0,0,1,0,0,0,0,0,0,0,0,1
1694,1694,0,0,0c,00000,0,0,0,0,1,0,0,0,0,0,0016f,0,01,0,1f,4,1,0,0,0,1,02,0,0,0,0,1,0,0,0,1,0,0,0,0,0,0,0,0,1
1695,1695,0,0,0c,00000,0,0,0,0,1,0,0,0,0,0,00170,0,01,0,1f,4,1,0,0,0,1,02,0,0,0,0,1,0,0,0,1,0,0,0,0,0,0,0,0,1
1696,1696,0,0,0c,00000,0,0,0,0,1,0,0,0,0,0,00171,0,01,0,1f,4,1,0,0,0,1,02,0,0,0,0,1,0,0,0,1,0,0,0,0,0,0,0,0,1
1697,1697,0,0,0c,00000,0,0,0,0,1,0,0,0,0,0,00172,0,01,0,1f,4,1,0,0,0,1,02,0,0,0,0,1,0,0,0,1,0,0,0,0,0,0,0,0,1
1698,1698,0,0,0c,00000,0,0,0,0,1,0,0,0,0,0,00173,0,01,0,1f,4,1,0,0,0,1,02,0,0,0,0,1,0,0,0,1,0,0,0,0,0,0,0,0,1
1699,1699,0,0,0c,00000,0,0,0,0,1,0,0,0,0,0,00174,0,01,0,1f,4,1,0,0,0,1,02,0,0,0,0,1,0,0,0,1,0,0,0,0,0,0,0,0,1
1700,1700,0,0,0c,00000,0,0,0,0,1,0,0,0,0,0,00175,0,01,0,1f,4,1,0,0,0,1,02,0,0,0,0,1,0,0,0,1,0,0,0,0,0,0,0,0,1
1701,1701,0,0,0c,00000,0,0,0,0,1,0,0,0,0,0,00176,0,01,0,1f,4,1,0,0,0,1,02,0,0,0,0,1,0,0,0,1,0,0,0,0,0,0,0,0,1
1702,1702,0,0,0c,00000,0,0,0,0,1,0,0,0,0,0,00177,0,01,0,1f,4,1,0,0,0,1,02,0,0,0,0,1,0,0,0,1,0,0,0,0,0,0,0,0,1
1703,1703,0,0,0c,00000,0,0,0,0,1,0,0,0,0,0,00178,0,01,0,1f,4,1,0,0,0,1,02,0,0,0,0,1,0,0,0,1,0,0,0,0,0,0,0,0,1
1704,1704,0,0,0c,00000,0,0,0,0,1,0,0,0,0,0,00179,0,01,0,1f,4,1,0,0,0,1,02,0,0,0,0,1,0,0,0,1,0,0,0,0,0,0,0,0,1
1705,1705,0,0,0c,00000,0,0,0,0,1,0,0,0,0,0,0017a,0,01,0,1f,4,1,0,0,0,1,02,0,0,0,0,1,0,0,0,1,0,0,0,0,0,0,0,0,1
1706,1706,0,0,0c,00000,0,0,0,0,1,0,0,0,0,0,0017b,0,01,0,1f,4,1,0,0,0,1,02,0,0,0,0,1,0,0,0,1,0,0,0,0,0,0,0,0,1
1707,1707,0,0,0c,00000,0,0,0,0,1,0,0,0,0,0,0017c,0,01,0,1f,4,1,0,0,0,1,02,0,0,0,0,1,0,0,0,1,0,0,0,0,0,0,0,0,1
1708,1708,0,0,0c,00000,0,0,0,0,1,0,0,0,0,0,0017d,0,01,0,1f,4,1,0,0,0,1,02,0,0,0,0,1,0,0,0,1,0,0,0,0,0,0,0,0,1
1709,1709,0,0,0c,00000,0,0,0,0,1,0,0,0,0,0,0017e,0,01,0,1f,4,1,0,0,0,1,02,0,0,0,0,1,0,0,0,1,0,0,0,0,0,0,0,0,1
1710,1710,0,0,0c,00000,0,0,0,0,1,0,0,0,0,0,0017f,0,01,0,1f,4,1,0,0,0,1,02,0,0,0,0,1,0,0,0,1,0,0,0,0,0,0,0,0,1
1711,1711,0,0,0c,00000,0,0,0,0,1,0,0,0,0,0,00180,0,01,0,1f,4,1,0,0,0,1,02,0,0,0,0,1,0,0,0,1,0,0,0,0,0,0,0,0,1
1712,1712,0,0,0c,00000,0,0,0,0,1,0,0,0,0,0,00181,0,01,0,1f,4,1,0,0,0,1,02,0,0,0,0,1,0,0,0,1,0,0,0,0,0,0,0,0,1
1713,1713,0,0,0c,00000,0,0,0,0,1,0,0,0,0,0,00182,0,01,0,1f,4,1,0,0,0,1,02,0,0,0,0,1,0,0,0,1,0,0,0,0,0,0,0,0,1
1714,1714,0,0,0c,00000,0,0,0,0,1,0,0,0,0,0,00183,0,01,0,1f,4,1,0,0,0,1,02,0,0,0,0,1,0,0,0,1,0,0,0,0,0,0,0,0,1
1715,1715,0,0,0c,00000,0,0,0,0,1,0,0,0,0,0,00184,0,01,0,1f,4,1,0,0,0,1,02,0,0,0,0,1,0,0,0,1,0,0,0,0,0,0,0,0,1
1716,1716,0,0,0c,00000,0,0,0,0,1,0,0,0,0,0,00185,0,01,0,1f,4,1,0,0,0,1,02,0,0,0,0,1,0,0,0,1,0,0,0,0,0,0,0,0,1
1717,1717,0,0,0c,00000,0,0,0,0,1,0,0,0,0,0,00186,0,01,0,1f,4,1,0,0,0,1,02,0,0,0,0,1,0,0,0,1,0,0,0,0,0,0,0,0,1
1718,1718,0,0,0c,00000,0,0,0,0,1,0,0,0,0,0,00187,0,01,0,1f,4,1,0,0,0,1,02,0,0,0,0,1,0,0,0,1,0,0,0,0,0,0,0,0,1
1719,1719,0,0,0c,00000,0,0,0,0,1,0,0,0,0,0,00188,0,01,0,1f,4,1,0,0,0,1,02,0,0,0,0,1,0,0,0,1,0,0,0,0,0,0,0,0,1
1720,1720,0,0,0c,00000,0,0,0,0,1,0,0,0,0,0,00189,0,01,0,1f,4,1,0,0,0,1,02,0,0,0,0,1,0,0,0,1,0,0,0,0,0,0,0,0,1
1721,1721,0,0,0c,00000,0,0,0,0,1,0,0,0,0,0,0018a,0,01,0,1f,4,1,0,0,0,1,02,0,0,0,0,1,0,0,0,1,0,0,0,0,0,0,0,0,1
1722,1722,0,0,0c,00000,0,0,0,0,1,0,0,0,0,0,0018b,0,01,0,1f,4,1,0,0,0,1,02,0,0,0,0,1,0,0,0,1,0,0,0,0,0,0,0,0,1
1723,1723,0,0,0c,00000,0,0,0,0,1,0,0,0,0,0,0018c,0,01,0,1f,4,1,0,0,0,1,02,0,0,0,0,1,0,0,0,1,0,0,0,0,0,0,0,0,1
1724,1724,0,0,0c,00000,0,0,0,0,1,0,0,0,0,0,0018d,0,01,0,1f,4,1,0,0,0,1,02,0,0,0,0,1,0,0,0,1,0,0,0,0,0,0,0,0,1
1725,1725,0,0,0c,00000,0,0,0,0,1,0,0,0,0,0,0018e,0,01,0,1f,4,1,0,0,0,1,02,0,0,0,0,1,0,0,0,1,0,0,0,0,0,0,0,0,1
1726,1726,0,0,0c,00000,0,0,0,0,1,0,0,0,0,0,0018f,0,01,0,1f,4,1,0,0,0,1,02,0,0,0,0,1,0,0,0,1,0,0,0,0,0,0,0,0,1
1727,1727,0,0,0c,00000,0,0,0,0,1,0,0,0,0,0,00190,0,01,0,1f,4,1,0,0,0,1,02,0,0,0,0,1,0,0,0,1,0,0,0,0,0,0,0,0,1
1728,1728,0,0,0c,00000,0,0,0,0,1,0,0,0,0,0,00191,0,01,0,1f,4,1,0,0,0,1,02,0,0,0,0,1,0,0,0,1,0,0,0,0,0,0,0,0,1
1729,1729,0,0,0c,00000,0,0,0,0,1,0,0,0,0,0,00192,0,01,0,1f,4,1,0,0,0,1,02,0,0,0,0,1,0,0,0,1,0,0,0,0,0,0,0,0,1
1730,1730,0,0,0c,00000,0,0,0,0,1,0,0,0,0,0,00193,0,01,0,1f,4,1,0,0,0,1,02,0,0,0,0,1,0,0,0,1,0,0,0,0,0,0,0,0,1
1731,1731,0,0,0c,00000,0,0,0,0,1,0,0,0,0,0,00194,0,01,0,1f,4,1,0,0,0,1,02,0,0,0,0,1,0,0,0,1,0,0,0,0,0,0,0,0,1
1732,1732,0,0,0c,00000,0,0,0,0,1,0,0,0,0,0,00195,0,01,0,1f,4,1,0,0,0,1,02,0,0,0,0,1,0,0,0,1,0,0,0,0,0,0,0,0,1
1733,1733,0,0,0c,00000,0,0,0,0,1,0,0,0,0,0,00196,0,01,0,1f,4,1,0,0,0,1,02,0,0,0,0,1,0,0,0,1,0,0,0,0,0,0,0,0,1
1734,1734,0,0,0c,00000,0,0,0,0,1,0,0,0,0,0,00197,0,01,0,1f,4,1,0,0,0,1,02,0,0,0,0,1,0,0,0,1,0,0,0,0,0,0,0,0,1
1735,1735,0,0,0c,00000,0,0,0,0,1,0,0,0,0,0,00198,0,01,0,1f,4,1,0,0,0,1,02,0,0,0,0,1,0,0,0,1,0,0,0,0,0,0,0,0,1
1736,1736,0,0,0c,00000,0,0,0,0,1,0,0,0,0,0,00199,0,01,0,1f,4,1,0,0,0,1,02,0,0,0,0,1,0,0,0,1,0,0,0,0,0,0,0,0,1
1737,1737,0,0,0c,00000,0,0,0,0,1,0,0,0,0,0,0019a,0,01,0,1f,4,1,0,0,0,1,02,0,0,0,0,1,0,0,0,1,0,0,0,0,0,0,0,0,1
1738,1738,0,0,0c,00000,0,0,0,0,1,0,0,0,0,0,0019b,0,01,0,1f,4,1,0,0,0,1,02,0,0,0,0,1,0,0,0,1,0,0,0,0,0,0,0,0,1
1739,1739,0,0,0c,00000,0,0,0,0,1,0,0,0,0,0,0019c,0,01,0,1f,4,1,0,0,0,1,02,0,0,0,0,1,0,0,0,1,0,0,0,0,0,0,0,0,1
1740,1740,0,0,0c,00000,0,0,0,0,1,0,0,0,0,0,0019d,0,01,0,1f,4,1,0,0,0,1,02,0,0,0,0,1,0,0,0,1,0,0,0,0,0,0,0,0,1
1741,1741,0,0,0c,00000,0,0,0,0,1,0,0,0,0,0,0019e,0,01,0,1f,4,1,0,0,0,1,02,0,0,0,0,1,0,0,0,1,0,0,0,0,0,0,0,0,1
1742,1742,0,0,0c,00000,0,0,0,0,1,0,0,0,0,0,0019f,0,01,0,1f,4,1,0,0,0,1,02,0,0,0,0,1,0,0,0,1,0,0,0,0,0,0,0,0,1
1743,1743,0,0,0c,00000,0,0,0,0,1,0,0,0,0,0,001a0,0,01,0,1f,4,1,0,0,0,1,02,0,0,0,0,1,0,0,0,1,0,0,0,0,0,0,0,0,1
1744,1744,0,0,0c,00000,0,0,0,0,1,0,0,0,0,0,001a1,0,01,0,1f,4,1,0,0,0,1,02,0,0,0,0,1,0,0,0,1,0,0,0,0,0,0,0,0,1
1745,1745,0,0,0c,00000,0,0,0,0,1,0,0,0,0,0,001a2,0,01,0,1f,4,1,0,0,0,1,02,0,0,0,0,1,0,0,0,1,0,0,0,0,0,0,0,0,1
1746,1746,0,0,0c,00000,0,0,0,0,1,0,0,0,0,0,001a3,0,01,0,1f,4,1,0,0,0,1,02,0,0,0,0,1,0,0,0,1,0,0,0,0,0,0,0,0,1
1747,1747,0,0,0c,00000,0,0,0,0,1,0,0,0,0,0,001a4,0,01,0,1f,4,1,0,0,0,1,02,0,0,0,0,1,0,0,0,1,0,0,0,0,0,0,0,0,1
1748,1748,0,0,0c,00000,0,0,0,0,1,0,0,0,0,0,001a5,0,01,0,1f,4,1,0,0,0,1,02,0,0,0,0,1,0,0,0,1,0,0,0,0,0,0,0,0,1
1749,1749,0,0,0c,00000,0,0,0,0,1,0,0,0,0,0,001a6,0,01,0,1f,4,1,0,0,0,1,02,0,0,0,0,1,0,0,0,1,0,0,0,0,0,0,0,0,1
1750,1750,0,0,0c,00000,0,0,0,0,1,0,0,0,0,0,001a7,0,01,0,1f,4,1,0,0,0,1,02,0,0,0,0,1,0,0,0,1,0,0,0,0,0,0,0,0,1
1751,1751,0,0,0c,00000,0,0,0,0,1,0,0,0,0,0,001a8,0,01,0,1f,4,1,0,0,0,1,02,0,0,0,0,1,0,0,0,1,0,0,0,0,0,0,0,0,1
1752,1752,0,0,0c,00000,0,0,0,0,1,0,0,0,0,0,001a9,0,01,0,1f,4,1,0,0,0,1,02,0,0,0,0,1,0,0,0,1,0,0,0,0,0,0,0,0,1
1753,1753,0,0,0c,00000,0,0,0,0,1,0,0,0,0,0,001aa,0,01,0,1f,4,1,0,0,0,1,02,0,0,0,0,1,0,0,0,1,0,0,0,0,0,0,0,0,1
1754,1754,0,0,0c,00000,0,0,0,0,1,0,0,0,0,0,001ab,0,01,0,1f,4,1,0,0,0,1,02,0,0,0,0,1,0,0,0,1,0,0,0,0,0,0,0,0,1
1755,1755,0,0,0c,00000,0,0,0,0,1,0,0,0,0,0,001ac,0,01,0,1f,4,1,0,0,0,1,02,0,0,0,0,1,0,0,0,1,0,0,0,0,0,0,0,0,1
1756,1756,0,0,0c,00000,0,0,0,0,1,0,0,0,0,0,001ad,0,01,0,1f,4,1,0,0,0,1,02,0,0,0,0,1,0,0,0,1,0,0,0,0,0,0,0,0,1
1757,1757,0,0,0c,00000,0,0,0,0,1,0,0,0,0,0,001ae,0,01,0,1f,4,1,0,0,0,1,02,0,0,0,0,1,0,0,0,1,0,0,0,0,0,0,0,0,1
1758,1758,0,0,0c,00000,0,0,0,0,1,0,0,0,0,0,001af,0,01,0,1f,4,1,0,0,0,1,02,0,0,0,0,1,0,0,0,1,0,0,0,0,0,0,0,0,1
1759,1759,0,0,0c,00000,0,0,0,0,1,0,0,0,0,0,001b0,0,01,0,1f,4,1,0,0,0,1,02,0,0,0,0,1,0,0,0,1,0,0,0,0,0,0,0,0,1
1760,1760,0,0,0c,00000,0,0,0,0,1,0,0,0,0,0,001b1,0,01,0,1f,4,1,0,0,0,1,02,0,0,0,0,1,0,0,0,1,0,0,0,0,0,0,0,0,1
1761,1761,0,0,0c,00000,0,0,0,0,1,0,0,0,0,0,001b2,0,01,0,1f,4,1,0,0,0,1,02,0,0,0,0,1,0,0,0,1,0,0,0,0,0,0,0,0,1
1762,1762,0,0,0c,00000,0,0,0,0,1,0,0,0,0,0,001b3,0,01,0,1f,4,1,0,0,0,1,02,0,0,0,0,1,0,0,0,1,0,0,0,0,0,0,0,0,1
1763,1763,0,0,0c,00000,0,0,0,0,1,0,0,0,0,0,001b4,0,01,0,1f,4,1,0,0,0,1,02,0,0,0,0,1,0,0,0,1,0,0,0,0,0,0,0,0,1
1764,1764,0,0,0c,00000,0,0,0,0,1,0,0,0,0,0,001b5,0,01,0,1f,4,1,0,0,0,1,02,0,0,0,0,1,0,0,0,1,0,0,0,0,0,0,0,0,1
1765,1765,0,0,0c,00000,0,0,0,0,1,0,0,0,0,0,001b6,0,01,0,1f,4,1,0,0,0,1,02,0,0,0,0,1,0,0,0,1,0,0,0,0,0,0,0,0,1
1766,1766,0,0,0c,00000,0,0,0,0,1,0,0,0,0,0,001b7,0,01,0,1f,4,1,0,0,0,1,02,0,0,0,0,1,0,0,0,1,0,0,0,0,0,0,0,0,1
1767,1767,0,0,0c,00000,0,0,0,0,1,0,0,0,0,0,001b8,0,01,0,1f,4,1,0,0,0,1,02,0,0,0,0,1,0,0,0,1,0,0,0,0,0,0,0,0,1
1768,1768,0,0,0c,00000,0,0,0,0,1,0,0,0,0,0,001b9,0,01,0,1f,4,1,0,0,0,1,02,0,0,0,0,1,0,0,0,1,0,0,0,0,0,0,0,0,1
1769,1769,0,0,0c,00000,0,0,0,0,1,0,0,0,0,0,001ba,0,01,0,1f,4,1,0,0,0,1,02,0,0,0,0,1,0,0,0,1,0,0,0,0,0,0,0,0,1
1770,1770,0,0,0c,00000,0,0,0,0,1,0,0,0,0,0,001bb,0,01,0,1f,4,1,0,0,0,1,02,0,0,0,0,1,0,0,0,1,0,0,0,0,0,0,0,0,1
1771,1771,0,0,0c,00000,0,0,0,0,1,0,0,0,0,0,001bc,0,01,0,1f,4,1,0,0,0,1,02,0,0,0,0,1,0,0,0,1,0,0,0,0,0,0,0,0,1
1772,1772,0,0,0c,00000,0,0,0,0,1,0,0,0,0,0,001bd,0,01,0,1f,4,1,0,0,0,1,02,0,0,0,0,1,0,0,0,1,0,0,0,0,0,0,0,0,1
1773,1773,0,0,0c,00000,0,0,0,0,1,0,0,0,0,0,001be,0,01,0,1f,4,1,0,0,0,1,02,0,0,0,0,1,0,0,0,1,0,0,0,0,0,0,0,0,1
1774,1774,0,0,0c,00000,0,0,0,0,1,0,0,0,0,0,001bf,0,01,0,1f,4,1,0,0,0,1,02,0,0,0,0,1,0,0,0,1,0,0,0,0,0,0,0,0,1
1775,1775,0,0,0c,00000,0,0,0,0,1,0,0,0,0,0,001c0,0,01,0,1f,4,1,0,0,0,1,02,0,0,0,0,1,0,0,0,1,0,0,0,0,0,0,0,0,1
1776,1776,0,0,0c,00000,0,0,0,0,1,0,0,0,0,0,001c1,0,01,0,1f,4,1,0,0,0,1,02,0,0,0,0,1,0,0,0,1,0,0,0,0,0,0,0,0,1
1777,1777,0,0,0c,00000,0,0,0,0,1,0,0,0,0,0,001c2,0,01,0,1f,4,1,0,0,0,1,02,0,0,0,0,1,0,0,0,1,0,0,0,0,0,0,0,0,1
1778,1778,0,0,0c,00000,0,0,0,0,1,0,0,0,0,0,001c3,0,01,0,1f,4,1,0,0,0,1,02,0,0,0,0,1,0,0,0,1,0,0,0,0,0,0,0,0,1
1779,1779,0,0,0c,00000,0,0,0,0,1,0,0,0,0,0,001c4,0,01,0,1f,4,1,0,0,0,1,02,0,0,0,0,1,0,0,0,1,0,0,0,0,0,0,0,0,1
1780,1780,0,0,0c,00000,0,0,0,0,1,0,0,0,0,0,001c5,0,01,0,1f,4,1,0,0,0,1,02,0,0,0,0,1,0,0,0,1,0,0,0,0,0,0,0,0,1
1781,1781,0,0,0c,00000,0,0,0,0,1,0,0,0,0,0,001c6,0,01,0,1f,4,1,0,0,0,1,02,0,0,0,0,1,0,0,0,1,0,0,0,0,0,0,0,0,1
1782,1782,0,0,0c,00000,0,0,0,0,1,0,0,0,0,0,001c7,0,01,0,1f,4,1,0,0,0,1,02,0,0,0,0,1,0,0,0,1,0,0,0,0,0,0,0,0,1
1783,1783,0,0,0c,00000,0,0,0,0,1,0,0,0,0,0,001c8,0,01,0,1f,4,1,0,0,0,1,02,0,0,0,0,1,0,0,0,1,0,0,0,0,0,0,0,0,1
1784,1784,0,0,0c,00000,0,0,0,0,1,0,0,0,0,0,001c9,0,01,0,1f,4,1,0,0,0,1,02,0,0,0,0,1,0,0,0,1,0,0,0,0,0,0,0,0,1
1785,1785,0,0,0c,00000,0,0,0,0,1,0,0,0,0,0,001ca,0,01,0,1f,4,1,0,0,0,1,02,0,0,0,0,1,0,0,0,1,0,0,0,0,0,0,0,0,1
1786,1786,0,0,0c,00000,0,0,0,0,1,0,0,0,0,0,001cb,0,01,0,1f,4,1,0,0,0,1,02,0,0,0,0,1,0,0,0,1,0,0,0,0,0,0,0,0,1
1787,1787,0,0,0c,00000,0,0,0,0,1,0,0,0,0,0,001cc,0,01,0,1f,4,1,0,0,0,1,02,0,0,0,0,1,0,0,0,1,0,0,0,0,0,0,0,0,1
1788,1788,0,0,0c,00000,0,0,0,0,1,0,0,0,0,0,001cd,0,01,0,1f,4,1,0,0,0,1,02,0,0,0,0,1,0,0,0,1,0,0,0,0,0,0,0,0,1
1789,1789,0,0,0c,00000,0,0,0,0,1,0,0,0,0,0,001ce,0,01,0,1f,4,1,0,0,0,1,02,0,0,0,0,1,0,0,0,1,0,0,0,0,0,0,0,0,1
1790,1790,0,0,0c,00000,0,0,0,0,1,0,0,0,0,0,001cf,0,01,0,1f,4,1,0,0,0,1,02,0,0,0,0,1,0,0,0,1,0,0,0,0,0,0,0,0,1
1791,1791,0,0,0c,00000,0,0,0,0,1,0,0,0,0,0,001d0,0,01,0,1f,4,1,0,0,0,1,02,0,0,0,0,1,0,0,0,1,0,0,0,0,0,0,0,0,1
1792,1792,0,0,0c,00000,0,0,0,0,1,0,0,0,0,0,001d1,0,01,0,1f,4,1,0,0,0,1,02,0,0,0,0,1,0,0,0,1,0,0,0,0,0,0,0,0,1
1793,1793,0,0,0c,00000,0,0,0,0,1,0,0,0,0,0,001d2,0,01,0,1f,4,1,0,0,0,1,02,0,0,0,0,1,0,0,0,1,0,0,0,0,0,0,0,0,1
1794,1794,0,0,0c,00000,0,0,0,0,1,0,0,0,0,0,001d3,0,01,0,1f,4,1,0,0,0,1,02,0,0,0,0,1,0,0,0,1,0,0,0,0,0,0,0,0,1
1795,1795,0,0,0c,00000,0,0,0,0,1,0,0,0,0,0,001d4,0,01,0,1f,4,1,0,0,0,1,02,0,0,0,0,1,0,0,0,1,0,0,0,0,0,0,0,0,1
1796,1796,0,0,0c,00000,0,0,0,0,1,0,0,0,0,0,001d5,0,01,0,1f,4,1,0,0,0,1,02,0,0,0,0,1,0,0,0,1,0,0,0,0,0,0,0,0,1
1797,1797,0,0,0c,00000,0,0,0,0,1,0,0,0,0,0,001d6,0,01,0,1f,4,1,0,0,0,1,02,0,0,0,0,1,0,0,0,1,0,0,0,0,0,0,0,0,1
1798,1798,0,0,0c,00000,0,0,0,0,1,0,0,0,0,0,001d7,0,01,0,1f,4,1,0,0,0,1,02,0,0,0,0,1,0,0,0,1,0,0,0,0,0,0,0,0,1
1799,1799,0,0,0c,00000,0,0,0,0,1,0,0,0,0,0,001d8,0,01,0,1f,4,1,0,0,0,1,02,0,0,0,0,1,0,0,0,1,0,0,0,0,0,0,0,0,1
1800,1800,0,0,0c,00000,0,0,0,0,1,0,0,0,0,0,001d9,0,01,0,1f,4,1,0,0,0,1,02,0,0,0,0,1,0,0,0,1,0,0,0,0,0,0,0,0,1
1801,1801,0,0,0c,00000,0,0,0,0,1,0,0,0,0,0,001da,0,01,0,1f,4,1,0,0,0,1,02,0,0,0,0,1,0,0,0,1,0,0,0,0,0,0,0,0,1
1802,1802,0,0,0c,00000,0,0,0,0,1,0,0,0,0,0,001db,0,01,0,1f,4,1,0,0,0,1,02,0,0,0,0,1,0,0,0,1,0,0,0,0,0,0,0,0,1
1803,1803,0,0,0c,00000,0,0,0,0,1,0,0,0,0,0,001dc,0,01,0,1f,4,1,0,0,0,1,02,0,0,0,0,1,0,0,0,1,0,0,0,0,0,0,0,0,1
1804,1804,0,0,0c,00000,0,0,0,0,1,0,0,0,0,0,001dd,0,01,0,1f,4,1,0,0,0,1,02,0,0,0,0,1,0,0,0,1,0,0,0,0,0,0,0,0,1
1805,1805,0,0,0c,00000,0,0,0,0,1,0,0,0,0,0,001de,0,01,0,1f,4,1,0,0,0,1,02,0,0,0,0,1,0,0,0,1,0,0,0,0,0,0,0,0,1
1806,1806,0,0,0c,00000,0,0,0,0,1,0,0,0,0,0,001df,0,01,0,1f,4,1,0,0,0,1,02,0,0,0,0,1,0,0,0,1,0,0,0,0,0,0,0,0,1
1807,1807,0,0,0c,00000,0,0,0,0,1,0,0,0,0,0,001e0,0,01,0,1f,4,1,0,0,0,1,02,0,0,0,0,1,0,0,0,1,0,0,0,0,0,0,0,0,1
1808,1808,0,0,0c,00000,0,0,0,0,1,0,0,0,0,0,001e1,0,01,0,1f,4,1,0,0,0,1,02,0,0,0,0,1,0,0,0,1,0,0,0,0,0,0,0,0,1
1809,1809,0,0,0c,00000,0,0,0,0,1,0,0,0,0,0,001e2,0,01,0,1f,4,1,0,0,0,1,02,0,0,0,0,1,0,0,0,1,0,0,0,0,0,0,0,0,1
1810,1810,0,0,0c,00000,0,0,0,0,1,0,0,0,0,0,001e3,0,01,0,1f,4,1,0,0,0,1,02,0,0,0,0,1,0,0,0,1,0,0,0,0,0,0,0,0,1
1811,1811,0,0,0c,00000,0,0,0,0,1,0,0,0,0,0,001e4,0,01,0,1f,4,1,0,0,0,1,02,0,0,0,0,1,0,0,0,1,0,0,0,0,0,0,0,0,1
1812,1812,0,0,0c,00000,0,0,0,0,1,0,0,0,0,0,001e5,0,01,0,1f,4,1,0,0,0,1,02,0,0,0,0,1,0,0,0,1,0,0,0,0,0,0,0,0,1
1813,1813,0,0,0c,00000,0,0,0,0,1,0,0,0,0,0,001e6,0,01,0,1f,4,1,0,0,0,1,02,0,0,0,0,1,0,0,0,1,0,0,0,0,0,0,0,0,1
1814,1814,0,0,0c,00000,0,0,0,0,1,0,0,0,0,0,001e7,0,01,0,1f,4,1,0,0,0,1,02,0,0,0,0,1,0,0,0,1,0,0,0,0,0,0,0,0,1
1815,1815,0,0,0c,00000,0,0,0,0,1,0,0,0,0,0,001e8,0,01,0,1f,4,1,0,0,0,1,02,0,0,0,0,1,0,0,0,1,0,0,0,0,0,0,0,0,1
1816,1816,0,0,0c,00000,0,0,0,0,1,0,0,0,0,0,001e9,0,01,0,1f,4,1,0,0,0,1,02,0,0,0,0,1,0,0,0,1,0,0,0,0,0,0,0,0,1
1817,1817,0,0,0c,00000,0,0,0,0,1,0,0,0,0,0,001ea,0,01,0,1f,4,1,0,0,0,1,02,0,0,0,0,1,0,0,0,1,0,0,0,0,0,0,0,0,1
1818,1818,0,0,0c,00000,0,0,0,0,1,0,0,0,0,0,001eb,0,01,0,1f,4,1,0,0,0,1,02,0,0,0,0,1,0,0,0,1,0,0,0,0,0,0,0,0,1
1819,1819,0,0,0c,00000,0,0,0,0,1,0,0,0,0,0,001ec,0,01,0,1f,4,1,0,0,0,1,02,0,0,0,0,1,0,0,0,1,0,0,0,0,0,0,0,0,1
1820,1820,0,0,0c,00000,0,0,0,0,1,0,0,0,0,0,001ed,0,01,0,1f,4,1,0,0,0,1,02,0,0,0,0,1,0,0,0,1,0,0,0,0,0,0,0,0,1
1821,1821,0,0,0c,00000,0,0,0,0,1,0,0,0,0,0,001ee,0,01,0,1f,4,1,0,0,0,1,02,0,0,0,0,1,0,0,0,1,0,0,0,0,0,0,0,0,1
1822,1822,0,0,0c,00000,0,0,0,0,1,0,0,0,0,0,001ef,0,01,0,1f,4,1,0,0,0,1,02,0,0,0,0,1,0,0,0,1,0,0,0,0,0,0,0,0,1
1823,1823,0,0,0c,00000,0,0,0,0,1,0,0,0,0,0,001f0,0,01,0,1f,4,1,0,0,0,1,02,0,0,0,0,1,0,0,0,1,0,0,0,0,0,0,0,0,1
1824,1824,0,0,0c,00000,0,0,0,0,1,0,0,0,0,0,001f1,0,01,0,1f,4,1,0,0,0,1,02,0,0,0,0,1,0,0,0,1,0,0,0,0,0,0,0,0,1
1825,1825,0,0,0c,00000,0,0,0,0,1,0,0,0,0,0,001f2,0,01,0,1f,4,1,0,0,0,1,02,0,0,0,0,1,0,0,0,1,0,0,0,0,0,0,0,0,1
1826,1826,0,0,0c,00000,0,0,0,0,1,0,0,0,0,0,001f3,0,01,0,1f,4,1,0,0,0,1,02,0,0,0,0,1,0,0,0,1,0,0,0,0,0,0,0,0,1
1827,1827,0,0,0c,00000,0,0,0,0,1,0,0,0,0,0,001f4,0,01,0,1f,4,1,0,0,0,1,02,0,0,0,0,1,0,0,0,1,0,0,0,0,0,0,0,0,1
1828,1828,0,0,0c,00000,0,0,0,0,1,0,0,0,0,0,001f5,0,01,0,1f,4,1,0,0,0,1,02,0,0,0,0,1,0,0,0,1,0,0,0,0,0,0,0,0,1
1829,1829,0,0,0c,00000,0,0,0,0,1,0,0,0,0,0,001f6,0,01,0,1f,4,1,0,0,0,1,02,0,0,0,0,1,0,0,0,1,0,0,0,0,0,0,0,0,1
1830,1830,0,0,0c,00000,0,0,0,0,1,0,0,0,0,0,001f7,0,01,0,1f,4,1,0,0,0,1,02,0,0,0,0,1,0,0,0,1,0,0,0,0,0,0,0,0,1
1831,1831,0,0,0c,00000,0,0,0,0,1,0,0,0,0,0,001f8,0,01,0,1f,4,1,0,0,0,1,02,0,0,0,0,1,0,0,0,1,0,0,0,0,0,0,0,0,1
1832,1832,0,0,0c,00000,0,0,0,0,1,0,0,0,0,0,001f9,0,01,0,1f,4,1,0,0,0,1,02,0,0,0,0,1,0,0,0,1,0,0,0,0,0,0,0,0,1
1833,1833,0,0,0c,00000,0,0,0,0,1,0,0,0,0,0,001fa,0,01,0,1f,4,1,0,0,0,1,02,0,0,0,0,1,0,0,0,1,0,0,0,0,0,0,0,0,1
1834,1834,0,0,0c,00000,0,0,0,0,1,0,0,0,0,0,001fb,0,01,0,1f,4,1,0,0,0,1,02,0,0,0,0,1,0,0,0,1,0,0,0,0,0,0,0,0,1
1835,1835,0,0,0c,00000,0,0,0,0,1,0,0,0,0,0,001fc,0,01,0,1f,4,1,0,0,0,1,02,0,0,0,0,1,0,0,0,1,0,0,0,0,0,0,0,0,1
1836,1836,0,0,0c,00000,0,0,0,0,1,0,0,0,0,0,001fd,0,01,0,1f,4,1,0,0,0,1,02,0,0,0,0,1,0,0,0,1,0,0,0,0,0,0,0,0,1
1837,1837,0,0,0c,00000,0,0,0,0,1,0,0,0,0,0,001fe,0,01,0,1f,4,1,0,0,0,1,02,0,0,0,0,1,0,0,0,1,0,0,0,0,0,0,0,0,1
1838,1838,0,0,0c,00000,0,0,0,0,1,0,0,0,0,0,001ff,0,01,0,1f,4,1,0,0,0,1,02,0,0,0,0,1,0,0,0,1,0,0,0,0,0,0,0,0,1
1839,1839,0,0,0c,00000,0,0,0,0,1,0,0,0,0,0,00200,0,01,0,1f,4,1,0,0,0,1,02,0,0,0,0,1,0,0,0,1,0,0,0,0,0,0,0,0,1
1840,1840,0,0,0c,00000,0,0,0,0,1,0,0,0,0,0,00201,0,01,0,1f,4,1,0,0,0,1,02,0,0,0,0,1,0,0,0,1,0,0,0,0,0,0,0,0,1
1841,1841,0,0,0c,00000,0,0,0,0,1,0,0,0,0,0,00202,0,01,0,1f,4,1,0,0,0,1,02,0,0,0,0,1,0,0,0,1,0,0,0,0,0,0,0,0,1
1842,1842,0,0,0c,00000,0,0,0,0,1,0,0,0,0,0,00203,0,01,0,1f,4,1,0,0,0,1,02,0,0,0,0,1,0,0,0,1,0,0,0,0,0,0,0,0,1
1843,1843,0,0,0c,00000,0,0,0,0,1,0,0,0,0,0,00204,0,01,0,1f,4,1,0,0,0,1,02,0,0,0,0,1,0,0,0,1,0,0,0,0,0,0,0,0,1
1844,1844,0,0,0c,00000,0,0,0,0,1,0,0,0,0,0,00205,0,01,0,1f,4,1,0,0,0,1,02,0,0,0,0,1,0,0,0,1,0,0,0,0,0,0,0,0,1
1845,1845,0,0,0c,00000,0,0,0,0,1,0,0,0,0,0,00206,0,01,0,1f,4,1,0,0,0,1,02,0,0,0,0,1,0,0,0,1,0,0,0,0,0,0,0,0,1
1846,1846,0,0,0c,00000,0,0,0,0,1,0,0,0,0,0,00207,0,01,0,1f,4,1,0,0,0,1,02,0,0,0,0,1,0,0,0,1,0,0,0,0,0,0,0,0,1
1847,1847,0,0,0c,00000,0,0,0,0,1,0,0,0,0,0,00208,0,01,0,1f,4,1,0,0,0,1,02,0,0,0,0,1,0,0,0,1,0,0,0,0,0,0,0,0,1
1848,1848,0,0,0c,00000,0,0,0,0,1,0,0,0,0,0,00209,0,01,0,1f,4,1,0,0,0,1,02,0,0,0,0,1,0,0,0,1,0,0,0,0,0,0,0,0,1
1849,1849,0,0,0c,00000,0,0,0,0,1,0,0,0,0,0,0020a,0,01,0,1f,4,1,0,0,0,1,02,0,0,0,0,1,0,0,0,1,0,0,0,0,0,0,0,0,1
1850,1850,0,0,0c,00000,0,0,0,0,1,0,0,0,0,0,0020b,0,01,0,1f,4,1,0,0,0,1,02,0,0,0,0,1,0,0,0,1,0,0,0,0,0,0,0,0,1
1851,1851,0,0,0c,00000,0,0,0,0,1,0,0,0,0,0,0020c,0,01,0,1f,4,1,0,0,0,1,02,0,0,0,0,1,0,0,0,1,0,0,0,0,0,0,0,0,1
1852,1852,0,0,0c,00000,0,0,0,0,1,0,0,0,0,0,0020d,0,01,0,1f,4,1,0,0,0,1,02,0,0,0,0,1,0,0,0,1,0,0,0,0,0,0,0,0,1
1853,1853,0,0,0c,00000,0,0,0,0,1,0,0,0,0,0,0020e,0,01,0,1f,4,1,0,0,0,1,02,0,0,0,0,1,0,0,0,1,0,0,0,0,0,0,0,0,1
1854,1854,0,0,0c,00000,0,0,0,0,1,0,0,0,0,0,0020f,0,01,0,1f,4,1,0,0,0,1,02,0,0,0,0,1,0,0,0,1,0,0,0,0,0,0,0,0,1
1855,1855,0,0,0c,00000,0,0,0,0,1,0,0,0,0,0,00210,0,01,0,1f,4,1,0,0,0,1,02,0,0,0,0,1,0,0,0,1,0,0,0,0,0,0,0,0,1
1856,1856,0,0,0c,00000,0,0,0,0,1,0,0,0,0,0,00211,0,01,0,1f,4,1,0,0,0,1,02,0,0,0,0,1,0,0,0,1,0,0,0,0,0,0,0,0,1
1857,1857,0,0,0c,00000,0,0,0,0,1,0,0,0,0,0,00212,0,01,0,1f,4,1,0,0,0,1,02,0,0,0,0,1,0,0,0,1,0,0,0,0,0,0,0,0,1
1858,1858,0,0,0c,00000,0,0,0,0,1,0,0,0,0,0,00213,0,01,0,1f,4,1,0,0,0,1,02,0,0,0,0,1,0,0,0,1,0,0,0,0,0,0,0,0,1
1859,1859,0,0,0c,00000,0,0,0,0,1,0,0,0,0,0,00214,0,01,0,1f,4,1,0,0,0,1,02,0,0,0,0,1,0,0,0,1,0,0,0,0,0,0,0,0,1
1860,1860,0,0,0c,00000,0,0,0,0,1,0,0,0,0,0,00215,0,01,0,1f,4,1,0,0,0,1,02,0,0,0,0,1,0,0,0,1,0,0,0,0,0,0,0,0,1
1861,1861,0,0,0c,00000,0,0,0,0,1,0,0,0,0,0,00216,0,01,0,1f,4,1,0,0,0,1,02,0,0,0,0,1,0,0,0,1,0,0,0,0,0,0,0,0,1
1862,1862,0,0,0c,00000,0,0,0,0,1,0,0,0,0,0,00217,0,01,0,1f,4,1,0,0,0,1,02,0,0,0,0,1,0,0,0,1,0,0,0,0,0,0,0,0,1
1863,1863,0,0,0c,00000,0,0,0,0,1,0,0,0,0,0,00218,0,01,0,1f,4,1,0,0,0,1,02,0,0,0,0,1,0,0,0,1,0,0,0,0,0,0,0,0,1
1864,1864,0,0,0c,00000,0,0,0,0,1,0,0,0,0,0,00219,0,01,0,1f,4,1,0,0,0,1,02,0,0,0,0,1,0,0,0,1,0,0,0,0,0,0,0,0,1
1865,1865,0,0,0c,00000,0,0,0,0,1,0,0,0,0,0,0021a,0,01,0,1f,4,1,0,0,0,1,02,0,0,0,0,1,0,0,0,1,0,0,0,0,0,0,0,0,1
1866,1866,0,0,0c,00000,0,0,0,0,1,0,0,0,0,0,0021b,0,01,0,1f,4,1,0,0,0,1,02,0,0,0,0,1,0,0,0,1,0,0,0,0,0,0,0,0,1
1867,1867,0,0,0c,00000,0,0,0,0,1,0,0,0,0,0,0021c,0,01,0,1f,4,1,0,0,0,1,02,0,0,0,0,1,0,0,0,1,0,0,0,0,0,0,0,0,1
1868,1868,0,0,0c,00000,0,0,0,0,1,0,0,0,0,0,0021d,0,01,0,1f,4,1,0,0,0,1,02,0,0,0,0,1,0,0,0,1,0,0,0,0,0,0,0,0,1
1869,1869,0,0,0c,00000,0,0,0,0,1,0,0,0,0,0,0021e,0,01,0,1f,4,1,0,0,0,1,02,0,0,0,0,1,0,0,0,1,0,0,0,0,0,0,0,0,1
1870,1870,0,0,0c,00000,0,0,0,0,1,0,0,0,0,0,0021f,0,01,0,1f,4,1,0,0,0,1,02,0,0,0,0,1,0,0,0,1,0,0,0,0,0,0,0,0,1
1871,1871,0,0,0c,00000,0,0,0,0,1,0,0,0,0,0,00220,0,01,0,1f,4,1,0,0,0,1,02,0,0,0,0,1,0,0,0,1,0,0,0,0,0,0,0,0,1
1872,1872,0,0,0c,00000,0,0,0,0,1,0,0,0,0,0,00221,0,01,0,1f,4,1,0,0,0,1,02,0,0,0,0,1,0,0,0,1,0,0,0,0,0,0,0,0,1
1873,1873,0,0,0c,00000,0,0,0,0,1,0,0,0,0,0,00222,0,01,0,1f,4,1,0,0,0,1,02,0,0,0,0,1,0,0,0,1,0,0,0,0,0,0,0,0,1
1874,1874,0,0,0c,00000,0,0,0,0,1,0,0,0,0,0,00223,0,01,0,1f,4,1,0,0,0,1,02,0,0,0,0,1,0,0,0,1,0,0,0,0,0,0,0,0,1
1875,1875,0,0,0c,00000,0,0,0,0,1,0,0,0,0,0,00224,0,01,0,1f,4,1,0,0,0,1,02,0,0,0,0,1,0,0,0,1,0,0,0,0,0,0,0,0,1
1876,1876,0,0,0c,00000,0,0,0,0,1,0,0,0,0,0,00225,0,01,0,1f,4,1,0,0,0,1,02,0,0,0,0,1,0,0,0,1,0,0,0,0,0,0,0,0,1
1877,1877,0,0,0c,00000,0,0,0,0,1,0,0,0,0,0,00226,0,01,0,1f,4,1,0,0,0,1,02,0,0,0,0,1,0,0,0,1,0,0,0,0,0,0,0,0,1
1878,1878,0,0,0c,00000,0,0,0,0,1,0,0,0,0,0,00227,0,01,0,1f,4,1,0,0,0,1,02,0,0,0,0,1,0,0,0,1,0,0,0,0,0,0,0,0,1
1879,1879,0,0,0c,00000,0,0,0,0,1,0,0,0,0,0,00228,0,01,0,1f,4,1,0,0,0,1,02,0,0,0,0,1,0,0,0,1,0,0,0,0,0,0,0,0,1
1880,1880,0,0,0c,00000,0,0,0,0,1,0,0,0,0,0,00229,0,01,0,1f,4,1,0,0,0,1,02,0,0,0,0,1,0,0,0,1,0,0,0,0,0,0,0,0,1
1881,1881,0,0,0c,00000,0,0,0,0,1,0,0,0,0,0,0022a,0,01,0,1f,4,1,0,0,0,1,02,0,0,0,0,1,0,0,0,1,0,0,0,0,0,0,0,0,1
1882,1882,0,0,0c,00000,0,0,0,0,1,0,0,0,0,0,0022b,0,01,0,1f,4,1,0,0,0,1,02,0,0,0,0,1,0,0,0,1,0,0,0,0,0,0,0,0,1
1883,1883,0,0,0c,00000,0,0,0,0,1,0,0,0,0,0,0022c,0,01,0,1f,4,1,0,0,0,1,02,0,0,0,0,1,0,0,0,1,0,0,0,0,0,0,0,0,1
1884,1884,0,0,0c,00000,0,0,0,0,1,0,0,0,0,0,0022d,0,01,0,1f,4,1,0,0,0,1,02,0,0,0,0,1,0,0,0,1,0,0,0,0,0,0,0,0,1
1885,1885,0,0,0c,00000,0,0,0,0,1,0,0,0,0,0,0022e,0,01,0,1f,4,1,0,0,0,1,02,0,0,0,0,1,0,0,0,1,0,0,0,0,0,0,0,0,1
1886,1886,0,0,0c,00000,0,0,0,0,1,0,0,0,0,0,0022f,0,01,0,1f,4,1,0,0,0,1,02,0,0,0,0,1,0,0,0,1,0,0,0,0,0,0,0,0,1
1887,1887,0,0,0c,00000,0,0,0,0,1,0,0,0,0,0,00230,0,01,0,1f,4,1,0,0,0,1,02,0,0,0,0,1,0,0,0,1,0,0,0,0,0,0,0,0,1
1888,1888,0,0,0c,00000,0,0,0,0,1,0,0,0,0,0,00231,0,01,0,1f,4,1,0,0,0,1,02,0,0,0,0,1,0,0,0,1,0,0,0,0,0,0,0,0,1
1889,1889,0,0,0c,00000,0,0,0,0,1,0,0,0,0,0,00232,0,01,0,1f,4,1,0,0,0,1,02,0,0,0,0,1,0,0,0,1,0,0,0,0,0,0,0,0,1
1890,1890,0,0,0c,00000,0,0,0,0,1,0,0,0,0,0,00233,0,01,0,1f,4,1,0,0,0,1,02,0,0,0,0,1,0,0,0,1,0,0,0,0,0,0,0,0,1
1891,1891,0,0,0c,00000,0,0,0,0,1,0,0,0,0,0,00234,0,01,0,1f,4,1,0,0,0,1,02,0,0,0,0,1,0,0,0,1,0,0,0,0,0,0,0,0,1
1892,1892,0,0,0c,00000,0,0,0,0,1,0,0,0,0,0,00235,0,01,0,1f,4,1,0,0,0,1,02,0,0,0,0,1,0,0,0,1,0,0,0,0,0,0,0,0,1
1893,1893,0,0,0c,00000,0,0,0,0,1,0,0,0,0,0,00236,0,01,0,1f,4,1,0,0,0,1,02,0,0,0,0,1,0,0,0,1,0,0,0,0,0,0,0,0,1
1894,1894,0,0,0c,00000,0,0,0,0,1,0,0,0,0,0,00237,0,01,0,1f,4,1,0,0,0,1,02,0,0,0,0,1,0,0,0,1,0,0,0,0,0,0,0,0,1
1895,1895,0,0,0c,00000,0,0,0,0,1,0,0,0,0,0,00238,0,01,0,1f,4,1,0,0,0,1,02,0,0,0,0,1,0,0,0,1,0,0,0,0,0,0,0,0,1
1896,1896,0,0,0c,00000,0,0,0,0,1,0,0,0,0,0,00239,0,01,0,1f,4,1,0,0,0,1,02,0,0,0,0,1,0,0,0,1,0,0,0,0,0,0,0,0,1
1897,1897,0,0,0c,00000,0,0,0,0,1,0,0,0,0,0,0023a,0,01,0,1f,4,1,0,0,0,1,02,0,0,0,0,1,0,0,0,1,0,0,0,0,0,0,0,0,1
1898,1898,0,0,0c,00000,0,0,0,0,1,0,0,0,0,0,0023b,0,01,0,1f,4,1,0,0,0,1,02,0,0,0,0,1,0,0,0,1,0,0,0,0,0,0,0,0,1
1899,1899,0,0,0c,00000,0,0,0,0,1,0,0,0,0,0,0023c,0,01,0,1f,4,1,0,0,0,1,02,0,0,0,0,1,0,0,0,1,0,0,0,0,0,0,0,0,1
1900,1900,0,0,0c,00000,0,0,0,0,1,0,0,0,0,0,0023d,0,01,0,1f,4,1,0,0,0,1,02,0,0,0,0,1,0,0,0,1,0,0,0,0,0,0,0,0,1
1901,1901,0,0,0c,00000,0,0,0,0,1,0,0,0,0,0,0023e,0,01,0,1f,4,1,0,0,0,1,02,0,0,0,0,1,0,0,0,1,0,0,0,0,0,0,0,0,1
1902,1902,0,0,0c,00000,0,0,0,0,1,0,0,0,0,0,0023f,0,01,0,1f,4,1,0,0,0,1,02,0,0,0,0,1,0,0,0,1,0,0,0,0,0,0,0,0,1
1903,1903,0,0,0c,00000,0,0,0,0,1,0,0,0,0,0,00240,0,01,0,1f,4,1,0,0,0,1,02,0,0,0,0,1,0,0,0,1,0,0,0,0,0,0,0,0,1
1904,1904,0,0,0c,00000,0,0,0,0,1,0,0,0,0,0,00241,0,01,0,1f,4,1,0,0,0,1,02,0,0,0,0,1,0,0,0,1,0,0,0,0,0,0,0,0,1
1905,1905,0,0,0c,00000,0,0,0,0,1,0,0,0,0,0,00242,0,01,0,1f,4,1,0,0,0,1,02,0,0,0,0,1,0,0,0,1,0,0,0,0,0,0,0,0,1
1906,1906,0,0,0c,00000,0,0,0,0,1,0,0,0,0,0,00243,0,01,0,1f,4,1,0,0,0,1,02,0,0,0,0,1,0,0,0,1,0,0,0,0,0,0,0,0,1
1907,1907,0,0,0c,00000,0,0,0,0,1,0,0,0,0,0,00244,0,01,0,1f,4,1,0,0,0,1,02,0,0,0,0,1,0,0,0,1,0,0,0,0,0,0,0,0,1
1908,1908,0,0,0c,00000,0,0,0,0,1,0,0,0,0,0,00245,0,01,0,1f,4,1,0,0,0,1,02,0,0,0,0,1,0,0,0,1,0,0,0,0,0,0,0,0,1
1909,1909,0,0,0c,00000,0,0,0,0,1,0,0,0,0,0,00246,0,01,0,1f,4,1,0,0,0,1,02,0,0,0,0,1,0,0,0,1,0,0,0,0,0,0,0,0,1
1910,1910,0,0,0c,00000,0,0,0,0,1,0,0,0,0,0,00247,0,01,0,1f,4,1,0,0,0,1,02,0,0,0,0,1,0,0,0,1,0,0,0,0,0,0,0,0,1
1911,1911,0,0,0c,00000,0,0,0,0,1,0,0,0,0,0,00248,0,01,0,1f,4,1,0,0,0,1,02,0,0,0,0,1,0,0,0,1,0,0,0,0,0,0,0,0,1
1912,1912,0,0,0c,00000,0,0,0,0,1,0,0,0,0,0,00249,0,01,0,1f,4,1,0,0,0,1,02,0,0,0,0,1,0,0,0,1,0,0,0,0,0,0,0,0,1
1913,1913,0,0,0c,00000,0,0,0,0,1,0,0,0,0,0,0024a,0,01,0,1f,4,1,0,0,0,1,02,0,0,0,0,1,0,0,0,1,0,0,0,0,0,0,0,0,1
1914,1914,0,0,0c,00000,0,0,0,0,1,0,0,0,0,0,0024b,0,01,0,1f,4,1,0,0,0,1,02,0,0,0,0,1,0,0,0,1,0,0,0,0,0,0,0,0,1
1915,1915,0,0,0c,00000,0,0,0,0,1,0,0,0,0,0,0024c,0,01,0,1f,4,1,0,0,0,1,02,0,0,0,0,1,0,0,0,1,0,0,0,0,0,0,0,0,1
1916,1916,0,0,0c,00000,0,0,0,0,1,0,0,0,0,0,0024d,0,01,0,1f,4,1,0,0,0,1,02,0,0,0,0,1,0,0,0,1,0,0,0,0,0,0,0,0,1
1917,1917,0,0,0c,00000,0,0,0,0,1,0,0,0,0,0,0024e,0,01,0,1f,4,1,0,0,0,1,02,0,0,0,0,1,0,0,0,1,0,0,0,0,0,0,0,0,1
1918,1918,0,0,0c,00000,0,0,0,0,1,0,0,0,0,0,0024f,0,01,0,1f,4,1,0,0,0,1,02,0,0,0,0,1,0,0,0,1,0,0,0,0,0,0,0,0,1
1919,1919,0,0,0c,00000,0,0,0,0,1,0,0,0,0,0,00250,0,01,0,1f,4,1,0,0,0,1,02,0,0,0,0,1,0,0,0,1,0,0,0,0,0,0,0,0,1
1920,1920,0,0,0c,00000,0,0,0,0,1,0,0,0,0,0,00251,0,01,0,1f,4,1,0,0,0,1,02,0,0,0,0,1,0,0,0,1,0,0,0,0,0,0,0,0,1
1921,1921,0,0,0c,00000,0,0,0,0,1,0,0,0,0,0,00252,0,01,0,1f,4,1,0,0,0,1,02,0,0,0,0,1,0,0,0,1,0,0,0,0,0,0,0,0,1
1922,1922,0,0,0c,00000,0,0,0,0,1,0,0,0,0,0,00253,0,01,0,1f,4,1,0,0,0,1,02,0,0,0,0,1,0,0,0,1,0,0,0,0,0,0,0,0,1
1923,1923,0,0,0c,00000,0,0,0,0,1,0,0,0,0,0,00254,0,01,0,1f,4,1,0,0,0,1,02,0,0,0,0,1,0,0,0,1,0,0,0,0,0,0,0,0,1
1924,1924,0,0,0c,00000,0,0,0,0,1,0,0,0,0,0,00255,0,01,0,1f,4,1,0,0,0,1,02,0,0,0,0,1,0,0,0,1,0,0,0,0,0,0,0,0,1
1925,1925,0,0,0c,00000,0,0,0,0,1,0,0,0,0,0,00256,0,01,0,1f,4,1,0,0,0,1,02,0,0,0,0,1,0,0,0,1,0,0,0,0,0,0,0,0,1
1926,1926,0,0,0c,00000,0,0,0,0,1,0,0,0,0,0,00257,0,01,0,1f,4,1,0,0,0,1,02,0,0,0,0,1,0,0,0,1,0,0,0,0,0,0,0,0,1
1927,1927,0,0,0c,00000,0,0,0,0,1,0,0,0,0,0,00258,0,01,0,1f,4,1,0,0,0,1,02,0,0,0,0,1,0,0,0,1,0,0,0,0,0,0,0,0,1
1928,1928,0,0,0c,00000,0,0,0,0,1,0,0,0,0,0,00259,0,01,0,1f,4,1,0,0,0,1,02,0,0,0,0,1,0,0,0,1,0,0,0,0,0,0,0,0,1
1929,1929,0,0,0c,00000,0,0,0,0,1,0,0,0,0,0,0025a,0,01,0,1f,4,1,0,0,0,1,02,0,0,0,0,1,0,0,0,1,0,0,0,0,0,0,0,0,1
1930,1930,0,0,0c,00000,0,0,0,0,1,0,0,0,0,0,0025b,0,01,0,1f,4,1,0,0,0,1,02,0,0,0,0,1,0,0,0,1,0,0,0,0,0,0,0,0,1
1931,1931,0,0,0c,00000,0,0,0,0,1,0,0,0,0,0,0025c,0,01,0,1f,4,1,0,0,0,1,02,0,0,0,0,1,0,0,0,1,0,0,0,0,0,0,0,0,1
1932,1932,0,0,0c,00000,0,0,0,0,1,0,0,0,0,0,0025d,0,01,0,1f,4,1,0,0,0,1,02,0,0,0,0,1,0,0,0,1,0,0,0,0,0,0,0,0,1
1933,1933,0,0,0c,00000,0,0,0,0,1,0,0,0,0,0,0025e,0,01,0,1f,4,1,0,0,0,1,02,0,0,0,0,1,0,0,0,1,0,0,0,0,0,0,0,0,1
1934,1934,0,0,0c,00000,0,0,0,0,1,0,0,0,0,0,0025f,0,01,0,1f,4,1,0,0,0,1,02,0,0,0,0,1,0,0,0,1,0,0,0,0,0,0,0,0,1
1935,1935,0,0,0c,00000,0,0,0,0,1,0,0,0,0,0,00260,0,01,0,1f,4,1,0,0,0,1,02,0,0,0,0,1,0,0,0,1,0,0,0,0,0,0,0,0,1
1936,1936,0,0,0c,00000,0,0,0,0,1,0,0,0,0,0,00261,0,01,0,1f,4,1,0,0,0,1,02,0,0,0,0,1,0,0,0,1,0,0,0,0,0,0,0,0,1
1937,1937,0,0,0c,00000,0,0,0,0,1,0,0,0,0,0,00262,0,01,0,1f,4,1,0,0,0,1,02,0,0,0,0,1,0,0,0,1,0,0,0,0,0,0,0,0,1
1938,1938,0,0,0c,00000,0,0,0,0,1,0,0,0,0,0,00263,0,01,0,1f,4,1,0,0,0,1,02,0,0,0,0,1,0,0,0,1,0,0,0,0,0,0,0,0,1
1939,1939,0,0,0c,00000,0,0,0,0,1,0,0,0,0,0,00264,0,01,0,1f,4,1,0,0,0,1,02,0,0,0,0,1,0,0,0,1,0,0,0,0,0,0,0,0,1
1940,1940,0,0,0c,00000,0,0,0,0,1,0,0,0,0,0,00265,0,01,0,1f,4,1,0,0,0,1,02,0,0,0,0,1,0,0,0,1,0,0,0,0,0,0,0,0,1
1941,1941,0,0,0c,00000,0,0,0,0,1,0,0,0,0,0,00266,0,01,0,1f,4,1,0,0,0,1,02,0,0,0,0,1,0,0,0,1,0,0,0,0,0,0,0,0,1
1942,1942,0,0,0c,00000,0,0,0,0,1,0,0,0,0,0,00267,0,01,0,1f,4,1,0,0,0,1,02,0,0,0,0,1,0,0,0,1,0,0,0,0,0,0,0,0,1
1943,1943,0,0,0c,00000,0,0,0,0,1,0,0,0,0,0,00268,0,01,0,1f,4,1,0,0,0,1,02,0,0,0,0,1,0,0,0,1,0,0,0,0,0,0,0,0,1
1944,1944,0,0,0c,00000,0,0,0,0,1,0,0,0,0,0,00269,0,01,0,1f,4,1,0,0,0,1,02,0,0,0,0,1,0,0,0,1,0,0,0,0,0,0,0,0,1
1945,1945,0,0,0c,00000,0,0,0,0,1,0,0,0,0,0,0026a,0,01,0,1f,4,1,0,0,0,1,02,0,0,0,0,1,0,0,0,1,0,0,0,0,0,0,0,0,1
1946,1946,0,0,0c,00000,0,0,0,0,1,0,0,0,0,0,0026b,0,01,0,1f,4,1,0,0,0,1,02,0,0,0,0,1,0,0,0,1,0,0,0,0,0,0,0,0,1
1947,1947,0,0,0c,00000,0,0,0,0,1,0,0,0,0,0,0026c,0,01,0,1f,4,1,0,0,0,1,02,0,0,0,0,1,0,0,0,1,0,0,0,0,0,0,0,0,1
1948,1948,0,0,0c,00000,0,0,0,0,1,0,0,0,0,0,0026d,0,01,0,1f,4,1,0,0,0,1,02,0,0,0,0,1,0,0,0,1,0,0,0,0,0,0,0,0,1
1949,1949,0,0,0c,00000,0,0,0,0,1,0,0,0,0,0,0026e,0,01,0,1f,4,1,0,0,0,1,02,0,0,0,0,1,0,0,0,1,0,0,0,0,0,0,0,0,1
1950,1950,0,0,0c,00000,0,0,0,0,1,0,0,0,0,0,0026f,0,01,0,1f,4,1,0,0,0,1,02,0,0,0,0,1,0,0,0,1,0,0,0,0,0,0,0,0,1
1951,1951,0,0,0c,00000,0,0,0,0,1,0,0,0,0,0,00270,0,01,0,1f,4,1,0,0,0,1,02,0,0,0,0,1,0,0,0,1,0,0,0,0,0,0,0,0,1
1952,1952,0,0,0c,00000,0,0,0,0,1,0,0,0,0,0,00271,0,01,0,1f,4,1,0,0,0,1,02,0,0,0,0,1,0,0,0,1,0,0,0,0,0,0,0,0,1
1953,1953,0,0,0c,00000,0,0,0,0,1,0,0,0,0,0,00272,0,01,0,1f,4,1,0,0,0,1,02,0,0,0,0,1,0,0,0,1,0,0,0,0,0,0,0,0,1
1954,1954,0,0,0c,00000,0,0,0,0,1,0,0,0,0,0,00273,0,01,0,1f,4,1,0,0,0,1,02,0,0,0,0,1,0,0,0,1,0,0,0,0,0,0,0,0,1
1955,1955,0,0,0c,00000,0,0,0,0,1,0,0,0,0,0,00274,0,01,0,1f,4,1,0,0,0,1,02,0,0,0,0,1,0,0,0,1,0,0,0,0,0,0,0,0,1
1956,1956,0,0,0c,00000,0,0,0,0,1,0,0,0,0,0,00275,0,01,0,1f,4,1,0,0,0,1,02,0,0,0,0,1,0,0,0,1,0,0,0,0,0,0,0,0,1
1957,1957,0,0,0c,00000,0,0,0,0,1,0,0,0,0,0,00276,0,01,0,1f,4,1,0,0,0,1,02,0,0,0,0,1,0,0,0,1,0,0,0,0,0,0,0,0,1
1958,1958,0,0,0c,00000,0,0,0,0,1,0,0,0,0,0,00277,0,01,0,1f,4,1,0,0,0,1,02,0,0,0,0,1,0,0,0,1,0,0,0,0,0,0,0,0,1
1959,1959,0,0,0c,00000,0,0,0,0,1,0,0,0,0,0,00278,0,01,0,1f,4,1,0,0,0,1,02,0,0,0,0,1,0,0,0,1,0,0,0,0,0,0,0,0,1
1960,1960,0,0,0c,00000,0,0,0,0,1,0,0,0,0,0,00279,0,01,0,1f,4,1,0,0,0,1,02,0,0,0,0,1,0,0,0,1,0,0,0,0,0,0,0,0,1
1961,1961,0,0,0c,00000,0,0,0,0,1,0,0,0,0,0,0027a,0,01,0,1f,4,1,0,0,0,1,02,0,0,0,0,1,0,0,0,1,0,0,0,0,0,0,0,0,1
1962,1962,0,0,0c,00000,0,0,0,0,1,0,0,0,0,0,0027b,0,01,0,1f,4,1,0,0,0,1,02,0,0,0,0,1,0,0,0,1,0,0,0,0,0,0,0,0,1
1963,1963,0,0,0c,00000,0,0,0,0,1,0,0,0,0,0,0027c,0,01,0,1f,4,1,0,0,0,1,02,0,0,0,0,1,0,0,0,1,0,0,0,0,0,0,0,0,1
1964,1964,0,0,0c,00000,0,0,0,0,1,0,0,0,0,0,0027d,0,01,0,1f,4,1,0,0,0,1,02,0,0,0,0,1,0,0,0,1,0,0,0,0,0,0,0,0,1
1965,1965,0,0,0c,00000,0,0,0,0,1,0,0,0,0,0,0027e,0,01,0,1f,4,1,0,0,0,1,02,0,0,0,0,1,0,0,0,1,0,0,0,0,0,0,0,0,1
1966,1966,0,0,0c,00000,0,0,0,0,1,0,0,0,0,0,0027f,0,01,0,1f,4,1,0,0,0,1,02,0,0,0,0,1,0,0,0,1,0,0,0,0,0,0,0,0,1
1967,1967,0,0,0c,00000,0,0,0,0,1,0,0,0,0,0,00280,0,01,0,1f,4,1,0,0,0,1,02,0,0,0,0,1,0,0,0,1,0,0,0,0,0,0,0,0,1
1968,1968,0,0,0c,00000,0,0,0,0,1,0,0,0,0,0,00281,0,01,0,1f,4,1,0,0,0,1,02,0,0,0,0,1,0,0,0,1,0,0,0,0,0,0,0,0,1
1969,1969,0,0,0c,00000,0,0,0,0,1,0,0,0,0,0,00282,0,01,0,1f,4,1,0,0,0,1,02,0,0,0,0,1,0,0,0,1,0,0,0,0,0,0,0,0,1
1970,1970,0,0,0c,00000,0,0,0,0,1,0,0,0,0,0,00283,0,01,0,1f,4,1,0,0,0,1,02,0,0,0,0,1,0,0,0,1,0,0,0,0,0,0,0,0,1
1971,1971,0,0,0c,00000,0,0,0,0,1,0,0,0,0,0,00284,0,01,0,1f,4,1,0,0,0,1,02,0,0,0,0,1,0,0,0,1,0,0,0,0,0,0,0,0,1
1972,1972,0,0,0c,00000,0,0,0,0,1,0,0,0,0,0,00285,0,01,0,1f,4,1,0,0,0,1,02,0,0,0,0,1,0,0,0,1,0,0,0,0,0,0,0,0,1
1973,1973,0,0,0c,00000,0,0,0,0,1,0,0,0,0,0,00286,0,01,0,1f,4,1,0,0,0,1,02,0,0,0,0,1,0,0,0,1,0,0,0,0,0,0,0,0,1
1974,1974,0,0,0c,00000,0,0,0,0,1,0,0,0,0,0,00287,0,01,0,1f,4,1,0,0,0,1,02,0,0,0,0,1,0,0,0,1,0,0,0,0,0,0,0,0,1
1975,1975,0,0,0c,00000,0,0,0,0,1,0,0,0,0,0,00288,0,01,0,1f,4,1,0,0,0,1,02,0,0,0,0,1,0,0,0,1,0,0,0,0,0,0,0,0,1
1976,1976,0,0,0c,00000,0,0,0,0,1,0,0,0,0,0,00289,0,01,0,1f,4,1,0,0,0,1,02,0,0,0,0,1,0,0,0,1,0,0,0,0,0,0,0,0,1
1977,1977,0,0,0c,00000,0,0,0,0,1,0,0,0,0,0,0028a,0,01,0,1f,4,1,0,0,0,1,02,0,0,0,0,1,0,0,0,1,0,0,0,0,0,0,0,0,1
1978,1978,0,0,0c,00000,0,0,0,0,1,0,0,0,0,0,0028b,0,01,0,1f,4,1,0,0,0,1,02,0,0,0,0,1,0,0,0,1,0,0,0,0,0,0,0,0,1
1979,1979,0,0,0c,00000,0,0,0,0,1,0,0,0,0,0,0028c,0,01,0,1f,4,1,0,0,0,1,02,0,0,0,0,1,0,0,0,1,0,0,0,0,0,0,0,0,1
1980,1980,0,0,0c,00000,0,0,0,0,1,0,0,0,0,0,0028d,0,01,0,1f,4,1,0,0,0,1,02,0,0,0,0,1,0,0,0,1,0,0,0,0,0,0,0,0,1
1981,1981,0,0,0c,00000,0,0,0,0,1,0,0,0,0,0,0028e,0,01,0,1f,4,1,0,0,0,1,02,0,0,0,0,1,0,0,0,1,0,0,0,0,0,0,0,0,1
1982,1982,0,0,0c,00000,0,0,0,0,1,0,0,0,0,0,0028f,0,01,0,1f,4,1,0,0,0,1,02,0,0,0,0,1,0,0,0,1,0,0,0,0,0,0,0,0,1
1983,1983,0,0,0c,00000,0,0,0,0,1,0,0,0,0,0,00290,0,01,0,1f,4,1,0,0,0,1,02,0,0,0,0,1,0,0,0,1,0,0,0,0,0,0,0,0,1
1984,1984,0,0,0c,00000,0,0,0,0,1,0,0,0,0,0,00291,0,01,0,1f,4,1,0,0,0,1,02,0,0,0,0,1,0,0,0,1,0,0,0,0,0,0,0,0,1
1985,1985,0,0,0c,00000,0,0,0,0,1,0,0,0,0,0,00292,0,01,0,1f,4,1,0,0,0,1,02,0,0,0,0,1,0,0,0,1,0,0,0,0,0,0,0,0,1
1986,1986,0,0,0c,00000,0,0,0,0,1,0,0,0,0,0,00293,0,01,0,1f,4,1,0,0,0,1,02,0,0,0,0,1,0,0,0,1,0,0,0,0,0,0,0,0,1
1987,1987,0,0,0c,00000,0,0,0,0,1,0,0,0,0,0,00294,0,01,0,1f,4,1,0,0,0,1,02,0,0,0,0,1,0,0,0,1,0,0,0,0,0,0,0,0,1
1988,1988,0,0,0c,00000,0,0,0,0,1,0,0,0,0,0,00295,0,01,0,1f,4,1,0,0,0,1,02,0,0,0,0,1,0,0,0,1,0,0,0,0,0,0,0,0,1
1989,1989,0,0,0c,00000,0,0,0,0,1,0,0,0,0,0,00296,0,01,0,1f,4,1,0,0,0,1,02,0,0,0,0,1,0,0,0,1,0,0,0,0,0,0,0,0,1
1990,1990,0,0,0c,00000,0,0,0,0,1,0,0,0,0,0,00297,0,01,0,1f,4,1,0,0,0,1,02,0,0,0,0,1,0,0,0,1,0,0,0,0,0,0,0,0,1
1991,1991,0,0,0c,00000,0,0,0,0,1,0,0,0,0,0,00298,0,01,0,1f,4,1,0,0,0,1,02,0,0,0,0,1,0,0,0,1,0,0,0,0,0,0,0,0,1
1992,1992,0,0,0c,00000,0,0,0,0,1,0,0,0,0,0,00299,0,01,0,1f,4,1,0,0,0,1,02,0,0,0,0,1,0,0,0,1,0,0,0,0,0,0,0,0,1
1993,1993,0,0,0c,00000,0,0,0,0,1,0,0,0,0,0,0029a,0,01,0,1f,4,1,0,0,0,1,02,0,0,0,0,1,0,0,0,1,0,0,0,0,0,0,0,0,1
1994,1994,0,0,0c,00000,0,0,0,0,1,0,0,0,0,0,0029b,0,01,0,1f,4,1,0,0,0,1,02,0,0,0,0,1,0,0,0,1,0,0,0,0,0,0,0,0,1
1995,1995,0,0,0c,00000,0,0,0,0,1,0,0,0,0,0,0029c,0,01,0,1f,4,1,0,0,0,1,02,0,0,0,0,1,0,0,0,1,0,0,0,0,0,0,0,0,1
1996,1996,0,0,0c,00000,0,0,0,0,1,0,0,0,0,0,0029d,0,01,0,1f,4,1,0,0,0,1,02,0,0,0,0,1,0,0,0,1,0,0,0,0,0,0,0,0,1
1997,1997,0,0,0c,00000,0,0,0,0,1,0,0,0,0,0,0029e,0,01,0,1f,4,1,0,0,0,1,02,0,0,0,0,1,0,0,0,1,0,0,0,0,0,0,0,0,1
1998,1998,0,0,0c,00000,0,0,0,0,1,0,0,0,0,0,0029f,0,01,0,1f,4,1,0,0,0,1,02,0,0,0,0,1,0,0,0,1,0,0,0,0,0,0,0,0,1
1999,1999,0,0,0c,00000,0,0,0,0,1,0,0,0,0,0,002a0,0,01,0,1f,4,1,0,0,0,1,02,0,0,0,0,1,0,0,0,1,0,0,0,0,0,0,0,0,1
2000,2000,0,0,0c,00000,0,0,0,0,1,0,0,0,0,0,002a1,0,01,0,1f,4,1,0,0,0,1,02,0,0,0,0,1,0,0,0,1,0,0,0,0,0,0,0,0,1
2001,2001,0,0,0c,00000,0,0,0,0,1,0,0,0,0,0,002a2,0,01,0,1f,4,1,0,0,0,1,02,0,0,0,0,1,0,0,0,1,0,0,0,0,0,0,0,0,1
2002,2002,0,0,0c,00000,0,0,0,0,1,0,0,0,0,0,002a3,0,01,0,1f,4,1,0,0,0,1,02,0,0,0,0,1,0,0,0,1,0,0,0,0,0,0,0,0,1
2003,2003,0,0,0c,00000,0,0,0,0,1,0,0,0,0,0,002a4,0,01,0,1f,4,1,0,0,0,1,02,0,0,0,0,1,0,0,0,1,0,0,0,0,0,0,0,0,1
2004,2004,0,0,0c,00000,0,0,0,0,1,0,0,0,0,0,002a5,0,01,0,1f,4,1,0,0,0,1,02,0,0,0,0,1,0,0,0,1,0,0,0,0,0,0,0,0,1
2005,2005,0,0,0c,00000,0,0,0,0,1,0,0,0,0,0,002a6,0,01,0,1f,4,1,0,0,0,1,02,0,0,0,0,1,0,0,0,1,0,0,0,0,0,0,0,0,1
2006,2006,0,0,0c,00000,0,0,0,0,1,0,0,0,0,0,002a7,0,01,0,1f,4,1,0,0,0,1,02,0,0,0,0,1,0,0,0,1,0,0,0,0,0,0,0,0,1
2007,2007,0,0,0c,00000,0,0,0,0,1,0,0,0,0,0,002a8,0,01,0,1f,4,1,0,0,0,1,02,0,0,0,0,1,0,0,0,1,0,0,0,0,0,0,0,0,1
2008,2008,0,0,0c,00000,0,0,0,0,1,0,0,0,0,0,002a9,0,01,0,1f,4,1,0,0,0,1,02,0,0,0,0,1,0,0,0,1,0,0,0,0,0,0,0,0,1
2009,2009,0,0,0c,00000,0,0,0,0,1,0,0,0,0,0,002aa,0,01,0,1f,4,1,0,0,0,1,02,0,0,0,0,1,0,0,0,1,0,0,0,0,0,0,0,0,1
2010,2010,0,0,0c,00000,0,0,0,0,1,0,0,0,0,0,002ab,0,01,0,1f,4,1,0,0,0,1,02,0,0,0,0,1,0,0,0,1,0,0,0,0,0,0,0,0,1
2011,2011,0,0,0c,00000,0,0,0,0,1,0,0,0,0,0,002ac,0,01,0,1f,4,1,0,0,0,1,02,0,0,0,0,1,0,0,0,1,0,0,0,0,0,0,0,0,1
2012,2012,0,0,0c,00000,0,0,0,0,1,0,0,0,0,0,002ad,0,01,0,1f,4,1,0,0,0,1,02,0,0,0,0,1,0,0,0,1,0,0,0,0,0,0,0,0,1
2013,2013,0,0,0c,00000,0,0,0,0,1,0,0,0,0,0,002ae,0,01,0,1f,4,1,0,0,0,1,02,0,0,0,0,1,0,0,0,1,0,0,0,0,0,0,0,0,1
2014,2014,0,0,0c,00000,0,0,0,0,1,0,0,0,0,0,002af,0,01,0,1f,4,1,0,0,0,1,02,0,0,0,0,1,0,0,0,1,0,0,0,0,0,0,0,0,1
2015,2015,0,0,0c,00000,0,0,0,0,1,0,0,0,0,0,002b0,0,01,0,1f,4,1,0,0,0,1,02,0,0,0,0,1,0,0,0,1,0,0,0,0,0,0,0,0,1
2016,2016,0,0,0c,00000,0,0,0,0,1,0,0,0,0,0,002b1,0,01,0,1f,4,1,0,0,0,1,02,0,0,0,0,1,0,0,0,1,0,0,0,0,0,0,0,0,1
2017,2017,0,0,0c,00000,0,0,0,0,1,0,0,0,0,0,002b2,0,01,0,1f,4,1,0,0,0,1,02,0,0,0,0,1,0,0,0,1,0,0,0,0,0,0,0,0,1
2018,2018,0,0,0c,00000,0,0,0,0,1,0,0,0,0,0,002b3,0,01,0,1f,4,1,0,0,0,1,02,0,0,0,0,1,0,0,0,1,0,0,0,0,0,0,0,0,1
2019,2019,0,0,0c,00000,0,0,0,0,1,0,0,0,0,0,002b4,0,01,0,1f,4,1,0,0,0,1,02,0,0,0,0,1,0,0,0,1,0,0,0,0,0,0,0,0,1
2020,2020,0,0,0c,00000,0,0,0,0,1,0,0,0,0,0,002b5,0,01,0,1f,4,1,0,0,0,1,02,0,0,0,0,1,0,0,0,1,0,0,0,0,0,0,0,0,1
2021,2021,0,0,0c,00000,0,0,0,0,1,0,0,0,0,0,002b6,0,01,0,1f,4,1,0,0,0,1,02,0,0,0,0,1,0,0,0,1,0,0,0,0,0,0,0,0,1
2022,2022,0,0,0c,00000,0,0,0,0,1,0,0,0,0,0,002b7,0,01,0,1f,4,1,0,0,0,1,02,0,0,0,0,1,0,0,0,1,0,0,0,0,0,0,0,0,1
2023,2023,0,0,0c,00000,0,0,0,0,1,0,0,0,0,0,002b8,0,01,0,1f,4,1,0,0,0,1,02,0,0,0,0,1,0,0,0,1,0,0,0,0,0,0,0,0,1
2024,2024,0,0,0c,00000,0,0,0,0,1,0,0,0,0,0,002b9,0,01,0,1f,4,1,0,0,0,1,02,0,0,0,0,1,0,0,0,1,0,0,0,0,0,0,0,0,1
2025,2025,0,0,0c,00000,0,0,0,0,1,0,0,0,0,0,002ba,0,01,0,1f,4,1,0,0,0,1,02,0,0,0,0,1,0,0,0,1,0,0,0,0,0,0,0,0,1
2026,2026,0,0,0c,00000,0,0,0,0,1,0,0,0,0,0,002bb,0,01,0,1f,4,1,0,0,0,1,02,0,0,0,0,1,0,0,0,1,0,0,0,0,0,0,0,0,1
2027,2027,0,0,0c,00000,0,0,0,0,1,0,0,0,0,0,002bc,0,01,0,1f,4,1,0,0,0,1,02,0,0,0,0,1,0,0,0,1,0,0,0,0,0,0,0,0,1
2028,2028,0,0,0c,00000,0,0,0,0,1,0,0,0,0,0,002bd,0,01,0,1f,4,1,0,0,0,1,02,0,0,0,0,1,0,0,0,1,0,0,0,0,0,0,0,0,1
2029,2029,0,0,0c,00000,0,0,0,0,1,0,0,0,0,0,002be,0,01,0,1f,4,1,0,0,0,1,02,0,0,0,0,1,0,0,0,1,0,0,0,0,0,0,0,0,1
2030,2030,0,0,0c,00000,0,0,0,0,1,0,0,0,0,0,002bf,0,01,0,1f,4,1,0,0,0,1,02,0,0,0,0,1,0,0,0,1,0,0,0,0,0,0,0,0,1
2031,2031,0,0,0c,00000,0,0,0,0,1,0,0,0,0,0,002c0,0,01,0,1f,4,1,0,0,0,1,02,0,0,0,0,1,0,0,0,1,0,0,0,0,0,0,0,0,1
2032,2032,0,0,0c,00000,0,0,0,0,1,0,0,0,0,0,002c1,0,01,0,1f,4,1,0,0,0,1,02,0,0,0,0,1,0,0,0,1,0,0,0,0,0,0,0,0,1
2033,2033,0,0,0c,00000,0,0,0,0,1,0,0,0,0,0,002c2,0,01,0,1f,4,1,0,0,0,1,02,0,0,0,0,1,0,0,0,1,0,0,0,0,0,0,0,0,1
2034,2034,0,0,0c,00000,0,0,0,0,1,0,0,0,0,0,002c3,0,01,0,1f,4,1,0,0,0,1,02,0,0,0,0,1,0,0,0,1,0,0,0,0,0,0,0,0,1
2035,2035,0,0,0c,00000,0,0,0,0,1,0,0,0,0,0,002c4,0,01,0,1f,4,1,0,0,0,1,02,0,0,0,0,1,0,0,0,1,0,0,0,0,0,0,0,0,1
2036,2036,0,0,0c,00000,0,0,0,0,1,0,0,0,0,0,002c5,0,01,0,1f,4,1,0,0,0,1,02,0,0,0,0,1,0,0,0,1,0,0,0,0,0,0,0,0,1
2037,2037,0,0,0c,00000,0,0,0,0,1,0,0,0,0,0,002c6,0,01,0,1f,4,1,0,0,0,1,02,0,0,0,0,1,0,0,0,1,0,0,0,0,0,0,0,0,1
2038,2038,0,0,0c,00000,0,0,0,0,1,0,0,0,0,0,002c7,0,01,0,1f,4,1,0,0,0,1,02,0,0,0,0,1,0,0,0,1,0,0,0,0,0,0,0,0,1
2039,2039,0,0,0c,00000,0,0,0,0,1,0,0,0,0,0,002c8,0,01,0,1f,4,1,0,0,0,1,02,0,0,0,0,1,0,0,0,1,0,0,0,0,0,0,0,0,1
2040,2040,0,0,0c,00000,0,0,0,0,1,0,0,0,0,0,002c9,0,01,0,1f,4,1,0,0,0,1,02,0,0,0,0,1,0,0,0,1,0,0,0,0,0,0,0,0,1
2041,2041,0,0,0c,00000,0,0,0,0,1,0,0,0,0,0,002ca,0,01,0,1f,4,1,0,0,0,1,02,0,0,0,0,1,0,0,0,1,0,0,0,0,0,0,0,0,1
2042,2042,0,0,0c,00000,0,0,0,0,1,0,0,0,0,0,002cb,0,01,0,1f,4,1,0,0,0,1,02,0,0,0,0,1,0,0,0,1,0,0,0,0,0,0,0,0,1
2043,2043,0,0,0c,00000,0,0,0,0,1,0,0,0,0,0,002cc,0,01,0,1f,4,1,0,0,0,1,02,0,0,0,0,1,0,0,0,1,0,0,0,0,0,0,0,0,1
2044,2044,0,0,0c,00000,0,0,0,0,1,0,0,0,0,0,002cd,0,01,0,1f,4,1,0,0,0,1,02,0,0,0,0,1,0,0,0,1,0,0,0,0,0,0,0,0,1
2045,2045,0,0,0c,00000,0,0,0,0,1,0,0,0,0,0,002ce,0,01,0,1f,4,1,0,0,0,1,02,0,0,0,0,1,0,0,0,1,0,0,0,0,0,0,0,0,1
2046,2046,0,0,0c,00000,0,0,0,0,1,0,0,0,0,0,002cf,0,01,0,1f,4,1,0,0,0,1,02,0,0,0,0,1,0,0,0,1,0,0,0,0,0,0,0,0,1
2047,2047,0,0,0c,00000,0,0,0,0,1,0,0,0,0,0,002d0,0,01,0,1f,4,1,0,0,0,1,02,0,0,0,0,1,0,0,0,1,0,0,0,0,0,0,0,0,1
2048,2048,0,0,0c,00000,0,0,0,0,1,0,0,0,0,0,002d1,0,01,0,1f,4,1,0,0,0,1,02,0,0,0,0,1,0,0,0,1,0,0,0,0,0,0,0,0,1
2049,2049,0,0,0c,00000,0,0,0,0,1,0,0,0,0,0,002d2,0,01,0,1f,4,1,0,0,0,1,02,0,0,0,0,1,0,0,0,1,0,0,0,0,0,0,0,0,1
2050,2050,0,0,0c,00000,0,0,0,0,1,0,0,0,0,0,002d3,0,01,0,1f,4,1,0,0,0,1,02,0,0,0,0,1,0,0,0,1,0,0,0,0,0,0,0,0,1
2051,2051,0,0,0c,00000,0,0,0,0,1,0,0,0,0,0,002d4,0,01,0,1f,4,1,0,0,0,1,02,0,0,0,0,1,0,0,0,1,0,0,0,0,0,0,0,0,1
2052,2052,0,0,0c,00000,0,0,0,0,1,0,0,0,0,0,002d5,0,01,0,1f,4,1,0,0,0,1,02,0,0,0,0,1,0,0,0,1,0,0,0,0,0,0,0,0,1
2053,2053,0,0,0c,00000,0,0,0,0,1,0,0,0,0,0,002d6,0,01,0,1f,4,1,0,0,0,1,02,0,0,0,0,1,0,0,0,1,0,0,0,0,0,0,0,0,1
2054,2054,0,0,0c,00000,0,0,0,0,1,0,0,0,0,0,002d7,0,01,0,1f,4,1,0,0,0,1,02,0,0,0,0,1,0,0,0,1,0,0,0,0,0,0,0,0,1
2055,2055,0,0,0c,00000,0,0,0,0,1,0,0,0,0,0,002d8,0,01,0,1f,4,1,0,0,0,1,02,0,0,0,0,1,0,0,0,1,0,0,0,0,0,0,0,0,1
2056,2056,0,0,0c,00000,0,0,0,0,1,0,0,0,0,0,002d9,0,01,0,1f,4,1,0,0,0,1,02,0,0,0,0,1,0,0,0,1,0,0,0,0,0,0,0,0,1
2057,2057,0,0,0c,00000,0,0,0,0,1,0,0,0,0,0,002da,0,01,0,1f,4,1,0,0,0,1,02,0,0,0,0,1,0,0,0,1,0,0,0,0,0,0,0,0,1
2058,2058,0,0,0c,00000,0,0,0,0,1,0,0,0,0,0,002db,0,01,0,1f,4,1,0,0,0,1,02,0,0,0,0,1,0,0,0,1,0,0,0,0,0,0,0,0,1
2059,2059,0,0,0c,00000,0,0,0,0,1,0,0,0,0,0,002dc,0,01,0,1f,4,1,0,0,0,1,02,0,0,0,0,1,0,0,0,1,0,0,0,0,0,0,0,0,1
2060,2060,0,0,0c,00000,0,0,0,0,1,0,0,0,0,0,002dd,0,01,0,1f,4,1,0,0,0,1,02,0,0,0,0,1,0,0,0,1,0,0,0,0,0,0,0,0,1
2061,2061,0,0,0c,00000,0,0,0,0,1,0,0,0,0,0,002de,0,01,0,1f,4,1,0,0,0,1,02,0,0,0,0,1,0,0,0,1,0,0,0,0,0,0,0,0,1
2062,2062,0,0,0c,00000,0,0,0,0,1,0,0,0,0,0,002df,0,01,0,1f,4,1,0,0,0,1,02,0,0,0,0,1,0,0,0,1,0,0,0,0,0,0,0,0,1
2063,2063,0,0,0c,00000,0,0,0,0,1,0,0,0,0,0,002e0,0,01,0,1f,4,1,0,0,0,1,02,0,0,0,0,1,0,0,0,1,0,0,0,0,0,0,0,0,1
2064,2064,0,0,0c,00000,0,0,0,0,1,0,0,0,0,0,002e1,0,01,0,1f,4,1,0,0,0,1,02,0,0,0,0,1,0,0,0,1,0,0,0,0,0,0,0,0,1
2065,2065,0,0,0c,00000,0,0,0,0,1,0,0,0,0,0,002e2,0,01,0,1f,4,1,0,0,0,1,02,0,0,0,0,1,0,0,0,1,0,0,0,0,0,0,0,0,1
2066,2066,0,0,0c,00000,0,0,0,0,1,0,0,0,0,0,002e3,0,01,0,1f,4,1,0,0,0,1,02,0,0,0,0,1,0,0,0,1,0,0,0,0,0,0,0,0,1
2067,2067,0,0,0c,00000,0,0,0,0,1,0,0,0,0,0,002e4,0,01,0,1f,4,1,0,0,0,1,02,0,0,0,0,1,0,0,0,1,0,0,0,0,0,0,0,0,1
2068,2068,0,0,0c,00000,0,0,0,0,1,0,0,0,0,0,002e5,0,01,0,1f,4,1,0,0,0,1,02,0,0,0,0,1,0,0,0,1,0,0,0,0,0,0,0,0,1
2069,2069,0,0,0c,00000,0,0,0,0,1,0,0,0,0,0,002e6,0,01,0,1f,4,1,0,0,0,1,02,0,0,0,0,1,0,0,0,1,0,0,0,0,0,0,0,0,1
2070,2070,0,0,0c,00000,0,0,0,0,1,0,0,0,0,0,002e7,0,01,0,1f,4,1,0,0,0,1,02,0,0,0,0,1,0,0,0,1,0,0,0,0,0,0,0,0,1
2071,2071,0,0,0c,00000,0,0,0,0,1,0,0,0,0,0,002e8,0,01,0,1f,4,1,0,0,0,1,02,0,0,0,0,1,0,0,0,1,0,0,0,0,0,0,0,0,1
2072,2072,0,0,0c,00000,0,0,0,0,1,0,0,0,0,0,002e9,0,01,0,1f,4,1,0,0,0,1,02,0,0,0,0,1,0,0,0,1,0,0,0,0,0,0,0,0,1
2073,2073,0,0,0c,00000,0,0,0,0,1,0,0,0,0,0,002ea,0,01,0,1f,4,1,0,0,0,1,02,0,0,0,0,1,0,0,0,1,0,0,0,0,0,0,0,0,1
2074,2074,0,0,0c,00000,0,0,0,0,1,0,0,0,0,0,002eb,0,01,0,1f,4,1,0,0,0,1,02,0,0,0,0,1,0,0,0,1,0,0,0,0,0,0,0,0,1
2075,2075,0,0,0c,00000,0,0,0,0,1,0,0,0,0,0,002ec,0,01,0,1f,4,1,0,0,0,1,02,0,0,0,0,1,0,0,0,1,0,0,0,0,0,0,0,0,1
2076,2076,0,0,0c,00000,0,0,0,0,1,0,0,0,0,0,002ed,0,01,0,1f,4,1,0,0,0,1,02,0,0,0,0,1,0,0,0,1,0,0,0,0,0,0,0,0,1
2077,2077,0,0,0c,00000,0,0,0,0,1,0,0,0,0,0,002ee,0,01,0,1f,4,1,0,0,0,1,02,0,0,0,0,1,0,0,0,1,0,0,0,0,0,0,0,0,1
2078,2078,0,0,0c,00000,0,0,0,0,1,0,0,0,0,0,002ef,0,01,0,1f,4,1,0,0,0,1,02,0,0,0,0,1,0,0,0,1,0,0,0,0,0,0,0,0,1
2079,2079,0,0,0c,00000,0,0,0,0,1,0,0,0,0,0,002f0,0,01,0,1f,4,1,0,0,0,1,02,0,0,0,0,1,0,0,0,1,0,0,0,0,0,0,0,0,1
2080,2080,0,0,0c,00000,0,0,0,0,1,0,0,0,0,0,002f1,0,01,0,1f,4,1,0,0,0,1,02,0,0,0,0,1,0,0,0,1,0,0,0,0,0,0,0,0,1
2081,2081,0,0,0c,00000,0,0,0,0,1,0,0,0,0,0,002f2,0,01,0,1f,4,1,0,0,0,1,02,0,0,0,0,1,0,0,0,1,0,0,0,0,0,0,0,0,1
2082,2082,0,0,0c,00000,0,0,0,0,1,0,0,0,0,0,002f3,0,01,0,1f,4,1,0,0,0,1,02,0,0,0,0,1,0,0,0,1,0,0,0,0,0,0,0,0,1
2083,2083,0,0,0c,00000,0,0,0,0,1,0,0,0,0,0,002f4,0,01,0,1f,4,1,0,0,0,1,02,0,0,0,0,1,0,0,0,1,0,0,0,0,0,0,0,0,1
2084,2084,0,0,0c,00000,0,0,0,0,1,0,0,0,0,0,002f5,0,01,0,1f,4,1,0,0,0,1,02,0,0,0,0,1,0,0,0,1,0,0,0,0,0,0,0,0,1
2085,2085,0,0,0c,00000,0,0,0,0,1,0,0,0,0,0,002f6,0,01,0,1f,4,1,0,0,0,1,02,0,0,0,0,1,0,0,0,1,0,0,0,0,0,0,0,0,1
2086,2086,0,0,0c,00000,0,0,0,0,1,0,0,0,0,0,002f7,0,01,0,1f,4,1,0,0,0,1,02,0,0,0,0,1,0,0,0,1,0,0,0,0,0,0,0,0,1
2087,2087,0,0,0c,00000,0,0,0,0,1,0,0,0,0,0,002f8,0,01,0,1f,4,1,0,0,0,1,02,0,0,0,0,1,0,0,0,1,0,0,0,0,0,0,0,0,1
2088,2088,0,0,0c,00000,0,0,0,0,1,0,0,0,0,0,002f9,0,01,0,1f,4,1,0,0,0,1,02,0,0,0,0,1,0,0,0,1,0,0,0,0,0,0,0,0,1
2089,2089,0,0,0c,00000,0,0,0,0,1,0,0,0,0,0,002fa,0,01,0,1f,4,1,0,0,0,1,02,0,0,0,0,1,0,0,0,1,0,0,0,0,0,0,0,0,1
2090,2090,0,0,0c,00000,0,0,0,0,1,0,0,0,0,0,002fb,0,01,0,1f,4,1,0,0,0,1,02,0,0,0,0,1,0,0,0,1,0,0,0,0,0,0,0,0,1
2091,2091,0,0,0c,00000,0,0,0,0,1,0,0,0,0,0,002fc,0,01,0,1f,4,1,0,0,0,1,02,0,0,0,0,1,0,0,0,1,0,0,0,0,0,0,0,0,1
2092,2092,0,0,0c,00000,0,0,0,0,1,0,0,0,0,0,002fd,0,01,0,1f,4,1,0,0,0,1,02,0,0,0,0,1,0,0,0,1,0,0,0,0,0,0,0,0,1
2093,2093,0,0,0c,00000,0,0,0,0,1,0,0,0,0,0,002fe,0,01,0,1f,4,1,0,0,0,1,02,0,0,0,0,1,0,0,0,1,0,0,0,0,0,0,0,0,1
2094,2094,0,0,0c,00000,0,0,0,0,1,0,0,0,0,0,002ff,0,01,0,1f,4,1,0,0,0,1,02,0,0,0,0,1,0,0,0,1,0,0,0,0,0,0,0,0,1
2095,2095,0,0,0c,00000,0,0,0,0,1,0,0,0,0,0,00300,0,01,0,1f,4,1,0,0,0,1,02,0,0,0,0,1,0,0,0,1,0,0,0,0,0,0,0,0,1
2096,2096,0,0,0c,00000,0,0,0,0,1,0,0,0,0,0,00301,0,01,0,1f,4,1,0,0,0,1,02,0,0,0,0,1,0,0,0,1,0,0,0,0,0,0,0,0,1
2097,2097,0,0,0c,00000,0,0,0,0,1,0,0,0,0,0,00302,0,01,0,1f,4,1,0,0,0,1,02,0,0,0,0,1,0,0,0,1,0,0,0,0,0,0,0,0,1
2098,2098,0,0,0c,00000,0,0,0,0,1,0,0,0,0,0,00303,0,01,0,1f,4,1,0,0,0,1,02,0,0,0,0,1,0,0,0,1,0,0,0,0,0,0,0,0,1
2099,2099,0,0,0c,00000,0,0,0,0,1,0,0,0,0,0,00304,0,01,0,1f,4,1,0,0,0,1,02,0,0,0,0,1,0,0,0,1,0,0,0,0,0,0,0,0,1
2100,2100,0,0,0c,00000,0,0,0,0,1,0,0,0,0,0,00305,0,01,0,1f,4,1,0,0,0,1,02,0,0,0,0,1,0,0,0,1,0,0,0,0,0,0,0,0,1
2101,2101,0,0,0c,00000,0,0,0,0,1,0,0,0,0,0,00306,0,01,0,1f,4,1,0,0,0,1,02,0,0,0,0,1,0,0,0,1,0,0,0,0,0,0,0,0,1
2102,2102,0,0,0c,00000,0,0,0,0,1,0,0,0,0,0,00307,0,01,0,1f,4,1,0,0,0,1,02,0,0,0,0,1,0,0,0,1,0,0,0,0,0,0,0,0,1
2103,2103,0,0,0c,00000,0,0,0,0,1,0,0,0,0,0,00308,0,01,0,1f,4,1,0,0,0,1,02,0,0,0,0,1,0,0,0,1,0,0,0,0,0,0,0,0,1
2104,2104,0,0,0c,00000,0,0,0,0,1,0,0,0,0,0,00309,0,01,0,1f,4,1,0,0,0,1,02,0,0,0,0,1,0,0,0,1,0,0,0,0,0,0,0,0,1
2105,2105,0,0,0c,00000,0,0,0,0,1,0,0,0,0,0,0030a,0,01,0,1f,4,1,0,0,0,1,02,0,0,0,0,1,0,0,0,1,0,0,0,0,0,0,0,0,1
2106,2106,0,0,0c,00000,0,0,0,0,1,0,0,0,0,0,0030b,0,01,0,1f,4,1,0,0,0,1,02,0,0,0,0,1,0,0,0,1,0,0,0,0,0,0,0,0,1
2107,2107,0,0,0c,00000,0,0,0,0,1,0,0,0,0,0,0030c,0,01,0,1f,4,1,0,0,0,1,02,0,0,0,0,1,0,0,0,1,0,0,0,0,0,0,0,0,1
2108,2108,0,0,0c,00000,0,0,0,0,1,0,0,0,0,0,0030d,0,01,0,1f,4,1,0,0,0,1,02,0,0,0,0,1,0,0,0,1,0,0,0,0,0,0,0,0,1
2109,2109,0,0,0c,00000,0,0,0,0,1,0,0,0,0,0,0030e,0,01,0,1f,4,1,0,0,0,1,02,0,0,0,0,1,0,0,0,1,0,0,0,0,0,0,0,0,1
2110,2110,0,0,0c,00000,0,0,0,0,1,0,0,0,0,0,0030f,0,01,0,1f,4,1,0,0,0,1,02,0,0,0,0,1,0,0,0,1,0,0,0,0,0,0,0,0,1
2111,2111,0,0,0c,00000,0,0,0,0,1,0,0,0,0,0,00310,0,01,0,1f,4,1,0,0,0,1,02,0,0,0,0,1,0,0,0,1,0,0,0,0,0,0,0,0,1
2112,2112,0,0,0c,00000,0,0,0,0,1,0,0,0,0,0,00311,0,01,0,1f,4,1,0,0,0,1,02,0,0,0,0,1,0,0,0,1,0,0,0,0,0,0,0,0,1
2113,2113,0,0,0c,00000,0,0,0,0,1,0,0,0,0,0,00312,0,01,0,1f,4,1,0,0,0,1,02,0,0,0,0,1,0,0,0,1,0,0,0,0,0,0,0,0,1
2114,2114,0,0,0c,00000,0,0,0,0,1,0,0,0,0,0,00313,0,01,0,1f,4,1,0,0,0,1,02,0,0,0,0,1,0,0,0,1,0,0,0,0,0,0,0,0,1
2115,2115,0,0,0c,00000,0,0,0,0,1,0,0,0,0,0,00314,0,01,0,1f,4,1,0,0,0,1,02,0,0,0,0,1,0,0,0,1,0,0,0,0,0,0,0,0,1
2116,2116,0,0,0c,00000,0,0,0,0,1,0,0,0,0,0,00315,0,01,0,1f,4,1,0,0,0,1,02,0,0,0,0,1,0,0,0,1,0,0,0,0,0,0,0,0,1
2117,2117,0,0,0c,00000,0,0,0,0,1,0,0,0,0,0,00316,0,01,0,1f,4,1,0,0,0,1,02,0,0,0,0,1,0,0,0,1,0,0,0,0,0,0,0,0,1
2118,2118,0,0,0c,00000,0,0,0,0,1,0,0,0,0,0,00317,0,01,0,1f,4,1,0,0,0,1,02,0,0,0,0,1,0,0,0,1,0,0,0,0,0,0,0,0,1
2119,2119,0,0,0c,00000,0,0,0,0,1,0,0,0,0,0,00318,0,01,0,1f,4,1,0,0,0,1,02,0,0,0,0,1,0,0,0,1,0,0,0,0,0,0,0,0,1
2120,2120,0,0,0c,00000,0,0,0,0,1,0,0,0,0,0,00319,0,01,0,1f,4,1,0,0,0,1,02,0,0,0,0,1,0,0,0,1,0,0,0,0,0,0,0,0,1
2121,2121,0,0,0c,00000,0,0,0,0,1,0,0,0,0,0,0031a,0,01,0,1f,4,1,0,0,0,1,02,0,0,0,0,1,0,0,0,1,0,0,0,0,0,0,0,0,1
2122,2122,0,0,0c,00000,0,0,0,0,1,0,0,0,0,0,0031b,0,01,0,1f,4,1,0,0,0,1,02,0,0,0,0,1,0,0,0,1,0,0,0,0,0,0,0,0,1
2123,2123,0,0,0c,00000,0,0,0,0,1,0,0,0,0,0,0031c,0,01,0,1f,4,1,0,0,0,1,02,0,0,0,0,1,0,0,0,1,0,0,0,0,0,0,0,0,1
2124,2124,0,0,0c,00000,0,0,0,0,1,0,0,0,0,0,0031d,0,01,0,1f,4,1,0,0,0,1,02,0,0,0,0,1,0,0,0,1,0,0,0,0,0,0,0,0,1
2125,2125,0,0,0c,00000,0,0,0,0,1,0,0,0,0,0,0031e,0,01,0,1f,4,1,0,0,0,1,02,0,0,0,0,1,0,0,0,1,0,0,0,0,0,0,0,0,1
2126,2126,0,0,0c,00000,0,0,0,0,1,0,0,0,0,0,0031f,0,01,0,1f,4,1,0,0,0,1,02,0,0,0,0,1,0,0,0,1,0,0,0,0,0,0,0,0,1
2127,2127,0,0,0c,00000,0,0,0,0,1,0,0,0,0,0,00320,0,01,0,1f,4,1,0,0,0,1,02,0,0,0,0,1,0,0,0,1,0,0,0,0,0,0,0,0,1
2128,2128,0,0,0c,00000,0,0,0,0,1,0,0,0,0,0,00321,0,01,0,1f,4,1,0,0,0,1,02,0,0,0,0,1,0,0,0,1,0,0,0,0,0,0,0,0,1
2129,2129,0,0,0c,00000,0,0,0,0,1,0,0,0,0,0,00322,0,01,0,1f,4,1,0,0,0,1,02,0,0,0,0,1,0,0,0,1,0,0,0,0,0,0,0,0,1
2130,2130,0,0,0c,00000,0,0,0,0,1,0,0,0,0,0,00323,0,01,0,1f,4,1,0,0,0,1,02,0,0,0,0,1,0,0,0,1,0,0,0,0,0,0,0,0,1
2131,2131,0,0,0c,00000,0,0,0,0,1,0,0,0,0,0,00324,0,01,0,1f,4,1,0,0,0,1,02,0,0,0,0,1,0,0,0,1,0,0,0,0,0,0,0,0,1
2132,2132,0,0,0c,00000,0,0,0,0,1,0,0,0,0,0,00325,0,01,0,1f,4,1,0,0,0,1,02,0,0,0,0,1,0,0,0,1,0,0,0,0,0,0,0,0,1
2133,2133,0,0,0c,00000,0,0,0,0,1,0,0,0,0,0,00326,0,01,0,1f,4,1,0,0,0,1,02,0,0,0,0,1,0,0,0,1,0,0,0,0,0,0,0,0,1
2134,2134,0,0,0c,00000,0,0,0,0,1,0,0,0,0,0,00327,0,01,0,1f,4,1,0,0,0,1,02,0,0,0,0,1,0,0,0,1,0,0,0,0,0,0,0,0,1
2135,2135,0,0,0c,00000,0,0,0,0,1,0,0,0,0,0,00328,0,01,0,1f,4,1,0,0,0,1,02,0,0,0,0,1,0,0,0,1,0,0,0,0,0,0,0,0,1
2136,2136,0,0,0c,00000,0,0,0,0,1,0,0,0,0,0,00329,0,01,0,1f,4,1,0,0,0,1,02,0,0,0,0,1,0,0,0,1,0,0,0,0,0,0,0,0,1
2137,2137,0,0,0c,00000,0,0,0,0,1,0,0,0,0,0,0032a,0,01,0,1f,4,1,0,0,0,1,02,0,0,0,0,1,0,0,0,1,0,0,0,0,0,0,0,0,1
2138,2138,0,0,0c,00000,0,0,0,0,1,0,0,0,0,0,0032b,0,01,0,1f,4,1,0,0,0,1,02,0,0,0,0,1,0,0,0,1,0,0,0,0,0,0,0,0,1
2139,2139,0,0,0c,00000,0,0,0,0,1,0,0,0,0,0,0032c,0,01,0,1f,4,1,0,0,0,1,02,0,0,0,0,1,0,0,0,1,0,0,0,0,0,0,0,0,1
2140,2140,0,0,0c,00000,0,0,0,0,1,0,0,0,0,0,0032d,0,01,0,1f,4,1,0,0,0,1,02,0,0,0,0,1,0,0,0,1,0,0,0,0,0,0,0,0,1
2141,2141,0,0,0c,00000,0,0,0,0,1,0,0,0,0,0,0032e,0,01,0,1f,4,1,0,0,0,1,02,0,0,0,0,1,0,0,0,1,0,0,0,0,0,0,0,0,1
2142,2142,0,0,0c,00000,0,0,0,0,1,0,0,0,0,0,0032f,0,01,0,1f,4,1,0,0,0,1,02,0,0,0,0,1,0,0,0,1,0,0,0,0,0,0,0,0,1
2143,2143,0,0,0c,00000,0,0,0,0,1,0,0,0,0,0,00330,0,01,0,1f,4,1,0,0,0,1,02,0,0,0,0,1,0,0,0,1,0,0,0,0,0,0,0,0,1
2144,2144,0,0,0c,00000,0,0,0,0,1,0,0,0,0,0,00331,0,01,0,1f,4,1,0,0,0,1,02,0,0,0,0,1,0,0,0,1,0,0,0,0,0,0,0,0,1
2145,2145,0,0,0c,00000,0,0,0,0,1,0,0,0,0,0,00332,0,01,0,1f,4,1,0,0,0,1,02,0,0,0,0,1,0,0,0,1,0,0,0,0,0,0,0,0,1
2146,2146,0,0,0c,00000,0,0,0,0,1,0,0,0,0,0,00333,0,01,0,1f,4,1,0,0,0,1,02,0,0,0,0,1,0,0,0,1,0,0,0,0,0,0,0,0,1
2147,2147,0,0,0c,00000,0,0,0,0,1,0,0,0,0,0,00334,0,01,0,1f,4,1,0,0,0,1,02,0,0,0,0,1,0,0,0,1,0,0,0,0,0,0,0,0,1
2148,2148,0,0,0c,00000,0,0,0,0,1,0,0,0,0,0,00335,0,01,0,1f,4,1,0,0,0,1,02,0,0,0,0,1,0,0,0,1,0,0,0,0,0,0,0,0,1
2149,2149,0,0,0c,00000,0,0,0,0,1,0,0,0,0,0,00336,0,01,0,1f,4,1,0,0,0,1,02,0,0,0,0,1,0,0,0,1,0,0,0,0,0,0,0,0,1
2150,2150,0,0,0c,00000,0,0,0,0,1,0,0,0,0,0,00337,0,01,0,1f,4,1,0,0,0,1,02,0,0,0,0,1,0,0,0,1,0,0,0,0,0,0,0,0,1
2151,2151,0,0,0c,00000,0,0,0,0,1,0,0,0,0,0,00338,0,01,0,1f,4,1,0,0,0,1,02,0,0,0,0,1,0,0,0,1,0,0,0,0,0,0,0,0,1
2152,2152,0,0,0c,00000,0,0,0,0,1,0,0,0,0,0,00339,0,01,0,1f,4,1,0,0,0,1,02,0,0,0,0,1,0,0,0,1,0,0,0,0,0,0,0,0,1
2153,2153,0,0,0c,00000,0,0,0,0,1,0,0,0,0,0,0033a,0,01,0,1f,4,1,0,0,0,1,02,0,0,0,0,1,0,0,0,1,0,0,0,0,0,0,0,0,1
2154,2154,0,0,0c,00000,0,0,0,0,1,0,0,0,0,0,0033b,0,01,0,1f,4,1,0,0,0,1,02,0,0,0,0,1,0,0,0,1,0,0,0,0,0,0,0,0,1
2155,2155,0,0,0c,00000,0,0,0,0,1,0,0,0,0,0,0033c,0,01,0,1f,4,1,0,0,0,1,02,0,0,0,0,1,0,0,0,1,0,0,0,0,0,0,0,0,1
2156,2156,0,0,0c,00000,0,0,0,0,1,0,0,0,0,0,0033d,0,01,0,1f,4,1,0,0,0,1,02,0,0,0,0,1,0,0,0,1,0,0,0,0,0,0,0,0,1
2157,2157,0,0,0c,00000,0,0,0,0,1,0,0,0,0,0,0033e,0,01,0,1f,4,1,0,0,0,1,02,0,0,0,0,1,0,0,0,1,0,0,0,0,0,0,0,0,1
2158,2158,0,0,0c,00000,0,0,0,0,1,0,0,0,0,0,0033f,0,01,0,1f,4,1,0,0,0,1,02,0,0,0,0,1,0,0,0,1,0,0,0,0,0,0,0,0,1
2159,2159,0,0,0c,00000,0,0,0,0,1,0,0,0,0,0,00340,0,01,0,1f,4,1,0,0,0,1,02,0,0,0,0,1,0,0,0,1,0,0,0,0,0,0,0,0,1
2160,2160,0,0,0c,00000,0,0,0,0,1,0,0,0,0,0,00341,0,01,0,1f,4,1,0,0,0,1,02,0,0,0,0,1,0,0,0,1,0,0,0,0,0,0,0,0,1
2161,2161,0,0,0c,00000,0,0,0,0,1,0,0,0,0,0,00342,0,01,0,1f,4,1,0,0,0,1,02,0,0,0,0,1,0,0,0,1,0,0,0,0,0,0,0,0,1
2162,2162,0,0,0c,00000,0,0,0,0,1,0,0,0,0,0,00343,0,01,0,1f,4,1,0,0,0,1,02,0,0,0,0,1,0,0,0,1,0,0,0,0,0,0,0,0,1
2163,2163,0,0,0c,00000,0,0,0,0,1,0,0,0,0,0,00344,0,01,0,1f,4,1,0,0,0,1,02,0,0,0,0,1,0,0,0,1,0,0,0,0,0,0,0,0,1
2164,2164,0,0,0c,00000,0,0,0,0,1,0,0,0,0,0,00345,0,01,0,1f,4,1,0,0,0,1,02,0,0,0,0,1,0,0,0,1,0,0,0,0,0,0,0,0,1
2165,2165,0,0,0c,00000,0,0,0,0,1,0,0,0,0,0,00346,0,01,0,1f,4,1,0,0,0,1,02,0,0,0,0,1,0,0,0,1,0,0,0,0,0,0,0,0,1
2166,2166,0,0,0c,00000,0,0,0,0,1,0,0,0,0,0,00347,0,01,0,1f,4,1,0,0,0,1,02,0,0,0,0,1,0,0,0,1,0,0,0,0,0,0,0,0,1
2167,2167,0,0,0c,00000,0,0,0,0,1,0,0,0,0,0,00348,0,01,0,1f,4,1,0,0,0,1,02,0,0,0,0,1,0,0,0,1,0,0,0,0,0,0,0,0,1
2168,2168,0,0,0c,00000,0,0,0,0,1,0,0,0,0,0,00349,0,01,0,1f,4,1,0,0,0,1,02,0,0,0,0,1,0,0,0,1,0,0,0,0,0,0,0,0,1
2169,2169,0,0,0c,00000,0,0,0,0,1,0,0,0,0,0,0034a,0,01,0,1f,4,1,0,0,0,1,02,0,0,0,0,1,0,0,0,1,0,0,0,0,0,0,0,0,1
2170,2170,0,0,0c,00000,0,0,0,0,1,0,0,0,0,0,0034b,0,01,0,1f,4,1,0,0,0,1,02,0,0,0,0,1,0,0,0,1,0,0,0,0,0,0,0,0,1
2171,2171,0,0,0c,00000,0,0,0,0,1,0,0,0,0,0,0034c,0,01,0,1f,4,1,0,0,0,1,02,0,0,0,0,1,0,0,0,1,0,0,0,0,0,0,0,0,1
2172,2172,0,0,0c,00000,0,0,0,0,1,0,0,0,0,0,0034d,0,01,0,1f,4,1,0,0,0,1,02,0,0,0,0,1,0,0,0,1,0,0,0,0,0,0,0,0,1
2173,2173,0,0,0c,00000,0,0,0,0,1,0,0,0,0,0,0034e,0,01,0,1f,4,1,0,0,0,1,02,0,0,0,0,1,0,0,0,1,0,0,0,0,0,0,0,0,1
2174,2174,0,0,0c,00000,0,0,0,0,1,0,0,0,0,0,0034f,0,01,0,1f,4,1,0,0,0,1,02,0,0,0,0,1,0,0,0,1,0,0,0,0,0,0,0,0,1
2175,2175,0,0,0c,00000,0,0,0,0,1,0,0,0,0,0,00350,0,01,0,1f,4,1,0,0,0,1,02,0,0,0,0,1,0,0,0,1,0,0,0,0,0,0,0,0,1
2176,2176,0,0,0c,00000,0,0,0,0,1,0,0,0,0,0,00351,0,01,0,1f,4,1,0,0,0,1,02,0,0,0,0,1,0,0,0,1,0,0,0,0,0,0,0,0,1
2177,2177,0,0,0c,00000,0,0,0,0,1,0,0,0,0,0,00352,0,01,0,1f,4,1,0,0,0,1,02,0,0,0,0,1,0,0,0,1,0,0,0,0,0,0,0,0,1
2178,2178,0,0,0c,00000,0,0,0,0,1,0,0,0,0,0,00353,0,01,0,1f,4,1,0,0,0,1,02,0,0,0,0,1,0,0,0,1,0,0,0,0,0,0,0,0,1
2179,2179,0,0,0c,00000,0,0,0,0,1,0,0,0,0,0,00354,0,01,0,1f,4,1,0,0,0,1,02,0,0,0,0,1,0,0,0,1,0,0,0,0,0,0,0,0,1
2180,2180,0,0,0c,00000,0,0,0,0,1,0,0,0,0,0,00355,0,01,0,1f,4,1,0,0,0,1,02,0,0,0,0,1,0,0,0,1,0,0,0,0,0,0,0,0,1
2181,2181,0,0,0c,00000,0,0,0,0,1,0,0,0,0,0,00356,0,01,0,1f,4,1,0,0,0,1,02,0,0,0,0,1,0,0,0,1,0,0,0,0,0,0,0,0,1
2182,2182,0,0,0c,00000,0,0,0,0,1,0,0,0,0,0,00357,0,01,0,1f,4,1,0,0,0,1,02,0,0,0,0,1,0,0,0,1,0,0,0,0,0,0,0,0,1
2183,2183,0,0,0c,00000,0,0,0,0,1,0,0,0,0,0,00358,0,01,0,1f,4,1,0,0,0,1,02,0,0,0,0,1,0,0,0,1,0,0,0,0,0,0,0,0,1
2184,2184,0,0,0c,00000,0,0,0,0,1,0,0,0,0,0,00359,0,01,0,1f,4,1,0,0,0,1,02,0,0,0,0,1,0,0,0,1,0,0,0,0,0,0,0,0,1
2185,2185,0,0,0c,00000,0,0,0,0,1,0,0,0,0,0,0035a,0,01,0,1f,4,1,0,0,0,1,02,0,0,0,0,1,0,0,0,1,0,0,0,0,0,0,0,0,1
2186,2186,0,0,0c,00000,0,0,0,0,1,0,0,0,0,0,0035b,0,01,0,1f,4,1,0,0,0,1,02,0,0,0,0,1,0,0,0,1,0,0,0,0,0,0,0,0,1
2187,2187,0,0,0c,00000,0,0,0,0,1,0,0,0,0,0,0035c,0,01,0,1f,4,1,0,0,0,1,02,0,0,0,0,1,0,0,0,1,0,0,0,0,0,0,0,0,1
2188,2188,0,0,0c,00000,0,0,0,0,1,0,0,0,0,0,0035d,0,01,0,1f,4,1,0,0,0,1,02,0,0,0,0,1,0,0,0,1,0,0,0,0,0,0,0,0,1
2189,2189,0,0,0c,00000,0,0,0,0,1,0,0,0,0,0,0035e,0,01,0,1f,4,1,0,0,0,1,02,0,0,0,0,1,0,0,0,1,0,0,0,0,0,0,0,0,1
2190,2190,0,0,0c,00000,0,0,0,0,1,0,0,0,0,0,0035f,0,01,0,1f,4,1,0,0,0,1,02,0,0,0,0,1,0,0,0,1,0,0,0,0,0,0,0,0,1
2191,2191,0,0,0c,00000,0,0,0,0,1,0,0,0,0,0,00360,0,01,0,1f,4,1,0,0,0,1,02,0,0,0,0,1,0,0,0,1,0,0,0,0,0,0,0,0,1
2192,2192,0,0,0c,00000,0,0,0,0,1,0,0,0,0,0,00361,0,01,0,1f,4,1,0,0,0,1,02,0,0,0,0,1,0,0,0,1,0,0,0,0,0,0,0,0,1
2193,2193,0,0,0c,00000,0,0,0,0,1,0,0,0,0,0,00362,0,01,0,1f,4,1,0,0,0,1,02,0,0,0,0,1,0,0,0,1,0,0,0,0,0,0,0,0,1
2194,2194,0,0,0c,00000,0,0,0,0,1,0,0,0,0,0,00363,0,01,0,1f,4,1,0,0,0,1,02,0,0,0,0,1,0,0,0,1,0,0,0,0,0,0,0,0,1
2195,2195,0,0,0c,00000,0,0,0,0,1,0,0,0,0,0,00364,0,01,0,1f,4,1,0,0,0,1,02,0,0,0,0,1,0,0,0,1,0,0,0,0,0,0,0,0,1
2196,2196,0,0,0c,00000,0,0,0,0,1,0,0,0,0,0,00365,0,01,0,1f,4,1,0,0,0,1,02,0,0,0,0,1,0,0,0,1,0,0,0,0,0,0,0,0,1
2197,2197,0,0,0c,00000,0,0,0,0,1,0,0,0,0,0,00366,0,01,0,1f,4,1,0,0,0,1,02,0,0,0,0,1,0,0,0,1,0,0,0,0,0,0,0,0,1
2198,2198,0,0,0c,00000,0,0,0,0,1,0,0,0,0,0,00367,0,01,0,1f,4,1,0,0,0,1,02,0,0,0,0,1,0,0,0,1,0,0,0,0,0,0,0,0,1
2199,2199,0,0,0c,00000,0,0,0,0,1,0,0,0,0,0,00368,0,01,0,1f,4,1,0,0,0,1,02,0,0,0,0,1,0,0,0,1,0,0,0,0,0,0,0,0,1
2200,2200,0,0,0c,00000,0,0,0,0,1,0,0,0,0,0,00369,0,01,0,1f,4,1,0,0,0,1,02,0,0,0,0,1,0,0,0,1,0,0,0,0,0,0,0,0,1
2201,2201,0,0,0c,00000,0,0,0,0,1,0,0,0,0,0,0036a,0,01,0,1f,4,1,0,0,0,1,02,0,0,0,0,1,0,0,0,1,0,0,0,0,0,0,0,0,1
2202,2202,0,0,0c,00000,0,0,0,0,1,0,0,0,0,0,0036b,0,01,0,1f,4,1,0,0,0,1,02,0,0,0,0,1,0,0,0,1,0,0,0,0,0,0,0,0,1
2203,2203,0,0,0c,00000,0,0,0,0,1,0,0,0,0,0,0036c,0,01,0,1f,4,1,0,0,0,1,02,0,0,0,0,1,0,0,0,1,0,0,0,0,0,0,0,0,1
2204,2204,0,0,0c,00000,0,0,0,0,1,0,0,0,0,0,0036d,0,01,0,1f,4,1,0,0,0,1,02,0,0,0,0,1,0,0,0,1,0,0,0,0,0,0,0,0,1
2205,2205,0,0,0c,00000,0,0,0,0,1,0,0,0,0,0,0036e,0,01,0,1f,4,1,0,0,0,1,02,0,0,0,0,1,0,0,0,1,0,0,0,0,0,0,0,0,1
2206,2206,0,0,0c,00000,0,0,0,0,1,0,0,0,0,0,0036f,0,01,0,1f,4,1,0,0,0,1,02,0,0,0,0,1,0,0,0,1,0,0,0,0,0,0,0,0,1
2207,2207,0,0,0c,00000,0,0,0,0,1,0,0,0,0,0,00370,0,01,0,1f,4,1,0,0,0,1,02,0,0,0,0,1,0,0,0,1,0,0,0,0,0,0,0,0,1
2208,2208,0,0,0c,00000,0,0,0,0,1,0,0,0,0,0,00371,0,01,0,1f,4,1,0,0,0,1,02,0,0,0,0,1,0,0,0,1,0,0,0,0,0,0,0,0,1
2209,2209,0,0,0c,00000,0,0,0,0,1,0,0,0,0,0,00372,0,01,0,1f,4,1,0,0,0,1,02,0,0,0,0,1,0,0,0,1,0,0,0,0,0,0,0,0,1
2210,2210,0,0,0c,00000,0,0,0,0,1,0,0,0,0,0,00373,0,01,0,1f,4,1,0,0,0,1,02,0,0,0,0,1,0,0,0,1,0,0,0,0,0,0,0,0,1
2211,2211,0,0,0c,00000,0,0,0,0,1,0,0,0,0,0,00374,0,01,0,1f,4,1,0,0,0,1,02,0,0,0,0,1,0,0,0,1,0,0,0,0,0,0,0,0,1
2212,2212,0,0,0c,00000,0,0,0,0,1,0,0,0,0,0,00375,0,01,0,1f,4,1,0,0,0,1,02,0,0,0,0,1,0,0,0,1,0,0,0,0,0,0,0,0,1
2213,2213,0,0,0c,00000,0,0,0,0,1,0,0,0,0,0,00376,0,01,0,1f,4,1,0,0,0,1,02,0,0,0,0,1,0,0,0,1,0,0,0,0,0,0,0,0,1
2214,2214,0,0,0c,00000,0,0,0,0,1,0,0,0,0,0,00377,0,01,0,1f,4,1,0,0,0,1,02,0,0,0,0,1,0,0,0,1,0,0,0,0,0,0,0,0,1
2215,2215,0,0,0c,00000,0,0,0,0,1,0,0,0,0,0,00378,0,01,0,1f,4,1,0,0,0,1,02,0,0,0,0,1,0,0,0,1,0,0,0,0,0,0,0,0,1
2216,2216,0,0,0c,00000,0,0,0,0,1,0,0,0,0,0,00379,0,01,0,1f,4,1,0,0,0,1,02,0,0,0,0,1,0,0,0,1,0,0,0,0,0,0,0,0,1
2217,2217,0,0,0c,00000,0,0,0,0,1,0,0,0,0,0,0037a,0,01,0,1f,4,1,0,0,0,1,02,0,0,0,0,1,0,0,0,1,0,0,0,0,0,0,0,0,1
2218,2218,0,0,0c,00000,0,0,0,0,1,0,0,0,0,0,0037b,0,01,0,1f,4,1,0,0,0,1,02,0,0,0,0,1,0,0,0,1,0,0,0,0,0,0,0,0,1
2219,2219,0,0,0c,00000,0,0,0,0,1,0,0,0,0,0,0037c,0,01,0,1f,4,1,0,0,0,1,02,0,0,0,0,1,0,0,0,1,0,0,0,0,0,0,0,0,1
2220,2220,0,0,0c,00000,0,0,0,0,1,0,0,0,0,0,0037d,0,01,0,1f,4,1,0,0,0,1,02,0,0,0,0,1,0,0,0,1,0,0,0,0,0,0,0,0,1
2221,2221,0,0,0c,00000,0,0,0,0,1,0,0,0,0,0,0037e,0,01,0,1f,4,1,0,0,0,1,02,0,0,0,0,1,0,0,0,1,0,0,0,0,0,0,0,0,1
2222,2222,0,0,0c,00000,0,0,0,0,1,0,0,0,0,0,0037f,0,01,0,1f,4,1,0,0,0,1,02,0,0,0,0,1,0,0,0,1,0,0,0,0,0,0,0,0,1
2223,2223,0,0,0c,00000,0,0,0,0,1,0,0,0,0,0,00380,0,01,0,1f,4,1,0,0,0,1,02,0,0,0,0,1,0,0,0,1,0,0,0,0,0,0,0,0,1
2224,2224,0,0,0c,00000,0,0,0,0,1,0,0,0,0,0,00381,0,01,0,1f,4,1,0,0,0,1,02,0,0,0,0,1,0,0,0,1,0,0,0,0,0,0,0,0,1
2225,2225,0,0,0c,00000,0,0,0,0,1,0,0,0,0,0,00382,0,01,0,1f,4,1,0,0,0,1,02,0,0,0,0,1,0,0,0,1,0,0,0,0,0,0,0,0,1
2226,2226,0,0,0c,00000,0,0,0,0,1,0,0,0,0,0,00383,0,01,0,1f,4,1,0,0,0,1,02,0,0,0,0,1,0,0,0,1,0,0,0,0,0,0,0,0,1
2227,2227,0,0,0c,00000,0,0,0,0,1,0,0,0,0,0,00384,0,01,0,1f,4,1,0,0,0,1,02,0,0,0,0,1,0,0,0,1,0,0,0,0,0,0,0,0,1
2228,2228,0,0,0c,00000,0,0,0,0,1,0,0,0,0,0,00385,0,01,0,1f,4,1,0,0,0,1,02,0,0,0,0,1,0,0,0,1,0,0,0,0,0,0,0,0,1
2229,2229,0,0,0c,00000,0,0,0,0,1,0,0,0,0,0,00386,0,01,0,1f,4,1,0,0,0,1,02,0,0,0,0,1,0,0,0,1,0,0,0,0,0,0,0,0,1
2230,2230,0,0,0c,00000,0,0,0,0,1,0,0,0,0,0,00387,0,01,0,1f,4,1,0,0,0,1,02,0,0,0,0,1,0,0,0,1,0,0,0,0,0,0,0,0,1
2231,2231,0,0,0c,00000,0,0,0,0,1,0,0,0,0,0,00388,0,01,0,1f,4,1,0,0,0,1,02,0,0,0,0,1,0,0,0,1,0,0,0,0,0,0,0,0,1
2232,2232,0,0,0c,00000,0,0,0,0,1,0,0,0,0,0,00389,0,01,0,1f,4,1,0,0,0,1,02,0,0,0,0,1,0,0,0,1,0,0,0,0,0,0,0,0,1
2233,2233,0,0,0c,00000,0,0,0,0,1,0,0,0,0,0,0038a,0,01,0,1f,4,1,0,0,0,1,02,0,0,0,0,1,0,0,0,1,0,0,0,0,0,0,0,0,1
2234,2234,0,0,0c,00000,0,0,0,0,1,0,0,0,0,0,0038b,0,01,0,1f,4,1,0,0,0,1,02,0,0,0,0,1,0,0,0,1,0,0,0,0,0,0,0,0,1
2235,2235,0,0,0c,00000,0,0,0,0,1,0,0,0,0,0,0038c,0,01,0,1f,4,1,0,0,0,1,02,0,0,0,0,1,0,0,0,1,0,0,0,0,0,0,0,0,1
2236,2236,0,0,0c,00000,0,0,0,0,1,0,0,0,0,0,0038d,0,01,0,1f,4,1,0,0,0,1,02,0,0,0,0,1,0,0,0,1,0,0,0,0,0,0,0,0,1
2237,2237,0,0,0c,00000,0,0,0,0,1,0,0,0,0,0,0038e,0,01,0,1f,4,1,0,0,0,1,02,0,0,0,0,1,0,0,0,1,0,0,0,0,0,0,0,0,1
2238,2238,0,0,0c,00000,0,0,0,0,1,0,0,0,0,0,0038f,0,01,0,1f,4,1,0,0,0,1,02,0,0,0,0,1,0,0,0,1,0,0,0,0,0,0,0,0,1
2239,2239,0,0,0c,00000,0,0,0,0,1,0,0,0,0,0,00390,0,01,0,1f,4,1,0,0,0,1,02,0,0,0,0,1,0,0,0,1,0,0,0,0,0,0,0,0,1
2240,2240,0,0,0c,00000,0,0,0,0,1,0,0,0,0,0,00391,0,01,0,1f,4,1,0,0,0,1,02,0,0,0,0,1,0,0,0,1,0,0,0,0,0,0,0,0,1
2241,2241,0,0,0c,00000,0,0,0,0,1,0,0,0,0,0,00392,0,01,0,1f,4,1,0,0,0,1,02,0,0,0,0,1,0,0,0,1,0,0,0,0,0,0,0,0,1
2242,2242,0,0,0c,00000,0,0,0,0,1,0,0,0,0,0,00393,0,01,0,1f,4,1,0,0,0,1,02,0,0,0,0,1,0,0,0,1,0,0,0,0,0,0,0,0,1
2243,2243,0,0,0c,00000,0,0,0,0,1,0,0,0,0,0,00394,0,01,0,1f,4,1,0,0,0,1,02,0,0,0,0,1,0,0,0,1,0,0,0,0,0,0,0,0,1
2244,2244,0,0,0c,00000,0,0,0,0,1,0,0,0,0,0,00395,0,01,0,1f,4,1,0,0,0,1,02,0,0,0,0,1,0,0,0,1,0,0,0,0,0,0,0,0,1
2245,2245,0,0,0c,00000,0,0,0,0,1,0,0,0,0,0,00396,0,01,0,1f,4,1,0,0,0,1,02,0,0,0,0,1,0,0,0,1,0,0,0,0,0,0,0,0,1
2246,2246,0,0,0c,00000,0,0,0,0,1,0,0,0,0,0,00397,0,01,0,1f,4,1,0,0,0,1,02,0,0,0,0,1,0,0,0,1,0,0,0,0,0,0,0,0,1
2247,2247,0,0,0c,00000,0,0,0,0,1,0,0,0,0,0,00398,0,01,0,1f,4,1,0,0,0,1,02,0,0,0,0,1,0,0,0,1,0,0,0,0,0,0,0,0,1
2248,2248,0,0,0c,00000,0,0,0,0,1,0,0,0,0,0,00399,0,01,0,1f,4,1,0,0,0,1,02,0,0,0,0,1,0,0,0,1,0,0,0,0,0,0,0,0,1
2249,2249,0,0,0c,00000,0,0,0,0,1,0,0,0,0,0,0039a,0,01,0,1f,4,1,0,0,0,1,02,0,0,0,0,1,0,0,0,1,0,0,0,0,0,0,0,0,1
2250,2250,0,0,0c,00000,0,0,0,0,1,0,0,0,0,0,0039b,0,01,0,1f,4,1,0,0,0,1,02,0,0,0,0,1,0,0,0,1,0,0,0,0,0,0,0,0,1
2251,2251,0,0,0c,00000,0,0,0,0,1,0,0,0,0,0,0039c,0,01,0,1f,4,1,0,0,0,1,02,0,0,0,0,1,0,0,0,1,0,0,0,0,0,0,0,0,1
2252,2252,0,0,0c,00000,0,0,0,0,1,0,0,0,0,0,0039d,0,01,0,1f,4,1,0,0,0,1,02,0,0,0,0,1,0,0,0,1,0,0,0,0,0,0,0,0,1
2253,2253,0,0,0c,00000,0,0,0,0,1,0,0,0,0,0,0039e,0,01,0,1f,4,1,0,0,0,1,02,0,0,0,0,1,0,0,0,1,0,0,0,0,0,0,0,0,1
2254,2254,0,0,0c,00000,0,0,0,0,1,0,0,0,0,0,0039f,0,01,0,1f,4,1,0,0,0,1,02,0,0,0,0,1,0,0,0,1,0,0,0,0,0,0,0,0,1
2255,2255,0,0,0c,00000,0,0,0,0,1,0,0,0,0,0,003a0,0,01,0,1f,4,1,0,0,0,1,02,0,0,0,0,1,0,0,0,1,0,0,0,0,0,0,0,0,1
2256,2256,0,0,0c,00000,0,0,0,0,1,0,0,0,0,0,003a1,0,01,0,1f,4,1,0,0,0,1,02,0,0,0,0,1,0,0,0,1,0,0,0,0,0,0,0,0,1
2257,2257,0,0,0c,00000,0,0,0,0,1,0,0,0,0,0,003a2,0,01,0,1f,4,1,0,0,0,1,02,0,0,0,0,1,0,0,0,1,0,0,0,0,0,0,0,0,1
2258,2258,0,0,0c,00000,0,0,0,0,1,0,0,0,0,0,003a3,0,01,0,1f,4,1,0,0,0,1,02,0,0,0,0,1,0,0,0,1,0,0,0,0,0,0,0,0,1
2259,2259,0,0,0c,00000,0,0,0,0,1,0,0,0,0,0,003a4,0,01,0,1f,4,1,0,0,0,1,02,0,0,0,0,1,0,0,0,1,0,0,0,0,0,0,0,0,1
2260,2260,0,0,0c,00000,0,0,0,0,1,0,0,0,0,0,003a5,0,01,0,1f,4,1,0,0,0,1,02,0,0,0,0,1,0,0,0,1,0,0,0,0,0,0,0,0,1
2261,2261,0,0,0c,00000,0,0,0,0,1,0,0,0,0,0,003a6,0,01,0,1f,4,1,0,0,0,1,02,0,0,0,0,1,0,0,0,1,0,0,0,0,0,0,0,0,1
2262,2262,0,0,0c,00000,0,0,0,0,1,0,0,0,0,0,003a7,0,01,0,1f,4,1,0,0,0,1,02,0,0,0,0,1,0,0,0,1,0,0,0,0,0,0,0,0,1
2263,2263,0,0,0c,00000,0,0,0,0,1,0,0,0,0,0,003a8,0,01,0,1f,4,1,0,0,0,1,02,0,0,0,0,1,0,0,0,1,0,0,0,0,0,0,0,0,1
2264,2264,0,0,0c,00000,0,0,0,0,1,0,0,0,0,0,003a9,0,01,0,1f,4,1,0,0,0,1,02,0,0,0,0,1,0,0,0,1,0,0,0,0,0,0,0,0,1
2265,2265,0,0,0c,00000,0,0,0,0,1,0,0,0,0,0,003aa,0,01,0,1f,4,1,0,0,0,1,02,0,0,0,0,1,0,0,0,1,0,0,0,0,0,0,0,0,1
2266,2266,0,0,0c,00000,0,0,0,0,1,0,0,0,0,0,003ab,0,01,0,1f,4,1,0,0,0,1,02,0,0,0,0,1,0,0,0,1,0,0,0,0,0,0,0,0,1
2267,2267,0,0,0c,00000,0,0,0,0,1,0,0,0,0,0,003ac,0,01,0,1f,4,1,0,0,0,1,02,0,0,0,0,1,0,0,0,1,0,0,0,0,0,0,0,0,1
2268,2268,0,0,0c,00000,0,0,0,0,1,0,0,0,0,0,003ad,0,01,0,1f,4,1,0,0,0,1,02,0,0,0,0,1,0,0,0,1,0,0,0,0,0,0,0,0,1
2269,2269,0,0,0c,00000,0,0,0,0,1,0,0,0,0,0,003ae,0,01,0,1f,4,1,0,0,0,1,02,0,0,0,0,1,0,0,0,1,0,0,0,0,0,0,0,0,1
2270,2270,0,0,0c,00000,0,0,0,0,1,0,0,0,0,0,003af,0,01,0,1f,4,1,0,0,0,1,02,0,0,0,0,1,0,0,0,1,0,0,0,0,0,0,0,0,1
2271,2271,0,0,0c,00000,0,0,0,0,1,0,0,0,0,0,003b0,0,01,0,1f,4,1,0,0,0,1,02,0,0,0,0,1,0,0,0,1,0,0,0,0,0,0,0,0,1
2272,2272,0,0,0c,00000,0,0,0,0,1,0,0,0,0,0,003b1,0,01,0,1f,4,1,0,0,0,1,02,0,0,0,0,1,0,0,0,1,0,0,0,0,0,0,0,0,1
2273,2273,0,0,0c,00000,0,0,0,0,1,0,0,0,0,0,003b2,0,01,0,1f,4,1,0,0,0,1,02,0,0,0,0,1,0,0,0,1,0,0,0,0,0,0,0,0,1
2274,2274,0,0,0c,00000,0,0,0,0,1,0,0,0,0,0,003b3,0,01,0,1f,4,1,0,0,0,1,02,0,0,0,0,1,0,0,0,1,0,0,0,0,0,0,0,0,1
2275,2275,0,0,0c,00000,0,0,0,0,1,0,0,0,0,0,003b4,0,01,0,1f,4,1,0,0,0,1,02,0,0,0,0,1,0,0,0,1,0,0,0,0,0,0,0,0,1
2276,2276,0,0,0c,00000,0,0,0,0,1,0,0,0,0,0,003b5,0,01,0,1f,4,1,0,0,0,1,02,0,0,0,0,1,0,0,0,1,0,0,0,0,0,0,0,0,1
2277,2277,0,0,0c,00000,0,0,0,0,1,0,0,0,0,0,003b6,0,01,0,1f,4,1,0,0,0,1,02,0,0,0,0,1,0,0,0,1,0,0,0,0,0,0,0,0,1
2278,2278,0,0,0c,00000,0,0,0,0,1,0,0,0,0,0,003b7,0,01,0,1f,4,1,0,0,0,1,02,0,0,0,0,1,0,0,0,1,0,0,0,0,0,0,0,0,1
2279,2279,0,0,0c,00000,0,0,0,0,1,0,0,0,0,0,003b8,0,01,0,1f,4,1,0,0,0,1,02,0,0,0,0,1,0,0,0,1,0,0,0,0,0,0,0,0,1
2280,2280,0,0,0c,00000,0,0,0,0,1,0,0,0,0,0,003b9,0,01,0,1f,4,1,0,0,0,1,02,0,0,0,0,1,0,0,0,1,0,0,0,0,0,0,0,0,1
2281,2281,0,0,0c,00000,0,0,0,0,1,0,0,0,0,0,003ba,0,01,0,1f,4,1,0,0,0,1,02,0,0,0,0,1,0,0,0,1,0,0,0,0,0,0,0,0,1
2282,2282,0,0,0c,00000,0,0,0,0,1,0,0,0,0,0,003bb,0,01,0,1f,4,1,0,0,0,1,02,0,0,0,0,1,0,0,0,1,0,0,0,0,0,0,0,0,1
2283,2283,0,0,0c,00000,0,0,0,0,1,0,0,0,0,0,003bc,0,01,0,1f,4,1,0,0,0,1,02,0,0,0,0,1,0,0,0,1,0,0,0,0,0,0,0,0,1
2284,2284,0,0,0c,00000,0,0,0,0,1,0,0,0,0,0,003bd,0,01,0,1f,4,1,0,0,0,1,02,0,0,0,0,1,0,0,0,1,0,0,0,0,0,0,0,0,1
2285,2285,0,0,0c,00000,0,0,0,0,1,0,0,0,0,0,003be,0,01,0,1f,4,1,0,0,0,1,02,0,0,0,0,1,0,0,0,1,0,0,0,0,0,0,0,0,1
2286,2286,0,0,0c,00000,0,0,0,0,1,0,0,0,0,0,003bf,0,01,0,1f,4,1,0,0,0,1,02,0,0,0,0,1,0,0,0,1,0,0,0,0,0,0,0,0,1
2287,2287,0,0,0c,00000,0,0,0,0,1,0,0,0,0,0,003c0,0,01,0,1f,4,1,0,0,0,1,02,0,0,0,0,1,0,0,0,1,0,0,0,0,0,0,0,0,1
2288,2288,0,0,0c,00000,0,0,0,0,1,0,0,0,0,0,003c1,0,01,0,1f,4,1,0,0,0,1,02,0,0,0,0,1,0,0,0,1,0,0,0,0,0,0,0,0,1
2289,2289,0,0,0c,00000,0,0,0,0,1,0,0,0,0,0,003c2,0,01,0,1f,4,1,0,0,0,1,02,0,0,0,0,1,0,0,0,1,0,0,0,0,0,0,0,0,1
2290,2290,0,0,0c,00000,0,0,0,0,1,0,0,0,0,0,003c3,0,01,0,1f,4,1,0,0,0,1,02,0,0,0,0,1,0,0,0,1,0,0,0,0,0,0,0,0,1
2291,2291,0,0,0c,00000,0,0,0,0,1,0,0,0,0,0,003c4,0,01,0,1f,4,1,0,0,0,1,02,0,0,0,0,1,0,0,0,1,0,0,0,0,0,0,0,0,1
2292,2292,0,0,0c,00000,0,0,0,0,1,0,0,0,0,0,003c5,0,01,0,1f,4,1,0,0,0,1,02,0,0,0,0,1,0,0,0,1,0,0,0,0,0,0,0,0,1
2293,2293,0,0,0c,00000,0,0,0,0,1,0,0,0,0,0,003c6,0,01,0,1f,4,1,0,0,0,1,02,0,0,0,0,1,0,0,0,1,0,0,0,0,0,0,0,0,1
2294,2294,0,0,0c,00000,0,0,0,0,1,0,0,0,0,0,003c7,0,01,0,1f,4,1,0,0,0,1,02,0,0,0,0,1,0,0,0,1,0,0,0,0,0,0,0,0,1
2295,2295,0,0,0c,00000,0,0,0,0,1,0,0,0,0,0,003c8,0,01,0,1f,4,1,0,0,0,1,02,0,0,0,0,1,0,0,0,1,0,0,0,0,0,0,0,0,1
2296,2296,0,0,0c,00000,0,0,0,0,1,0,0,0,0,0,003c9,0,01,0,1f,4,1,0,0,0,1,02,0,0,0,0,1,0,0,0,1,0,0,0,0,0,0,0,0,1
2297,2297,0,0,0c,00000,0,0,0,0,1,0,0,0,0,0,003ca,0,01,0,1f,4,1,0,0,0,1,02,0,0,0,0,1,0,0,0,1,0,0,0,0,0,0,0,0,1
2298,2298,0,0,0c,00000,0,0,0,0,1,0,0,0,0,0,003cb,0,01,0,1f,4,1,0,0,0,1,02,0,0,0,0,1,0,0,0,1,0,0,0,0,0,0,0,0,1
2299,2299,0,0,0c,00000,0,0,0,0,1,0,0,0,0,0,003cc,0,01,0,1f,4,1,0,0,0,1,02,0,0,0,0,1,0,0,0,1,0,0,0,0,0,0,0,0,1
2300,2300,0,0,0c,00000,0,0,0,0,1,0,0,0,0,0,003cd,0,01,0,1f,4,1,0,0,0,1,02,0,0,0,0,1,0,0,0,1,0,0,0,0,0,0,0,0,1
2301,2301,0,0,0c,00000,0,0,0,0,1,0,0,0,0,0,003ce,0,01,0,1f,4,1,0,0,0,1,02,0,0,0,0,1,0,0,0,1,0,0,0,0,0,0,0,0,1
2302,2302,0,0,0c,00000,0,0,0,0,1,0,0,0,0,0,003cf,0,01,0,1f,4,1,0,0,0,1,02,0,0,0,0,1,0,0,0,1,0,0,0,0,0,0,0,0,1
2303,2303,0,0,0c,00000,0,0,0,0,1,0,0,0,0,0,003d0,0,01,0,1f,4,1,0,0,0,1,02,0,0,0,0,1,0,0,0,1,0,0,0,0,0,0,0,0,1
2304,2304,0,0,0c,00000,0,0,0,0,1,0,0,0,0,0,003d1,0,01,0,1f,4,1,0,0,0,1,02,0,0,0,0,1,0,0,0,1,0,0,0,0,0,0,0,0,1
2305,2305,0,0,0c,00000,0,0,0,0,1,0,0,0,0,0,003d2,0,01,0,1f,4,1,0,0,0,1,02,0,0,0,0,1,0,0,0,1,0,0,0,0,0,0,0,0,1
2306,2306,0,0,0c,00000,0,0,0,0,1,0,0,0,0,0,003d3,0,01,0,1f,4,1,0,0,0,1,02,0,0,0,0,1,0,0,0,1,0,0,0,0,0,0,0,0,1
2307,2307,0,0,0c,00000,0,0,0,0,1,0,0,0,0,0,003d4,0,01,0,1f,4,1,0,0,0,1,02,0,0,0,0,1,0,0,0,1,0,0,0,0,0,0,0,0,1
2308,2308,0,0,0c,00000,0,0,0,0,1,0,0,0,0,0,003d5,0,01,0,1f,4,1,0,0,0,1,02,0,0,0,0,1,0,0,0,1,0,0,0,0,0,0,0,0,1
2309,2309,0,0,0c,00000,0,0,0,0,1,0,0,0,0,0,003d6,0,01,0,1f,4,1,0,0,0,1,02,0,0,0,0,1,0,0,0,1,0,0,0,0,0,0,0,0,1
2310,2310,0,0,0c,00000,0,0,0,0,1,0,0,0,0,0,003d7,0,01,0,1f,4,1,0,0,0,1,02,0,0,0,0,1,0,0,0,1,0,0,0,0,0,0,0,0,1
2311,2311,0,0,0c,00000,0,0,0,0,1,0,0,0,0,0,003d8,0,01,0,1f,4,1,0,0,0,1,02,0,0,0,0,1,0,0,0,1,0,0,0,0,0,0,0,0,1
2312,2312,0,0,0c,00000,0,0,0,0,1,0,0,0,0,0,003d9,0,01,0,1f,4,1,0,0,0,1,02,0,0,0,0,1,0,0,0,1,0,0,0,0,0,0,0,0,1
2313,2313,0,0,0c,00000,0,0,0,0,1,0,0,0,0,0,003da,0,01,0,1f,4,1,0,0,0,1,02,0,0,0,0,1,0,0,0,1,0,0,0,0,0,0,0,0,1
2314,2314,0,0,0c,00000,0,0,0,0,1,0,0,0,0,0,003db,0,01,0,1f,4,1,0,0,0,1,02,0,0,0,0,1,0,0,0,1,0,0,0,0,0,0,0,0,1
2315,2315,0,0,0c,00000,0,0,0,0,1,0,0,0,0,0,003dc,0,01,0,1f,4,1,0,0,0,1,02,0,0,0,0,1,0,0,0,1,0,0,0,0,0,0,0,0,1
2316,2316,0,0,0c,00000,0,0,0,0,1,0,0,0,0,0,003dd,0,01,0,1f,4,1,0,0,0,1,02,0,0,0,0,1,0,0,0,1,0,0,0,0,0,0,0,0,1
2317,2317,0,0,0c,00000,0,0,0,0,1,0,0,0,0,0,003de,0,01,0,1f,4,1,0,0,0,1,02,0,0,0,0,1,0,0,0,1,0,0,0,0,0,0,0,0,1
2318,2318,0,0,0c,00000,0,0,0,0,1,0,0,0,0,0,003df,0,01,0,1f,4,1,0,0,0,1,02,0,0,0,0,1,0,0,0,1,0,0,0,0,0,0,0,0,1
2319,2319,0,0,0c,00000,0,0,0,0,1,0,0,0,0,0,003e0,0,01,0,1f,4,1,0,0,0,1,02,0,0,0,0,1,0,0,0,1,0,0,0,0,0,0,0,0,1
2320,2320,0,0,0c,00000,0,0,0,0,1,0,0,0,0,0,003e1,0,01,0,1f,4,1,0,0,0,1,02,0,0,0,0,1,0,0,0,1,0,0,0,0,0,0,0,0,1
2321,2321,0,0,0c,00000,0,0,0,0,1,0,0,0,0,0,003e2,0,01,0,1f,4,1,0,0,0,1,02,0,0,0,0,1,0,0,0,1,0,0,0,0,0,0,0,0,1
2322,2322,0,0,0c,00000,0,0,0,0,1,0,0,0,0,0,003e3,0,01,0,1f,4,1,0,0,0,1,02,0,0,0,0,1,0,0,0,1,0,0,0,0,0,0,0,0,1
2323,2323,0,0,0c,00000,0,0,0,0,1,0,0,0,0,0,003e4,0,01,0,1f,4,1,0,0,0,1,02,0,0,0,0,1,0,0,0,1,0,0,0,0,0,0,0,0,1
2324,2324,0,0,0c,00000,0,0,0,0,1,0,0,0,0,0,003e5,0,01,0,1f,4,1,0,0,0,1,02,0,0,0,0,1,0,0,0,1,0,0,0,0,0,0,0,0,1
2325,2325,0,0,0c,00000,0,0,0,0,1,0,0,0,0,0,003e6,0,01,0,1f,4,1,0,0,0,1,02,0,0,0,0,1,0,0,0,1,0,0,0,0,0,0,0,0,1
2326,2326,0,0,0c,00000,0,0,0,0,1,0,0,0,0,0,003e7,0,01,0,1f,4,1,0,0,0,1,02,0,0,0,0,1,0,0,0,1,0,0,0,0,0,0,0,0,1
2327,2327,0,0,0c,00000,0,0,0,0,1,0,0,0,0,0,003e8,0,01,0,1f,4,1,0,0,0,1,02,0,0,0,0,1,0,0,0,1,0,0,0,0,0,0,0,0,1
2328,2328,0,0,0c,00000,0,0,0,0,1,0,0,0,0,0,003e9,0,01,0,1f,4,1,0,0,0,1,02,0,0,0,0,1,0,0,0,1,0,0,0,0,0,0,0,0,1
2329,2329,0,0,0c,00000,0,0,0,0,1,0,0,0,0,0,003ea,0,01,0,1f,4,1,0,0,0,1,02,0,0,0,0,1,0,0,0,1,0,0,0,0,0,0,0,0,1
2330,2330,0,0,0c,00000,0,0,0,0,1,0,0,0,0,0,003eb,0,01,0,1f,4,1,0,0,0,1,02,0,0,0,0,1,0,0,0,1,0,0,0,0,0,0,0,0,1
2331,2331,0,0,0c,00000,0,0,0,0,1,0,0,0,0,0,003ec,0,01,0,1f,4,1,0,0,0,1,02,0,0,0,0,1,0,0,0,1,0,0,0,0,0,0,0,0,1
2332,2332,0,0,0c,00000,0,0,0,0,1,0,0,0,0,0,003ed,0,01,0,1f,4,1,0,0,0,1,02,0,0,0,0,1,0,0,0,1,0,0,0,0,0,0,0,0,1
2333,2333,0,0,0c,00000,0,0,0,0,1,0,0,0,0,0,003ee,0,01,0,1f,4,1,0,0,0,1,02,0,0,0,0,1,0,0,0,1,0,0,0,0,0,0,0,0,1
2334,2334,0,0,0c,00000,0,0,0,0,1,0,0,0,0,0,003ef,0,01,0,1f,4,1,0,0,0,1,02,0,0,0,0,1,0,0,0,1,0,0,0,0,0,0,0,0,1
2335,2335,0,0,0c,00000,0,0,0,0,1,0,0,0,0,0,003f0,0,01,0,1f,4,1,0,0,0,1,02,0,0,0,0,1,0,0,0,1,0,0,0,0,0,0,0,0,1
2336,2336,0,0,0c,00000,0,0,0,0,1,0,0,0,0,0,003f1,0,01,0,1f,4,1,0,0,0,1,02,0,0,0,0,1,0,0,0,1,0,0,0,0,0,0,0,0,1
2337,2337,0,0,0c,00000,0,0,0,0,1,0,0,0,0,0,003f2,0,01,0,1f,4,1,0,0,0,1,02,0,0,0,0,1,0,0,0,1,0,0,0,0,0,0,0,0,1
2338,2338,0,0,0c,00000,0,0,0,0,1,0,0,0,0,0,003f3,0,01,0,1f,4,1,0,0,0,1,02,0,0,0,0,1,0,0,0,1,0,0,0,0,0,0,0,0,1
2339,2339,0,0,0c,00000,0,0,0,0,1,0,0,0,0,0,003f4,0,01,0,1f,4,1,0,0,0,1,02,0,0,0,0,1,0,0,0,1,0,0,0,0,0,0,0,0,1
2340,2340,0,0,0c,00000,0,0,0,0,1,0,0,0,0,0,003f5,0,01,0,1f,4,1,0,0,0,1,02,0,0,0,0,1,0,0,0,1,0,0,0,0,0,0,0,0,1
2341,2341,0,0,0c,00000,0,0,0,0,1,0,0,0,0,0,003f6,0,01,0,1f,4,1,0,0,0,1,02,0,0,0,0,1,0,0,0,1,0,0,0,0,0,0,0,0,1
2342,2342,0,0,0c,00000,0,0,0,0,1,0,0,0,0,0,003f7,0,01,0,1f,4,1,0,0,0,1,02,0,0,0,0,1,0,0,0,1,0,0,0,0,0,0,0,0,1
2343,2343,0,0,0c,00000,0,0,0,0,1,0,0,0,0,0,003f8,0,01,0,1f,4,1,0,0,0,1,02,0,0,0,0,1,0,0,0,1,0,0,0,0,0,0,0,0,1
2344,2344,0,0,0c,00000,0,0,0,0,1,0,0,0,0,0,003f9,0,01,0,1f,4,1,0,0,0,1,02,0,0,0,0,1,0,0,0,1,0,0,0,0,0,0,0,0,1
2345,2345,0,0,0c,00000,0,0,0,0,1,0,0,0,0,0,003fa,0,01,0,1f,4,1,0,0,0,1,02,0,0,0,0,1,0,0,0,1,0,0,0,0,0,0,0,0,1
2346,2346,0,0,0c,00000,0,0,0,0,1,0,0,0,0,0,003fb,0,01,0,1f,4,1,0,0,0,1,02,0,0,0,0,1,0,0,0,1,0,0,0,0,0,0,0,0,1
2347,2347,0,0,0c,00000,0,0,0,0,1,0,0,0,0,0,003fc,0,01,0,1f,4,1,0,0,0,1,02,0,0,0,0,1,0,0,0,1,0,0,0,0,0,0,0,0,1
2348,2348,0,0,0c,00000,0,0,0,0,1,0,0,0,0,0,003fd,0,01,0,1f,4,1,0,0,0,1,02,0,0,0,0,1,0,0,0,1,0,0,0,0,0,0,0,0,1
2349,2349,0,0,0c,00000,0,0,0,0,1,0,0,0,0,0,003fe,0,01,0,1f,4,1,0,0,0,1,02,0,0,0,0,1,0,0,0,1,0,0,0,0,0,0,0,0,1
2350,2350,0,0,0c,00000,0,0,0,0,1,0,0,0,0,0,003ff,0,01,0,1f,4,1,0,0,0,1,02,0,0,0,0,1,0,0,0,1,0,0,0,0,0,0,0,0,1
2351,2351,0,0,0c,00000,0,0,0,0,1,0,0,0,0,0,00400,0,01,0,1f,4,1,0,0,0,1,02,0,0,0,0,1,0,0,0,1,0,0,0,0,0,0,0,0,1
2352,2352,0,0,0c,00000,0,0,0,0,1,0,0,0,0,0,00401,0,01,0,1f,4,1,0,0,0,1,02,0,0,0,0,1,0,0,0,1,0,0,0,0,0,0,0,0,1
2353,2353,0,0,0c,00000,0,0,0,0,1,0,0,0,0,0,00402,0,01,0,1f,4,1,0,0,0,1,02,0,0,0,0,1,0,0,0,1,0,0,0,0,0,0,0,0,1
2354,2354,0,0,0c,00000,0,0,0,0,1,0,0,0,0,0,00403,0,01,0,1f,4,1,0,0,0,1,02,0,0,0,0,1,0,0,0,1,0,0,0,0,0,0,0,0,1
2355,2355,0,0,0c,00000,0,0,0,0,1,0,0,0,0,0,00404,0,01,0,1f,4,1,0,0,0,1,02,0,0,0,0,1,0,0,0,1,0,0,0,0,0,0,0,0,1
2356,2356,0,0,0c,00000,0,0,0,0,1,0,0,0,0,0,00405,0,01,0,1f,4,1,0,0,0,1,02,0,0,0,0,1,0,0,0,1,0,0,0,0,0,0,0,0,1
2357,2357,0,0,0c,00000,0,0,0,0,1,0,0,0,0,0,00406,0,01,0,1f,4,1,0,0,0,1,02,0,0,0,0,1,0,0,0,1,0,0,0,0,0,0,0,0,1
2358,2358,0,0,0c,00000,0,0,0,0,1,0,0,0,0,0,00407,0,01,0,1f,4,1,0,0,0,1,02,0,0,0,0,1,0,0,0,1,0,0,0,0,0,0,0,0,1
2359,2359,0,0,0c,00000,0,0,0,0,1,0,0,0,0,0,00408,0,01,0,1f,4,1,0,0,0,1,02,0,0,0,0,1,0,0,0,1,0,0,0,0,0,0,0,0,1
2360,2360,0,0,0c,00000,0,0,0,0,1,0,0,0,0,0,00409,0,01,0,1f,4,1,0,0,0,1,02,0,0,0,0,1,0,0,0,1,0,0,0,0,0,0,0,0,1
2361,2361,0,0,0c,00000,0,0,0,0,1,0,0,0,0,0,0040a,0,01,0,1f,4,1,0,0,0,1,02,0,0,0,0,1,0,0,0,1,0,0,0,0,0,0,0,0,1
2362,2362,0,0,0c,00000,0,0,0,0,1,0,0,0,0,0,0040b,0,01,0,1f,4,1,0,0,0,1,02,0,0,0,0,1,0,0,0,1,0,0,0,0,0,0,0,0,1
2363,2363,0,0,0c,00000,0,0,0,0,1,0,0,0,0,0,0040c,0,01,0,1f,4,1,0,0,0,1,02,0,0,0,0,1,0,0,0,1,0,0,0,0,0,0,0,0,1
2364,2364,0,0,0c,00000,0,0,0,0,1,0,0,0,0,0,0040d,0,01,0,1f,4,1,0,0,0,1,02,0,0,0,0,1,0,0,0,1,0,0,0,0,0,0,0,0,1
2365,2365,0,0,0c,00000,0,0,0,0,1,0,0,0,0,0,0040e,0,01,0,1f,4,1,0,0,0,1,02,0,0,0,0,1,0,0,0,1,0,0,0,0,0,0,0,0,1
2366,2366,0,0,0c,00000,0,0,0,0,1,0,0,0,0,0,0040f,0,01,0,1f,4,1,0,0,0,1,02,0,0,0,0,1,0,0,0,1,0,0,0,0,0,0,0,0,1
2367,2367,0,0,0c,00000,0,0,0,0,1,0,0,0,0,0,00410,0,01,0,1f,4,1,0,0,0,1,02,0,0,0,0,1,0,0,0,1,0,0,0,0,0,0,0,0,1
2368,2368,0,0,0c,00000,0,0,0,0,1,0,0,0,0,0,00411,0,01,0,1f,4,1,0,0,0,1,02,0,0,0,0,1,0,0,0,1,0,0,0,0,0,0,0,0,1
2369,2369,0,0,0c,00000,0,0,0,0,1,0,0,0,0,0,00412,0,01,0,1f,4,1,0,0,0,1,02,0,0,0,0,1,0,0,0,1,0,0,0,0,0,0,0,0,1
2370,2370,0,0,0c,00000,0,0,0,0,1,0,0,0,0,0,00413,0,01,0,1f,4,1,0,0,0,1,02,0,0,0,0,1,0,0,0,1,0,0,0,0,0,0,0,0,1
2371,2371,0,0,0c,00000,0,0,0,0,1,0,0,0,0,0,00414,0,01,0,1f,4,1,0,0,0,1,02,0,0,0,0,1,0,0,0,1,0,0,0,0,0,0,0,0,1
2372,2372,0,0,0c,00000,0,0,0,0,1,0,0,0,0,0,00415,0,01,0,1f,4,1,0,0,0,1,02,0,0,0,0,1,0,0,0,1,0,0,0,0,0,0,0,0,1
2373,2373,0,0,0c,00000,0,0,0,0,1,0,0,0,0,0,00416,0,01,0,1f,4,1,0,0,0,1,02,0,0,0,0,1,0,0,0,1,0,0,0,0,0,0,0,0,1
2374,2374,0,0,0c,00000,0,0,0,0,1,0,0,0,0,0,00417,0,01,0,1f,4,1,0,0,0,1,02,0,0,0,0,1,0,0,0,1,0,0,0,0,0,0,0,0,1
2375,2375,0,0,0c,00000,0,0,0,0,1,0,0,0,0,0,00418,0,01,0,1f,4,1,0,0,0,1,02,0,0,0,0,1,0,0,0,1,0,0,0,0,0,0,0,0,1
2376,2376,0,0,0c,00000,0,0,0,0,1,0,0,0,0,0,00419,0,01,0,1f,4,1,0,0,0,1,02,0,0,0,0,1,0,0,0,1,0,0,0,0,0,0,0,0,1
2377,2377,0,0,0c,00000,0,0,0,0,1,0,0,0,0,0,0041a,0,01,0,1f,4,1,0,0,0,1,02,0,0,0,0,1,0,0,0,1,0,0,0,0,0,0,0,0,1
2378,2378,0,0,0c,00000,0,0,0,0,1,0,0,0,0,0,0041b,0,01,0,1f,4,1,0,0,0,1,02,0,0,0,0,1,0,0,0,1,0,0,0,0,0,0,0,0,1
2379,2379,0,0,0c,00000,0,0,0,0,1,0,0,0,0,0,0041c,0,01,0,1f,4,1,0,0,0,1,02,0,0,0,0,1,0,0,0,1,0,0,0,0,0,0,0,0,1
2380,2380,0,0,0c,00000,0,0,0,0,1,0,0,0,0,0,0041d,0,01,0,1f,4,1,0,0,0,1,02,0,0,0,0,1,0,0,0,1,0,0,0,0,0,0,0,0,1
2381,2381,0,0,0c,00000,0,0,0,0,1,0,0,0,0,0,0041e,0,01,0,1f,4,1,0,0,0,1,02,0,0,0,0,1,0,0,0,1,0,0,0,0,0,0,0,0,1
2382,2382,0,0,0c,00000,0,0,0,0,1,0,0,0,0,0,0041f,0,01,0,1f,4,1,0,0,0,1,02,0,0,0,0,1,0,0,0,1,0,0,0,0,0,0,0,0,1
2383,2383,0,0,0c,00000,0,0,0,0,1,0,0,0,0,0,00420,0,01,0,1f,4,1,0,0,0,1,02,0,0,0,0,1,0,0,0,1,0,0,0,0,0,0,0,0,1
2384,2384,0,0,0c,00000,0,0,0,0,1,0,0,0,0,0,00421,0,01,0,1f,4,1,0,0,0,1,02,0,0,0,0,1,0,0,0,1,0,0,0,0,0,0,0,0,1
2385,2385,0,0,0c,00000,0,0,0,0,1,0,0,0,0,0,00422,0,01,0,1f,4,1,0,0,0,1,02,0,0,0,0,1,0,0,0,1,0,0,0,0,0,0,0,0,1
2386,2386,0,0,0c,00000,0,0,0,0,1,0,0,0,0,0,00423,0,01,0,1f,4,1,0,0,0,1,02,0,0,0,0,1,0,0,0,1,0,0,0,0,0,0,0,0,1
2387,2387,0,0,0c,00000,0,0,0,0,1,0,0,0,0,0,00424,0,01,0,1f,4,1,0,0,0,1,02,0,0,0,0,1,0,0,0,1,0,0,0,0,0,0,0,0,1
2388,2388,0,0,0c,00000,0,0,0,0,1,0,0,0,0,0,00425,0,01,0,1f,4,1,0,0,0,1,02,0,0,0,0,1,0,0,0,1,0,0,0,0,0,0,0,0,1
2389,2389,0,0,0c,00000,0,0,0,0,1,0,0,0,0,0,00426,0,01,0,1f,4,1,0,0,0,1,02,0,0,0,0,1,0,0,0,1,0,0,0,0,0,0,0,0,1
2390,2390,0,0,0c,00000,0,0,0,0,1,0,0,0,0,0,00427,0,01,0,1f,4,1,0,0,0,1,02,0,0,0,0,1,0,0,0,1,0,0,0,0,0,0,0,0,1
2391,2391,0,0,0c,00000,0,0,0,0,1,0,0,0,0,0,00428,0,01,0,1f,4,1,0,0,0,1,02,0,0,0,0,1,0,0,0,1,0,0,0,0,0,0,0,0,1
2392,2392,0,0,0c,00000,0,0,0,0,1,0,0,0,0,0,00429,0,01,0,1f,4,1,0,0,0,1,02,0,0,0,0,1,0,0,0,1,0,0,0,0,0,0,0,0,1
2393,2393,0,0,0c,00000,0,0,0,0,1,0,0,0,0,0,0042a,0,01,0,1f,4,1,0,0,0,1,02,0,0,0,0,1,0,0,0,1,0,0,0,0,0,0,0,0,1
2394,2394,0,0,0c,00000,0,0,0,0,1,0,0,0,0,0,0042b,0,01,0,1f,4,1,0,0,0,1,02,0,0,0,0,1,0,0,0,1,0,0,0,0,0,0,0,0,1
2395,2395,0,0,0c,00000,0,0,0,0,1,0,0,0,0,0,0042c,0,01,0,1f,4,1,0,0,0,1,02,0,0,0,0,1,0,0,0,1,0,0,0,0,0,0,0,0,1
2396,2396,0,0,0c,00000,0,0,0,0,1,0,0,0,0,0,0042d,0,01,0,1f,4,1,0,0,0,1,02,0,0,0,0,1,0,0,0,1,0,0,0,0,0,0,0,0,1
2397,2397,0,0,0c,00000,0,0,0,0,1,0,0,0,0,0,0042e,0,01,0,1f,4,1,0,0,0,1,02,0,0,0,0,1,0,0,0,1,0,0,0,0,0,0,0,0,1
2398,2398,0,0,0c,00000,0,0,0,0,1,0,0,0,0,0,0042f,0,01,0,1f,4,1,0,0,0,1,02,0,0,0,0,1,0,0,0,1,0,0,0,0,0,0,0,0,1
2399,2399,0,0,0c,00000,0,0,0,0,1,0,0,0,0,0,00430,0,01,0,1f,4,1,0,0,0,1,02,0,0,0,0,1,0,0,0,1,0,0,0,0,0,0,0,0,1
2400,2400,0,0,0c,00000,0,0,0,0,1,0,0,0,0,0,00431,0,01,0,1f,4,1,0,0,0,1,02,0,0,0,0,1,0,0,0,1,0,0,0,0,0,0,0,0,1
2401,2401,0,0,0c,00000,0,0,0,0,1,0,0,0,0,0,00432,0,01,0,1f,4,1,0,0,0,1,02,0,0,0,0,1,0,0,0,1,0,0,0,0,0,0,0,0,1
2402,2402,0,0,0c,00000,0,0,0,0,1,0,0,0,0,0,00433,0,01,0,1f,4,1,0,0,0,1,02,0,0,0,0,1,0,0,0,1,0,0,0,0,0,0,0,0,1
2403,2403,0,0,0c,00000,0,0,0,0,1,0,0,0,0,0,00434,0,01,0,1f,4,1,0,0,0,1,02,0,0,0,0,1,0,0,0,1,0,0,0,0,0,0,0,0,1
2404,2404,0,0,0c,00000,0,0,0,0,1,0,0,0,0,0,00435,0,01,0,1f,4,1,0,0,0,1,02,0,0,0,0,1,0,0,0,1,0,0,0,0,0,0,0,0,1
2405,2405,0,0,0c,00000,0,0,0,0,1,0,0,0,0,0,00436,0,01,0,1f,4,1,0,0,0,1,02,0,0,0,0,1,0,0,0,1,0,0,0,0,0,0,0,0,1
2406,2406,0,0,0c,00000,0,0,0,0,1,0,0,0,0,0,00437,0,01,0,1f,4,1,0,0,0,1,02,0,0,0,0,1,0,0,0,1,0,0,0,0,0,0,0,0,1
2407,2407,0,0,0c,00000,0,0,0,0,1,0,0,0,0,0,00438,0,01,0,1f,4,1,0,0,0,1,02,0,0,0,0,1,0,0,0,1,0,0,0,0,0,0,0,0,1
2408,2408,0,0,0c,00000,0,0,0,0,1,0,0,0,0,0,00439,0,01,0,1f,4,1,0,0,0,1,02,0,0,0,0,1,0,0,0,1,0,0,0,0,0,0,0,0,1
2409,2409,0,0,0c,00000,0,0,0,0,1,0,0,0,0,0,0043a,0,01,0,1f,4,1,0,0,0,1,02,0,0,0,0,1,0,0,0,1,0,0,0,0,0,0,0,0,1
2410,2410,0,0,0c,00000,0,0,0,0,1,0,0,0,0,0,0043b,0,01,0,1f,4,1,0,0,0,1,02,0,0,0,0,1,0,0,0,1,0,0,0,0,0,0,0,0,1
2411,2411,0,0,0c,00000,0,0,0,0,1,0,0,0,0,0,0043c,0,01,0,1f,4,1,0,0,0,1,02,0,0,0,0,1,0,0,0,1,0,0,0,0,0,0,0,0,1
2412,2412,0,0,0c,00000,0,0,0,0,1,0,0,0,0,0,0043d,0,01,0,1f,4,1,0,0,0,1,02,0,0,0,0,1,0,0,0,1,0,0,0,0,0,0,0,0,1
2413,2413,0,0,0c,00000,0,0,0,0,1,0,0,0,0,0,0043e,0,01,0,1f,4,1,0,0,0,1,02,0,0,0,0,1,0,0,0,1,0,0,0,0,0,0,0,0,1
2414,2414,0,0,0c,00000,0,0,0,0,1,0,0,0,0,0,0043f,0,01,0,1f,4,1,0,0,0,1,02,0,0,0,0,1,0,0,0,1,0,0,0,0,0,0,0,0,1
2415,2415,0,0,0c,00000,0,0,0,0,1,0,0,0,0,0,00440,0,01,0,1f,4,1,0,0,0,1,02,0,0,0,0,1,0,0,0,1,0,0,0,0,0,0,0,0,1
2416,2416,0,0,0c,00000,0,0,0,0,1,0,0,0,0,0,00441,0,01,0,1f,4,1,0,0,0,1,02,0,0,0,0,1,0,0,0,1,0,0,0,0,0,0,0,0,1
2417,2417,0,0,0c,00000,0,0,0,0,1,0,0,0,0,0,00442,0,01,0,1f,4,1,0,0,0,1,02,0,0,0,0,1,0,0,0,1,0,0,0,0,0,0,0,0,1
2418,2418,0,0,0c,00000,0,0,0,0,1,0,0,0,0,0,00443,0,01,0,1f,4,1,0,0,0,1,02,0,0,0,0,1,0,0,0,1,0,0,0,0,0,0,0,0,1
2419,2419,0,0,0c,00000,0,0,0,0,1,0,0,0,0,0,00444,0,01,0,1f,4,1,0,0,0,1,02,0,0,0,0,1,0,0,0,1,0,0,0,0,0,0,0,0,1
2420,2420,0,0,0c,00000,0,0,0,0,1,0,0,0,0,0,00445,0,01,0,1f,4,1,0,0,0,1,02,0,0,0,0,1,0,0,0,1,0,0,0,0,0,0,0,0,1
2421,2421,0,0,0c,00000,0,0,0,0,1,0,0,0,0,0,00446,0,01,0,1f,4,1,0,0,0,1,02,0,0,0,0,1,0,0,0,1,0,0,0,0,0,0,0,0,1
2422,2422,0,0,0c,00000,0,0,0,0,1,0,0,0,0,0,00447,0,01,0,1f,4,1,0,0,0,1,02,0,0,0,0,1,0,0,0,1,0,0,0,0,0,0,0,0,1
2423,2423,0,0,0c,00000,0,0,0,0,1,0,0,0,0,0,00448,0,01,0,1f,4,1,0,0,0,1,02,0,0,0,0,1,0,0,0,1,0,0,0,0,0,0,0,0,1
2424,2424,0,0,0c,00000,0,0,0,0,1,0,0,0,0,0,00449,0,01,0,1f,4,1,0,0,0,1,02,0,0,0,0,1,0,0,0,1,0,0,0,0,0,0,0,0,1
2425,2425,0,0,0c,00000,0,0,0,0,1,0,0,0,0,0,0044a,0,01,0,1f,4,1,0,0,0,1,02,0,0,0,0,1,0,0,0,1,0,0,0,0,0,0,0,0,1
2426,2426,0,0,0c,00000,0,0,0,0,1,0,0,0,0,0,0044b,0,01,0,1f,4,1,0,0,0,1,02,0,0,0,0,1,0,0,0,1,0,0,0,0,0,0,0,0,1
2427,2427,0,0,0c,00000,0,0,0,0,1,0,0,0,0,0,0044c,0,01,0,1f,4,1,0,0,0,1,02,0,0,0,0,1,0,0,0,1,0,0,0,0,0,0,0,0,1
2428,2428,0,0,0c,00000,0,0,0,0,1,0,0,0,0,0,0044d,0,01,0,1f,4,1,0,0,0,1,02,0,0,0,0,1,0,0,0,1,0,0,0,0,0,0,0,0,1
2429,2429,0,0,0c,00000,0,0,0,0,1,0,0,0,0,0,0044e,0,01,0,1f,4,1,0,0,0,1,02,0,0,0,0,1,0,0,0,1,0,0,0,0,0,0,0,0,1
2430,2430,0,0,0c,00000,0,0,0,0,1,0,0,0,0,0,0044f,0,01,0,1f,4,1,0,0,0,1,02,0,0,0,0,1,0,0,0,1,0,0,0,0,0,0,0,0,1
2431,2431,0,0,0c,00000,0,0,0,0,1,0,0,0,0,0,00450,0,01,0,1f,4,1,0,0,0,1,02,0,0,0,0,1,0,0,0,1,0,0,0,0,0,0,0,0,1
2432,2432,0,0,0c,00000,0,0,0,0,1,0,0,0,0,0,00451,0,01,0,1f,4,1,0,0,0,1,02,0,0,0,0,1,0,0,0,1,0,0,0,0,0,0,0,0,1
2433,2433,0,0,0c,00000,0,0,0,0,1,0,0,0,0,0,00452,0,01,0,1f,4,1,0,0,0,1,02,0,0,0,0,1,0,0,0,1,0,0,0,0,0,0,0,0,1
2434,2434,0,0,0c,00000,0,0,0,0,1,0,0,0,0,0,00453,0,01,0,1f,4,1,0,0,0,1,02,0,0,0,0,1,0,0,0,1,0,0,0,0,0,0,0,0,1
2435,2435,0,0,0c,00000,0,0,0,0,1,0,0,0,0,0,00454,0,01,0,1f,4,1,0,0,0,1,02,0,0,0,0,1,0,0,0,1,0,0,0,0,0,0,0,0,1
2436,2436,0,0,0c,00000,0,0,0,0,1,0,0,0,0,0,00455,0,01,0,1f,4,1,0,0,0,1,02,0,0,0,0,1,0,0,0,1,0,0,0,0,0,0,0,0,1
2437,2437,0,0,0c,00000,0,0,0,0,1,0,0,0,0,0,00456,0,01,0,1f,4,1,0,0,0,1,02,0,0,0,0,1,0,0,0,1,0,0,0,0,0,0,0,0,1
2438,2438,0,0,0c,00000,0,0,0,0,1,0,0,0,0,0,00457,0,01,0,1f,4,1,0,0,0,1,02,0,0,0,0,1,0,0,0,1,0,0,0,0,0,0,0,0,1
2439,2439,0,0,0c,00000,0,0,0,0,1,0,0,0,0,0,00458,0,01,0,1f,4,1,0,0,0,1,02,0,0,0,0,1,0,0,0,1,0,0,0,0,0,0,0,0,1
2440,2440,0,0,0c,00000,0,0,0,0,1,0,0,0,0,0,00459,0,01,0,1f,4,1,0,0,0,1,02,0,0,0,0,1,0,0,0,1,0,0,0,0,0,0,0,0,1
2441,2441,0,0,0c,00000,0,0,0,0,1,0,0,0,0,0,0045a,0,01,0,1f,4,1,0,0,0,1,02,0,0,0,0,1,0,0,0,1,0,0,0,0,0,0,0,0,1
2442,2442,0,0,0c,00000,0,0,0,0,1,0,0,0,0,0,0045b,0,01,0,1f,4,1,0,0,0,1,02,0,0,0,0,1,0,0,0,1,0,0,0,0,0,0,0,0,1
2443,2443,0,0,0c,00000,0,0,0,0,1,0,0,0,0,0,0045c,0,01,0,1f,4,1,0,0,0,1,02,0,0,0,0,1,0,0,0,1,0,0,0,0,0,0,0,0,1
2444,2444,0,0,0c,00000,0,0,0,0,1,0,0,0,0,0,0045d,0,01,0,1f,4,1,0,0,0,1,02,0,0,0,0,1,0,0,0,1,0,0,0,0,0,0,0,0,1
2445,2445,0,0,0c,00000,0,0,0,0,1,0,0,0,0,0,0045e,0,01,0,1f,4,1,0,0,0,1,02,0,0,0,0,1,0,0,0,1,0,0,0,0,0,0,0,0,1
2446,2446,0,0,0c,00000,0,0,0,0,1,0,0,0,0,0,0045f,0,01,0,1f,4,1,0,0,0,1,02,0,0,0,0,1,0,0,0,1,0,0,0,0,0,0,0,0,1
2447,2447,0,0,0c,00000,0,0,0,0,1,0,0,0,0,0,00460,0,01,0,1f,4,1,0,0,0,1,02,0,0,0,0,1,0,0,0,1,0,0,0,0,0,0,0,0,1
2448,2448,0,0,0c,00000,0,0,0,0,1,0,0,0,0,0,00461,0,01,0,1f,4,1,0,0,0,1,02,0,0,0,0,1,0,0,0,1,0,0,0,0,0,0,0,0,1
2449,2449,0,0,0c,00000,0,0,0,0,1,0,0,0,0,0,00462,0,01,0,1f,4,1,0,0,0,1,02,0,0,0,0,1,0,0,0,1,0,0,0,0,0,0,0,0,1
2450,2450,0,0,0c,00000,0,0,0,0,1,0,0,0,0,0,00463,0,01,0,1f,4,1,0,0,0,1,02,0,0,0,0,1,0,0,0,1,0,0,0,0,0,0,0,0,1
2451,2451,0,0,0c,00000,0,0,0,0,1,0,0,0,0,0,00464,0,01,0,1f,4,1,0,0,0,1,02,0,0,0,0,1,0,0,0,1,0,0,0,0,0,0,0,0,1
2452,2452,0,0,0c,00000,0,0,0,0,1,0,0,0,0,0,00465,0,01,0,1f,4,1,0,0,0,1,02,0,0,0,0,1,0,0,0,1,0,0,0,0,0,0,0,0,1
2453,2453,0,0,0c,00000,0,0,0,0,1,0,0,0,0,0,00466,0,01,0,1f,4,1,0,0,0,1,02,0,0,0,0,1,0,0,0,1,0,0,0,0,0,0,0,0,1
2454,2454,0,0,0c,00000,0,0,0,0,1,0,0,0,0,0,00467,0,01,0,1f,4,1,0,0,0,1,02,0,0,0,0,1,0,0,0,1,0,0,0,0,0,0,0,0,1
2455,2455,0,0,0c,00000,0,0,0,0,1,0,0,0,0,0,00468,0,01,0,1f,4,1,0,0,0,1,02,0,0,0,0,1,0,0,0,1,0,0,0,0,0,0,0,0,1
2456,2456,0,0,0c,00000,0,0,0,0,1,0,0,0,0,0,00469,0,01,0,1f,4,1,0,0,0,1,02,0,0,0,0,1,0,0,0,1,0,0,0,0,0,0,0,0,1
2457,2457,0,0,0c,00000,0,0,0,0,1,0,0,0,0,0,0046a,0,01,0,1f,4,1,0,0,0,1,02,0,0,0,0,1,0,0,0,1,0,0,0,0,0,0,0,0,1
2458,2458,0,0,0c,00000,0,0,0,0,1,0,0,0,0,0,0046b,0,01,0,1f,4,1,0,0,0,1,02,0,0,0,0,1,0,0,0,1,0,0,0,0,0,0,0,0,1
2459,2459,0,0,0c,00000,0,0,0,0,1,0,0,0,0,0,0046c,0,01,0,1f,4,1,0,0,0,1,02,0,0,0,0,1,0,0,0,1,0,0,0,0,0,0,0,0,1
2460,2460,0,0,0c,00000,0,0,0,0,1,0,0,0,0,0,0046d,0,01,0,1f,4,1,0,0,0,1,02,0,0,0,0,1,0,0,0,1,0,0,0,0,0,0,0,0,1
2461,2461,0,0,0c,00000,0,0,0,0,1,0,0,0,0,0,0046e,0,01,0,1f,4,1,0,0,0,1,02,0,0,0,0,1,0,0,0,1,0,0,0,0,0,0,0,0,1
2462,2462,0,0,0c,00000,0,0,0,0,1,0,0,0,0,0,0046f,0,01,0,1f,4,1,0,0,0,1,02,0,0,0,0,1,0,0,0,1,0,0,0,0,0,0,0,0,1
2463,2463,0,0,0c,00000,0,0,0,0,1,0,0,0,0,0,00470,0,01,0,1f,4,1,0,0,0,1,02,0,0,0,0,1,0,0,0,1,0,0,0,0,0,0,0,0,1
2464,2464,0,0,0c,00000,0,0,0,0,1,0,0,0,0,0,00471,0,01,0,1f,4,1,0,0,0,1,02,0,0,0,0,1,0,0,0,1,0,0,0,0,0,0,0,0,1
2465,2465,0,0,0c,00000,0,0,0,0,1,0,0,0,0,0,00472,0,01,0,1f,4,1,0,0,0,1,02,0,0,0,0,1,0,0,0,1,0,0,0,0,0,0,0,0,1
2466,2466,0,0,0c,00000,0,0,0,0,1,0,0,0,0,0,00473,0,01,0,1f,4,1,0,0,0,1,02,0,0,0,0,1,0,0,0,1,0,0,0,0,0,0,0,0,1
2467,2467,0,0,0c,00000,0,0,0,0,1,0,0,0,0,0,00474,0,01,0,1f,4,1,0,0,0,1,02,0,0,0,0,1,0,0,0,1,0,0,0,0,0,0,0,0,1
2468,2468,0,0,0c,00000,0,0,0,0,1,0,0,0,0,0,00475,0,01,0,1f,4,1,0,0,0,1,02,0,0,0,0,1,0,0,0,1,0,0,0,0,0,0,0,0,1
2469,2469,0,0,0c,00000,0,0,0,0,1,0,0,0,0,0,00476,0,01,0,1f,4,1,0,0,0,1,02,0,0,0,0,1,0,0,0,1,0,0,0,0,0,0,0,0,1
2470,2470,0,0,0c,00000,0,0,0,0,1,0,0,0,0,0,00477,0,01,0,1f,4,1,0,0,0,1,02,0,0,0,0,1,0,0,0,1,0,0,0,0,0,0,0,0,1
2471,2471,0,0,0c,00000,0,0,0,0,1,0,0,0,0,0,00478,0,01,0,1f,4,1,0,0,0,1,02,0,0,0,0,1,0,0,0,1,0,0,0,0,0,0,0,0,1
2472,2472,0,0,0c,00000,0,0,0,0,1,0,0,0,0,0,00479,0,01,0,1f,4,1,0,0,0,1,02,0,0,0,0,1,0,0,0,1,0,0,0,0,0,0,0,0,1
2473,2473,0,0,0c,00000,0,0,0,0,1,0,0,0,0,0,0047a,0,01,0,1f,4,1,0,0,0,1,02,0,0,0,0,1,0,0,0,1,0,0,0,0,0,0,0,0,1
2474,2474,0,0,0c,00000,0,0,0,0,1,0,0,0,0,0,0047b,0,01,0,1f,4,1,0,0,0,1,02,0,0,0,0,1,0,0,0,1,0,0,0,0,0,0,0,0,1
2475,2475,0,0,0c,00000,0,0,0,0,1,0,0,0,0,0,0047c,0,01,0,1f,4,1,0,0,0,1,02,0,0,0,0,1,0,0,0,1,0,0,0,0,0,0,0,0,1
2476,2476,0,0,0c,00000,0,0,0,0,1,0,0,0,0,0,0047d,0,01,0,1f,4,1,0,0,0,1,02,0,0,0,0,1,0,0,0,1,0,0,0,0,0,0,0,0,1
2477,2477,0,0,0c,00000,0,0,0,0,1,0,0,0,0,0,0047e,0,01,0,1f,4,1,0,0,0,1,02,0,0,0,0,1,0,0,0,1,0,0,0,0,0,0,0,0,1
2478,2478,0,0,0c,00000,0,0,0,0,1,0,0,0,0,0,0047f,0,01,0,1f,4,1,0,0,0,1,02,0,0,0,0,1,0,0,0,1,0,0,0,0,0,0,0,0,1
2479,2479,0,0,0c,00000,0,0,0,0,1,0,0,0,0,0,00480,0,01,0,1f,4,1,0,0,0,1,02,0,0,0,0,1,0,0,0,1,0,0,0,0,0,0,0,0,1
2480,2480,0,0,0c,00000,0,0,0,0,1,0,0,0,0,0,00481,0,01,0,1f,4,1,0,0,0,1,02,0,0,0,0,1,0,0,0,1,0,0,0,0,0,0,0,0,1
2481,2481,0,0,0c,00000,0,0,0,0,1,0,0,0,0,0,00482,0,01,0,1f,4,1,0,0,0,1,02,0,0,0,0,1,0,0,0,1,0,0,0,0,0,0,0,0,1
2482,2482,0,0,0c,00000,0,0,0,0,1,0,0,0,0,0,00483,0,01,0,1f,4,1,0,0,0,1,02,0,0,0,0,1,0,0,0,1,0,0,0,0,0,0,0,0,1
2483,2483,0,0,0c,00000,0,0,0,0,1,0,0,0,0,0,00484,0,01,0,1f,4,1,0,0,0,1,02,0,0,0,0,1,0,0,0,1,0,0,0,0,0,0,0,0,1
2484,2484,0,0,0c,00000,0,0,0,0,1,0,0,0,0,0,00485,0,01,0,1f,4,1,0,0,0,1,02,0,0,0,0,1,0,0,0,1,0,0,0,0,0,0,0,0,1
2485,2485,0,0,0c,00000,0,0,0,0,1,0,0,0,0,0,00486,0,01,0,1f,4,1,0,0,0,1,02,0,0,0,0,1,0,0,0,1,0,0,0,0,0,0,0,0,1
2486,2486,0,0,0c,00000,0,0,0,0,1,0,0,0,0,0,00487,0,01,0,1f,4,1,0,0,0,1,02,0,0,0,0,1,0,0,0,1,0,0,0,0,0,0,0,0,1
2487,2487,0,0,0c,00000,0,0,0,0,1,0,0,0,0,0,00488,0,01,0,1f,4,1,0,0,0,1,02,0,0,0,0,1,0,0,0,1,0,0,0,0,0,0,0,0,1
2488,2488,0,0,0c,00000,0,0,0,0,1,0,0,0,0,0,00489,0,01,0,1f,4,1,0,0,0,1,02,0,0,0,0,1,0,0,0,1,0,0,0,0,0,0,0,0,1
2489,2489,0,0,0c,00000,0,0,0,0,1,0,0,0,0,0,0048a,0,01,0,1f,4,1,0,0,0,1,02,0,0,0,0,1,0,0,0,1,0,0,0,0,0,0,0,0,1
2490,2490,0,0,0c,00000,0,0,0,0,1,0,0,0,0,0,0048b,0,01,0,1f,4,1,0,0,0,1,02,0,0,0,0,1,0,0,0,1,0,0,0,0,0,0,0,0,1
2491,2491,0,0,0c,00000,0,0,0,0,1,0,0,0,0,0,0048c,0,01,0,1f,4,1,0,0,0,1,02,0,0,0,0,1,0,0,0,1,0,0,0,0,0,0,0,0,1
2492,2492,0,0,0c,00000,0,0,0,0,1,0,0,0,0,0,0048d,0,01,0,1f,4,1,0,0,0,1,02,0,0,0,0,1,0,0,0,1,0,0,0,0,0,0,0,0,1
2493,2493,0,0,0c,00000,0,0,0,0,1,0,0,0,0,0,0048e,0,01,0,1f,4,1,0,0,0,1,02,0,0,0,0,1,0,0,0,1,0,0,0,0,0,0,0,0,1
2494,2494,0,0,0c,00000,0,0,0,0,1,0,0,0,0,0,0048f,0,01,0,1f,4,1,0,0,0,1,02,0,0,0,0,1,0,0,0,1,0,0,0,0,0,0,0,0,1
2495,2495,0,0,0c,00000,0,0,0,0,1,0,0,0,0,0,00490,0,01,0,1f,4,1,0,0,0,1,02,0,0,0,0,1,0,0,0,1,0,0,0,0,0,0,0,0,1
2496,2496,0,0,0c,00000,0,0,0,0,1,0,0,0,0,0,00491,0,01,0,1f,4,1,0,0,0,1,02,0,0,0,0,1,0,0,0,1,0,0,0,0,0,0,0,0,1
2497,2497,0,0,0c,00000,0,0,0,0,1,0,0,0,0,0,00492,0,01,0,1f,4,1,0,0,0,1,02,0,0,0,0,1,0,0,0,1,0,0,0,0,0,0,0,0,1
2498,2498,0,0,0c,00000,0,0,0,0,1,0,0,0,0,0,00493,0,01,0,1f,4,1,0,0,0,1,02,0,0,0,0,1,0,0,0,1,0,0,0,0,0,0,0,0,1
2499,2499,0,0,0c,00000,0,0,0,0,1,0,0,0,0,0,00494,0,01,0,1f,4,1,0,0,0,1,02,0,0,0,0,1,0,0,0,1,0,0,0,0,0,0,0,0,1
2500,2500,0,0,0c,00000,0,0,0,0,1,0,0,0,0,0,00495,0,01,0,1f,4,1,0,0,0,1,02,0,0,0,0,1,0,0,0,1,0,0,0,0,0,0,0,0,1
2501,2501,0,0,0c,00000,0,0,0,0,1,0,0,0,0,0,00496,0,01,0,1f,4,1,0,0,0,1,02,0,0,0,0,1,0,0,0,1,0,0,0,0,0,0,0,0,1
2502,2502,0,0,0c,00000,0,0,0,0,1,0,0,0,0,0,00497,0,01,0,1f,4,1,0,0,0,1,02,0,0,0,0,1,0,0,0,1,0,0,0,0,0,0,0,0,1
2503,2503,0,0,0c,00000,0,0,0,0,1,0,0,0,0,0,00498,0,01,0,1f,4,1,0,0,0,1,02,0,0,0,0,1,0,0,0,1,0,0,0,0,0,0,0,0,1
2504,2504,0,0,0c,00000,0,0,0,0,1,0,0,0,0,0,00499,0,01,0,1f,4,1,0,0,0,1,02,0,0,0,0,1,0,0,0,1,0,0,0,0,0,0,0,0,1
2505,2505,0,0,0c,00000,0,0,0,0,1,0,0,0,0,0,0049a,0,01,0,1f,4,1,0,0,0,1,02,0,0,0,0,1,0,0,0,1,0,0,0,0,0,0,0,0,1
2506,2506,0,0,0c,00000,0,0,0,0,1,0,0,0,0,0,0049b,0,01,0,1f,4,1,0,0,0,1,02,0,0,0,0,1,0,0,0,1,0,0,0,0,0,0,0,0,1
2507,2507,0,0,0c,00000,0,0,0,0,1,0,0,0,0,0,0049c,0,01,0,1f,4,1,0,0,0,1,02,0,0,0,0,1,0,0,0,1,0,0,0,0,0,0,0,0,1
2508,2508,0,0,0c,00000,0,0,0,0,1,0,0,0,0,0,0049d,0,01,0,1f,4,1,0,0,0,1,02,0,0,0,0,1,0,0,0,1,0,0,0,0,0,0,0,0,1
2509,2509,0,0,0c,00000,0,0,0,0,1,0,0,0,0,0,0049e,0,01,0,1f,4,1,0,0,0,1,02,0,0,0,0,1,0,0,0,1,0,0,0,0,0,0,0,0,1
2510,2510,0,0,0c,00000,0,0,0,0,1,0,0,0,0,0,0049f,0,01,0,1f,4,1,0,0,0,1,02,0,0,0,0,1,0,0,0,1,0,0,0,0,0,0,0,0,1
2511,2511,0,0,0c,00000,0,0,0,0,1,0,0,0,0,0,004a0,0,01,0,1f,4,1,0,0,0,1,02,0,0,0,0,1,0,0,0,1,0,0,0,0,0,0,0,0,1
2512,2512,0,0,0c,00000,0,0,0,0,1,0,0,0,0,0,004a1,0,01,0,1f,4,1,0,0,0,1,02,0,0,0,0,1,0,0,0,1,0,0,0,0,0,0,0,0,1
2513,2513,0,0,0c,00000,0,0,0,0,1,0,0,0,0,0,004a2,0,01,0,1f,4,1,0,0,0,1,02,0,0,0,0,1,0,0,0,1,0,0,0,0,0,0,0,0,1
2514,2514,0,0,0c,00000,0,0,0,0,1,0,0,0,0,0,004a3,0,01,0,1f,4,1,0,0,0,1,02,0,0,0,0,1,0,0,0,1,0,0,0,0,0,0,0,0,1
2515,2515,0,0,0c,00000,0,0,0,0,1,0,0,0,0,0,004a4,0,01,0,1f,4,1,0,0,0,1,02,0,0,0,0,1,0,0,0,1,0,0,0,0,0,0,0,0,1
2516,2516,0,0,0c,00000,0,0,0,0,1,0,0,0,0,0,004a5,0,01,0,1f,4,1,0,0,0,1,02,0,0,0,0,1,0,0,0,1,0,0,0,0,0,0,0,0,1
2517,2517,0,0,0c,00000,0,0,0,0,1,0,0,0,0,0,004a6,0,01,0,1f,4,1,0,0,0,1,02,0,0,0,0,1,0,0,0,1,0,0,0,0,0,0,0,0,1
2518,2518,0,0,0c,00000,0,0,0,0,1,0,0,0,0,0,004a7,0,01,0,1f,4,1,0,0,0,1,02,0,0,0,0,1,0,0,0,1,0,0,0,0,0,0,0,0,1
2519,2519,0,0,0c,00000,0,0,0,0,1,0,0,0,0,0,004a8,0,01,0,1f,4,1,0,0,0,1,02,0,0,0,0,1,0,0,0,1,0,0,0,0,0,0,0,0,1
2520,2520,0,0,0c,00000,0,0,0,0,1,0,0,0,0,0,004a9,0,01,0,1f,4,1,0,0,0,1,02,0,0,0,0,1,0,0,0,1,0,0,0,0,0,0,0,0,1
2521,2521,0,0,0c,00000,0,0,0,0,1,0,0,0,0,0,004aa,0,01,0,1f,4,1,0,0,0,1,02,0,0,0,0,1,0,0,0,1,0,0,0,0,0,0,0,0,1
2522,2522,0,0,0c,00000,0,0,0,0,1,0,0,0,0,0,004ab,0,01,0,1f,4,1,0,0,0,1,02,0,0,0,0,1,0,0,0,1,0,0,0,0,0,0,0,0,1
2523,2523,0,0,0c,00000,0,0,0,0,1,0,0,0,0,0,004ac,0,01,0,1f,4,1,0,0,0,1,02,0,0,0,0,1,0,0,0,1,0,0,0,0,0,0,0,0,1
2524,2524,0,0,0c,00000,0,0,0,0,1,0,0,0,0,0,004ad,0,01,0,1f,4,1,0,0,0,1,02,0,0,0,0,1,0,0,0,1,0,0,0,0,0,0,0,0,1
2525,2525,0,0,0c,00000,0,0,0,0,1,0,0,0,0,0,004ae,0,01,0,1f,4,1,0,0,0,1,02,0,0,0,0,1,0,0,0,1,0,0,0,0,0,0,0,0,1
2526,2526,0,0,0c,00000,0,0,0,0,1,0,0,0,0,0,004af,0,01,0,1f,4,1,0,0,0,1,02,0,0,0,0,1,0,0,0,1,0,0,0,0,0,0,0,0,1
2527,2527,0,0,0c,00000,0,0,0,0,1,0,0,0,0,0,004b0,0,01,0,1f,4,1,0,0,0,1,02,0,0,0,0,1,0,0,0,1,0,0,0,0,0,0,0,0,1
2528,2528,0,0,0c,00000,0,0,0,0,1,0,0,0,0,0,004b1,0,01,0,1f,4,1,0,0,0,1,02,0,0,0,0,1,0,0,0,1,0,0,0,0,0,0,0,0,1
2529,2529,0,0,0c,00000,0,0,0,0,1,0,0,0,0,0,004b2,0,01,0,1f,4,1,0,0,0,1,02,0,0,0,0,1,0,0,0,1,0,0,0,0,0,0,0,0,1
2530,2530,0,0,0c,00000,0,0,0,0,1,0,0,0,0,0,004b3,0,01,0,1f,4,1,0,0,0,1,02,0,0,0,0,1,0,0,0,1,0,0,0,0,0,0,0,0,1
2531,2531,0,0,0c,00000,0,0,0,0,1,0,0,0,0,0,004b4,0,01,0,1f,4,1,0,0,0,1,02,0,0,0,0,1,0,0,0,1,0,0,0,0,0,0,0,0,1
2532,2532,0,0,0c,00000,0,0,0,0,1,0,0,0,0,0,004b5,0,01,0,1f,4,1,0,0,0,1,02,0,0,0,0,1,0,0,0,1,0,0,0,0,0,0,0,0,1
2533,2533,0,0,0c,00000,0,0,0,0,1,0,0,0,0,0,004b6,0,01,0,1f,4,1,0,0,0,1,02,0,0,0,0,1,0,0,0,1,0,0,0,0,0,0,0,0,1
2534,2534,0,0,0c,00000,0,0,0,0,1,0,0,0,0,0,004b7,0,01,0,1f,4,1,0,0,0,1,02,0,0,0,0,1,0,0,0,1,0,0,0,0,0,0,0,0,1
2535,2535,0,0,0c,00000,0,0,0,0,1,0,0,0,0,0,004b8,0,01,0,1f,4,1,0,0,0,1,02,0,0,0,0,1,0,0,0,1,0,0,0,0,0,0,0,0,1
2536,2536,0,0,0c,00000,0,0,0,0,1,0,0,0,0,0,004b9,0,01,0,1f,4,1,0,0,0,1,02,0,0,0,0,1,0,0,0,1,0,0,0,0,0,0,0,0,1
2537,2537,0,0,0c,00000,0,0,0,0,1,0,0,0,0,0,004ba,0,01,0,1f,4,1,0,0,0,1,02,0,0,0,0,1,0,0,0,1,0,0,0,0,0,0,0,0,1
2538,2538,0,0,0c,00000,0,0,0,0,1,0,0,0,0,0,004bb,0,01,0,1f,4,1,0,0,0,1,02,0,0,0,0,1,0,0,0,1,0,0,0,0,0,0,0,0,1
2539,2539,0,0,0c,00000,0,0,0,0,1,0,0,0,0,0,004bc,0,01,0,1f,4,1,0,0,0,1,02,0,0,0,0,1,0,0,0,1,0,0,0,0,0,0,0,0,1
2540,2540,0,0,0c,00000,0,0,0,0,1,0,0,0,0,0,004bd,0,01,0,1f,4,1,0,0,0,1,02,0,0,0,0,1,0,0,0,1,0,0,0,0,0,0,0,0,1
2541,2541,0,0,0c,00000,0,0,0,0,1,0,0,0,0,0,004be,0,01,0,1f,4,1,0,0,0,1,02,0,0,0,0,1,0,0,0,1,0,0,0,0,0,0,0,0,1
2542,2542,0,0,0c,00000,0,0,0,0,1,0,0,0,0,0,004bf,0,01,0,1f,4,1,0,0,0,1,02,0,0,0,0,1,0,0,0,1,0,0,0,0,0,0,0,0,1
2543,2543,0,0,0c,00000,0,0,0,0,1,0,0,0,0,0,004c0,0,01,0,1f,4,1,0,0,0,1,02,0,0,0,0,1,0,0,0,1,0,0,0,0,0,0,0,0,1
2544,2544,0,0,0c,00000,0,0,0,0,1,0,0,0,0,0,004c1,0,01,0,1f,4,1,0,0,0,1,02,0,0,0,0,1,0,0,0,1,0,0,0,0,0,0,0,0,1
2545,2545,0,0,0c,00000,0,0,0,0,1,0,0,0,0,0,004c2,0,01,0,1f,4,1,0,0,0,1,02,0,0,0,0,1,0,0,0,1,0,0,0,0,0,0,0,0,1
2546,2546,0,0,0c,00000,0,0,0,0,1,0,0,0,0,0,004c3,0,01,0,1f,4,1,0,0,0,1,02,0,0,0,0,1,0,0,0,1,0,0,0,0,0,0,0,0,1
2547,2547,0,0,0c,00000,0,0,0,0,1,0,0,0,0,0,004c4,0,01,0,1f,4,1,0,0,0,1,02,0,0,0,0,1,0,0,0,1,0,0,0,0,0,0,0,0,1
2548,2548,0,0,0c,00000,0,0,0,0,1,0,0,0,0,0,004c5,0,01,0,1f,4,1,0,0,0,1,02,0,0,0,0,1,0,0,0,1,0,0,0,0,0,0,0,0,1
2549,2549,0,0,0c,00000,0,0,0,0,1,0,0,0,0,0,004c6,0,01,0,1f,4,1,0,0,0,1,02,0,0,0,0,1,0,0,0,1,0,0,0,0,0,0,0,0,1
2550,2550,0,0,0c,00000,0,0,0,0,1,0,0,0,0,0,004c7,0,01,0,1f,4,1,0,0,0,1,02,0,0,0,0,1,0,0,0,1,0,0,0,0,0,0,0,0,1
2551,2551,0,0,0c,00000,0,0,0,0,1,0,0,0,0,0,004c8,0,01,0,1f,4,1,0,0,0,1,02,0,0,0,0,1,0,0,0,1,0,0,0,0,0,0,0,0,1
2552,2552,0,0,0c,00000,0,0,0,0,1,0,0,0,0,0,004c9,0,01,0,1f,4,1,0,0,0,1,02,0,0,0,0,1,0,0,0,1,0,0,0,0,0,0,0,0,1
2553,2553,0,0,0c,00000,0,0,0,0,1,0,0,0,0,0,004ca,0,01,0,1f,4,1,0,0,0,1,02,0,0,0,0,1,0,0,0,1,0,0,0,0,0,0,0,0,1
2554,2554,0,0,0c,00000,0,0,0,0,1,0,0,0,0,0,004cb,0,01,0,1f,4,1,0,0,0,1,02,0,0,0,0,1,0,0,0,1,0,0,0,0,0,0,0,0,1
2555,2555,0,0,0c,00000,0,0,0,0,1,0,0,0,0,0,004cc,0,01,0,1f,4,1,0,0,0,1,02,0,0,0,0,1,0,0,0,1,0,0,0,0,0,0,0,0,1
2556,2556,0,0,0c,00000,0,0,0,0,1,0,0,0,0,0,004cd,0,01,0,1f,4,1,0,0,0,1,02,0,0,0,0,1,0,0,0,1,0,0,0,0,0,0,0,0,1
2557,2557,0,0,0c,00000,0,0,0,0,1,0,0,0,0,0,004ce,0,01,0,1f,4,1,0,0,0,1,02,0,0,0,0,1,0,0,0,1,0,0,0,0,0,0,0,0,1
2558,2558,0,0,0c,00000,0,0,0,0,1,0,0,0,0,0,004cf,0,01,0,1f,4,1,0,0,0,1,02,0,0,0,0,1,0,0,0,1,0,0,0,0,0,0,0,0,1
2559,2559,0,0,0c,00000,0,0,0,0,1,0,0,0,0,0,004d0,0,01,0,1f,4,1,0,0,0,1,02,0,0,0,0,1,0,0,0,1,0,0,0,0,0,0,0,0,1
2560,2560,0,0,0c,00000,0,0,0,0,1,0,0,0,0,0,004d1,0,01,0,1f,4,1,0,0,0,1,02,0,0,0,0,1,0,0,0,1,0,0,0,0,0,0,0,0,1
2561,2561,0,0,0c,00000,0,0,0,0,1,0,0,0,0,0,004d2,0,01,0,1f,4,1,0,0,0,1,02,0,0,0,0,1,0,0,0,1,0,0,0,0,0,0,0,0,1
2562,2562,0,0,0c,00000,0,0,0,0,1,0,0,0,0,0,004d3,0,01,0,1f,4,1,0,0,0,1,02,0,0,0,0,1,0,0,0,1,0,0,0,0,0,0,0,0,1
2563,2563,0,0,0c,00000,0,0,0,0,1,0,0,0,0,0,004d4,0,01,0,1f,4,1,0,0,0,1,02,0,0,0,0,1,0,0,0,1,0,0,0,0,0,0,0,0,1
2564,2564,0,0,0c,00000,0,0,0,0,1,0,0,0,0,0,004d5,0,01,0,1f,4,1,0,0,0,1,02,0,0,0,0,1,0,0,0,1,0,0,0,0,0,0,0,0,1
2565,2565,0,0,0c,00000,0,0,0,0,1,0,0,0,0,0,004d6,0,01,0,1f,4,1,0,0,0,1,02,0,0,0,0,1,0,0,0,1,0,0,0,0,0,0,0,0,1
2566,2566,0,0,0c,00000,0,0,0,0,1,0,0,0,0,0,004d7,0,01,0,1f,4,1,0,0,0,1,02,0,0,0,0,1,0,0,0,1,0,0,0,0,0,0,0,0,1
2567,2567,0,0,0c,00000,0,0,0,0,1,0,0,0,0,0,004d8,0,01,0,1f,4,1,0,0,0,1,02,0,0,0,0,1,0,0,0,1,0,0,0,0,0,0,0,0,1
2568,2568,0,0,0c,00000,0,0,0,0,1,0,0,0,0,0,004d9,0,01,0,1f,4,1,0,0,0,1,02,0,0,0,0,1,0,0,0,1,0,0,0,0,0,0,0,0,1
2569,2569,0,0,0c,00000,0,0,0,0,1,0,0,0,0,0,004da,0,01,0,1f,4,1,0,0,0,1,02,0,0,0,0,1,0,0,0,1,0,0,0,0,0,0,0,0,1
2570,2570,0,0,0c,00000,0,0,0,0,1,0,0,0,0,0,004db,0,01,0,1f,4,1,0,0,0,1,02,0,0,0,0,1,0,0,0,1,0,0,0,0,0,0,0,0,1
2571,2571,0,0,0c,00000,0,0,0,0,1,0,0,0,0,0,004dc,0,01,0,1f,4,1,0,0,0,1,02,0,0,0,0,1,0,0,0,1,0,0,0,0,0,0,0,0,1
2572,2572,0,0,0c,00000,0,0,0,0,1,0,0,0,0,0,004dd,0,01,0,1f,4,1,0,0,0,1,02,0,0,0,0,1,0,0,0,1,0,0,0,0,0,0,0,0,1
2573,2573,0,0,0c,00000,0,0,0,0,1,0,0,0,0,0,004de,0,01,0,1f,4,1,0,0,0,1,02,0,0,0,0,1,0,0,0,1,0,0,0,0,0,0,0,0,1
2574,2574,0,0,0c,00000,0,0,0,0,1,0,0,0,0,0,004df,0,01,0,1f,4,1,0,0,0,1,02,0,0,0,0,1,0,0,0,1,0,0,0,0,0,0,0,0,1
2575,2575,0,0,0c,00000,0,0,0,0,1,0,0,0,0,0,004e0,0,01,0,1f,4,1,0,0,0,1,02,0,0,0,0,1,0,0,0,1,0,0,0,0,0,0,0,0,1
2576,2576,0,0,0c,00000,0,0,0,0,1,0,0,0,0,0,004e1,0,01,0,1f,4,1,0,0,0,1,02,0,0,0,0,1,0,0,0,1,0,0,0,0,0,0,0,0,1
2577,2577,0,0,0c,00000,0,0,0,0,1,0,0,0,0,0,004e2,0,01,0,1f,4,1,0,0,0,1,02,0,0,0,0,1,0,0,0,1,0,0,0,0,0,0,0,0,1
2578,2578,0,0,0c,00000,0,0,0,0,1,0,0,0,0,0,004e3,0,01,0,1f,4,1,0,0,0,1,02,0,0,0,0,1,0,0,0,1,0,0,0,0,0,0,0,0,1
2579,2579,0,0,0c,00000,0,0,0,0,1,0,0,0,0,0,004e4,0,01,0,1f,4,1,0,0,0,1,02,0,0,0,0,1,0,0,0,1,0,0,0,0,0,0,0,0,1
2580,2580,0,0,0c,00000,0,0,0,0,1,0,0,0,0,0,004e5,0,01,0,1f,4,1,0,0,0,1,02,0,0,0,0,1,0,0,0,1,0,0,0,0,0,0,0,0,1
2581,2581,0,0,0c,00000,0,0,0,0,1,0,0,0,0,0,004e6,0,01,0,1f,4,1,0,0,0,1,02,0,0,0,0,1,0,0,0,1,0,0,0,0,0,0,0,0,1
2582,2582,0,0,0c,00000,0,0,0,0,1,0,0,0,0,0,004e7,0,01,0,1f,4,1,0,0,0,1,02,0,0,0,0,1,0,0,0,1,0,0,0,0,0,0,0,0,1
2583,2583,0,0,0c,00000,0,0,0,0,1,0,0,0,0,0,004e8,0,01,0,1f,4,1,0,0,0,1,02,0,0,0,0,1,0,0,0,1,0,0,0,0,0,0,0,0,1
2584,2584,0,0,0c,00000,0,0,0,0,1,0,0,0,0,0,004e9,0,01,0,1f,4,1,0,0,0,1,02,0,0,0,0,1,0,0,0,1,0,0,0,0,0,0,0,0,1
2585,2585,0,0,0c,00000,0,0,0,0,1,0,0,0,0,0,004ea,0,01,0,1f,4,1,0,0,0,1,02,0,0,0,0,1,0,0,0,1,0,0,0,0,0,0,0,0,1
2586,2586,0,0,0c,00000,0,0,0,0,1,0,0,0,0,0,004eb,0,01,0,1f,4,1,0,0,0,1,02,0,0,0,0,1,0,0,0,1,0,0,0,0,0,0,0,0,1
2587,2587,0,0,0c,00000,0,0,0,0,1,0,0,0,0,0,004ec,0,01,0,1f,4,1,0,0,0,1,02,0,0,0,0,1,0,0,0,1,0,0,0,0,0,0,0,0,1
2588,2588,0,0,0c,00000,0,0,0,0,1,0,0,0,0,0,004ed,0,01,0,1f,4,1,0,0,0,1,02,0,0,0,0,1,0,0,0,1,0,0,0,0,0,0,0,0,1
2589,2589,0,0,0c,00000,0,0,0,0,1,0,0,0,0,0,004ee,0,01,0,1f,4,1,0,0,0,1,02,0,0,0,0,1,0,0,0,1,0,0,0,0,0,0,0,0,1
2590,2590,0,0,0c,00000,0,0,0,0,1,0,0,0,0,0,004ef,0,01,0,1f,4,1,0,0,0,1,02,0,0,0,0,1,0,0,0,1,0,0,0,0,0,0,0,0,1
2591,2591,0,0,0c,00000,0,0,0,0,1,0,0,0,0,0,004f0,0,01,0,1f,4,1,0,0,0,1,02,0,0,0,0,1,0,0,0,1,0,0,0,0,0,0,0,0,1
2592,2592,0,0,0c,00000,0,0,0,0,1,0,0,0,0,0,004f1,0,01,0,1f,4,1,0,0,0,1,02,0,0,0,0,1,0,0,0,1,0,0,0,0,0,0,0,0,1
2593,2593,0,0,0c,00000,0,0,0,0,1,0,0,0,0,0,004f2,0,01,0,1f,4,1,0,0,0,1,02,0,0,0,0,1,0,0,0,1,0,0,0,0,0,0,0,0,1
2594,2594,0,0,0c,00000,0,0,0,0,1,0,0,0,0,0,004f3,0,01,0,1f,4,1,0,0,0,1,02,0,0,0,0,1,0,0,0,1,0,0,0,0,0,0,0,0,1
2595,2595,0,0,0c,00000,0,0,0,0,1,0,0,0,0,0,004f4,0,01,0,1f,4,1,0,0,0,1,02,0,0,0,0,1,0,0,0,1,0,0,0,0,0,0,0,0,1
2596,2596,0,0,0c,00000,0,0,0,0,1,0,0,0,0,0,004f5,0,01,0,1f,4,1,0,0,0,1,02,0,0,0,0,1,0,0,0,1,0,0,0,0,0,0,0,0,1
2597,2597,0,0,0c,00000,0,0,0,0,1,0,0,0,0,0,004f6,0,01,0,1f,4,1,0,0,0,1,02,0,0,0,0,1,0,0,0,1,0,0,0,0,0,0,0,0,1
2598,2598,0,0,0c,00000,0,0,0,0,1,0,0,0,0,0,004f7,0,01,0,1f,4,1,0,0,0,1,02,0,0,0,0,1,0,0,0,1,0,0,0,0,0,0,0,0,1
2599,2599,0,0,0c,00000,0,0,0,0,1,0,0,0,0,0,004f8,0,01,0,1f,4,1,0,0,0,1,02,0,0,0,0,1,0,0,0,1,0,0,0,0,0,0,0,0,1
2600,2600,0,0,0c,00000,0,0,0,0,1,0,0,0,0,0,004f9,0,01,0,1f,4,1,0,0,0,1,02,0,0,0,0,1,0,0,0,1,0,0,0,0,0,0,0,0,1
2601,2601,0,0,0c,00000,0,0,0,0,1,0,0,0,0,0,004fa,0,01,0,1f,4,1,0,0,0,1,02,0,0,0,0,1,0,0,0,1,0,0,0,0,0,0,0,0,1
2602,2602,0,0,0c,00000,0,0,0,0,1,0,0,0,0,0,004fb,0,01,0,1f,4,1,0,0,0,1,02,0,0,0,0,1,0,0,0,1,0,0,0,0,0,0,0,0,1
2603,2603,0,0,0c,00000,0,0,0,0,1,0,0,0,0,0,004fc,0,01,0,1f,4,1,0,0,0,1,02,0,0,0,0,1,0,0,0,1,0,0,0,0,0,0,0,0,1
2604,2604,0,0,0c,00000,0,0,0,0,1,0,0,0,0,0,004fd,0,01,0,1f,4,1,0,0,0,1,02,0,0,0,0,1,0,0,0,1,0,0,0,0,0,0,0,0,1
2605,2605,0,0,0c,00000,0,0,0,0,1,0,0,0,0,0,004fe,0,01,0,1f,4,1,0,0,0,1,02,0,0,0,0,1,0,0,0,1,0,0,0,0,0,0,0,0,1
2606,2606,0,0,0c,00000,0,0,0,0,1,0,0,0,0,0,004ff,0,01,0,1f,4,1,0,0,0,1,02,0,0,0,0,1,0,0,0,1,0,0,0,0,0,0,0,0,1
2607,2607,0,0,0c,00000,0,0,0,0,1,0,0,0,0,0,00500,0,01,0,1f,4,1,0,0,0,1,02,0,0,0,0,1,0,0,0,1,0,0,0,0,0,0,0,0,1
2608,2608,0,0,0c,00000,0,0,0,0,1,0,0,0,0,0,00501,0,01,0,1f,4,1,0,0,0,1,02,0,0,0,0,1,0,0,0,1,0,0,0,0,0,0,0,0,1
2609,2609,0,0,0c,00000,0,0,0,0,1,0,0,0,0,0,00502,0,01,0,1f,4,1,0,0,0,1,02,0,0,0,0,1,0,0,0,1,0,0,0,0,0,0,0,0,1
2610,2610,0,0,0c,00000,0,0,0,0,1,0,0,0,0,0,00503,0,01,0,1f,4,1,0,0,0,1,02,0,0,0,0,1,0,0,0,1,0,0,0,0,0,0,0,0,1
2611,2611,0,0,0c,00000,0,0,0,0,1,0,0,0,0,0,00504,0,01,0,1f,4,1,0,0,0,1,02,0,0,0,0,1,0,0,0,1,0,0,0,0,0,0,0,0,1
2612,2612,0,0,0c,00000,0,0,0,0,1,0,0,0,0,0,00505,0,01,0,1f,4,1,0,0,0,1,02,0,0,0,0,1,0,0,0,1,0,0,0,0,0,0,0,0,1
2613,2613,0,0,0c,00000,0,0,0,0,1,0,0,0,0,0,00506,0,01,0,1f,4,1,0,0,0,1,02,0,0,0,0,1,0,0,0,1,0,0,0,0,0,0,0,0,1
2614,2614,0,0,0c,00000,0,0,0,0,1,0,0,0,0,0,00507,0,01,0,1f,4,1,0,0,0,1,02,0,0,0,0,1,0,0,0,1,0,0,0,0,0,0,0,0,1
2615,2615,0,0,0c,00000,0,0,0,0,1,0,0,0,0,0,00508,0,01,0,1f,4,1,0,0,0,1,02,0,0,0,0,1,0,0,0,1,0,0,0,0,0,0,0,0,1
2616,2616,0,0,0c,00000,0,0,0,0,1,0,0,0,0,0,00509,0,01,0,1f,4,1,0,0,0,1,02,0,0,0,0,1,0,0,0,1,0,0,0,0,0,0,0,0,1
2617,2617,0,0,0c,00000,0,0,0,0,1,0,0,0,0,0,0050a,0,01,0,1f,4,1,0,0,0,1,02,0,0,0,0,1,0,0,0,1,0,0,0,0,0,0,0,0,1
2618,2618,0,0,0c,00000,0,0,0,0,1,0,0,0,0,0,0050b,0,01,0,1f,4,1,0,0,0,1,02,0,0,0,0,1,0,0,0,1,0,0,0,0,0,0,0,0,1
2619,2619,0,0,0c,00000,0,0,0,0,1,0,0,0,0,0,0050c,0,01,0,1f,4,1,0,0,0,1,02,0,0,0,0,1,0,0,0,1,0,0,0,0,0,0,0,0,1
2620,2620,0,0,0c,00000,0,0,0,0,1,0,0,0,0,0,0050d,0,01,0,1f,4,1,0,0,0,1,02,0,0,0,0,1,0,0,0,1,0,0,0,0,0,0,0,0,1
2621,2621,0,0,0c,00000,0,0,0,0,1,0,0,0,0,0,0050e,0,01,0,1f,4,1,0,0,0,1,02,0,0,0,0,1,0,0,0,1,0,0,0,0,0,0,0,0,1
2622,2622,0,0,0c,00000,0,0,0,0,1,0,0,0,0,0,0050f,0,01,0,1f,4,1,0,0,0,1,02,0,0,0,0,1,0,0,0,1,0,0,0,0,0,0,0,0,1
2623,2623,0,0,0c,00000,0,0,0,0,1,0,0,0,0,0,00510,0,01,0,1f,4,1,0,0,0,1,02,0,0,0,0,1,0,0,0,1,0,0,0,0,0,0,0,0,1
2624,2624,0,0,0c,00000,0,0,0,0,1,0,0,0,0,0,00511,0,01,0,1f,4,1,0,0,0,1,02,0,0,0,0,1,0,0,0,1,0,0,0,0,0,0,0,0,1
2625,2625,0,0,0c,00000,0,0,0,0,1,0,0,0,0,0,00512,0,01,0,1f,4,1,0,0,0,1,02,0,0,0,0,1,0,0,0,1,0,0,0,0,0,0,0,0,1
2626,2626,0,0,0c,00000,0,0,0,0,1,0,0,0,0,0,00513,0,01,0,1f,4,1,0,0,0,1,02,0,0,0,0,1,0,0,0,1,0,0,0,0,0,0,0,0,1
2627,2627,0,0,0c,00000,0,0,0,0,1,0,0,0,0,0,00514,0,01,0,1f,4,1,0,0,0,1,02,0,0,0,0,1,0,0,0,1,0,0,0,0,0,0,0,0,1
2628,2628,0,0,0c,00000,0,0,0,0,1,0,0,0,0,0,00515,0,01,0,1f,4,1,0,0,0,1,02,0,0,0,0,1,0,0,0,1,0,0,0,0,0,0,0,0,1
2629,2629,0,0,0c,00000,0,0,0,0,1,0,0,0,0,0,00516,0,01,0,1f,4,1,0,0,0,1,02,0,0,0,0,1,0,0,0,1,0,0,0,0,0,0,0,0,1
2630,2630,0,0,0c,00000,0,0,0,0,1,0,0,0,0,0,00517,0,01,0,1f,4,1,0,0,0,1,02,0,0,0,0,1,0,0,0,1,0,0,0,0,0,0,0,0,1
2631,2631,0,0,0c,00000,0,0,0,0,1,0,0,0,0,0,00518,0,01,0,1f,4,1,0,0,0,1,02,0,0,0,0,1,0,0,0,1,0,0,0,0,0,0,0,0,1
2632,2632,0,0,0c,00000,0,0,0,0,1,0,0,0,0,0,00519,0,01,0,1f,4,1,0,0,0,1,02,0,0,0,0,1,0,0,0,1,0,0,0,0,0,0,0,0,1
2633,2633,0,0,0c,00000,0,0,0,0,1,0,0,0,0,0,0051a,0,01,0,1f,4,1,0,0,0,1,02,0,0,0,0,1,0,0,0,1,0,0,0,0,0,0,0,0,1
2634,2634,0,0,0c,00000,0,0,0,0,1,0,0,0,0,0,0051b,0,01,0,1f,4,1,0,0,0,1,02,0,0,0,0,1,0,0,0,1,0,0,0,0,0,0,0,0,1
2635,2635,0,0,0c,00000,0,0,0,0,1,0,0,0,0,0,0051c,0,01,0,1f,4,1,0,0,0,1,02,0,0,0,0,1,0,0,0,1,0,0,0,0,0,0,0,0,1
2636,2636,0,0,0c,00000,0,0,0,0,1,0,0,0,0,0,0051d,0,01,0,1f,4,1,0,0,0,1,02,0,0,0,0,1,0,0,0,1,0,0,0,0,0,0,0,0,1
2637,2637,0,0,0c,00000,0,0,0,0,1,0,0,0,0,0,0051e,0,01,0,1f,4,1,0,0,0,1,02,0,0,0,0,1,0,0,0,1,0,0,0,0,0,0,0,0,1
2638,2638,0,0,0c,00000,0,0,0,0,1,0,0,0,0,0,0051f,0,01,0,1f,4,1,0,0,0,1,02,0,0,0,0,1,0,0,0,1,0,0,0,0,0,0,0,0,1
2639,2639,0,0,0c,00000,0,0,0,0,1,0,0,0,0,0,00520,0,01,0,1f,4,1,0,0,0,1,02,0,0,0,0,1,0,0,0,1,0,0,0,0,0,0,0,0,1
2640,2640,0,0,0c,00000,0,0,0,0,1,0,0,0,0,0,00521,0,01,0,1f,4,1,0,0,0,1,02,0,0,0,0,1,0,0,0,1,0,0,0,0,0,0,0,0,1
2641,2641,0,0,0c,00000,0,0,0,0,1,0,0,0,0,0,00522,0,01,0,1f,4,1,0,0,0,1,02,0,0,0,0,1,0,0,0,1,0,0,0,0,0,0,0,0,1
2642,2642,0,0,0c,00000,0,0,0,0,1,0,0,0,0,0,00523,0,01,0,1f,4,1,0,0,0,1,02,0,0,0,0,1,0,0,0,1,0,0,0,0,0,0,0,0,1
2643,2643,0,0,0c,00000,0,0,0,0,1,0,0,0,0,0,00524,0,01,0,1f,4,1,0,0,0,1,02,0,0,0,0,1,0,0,0,1,0,0,0,0,0,0,0,0,1
2644,2644,0,0,0c,00000,0,0,0,0,1,0,0,0,0,0,00525,0,01,0,1f,4,1,0,0,0,1,02,0,0,0,0,1,0,0,0,1,0,0,0,0,0,0,0,0,1
2645,2645,0,0,0c,00000,0,0,0,0,1,0,0,0,0,0,00526,0,01,0,1f,4,1,0,0,0,1,02,0,0,0,0,1,0,0,0,1,0,0,0,0,0,0,0,0,1
2646,2646,0,0,0c,00000,0,0,0,0,1,0,0,0,0,0,00527,0,01,0,1f,4,1,0,0,0,1,02,0,0,0,0,1,0,0,0,1,0,0,0,0,0,0,0,0,1
2647,2647,0,0,0c,00000,0,0,0,0,1,0,0,0,0,0,00528,0,01,0,1f,4,1,0,0,0,1,02,0,0,0,0,1,0,0,0,1,0,0,0,0,0,0,0,0,1
2648,2648,0,0,0c,00000,0,0,0,0,1,0,0,0,0,0,00529,0,01,0,1f,4,1,0,0,0,1,02,0,0,0,0,1,0,0,0,1,0,0,0,0,0,0,0,0,1
2649,2649,0,0,0c,00000,0,0,0,0,1,0,0,0,0,0,0052a,0,01,0,1f,4,1,0,0,0,1,02,0,0,0,0,1,0,0,0,1,0,0,0,0,0,0,0,0,1
2650,2650,0,0,0c,00000,0,0,0,0,1,0,0,0,0,0,0052b,0,01,0,1f,4,1,0,0,0,1,02,0,0,0,0,1,0,0,0,1,0,0,0,0,0,0,0,0,1
2651,2651,0,0,0c,00000,0,0,0,0,1,0,0,0,0,0,0052c,0,01,0,1f,4,1,0,0,0,1,02,0,0,0,0,1,0,0,0,1,0,0,0,0,0,0,0,0,1
2652,2652,0,0,0c,00000,0,0,0,0,1,0,0,0,0,0,0052d,0,01,0,1f,4,1,0,0,0,1,02,0,0,0,0,1,0,0,0,1,0,0,0,0,0,0,0,0,1
2653,2653,0,0,0c,00000,0,0,0,0,1,0,0,0,0,0,0052e,0,01,0,1f,4,1,0,0,0,1,02,0,0,0,0,1,0,0,0,1,0,0,0,0,0,0,0,0,1
2654,2654,0,0,0c,00000,0,0,0,0,1,0,0,0,0,0,0052f,0,01,0,1f,4,1,0,0,0,1,02,0,0,0,0,1,0,0,0,1,0,0,0,0,0,0,0,0,1
2655,2655,0,0,0c,00000,0,0,0,0,1,0,0,0,0,0,00530,0,01,0,1f,4,1,0,0,0,1,02,0,0,0,0,1,0,0,0,1,0,0,0,0,0,0,0,0,1
2656,2656,0,0,0c,00000,0,0,0,0,1,0,0,0,0,0,00531,0,01,0,1f,4,1,0,0,0,1,02,0,0,0,0,1,0,0,0,1,0,0,0,0,0,0,0,0,1
2657,2657,0,0,0c,00000,0,0,0,0,1,0,0,0,0,0,00532,0,01,0,1f,4,1,0,0,0,1,02,0,0,0,0,1,0,0,0,1,0,0,0,0,0,0,0,0,1
2658,2658,0,0,0c,00000,0,0,0,0,1,0,0,0,0,0,00533,0,01,0,1f,4,1,0,0,0,1,02,0,0,0,0,1,0,0,0,1,0,0,0,0,0,0,0,0,1
2659,2659,0,0,0c,00000,0,0,0,0,1,0,0,0,0,0,00534,0,01,0,1f,4,1,0,0,0,1,02,0,0,0,0,1,0,0,0,1,0,0,0,0,0,0,0,0,1
2660,2660,0,0,0c,00000,0,0,0,0,1,0,0,0,0,0,00535,0,01,0,1f,4,1,0,0,0,1,02,0,0,0,0,1,0,0,0,1,0,0,0,0,0,0,0,0,1
2661,2661,0,0,0c,00000,0,0,0,0,1,0,0,0,0,0,00536,0,01,0,1f,4,1,0,0,0,1,02,0,0,0,0,1,0,0,0,1,0,0,0,0,0,0,0,0,1
2662,2662,0,0,0c,00000,0,0,0,0,1,0,0,0,0,0,00537,0,01,0,1f,4,1,0,0,0,1,02,0,0,0,0,1,0,0,0,1,0,0,0,0,0,0,0,0,1
2663,2663,0,0,0c,00000,0,0,0,0,1,0,0,0,0,0,00538,0,01,0,1f,4,1,0,0,0,1,02,0,0,0,0,1,0,0,0,1,0,0,0,0,0,0,0,0,1
2664,2664,0,0,0c,00000,0,0,0,0,1,0,0,0,0,0,00539,0,01,0,1f,4,1,0,0,0,1,02,0,0,0,0,1,0,0,0,1,0,0,0,0,0,0,0,0,1
2665,2665,0,0,0c,00000,0,0,0,0,1,0,0,0,0,0,0053a,0,01,0,1f,4,1,0,0,0,1,02,0,0,0,0,1,0,0,0,1,0,0,0,0,0,0,0,0,1
2666,2666,0,0,0c,00000,0,0,0,0,1,0,0,0,0,0,0053b,0,01,0,1f,4,1,0,0,0,1,02,0,0,0,0,1,0,0,0,1,0,0,0,0,0,0,0,0,1
2667,2667,0,0,0c,00000,0,0,0,0,1,0,0,0,0,0,0053c,0,01,0,1f,4,1,0,0,0,1,02,0,0,0,0,1,0,0,0,1,0,0,0,0,0,0,0,0,1
2668,2668,0,0,0c,00000,0,0,0,0,1,0,0,0,0,0,0053d,0,01,0,1f,4,1,0,0,0,1,02,0,0,0,0,1,0,0,0,1,0,0,0,0,0,0,0,0,1
2669,2669,0,0,0c,00000,0,0,0,0,1,0,0,0,0,0,0053e,0,01,0,1f,4,1,0,0,0,1,02,0,0,0,0,1,0,0,0,1,0,0,0,0,0,0,0,0,1
2670,2670,0,0,0c,00000,0,0,0,0,1,0,0,0,0,0,0053f,0,01,0,1f,4,1,0,0,0,1,02,0,0,0,0,1,0,0,0,1,0,0,0,0,0,0,0,0,1
2671,2671,0,0,0c,00000,0,0,0,0,1,0,0,0,0,0,00540,0,01,0,1f,4,1,0,0,0,1,02,0,0,0,0,1,0,0,0,1,0,0,0,0,0,0,0,0,1
2672,2672,0,0,0c,00000,0,0,0,0,1,0,0,0,0,0,00541,0,01,0,1f,4,1,0,0,0,1,02,0,0,0,0,1,0,0,0,1,0,0,0,0,0,0,0,0,1
2673,2673,0,0,0c,00000,0,0,0,0,1,0,0,0,0,0,00542,0,01,0,1f,4,1,0,0,0,1,02,0,0,0,0,1,0,0,0,1,0,0,0,0,0,0,0,0,1
2674,2674,0,0,0c,00000,0,0,0,0,1,0,0,0,0,0,00543,0,01,0,1f,4,1,0,0,0,1,02,0,0,0,0,1,0,0,0,1,0,0,0,0,0,0,0,0,1
2675,2675,0,0,0c,00000,0,0,0,0,1,0,0,0,0,0,00544,0,01,0,1f,4,1,0,0,0,1,02,0,0,0,0,1,0,0,0,1,0,0,0,0,0,0,0,0,1
2676,2676,0,0,0c,00000,0,0,0,0,1,0,0,0,0,0,00545,0,01,0,1f,4,1,0,0,0,1,02,0,0,0,0,1,0,0,0,1,0,0,0,0,0,0,0,0,1
2677,2677,0,0,0c,00000,0,0,0,0,1,0,0,0,0,0,00546,0,01,0,1f,4,1,0,0,0,1,02,0,0,0,0,1,0,0,0,1,0,0,0,0,0,0,0,0,1
2678,2678,0,0,0c,00000,0,0,0,0,1,0,0,0,0,0,00547,0,01,0,1f,4,1,0,0,0,1,02,0,0,0,0,1,0,0,0,1,0,0,0,0,0,0,0,0,1
2679,2679,0,0,0c,00000,0,0,0,0,1,0,0,0,0,0,00548,0,01,0,1f,4,1,0,0,0,1,02,0,0,0,0,1,0,0,0,1,0,0,0,0,0,0,0,0,1
2680,2680,0,0,0c,00000,0,0,0,0,1,0,0,0,0,0,00549,0,01,0,1f,4,1,0,0,0,1,02,0,0,0,0,1,0,0,0,1,0,0,0,0,0,0,0,0,1
2681,2681,0,0,0c,00000,0,0,0,0,1,0,0,0,0,0,0054a,0,01,0,1f,4,1,0,0,0,1,02,0,0,0,0,1,0,0,0,1,0,0,0,0,0,0,0,0,1
2682,2682,0,0,0c,00000,0,0,0,0,1,0,0,0,0,0,0054b,0,01,0,1f,4,1,0,0,0,1,02,0,0,0,0,1,0,0,0,1,0,0,0,0,0,0,0,0,1
2683,2683,0,0,0c,00000,0,0,0,0,1,0,0,0,0,0,0054c,0,01,0,1f,4,1,0,0,0,1,02,0,0,0,0,1,0,0,0,1,0,0,0,0,0,0,0,0,1
2684,2684,0,0,0c,00000,0,0,0,0,1,0,0,0,0,0,0054d,0,01,0,1f,4,1,0,0,0,1,02,0,0,0,0,1,0,0,0,1,0,0,0,0,0,0,0,0,1
2685,2685,0,0,0c,00000,0,0,0,0,1,0,0,0,0,0,0054e,0,01,0,1f,4,1,0,0,0,1,02,0,0,0,0,1,0,0,0,1,0,0,0,0,0,0,0,0,1
2686,2686,0,0,0c,00000,0,0,0,0,1,0,0,0,0,0,0054f,0,01,0,1f,4,1,0,0,0,1,02,0,0,0,0,1,0,0,0,1,0,0,0,0,0,0,0,0,1
2687,2687,0,0,0c,00000,0,0,0,0,1,0,0,0,0,0,00550,0,01,0,1f,4,1,0,0,0,1,02,0,0,0,0,1,0,0,0,1,0,0,0,0,0,0,0,0,1
2688,2688,0,0,0c,00000,0,0,0,0,1,0,0,0,0,0,00551,0,01,0,1f,4,1,0,0,0,1,02,0,0,0,0,1,0,0,0,1,0,0,0,0,0,0,0,0,1
2689,2689,0,0,0c,00000,0,0,0,0,1,0,0,0,0,0,00552,0,01,0,1f,4,1,0,0,0,1,02,0,0,0,0,1,0,0,0,1,0,0,0,0,0,0,0,0,1
2690,2690,0,0,0c,00000,0,0,0,0,1,0,0,0,0,0,00553,0,01,0,1f,4,1,0,0,0,1,02,0,0,0,0,1,0,0,0,1,0,0,0,0,0,0,0,0,1
2691,2691,0,0,0c,00000,0,0,0,0,1,0,0,0,0,0,00554,0,01,0,1f,4,1,0,0,0,1,02,0,0,0,0,1,0,0,0,1,0,0,0,0,0,0,0,0,1
2692,2692,0,0,0c,00000,0,0,0,0,1,0,0,0,0,0,00555,0,01,0,1f,4,1,0,0,0,1,02,0,0,0,0,1,0,0,0,1,0,0,0,0,0,0,0,0,1
2693,2693,0,0,0c,00000,0,0,0,0,1,0,0,0,0,0,00556,0,01,0,1f,4,1,0,0,0,1,02,0,0,0,0,1,0,0,0,1,0,0,0,0,0,0,0,0,1
2694,2694,0,0,0c,00000,0,0,0,0,1,0,0,0,0,0,00557,0,01,0,1f,4,1,0,0,0,1,02,0,0,0,0,1,0,0,0,1,0,0,0,0,0,0,0,0,1
2695,2695,0,0,0c,00000,0,0,0,0,1,0,0,0,0,0,00558,0,01,0,1f,4,1,0,0,0,1,02,0,0,0,0,1,0,0,0,1,0,0,0,0,0,0,0,0,1
2696,2696,0,0,0c,00000,0,0,0,0,1,0,0,0,0,0,00559,0,01,0,1f,4,1,0,0,0,1,02,0,0,0,0,1,0,0,0,1,0,0,0,0,0,0,0,0,1
2697,2697,0,0,0c,00000,0,0,0,0,1,0,0,0,0,0,0055a,0,01,0,1f,4,1,0,0,0,1,02,0,0,0,0,1,0,0,0,1,0,0,0,0,0,0,0,0,1
2698,2698,0,0,0c,00000,0,0,0,0,1,0,0,0,0,0,0055b,0,01,0,1f,4,1,0,0,0,1,02,0,0,0,0,1,0,0,0,1,0,0,0,0,0,0,0,0,1
2699,2699,0,0,0c,00000,0,0,0,0,1,0,0,0,0,0,0055c,0,01,0,1f,4,1,0,0,0,1,02,0,0,0,0,1,0,0,0,1,0,0,0,0,0,0,0,0,1
2700,2700,0,0,0c,00000,0,0,0,0,1,0,0,0,0,0,0055d,0,01,0,1f,4,1,0,0,0,1,02,0,0,0,0,1,0,0,0,1,0,0,0,0,0,0,0,0,1
2701,2701,0,0,0c,00000,0,0,0,0,1,0,0,0,0,0,0055e,0,01,0,1f,4,1,0,0,0,1,02,0,0,0,0,1,0,0,0,1,0,0,0,0,0,0,0,0,1
2702,2702,0,0,0c,00000,0,0,0,0,1,0,0,0,0,0,0055f,0,01,0,1f,4,1,0,0,0,1,02,0,0,0,0,1,0,0,0,1,0,0,0,0,0,0,0,0,1
2703,2703,0,0,0c,00000,0,0,0,0,1,0,0,0,0,0,00560,0,01,0,1f,4,1,0,0,0,1,02,0,0,0,0,1,0,0,0,1,0,0,0,0,0,0,0,0,1
2704,2704,0,0,0c,00000,0,0,0,0,1,0,0,0,0,0,00561,0,01,0,1f,4,1,0,0,0,1,02,0,0,0,0,1,0,0,0,1,0,0,0,0,0,0,0,0,1
2705,2705,0,0,0c,00000,0,0,0,0,1,0,0,0,0,0,00562,0,01,0,1f,4,1,0,0,0,1,02,0,0,0,0,1,0,0,0,1,0,0,0,0,0,0,0,0,1
2706,2706,0,0,0c,00000,0,0,0,0,1,0,0,0,0,0,00563,0,01,0,1f,4,1,0,0,0,1,02,0,0,0,0,1,0,0,0,1,0,0,0,0,0,0,0,0,1
2707,2707,0,0,0c,00000,0,0,0,0,1,0,0,0,0,0,00564,0,01,0,1f,4,1,0,0,0,1,02,0,0,0,0,1,0,0,0,1,0,0,0,0,0,0,0,0,1
2708,2708,0,0,0c,00000,0,0,0,0,1,0,0,0,0,0,00565,0,01,0,1f,4,1,0,0,0,1,02,0,0,0,0,1,0,0,0,1,0,0,0,0,0,0,0,0,1
2709,2709,0,0,0c,00000,0,0,0,0,1,0,0,0,0,0,00566,0,01,0,1f,4,1,0,0,0,1,02,0,0,0,0,1,0,0,0,1,0,0,0,0,0,0,0,0,1
2710,2710,0,0,0c,00000,0,0,0,0,1,0,0,0,0,0,00567,0,01,0,1f,4,1,0,0,0,1,02,0,0,0,0,1,0,0,0,1,0,0,0,0,0,0,0,0,1
2711,2711,0,0,0c,00000,0,0,0,0,1,0,0,0,0,0,00568,0,01,0,1f,4,1,0,0,0,1,02,0,0,0,0,1,0,0,0,1,0,0,0,0,0,0,0,0,1
2712,2712,0,0,0c,00000,0,0,0,0,1,0,0,0,0,0,00569,0,01,0,1f,4,1,0,0,0,1,02,0,0,0,0,1,0,0,0,1,0,0,0,0,0,0,0,0,1
2713,2713,0,0,0c,00000,0,0,0,0,1,0,0,0,0,0,0056a,0,01,0,1f,4,1,0,0,0,1,02,0,0,0,0,1,0,0,0,1,0,0,0,0,0,0,0,0,1
2714,2714,0,0,0c,00000,0,0,0,0,1,0,0,0,0,0,0056b,0,01,0,1f,4,1,0,0,0,1,02,0,0,0,0,1,0,0,0,1,0,0,0,0,0,0,0,0,1
2715,2715,0,0,0c,00000,0,0,0,0,1,0,0,0,0,0,0056c,0,01,0,1f,4,1,0,0,0,1,02,0,0,0,0,1,0,0,0,1,0,0,0,0,0,0,0,0,1
2716,2716,0,0,0c,00000,0,0,0,0,1,0,0,0,0,0,0056d,0,01,0,1f,4,1,0,0,0,1,02,0,0,0,0,1,0,0,0,1,0,0,0,0,0,0,0,0,1
2717,2717,0,0,0c,00000,0,0,0,0,1,0,0,0,0,0,0056e,0,01,0,1f,4,1,0,0,0,1,02,0,0,0,0,1,0,0,0,1,0,0,0,0,0,0,0,0,1
2718,2718,0,0,0c,00000,0,0,0,0,1,0,0,0,0,0,0056f,0,01,0,1f,4,1,0,0,0,1,02,0,0,0,0,1,0,0,0,1,0,0,0,0,0,0,0,0,1
2719,2719,0,0,0c,00000,0,0,0,0,1,0,0,0,0,0,00570,0,01,0,1f,4,1,0,0,0,1,02,0,0,0,0,1,0,0,0,1,0,0,0,0,0,0,0,0,1
2720,2720,0,0,0c,00000,0,0,0,0,1,0,0,0,0,0,00571,0,01,0,1f,4,1,0,0,0,1,02,0,0,0,0,1,0,0,0,1,0,0,0,0,0,0,0,0,1
2721,2721,0,0,0c,00000,0,0,0,0,1,0,0,0,0,0,00572,0,01,0,1f,4,1,0,0,0,1,02,0,0,0,0,1,0,0,0,1,0,0,0,0,0,0,0,0,1
2722,2722,0,0,0c,00000,0,0,0,0,1,0,0,0,0,0,00573,0,01,0,1f,4,1,0,0,0,1,02,0,0,0,0,1,0,0,0,1,0,0,0,0,0,0,0,0,1
2723,2723,0,0,0c,00000,0,0,0,0,1,0,0,0,0,0,00574,0,01,0,1f,4,1,0,0,0,1,02,0,0,0,0,1,0,0,0,1,0,0,0,0,0,0,0,0,1
2724,2724,0,0,0c,00000,0,0,0,0,1,0,0,0,0,0,00575,0,01,0,1f,4,1,0,0,0,1,02,0,0,0,0,1,0,0,0,1,0,0,0,0,0,0,0,0,1
2725,2725,0,0,0c,00000,0,0,0,0,1,0,0,0,0,0,00576,0,01,0,1f,4,1,0,0,0,1,02,0,0,0,0,1,0,0,0,1,0,0,0,0,0,0,0,0,1
2726,2726,0,0,0c,00000,0,0,0,0,1,0,0,0,0,0,00577,0,01,0,1f,4,1,0,0,0,1,02,0,0,0,0,1,0,0,0,1,0,0,0,0,0,0,0,0,1
2727,2727,0,0,0c,00000,0,0,0,0,1,0,0,0,0,0,00578,0,01,0,1f,4,1,0,0,0,1,02,0,0,0,0,1,0,0,0,1,0,0,0,0,0,0,0,0,1
2728,2728,0,0,0c,00000,0,0,0,0,1,0,0,0,0,0,00579,0,01,0,1f,4,1,0,0,0,1,02,0,0,0,0,1,0,0,0,1,0,0,0,0,0,0,0,0,1
2729,2729,0,0,0c,00000,0,0,0,0,1,0,0,0,0,0,0057a,0,01,0,1f,4,1,0,0,0,1,02,0,0,0,0,1,0,0,0,1,0,0,0,0,0,0,0,0,1
2730,2730,0,0,0c,00000,0,0,0,0,1,0,0,0,0,0,0057b,0,01,0,1f,4,1,0,0,0,1,02,0,0,0,0,1,0,0,0,1,0,0,0,0,0,0,0,0,1
2731,2731,0,0,0c,00000,0,0,0,0,1,0,0,0,0,0,0057c,0,01,0,1f,4,1,0,0,0,1,02,0,0,0,0,1,0,0,0,1,0,0,0,0,0,0,0,0,1
2732,2732,0,0,0c,00000,0,0,0,0,1,0,0,0,0,0,0057d,0,01,0,1f,4,1,0,0,0,1,02,0,0,0,0,1,0,0,0,1,0,0,0,0,0,0,0,0,1
2733,2733,0,0,0c,00000,0,0,0,0,1,0,0,0,0,0,0057e,0,01,0,1f,4,1,0,0,0,1,02,0,0,0,0,1,0,0,0,1,0,0,0,0,0,0,0,0,1
2734,2734,0,0,0c,00000,0,0,0,0,1,0,0,0,0,0,0057f,0,01,0,1f,4,1,0,0,0,1,02,0,0,0,0,1,0,0,0,1,0,0,0,0,0,0,0,0,1
2735,2735,0,0,0c,00000,0,0,0,0,1,0,0,0,0,0,00580,0,01,0,1f,4,1,0,0,0,1,02,0,0,0,0,1,0,0,0,1,0,0,0,0,0,0,0,0,1
2736,2736,0,0,0c,00000,0,0,0,0,1,0,0,0,0,0,00581,0,01,0,1f,4,1,0,0,0,1,02,0,0,0,0,1,0,0,0,1,0,0,0,0,0,0,0,0,1
2737,2737,0,0,0c,00000,0,0,0,0,1,0,0,0,0,0,00582,0,01,0,1f,4,1,0,0,0,1,02,0,0,0,0,1,0,0,0,1,0,0,0,0,0,0,0,0,1
2738,2738,0,0,0c,00000,0,0,0,0,1,0,0,0,0,0,00583,0,01,0,1f,4,1,0,0,0,1,02,0,0,0,0,1,0,0,0,1,0,0,0,0,0,0,0,0,1
2739,2739,0,0,0c,00000,0,0,0,0,1,0,0,0,0,0,00584,0,01,0,1f,4,1,0,0,0,1,02,0,0,0,0,1,0,0,0,1,0,0,0,0,0,0,0,0,1
2740,2740,0,0,0c,00000,0,0,0,0,1,0,0,0,0,0,00585,0,01,0,1f,4,1,0,0,0,1,02,0,0,0,0,1,0,0,0,1,0,0,0,0,0,0,0,0,1
2741,2741,0,0,0c,00000,0,0,0,0,1,0,0,0,0,0,00586,0,01,0,1f,4,1,0,0,0,1,02,0,0,0,0,1,0,0,0,1,0,0,0,0,0,0,0,0,1
2742,2742,0,0,0c,00000,0,0,0,0,1,0,0,0,0,0,00587,0,01,0,1f,4,1,0,0,0,1,02,0,0,0,0,1,0,0,0,1,0,0,0,0,0,0,0,0,1
2743,2743,0,0,0c,00000,0,0,0,0,1,0,0,0,0,0,00588,0,01,0,1f,4,1,0,0,0,1,02,0,0,0,0,1,0,0,0,1,0,0,0,0,0,0,0,0,1
2744,2744,0,0,0c,00000,0,0,0,0,1,0,0,0,0,0,00589,0,01,0,1f,4,1,0,0,0,1,02,0,0,0,0,1,0,0,0,1,0,0,0,0,0,0,0,0,1
2745,2745,0,0,0c,00000,0,0,0,0,1,0,0,0,0,0,0058a,0,01,0,1f,4,1,0,0,0,1,02,0,0,0,0,1,0,0,0,1,0,0,0,0,0,0,0,0,1
2746,2746,0,0,0c,00000,0,0,0,0,1,0,0,0,0,0,0058b,0,01,0,1f,4,1,0,0,0,1,02,0,0,0,0,1,0,0,0,1,0,0,0,0,0,0,0,0,1
2747,2747,0,0,0c,00000,0,0,0,0,1,0,0,0,0,0,0058c,0,01,0,1f,4,1,0,0,0,1,02,0,0,0,0,1,0,0,0,1,0,0,0,0,0,0,0,0,1
2748,2748,0,0,0c,00000,0,0,0,0,1,0,0,0,0,0,0058d,0,01,0,1f,4,1,0,0,0,1,02,0,0,0,0,1,0,0,0,1,0,0,0,0,0,0,0,0,1
2749,2749,0,0,0c,00000,0,0,0,0,1,0,0,0,0,0,0058e,0,01,0,1f,4,1,0,0,0,1,02,0,0,0,0,1,0,0,0,1,0,0,0,0,0,0,0,0,1
2750,2750,0,0,0c,00000,0,0,0,0,1,0,0,0,0,0,0058f,0,01,0,1f,4,1,0,0,0,1,02,0,0,0,0,1,0,0,0,1,0,0,0,0,0,0,0,0,1
2751,2751,0,0,0c,00000,0,0,0,0,1,0,0,0,0,0,00590,0,01,0,1f,4,1,0,0,0,1,02,0,0,0,0,1,0,0,0,1,0,0,0,0,0,0,0,0,1
2752,2752,0,0,0c,00000,0,0,0,0,1,0,0,0,0,0,00591,0,01,0,1f,4,1,0,0,0,1,02,0,0,0,0,1,0,0,0,1,0,0,0,0,0,0,0,0,1
2753,2753,0,0,0c,00000,0,0,0,0,1,0,0,0,0,0,00592,0,01,0,1f,4,1,0,0,0,1,02,0,0,0,0,1,0,0,0,1,0,0,0,0,0,0,0,0,1
2754,2754,0,0,0c,00000,0,0,0,0,1,0,0,0,0,0,00593,0,01,0,1f,4,1,0,0,0,1,02,0,0,0,0,1,0,0,0,1,0,0,0,0,0,0,0,0,1
2755,2755,0,0,0c,00000,0,0,0,0,1,0,0,0,0,0,00594,0,01,0,1f,4,1,0,0,0,1,02,0,0,0,0,1,0,0,0,1,0,0,0,0,0,0,0,0,1
2756,2756,0,0,0c,00000,0,0,0,0,1,0,0,0,0,0,00595,0,01,0,1f,4,1,0,0,0,1,02,0,0,0,0,1,0,0,0,1,0,0,0,0,0,0,0,0,1
2757,2757,0,0,0c,00000,0,0,0,0,1,0,0,0,0,0,00596,0,01,0,1f,4,1,0,0,0,1,02,0,0,0,0,1,0,0,0,1,0,0,0,0,0,0,0,0,1
2758,2758,0,0,0c,00000,0,0,0,0,1,0,0,0,0,0,00597,0,01,0,1f,4,1,0,0,0,1,02,0,0,0,0,1,0,0,0,1,0,0,0,0,0,0,0,0,1
2759,2759,0,0,0c,00000,0,0,0,0,1,0,0,0,0,0,00598,0,01,0,1f,4,1,0,0,0,1,02,0,0,0,0,1,0,0,0,1,0,0,0,0,0,0,0,0,1
2760,2760,0,0,0c,00000,0,0,0,0,1,0,0,0,0,0,00599,0,01,0,1f,4,1,0,0,0,1,02,0,0,0,0,1,0,0,0,1,0,0,0,0,0,0,0,0,1
2761,2761,0,0,0c,00000,0,0,0,0,1,0,0,0,0,0,0059a,0,01,0,1f,4,1,0,0,0,1,02,0,0,0,0,1,0,0,0,1,0,0,0,0,0,0,0,0,1
2762,2762,0,0,0c,00000,0,0,0,0,1,0,0,0,0,0,0059b,0,01,0,1f,4,1,0,0,0,1,02,0,0,0,0,1,0,0,0,1,0,0,0,0,0,0,0,0,1
2763,2763,0,0,0c,00000,0,0,0,0,1,0,0,0,0,0,0059c,0,01,0,1f,4,1,0,0,0,1,02,0,0,0,0,1,0,0,0,1,0,0,0,0,0,0,0,0,1
2764,2764,0,0,0c,00000,0,0,0,0,1,0,0,0,0,0,0059d,0,01,0,1f,4,1,0,0,0,1,02,0,0,0,0,1,0,0,0,1,0,0,0,0,0,0,0,0,1
2765,2765,0,0,0c,00000,0,0,0,0,1,0,0,0,0,0,0059e,0,01,0,1f,4,1,0,0,0,1,02,0,0,0,0,1,0,0,0,1,0,0,0,0,0,0,0,0,1
2766,2766,0,0,0c,00000,0,0,0,0,1,0,0,0,0,0,0059f,0,01,0,1f,4,1,0,0,0,1,02,0,0,0,0,1,0,0,0,1,0,0,0,0,0,0,0,0,1
2767,2767,0,0,0c,00000,0,0,0,0,1,0,0,0,0,0,005a0,0,01,0,1f,4,1,0,0,0,1,02,0,0,0,0,1,0,0,0,1,0,0,0,0,0,0,0,0,1
2768,2768,0,0,0c,00000,0,0,0,0,1,0,0,0,0,0,005a1,0,01,0,1f,4,1,0,0,0,1,02,0,0,0,0,1,0,0,0,1,0,0,0,0,0,0,0,0,1
2769,2769,0,0,0c,00000,0,0,0,0,1,0,0,0,0,0,005a2,0,01,0,1f,4,1,0,0,0,1,02,0,0,0,0,1,0,0,0,1,0,0,0,0,0,0,0,0,1
2770,2770,0,0,0c,00000,0,0,0,0,1,0,0,0,0,0,005a3,0,01,0,1f,4,1,0,0,0,1,02,0,0,0,0,1,0,0,0,1,0,0,0,0,0,0,0,0,1
2771,2771,0,0,0c,00000,0,0,0,0,1,0,0,0,0,0,005a4,0,01,0,1f,4,1,0,0,0,1,02,0,0,0,0,1,0,0,0,1,0,0,0,0,0,0,0,0,1
2772,2772,0,0,0c,00000,0,0,0,0,1,0,0,0,0,0,005a5,0,01,0,1f,4,1,0,0,0,1,02,0,0,0,0,1,0,0,0,1,0,0,0,0,0,0,0,0,1
2773,2773,0,0,0c,00000,0,0,0,0,1,0,0,0,0,0,005a6,0,01,0,1f,4,1,0,0,0,1,02,0,0,0,0,1,0,0,0,1,0,0,0,0,0,0,0,0,1
2774,2774,0,0,0c,00000,0,0,0,0,1,0,0,0,0,0,005a7,0,01,0,1f,4,1,0,0,0,1,02,0,0,0,0,1,0,0,0,1,0,0,0,0,0,0,0,0,1
2775,2775,0,0,0c,00000,0,0,0,0,1,0,0,0,0,0,005a8,0,01,0,1f,4,1,0,0,0,1,02,0,0,0,0,1,0,0,0,1,0,0,0,0,0,0,0,0,1
2776,2776,0,0,0c,00000,0,0,0,0,1,0,0,0,0,0,005a9,0,01,0,1f,4,1,0,0,0,1,02,0,0,0,0,1,0,0,0,1,0,0,0,0,0,0,0,0,1
2777,2777,0,0,0c,00000,0,0,0,0,1,0,0,0,0,0,005aa,0,01,0,1f,4,1,0,0,0,1,02,0,0,0,0,1,0,0,0,1,0,0,0,0,0,0,0,0,1
2778,2778,0,0,0c,00000,0,0,0,0,1,0,0,0,0,0,005ab,0,01,0,1f,4,1,0,0,0,1,02,0,0,0,0,1,0,0,0,1,0,0,0,0,0,0,0,0,1
2779,2779,0,0,0c,00000,0,0,0,0,1,0,0,0,0,0,005ac,0,01,0,1f,4,1,0,0,0,1,02,0,0,0,0,1,0,0,0,1,0,0,0,0,0,0,0,0,1
2780,2780,0,0,0c,00000,0,0,0,0,1,0,0,0,0,0,005ad,0,01,0,1f,4,1,0,0,0,1,02,0,0,0,0,1,0,0,0,1,0,0,0,0,0,0,0,0,1
2781,2781,0,0,0c,00000,0,0,0,0,1,0,0,0,0,0,005ae,0,01,0,1f,4,1,0,0,0,1,02,0,0,0,0,1,0,0,0,1,0,0,0,0,0,0,0,0,1
2782,2782,0,0,0c,00000,0,0,0,0,1,0,0,0,0,0,005af,0,01,0,1f,4,1,0,0,0,1,02,0,0,0,0,1,0,0,0,1,0,0,0,0,0,0,0,0,1
2783,2783,0,0,0c,00000,0,0,0,0,1,0,0,0,0,0,005b0,0,01,0,1f,4,1,0,0,0,1,02,0,0,0,0,1,0,0,0,1,0,0,0,0,0,0,0,0,1
2784,2784,0,0,0c,00000,0,0,0,0,1,0,0,0,0,0,005b1,0,01,0,1f,4,1,0,0,0,1,02,0,0,0,0,1,0,0,0,1,0,0,0,0,0,0,0,0,1
2785,2785,0,0,0c,00000,0,0,0,0,1,0,0,0,0,0,005b2,0,01,0,1f,4,1,0,0,0,1,02,0,0,0,0,1,0,0,0,1,0,0,0,0,0,0,0,0,1
2786,2786,0,0,0c,00000,0,0,0,0,1,0,0,0,0,0,005b3,0,01,0,1f,4,1,0,0,0,1,02,0,0,0,0,1,0,0,0,1,0,0,0,0,0,0,0,0,1
2787,2787,0,0,0c,00000,0,0,0,0,1,0,0,0,0,0,005b4,0,01,0,1f,4,1,0,0,0,1,02,0,0,0,0,1,0,0,0,1,0,0,0,0,0,0,0,0,1
2788,2788,0,0,0c,00000,0,0,0,0,1,0,0,0,0,0,005b5,0,01,0,1f,4,1,0,0,0,1,02,0,0,0,0,1,0,0,0,1,0,0,0,0,0,0,0,0,1
2789,2789,0,0,0c,00000,0,0,0,0,1,0,0,0,0,0,005b6,0,01,0,1f,4,1,0,0,0,1,02,0,0,0,0,1,0,0,0,1,0,0,0,0,0,0,0,0,1
2790,2790,0,0,0c,00000,0,0,0,0,1,0,0,0,0,0,005b7,0,01,0,1f,4,1,0,0,0,1,02,0,0,0,0,1,0,0,0,1,0,0,0,0,0,0,0,0,1
2791,2791,0,0,0c,00000,0,0,0,0,1,0,0,0,0,0,005b8,0,01,0,1f,4,1,0,0,0,1,02,0,0,0,0,1,0,0,0,1,0,0,0,0,0,0,0,0,1
2792,2792,0,0,0c,00000,0,0,0,0,1,0,0,0,0,0,005b9,0,01,0,1f,4,1,0,0,0,1,02,0,0,0,0,1,0,0,0,1,0,0,0,0,0,0,0,0,1
2793,2793,0,0,0c,00000,0,0,0,0,1,0,0,0,0,0,005ba,0,01,0,1f,4,1,0,0,0,1,02,0,0,0,0,1,0,0,0,1,0,0,0,0,0,0,0,0,1
2794,2794,0,0,0c,00000,0,0,0,0,1,0,0,0,0,0,005bb,0,01,0,1f,4,1,0,0,0,1,02,0,0,0,0,1,0,0,0,1,0,0,0,0,0,0,0,0,1
2795,2795,0,0,0c,00000,0,0,0,0,1,0,0,0,0,0,005bc,0,01,0,1f,4,1,0,0,0,1,02,0,0,0,0,1,0,0,0,1,0,0,0,0,0,0,0,0,1
2796,2796,0,0,0c,00000,0,0,0,0,1,0,0,0,0,0,005bd,0,01,0,1f,4,1,0,0,0,1,02,0,0,0,0,1,0,0,0,1,0,0,0,0,0,0,0,0,1
2797,2797,0,0,0c,00000,0,0,0,0,1,0,0,0,0,0,005be,0,01,0,1f,4,1,0,0,0,1,02,0,0,0,0,1,0,0,0,1,0,0,0,0,0,0,0,0,1
2798,2798,0,0,0c,00000,0,0,0,0,1,0,0,0,0,0,005bf,0,01,0,1f,4,1,0,0,0,1,02,0,0,0,0,1,0,0,0,1,0,0,0,0,0,0,0,0,1
2799,2799,0,0,0c,00000,0,0,0,0,1,0,0,0,0,0,005c0,0,01,0,1f,4,1,0,0,0,1,02,0,0,0,0,1,0,0,0,1,0,0,0,0,0,0,0,0,1
2800,2800,0,0,0c,00000,0,0,0,0,1,0,0,0,0,0,005c1,0,01,0,1f,4,1,0,0,0,1,02,0,0,0,0,1,0,0,0,1,0,0,0,0,0,0,0,0,1
2801,2801,0,0,0c,00000,0,0,0,0,1,0,0,0,0,0,005c2,0,01,0,1f,4,1,0,0,0,1,02,0,0,0,0,1,0,0,0,1,0,0,0,0,0,0,0,0,1
2802,2802,0,0,0c,00000,0,0,0,0,1,0,0,0,0,0,005c3,0,01,0,1f,4,1,0,0,0,1,02,0,0,0,0,1,0,0,0,1,0,0,0,0,0,0,0,0,1
2803,2803,0,0,0c,00000,0,0,0,0,1,0,0,0,0,0,005c4,0,01,0,1f,4,1,0,0,0,1,02,0,0,0,0,1,0,0,0,1,0,0,0,0,0,0,0,0,1
2804,2804,0,0,0c,00000,0,0,0,0,1,0,0,0,0,0,005c5,0,01,0,1f,4,1,0,0,0,1,02,0,0,0,0,1,0,0,0,1,0,0,0,0,0,0,0,0,1
2805,2805,0,0,0c,00000,0,0,0,0,1,0,0,0,0,0,005c6,0,01,0,1f,4,1,0,0,0,1,02,0,0,0,0,1,0,0,0,1,0,0,0,0,0,0,0,0,1
2806,2806,0,0,0c,00000,0,0,0,0,1,0,0,0,0,0,005c7,0,01,0,1f,4,1,0,0,0,1,02,0,0,0,0,1,0,0,0,1,0,0,0,0,0,0,0,0,1
2807,2807,0,0,0c,00000,0,0,0,0,1,0,0,0,0,0,005c8,0,01,0,1f,4,1,0,0,0,1,02,0,0,0,0,1,0,0,0,1,0,0,0,0,0,0,0,0,1
2808,2808,0,0,0c,00000,0,0,0,0,1,0,0,0,0,0,005c9,0,01,0,1f,4,1,0,0,0,1,02,0,0,0,0,1,0,0,0,1,0,0,0,0,0,0,0,0,1
2809,2809,0,0,0c,00000,0,0,0,0,1,0,0,0,0,0,005ca,0,01,0,1f,4,1,0,0,0,1,02,0,0,0,0,1,0,0,0,1,0,0,0,0,0,0,0,0,1
2810,2810,0,0,0c,00000,0,0,0,0,1,0,0,0,0,0,005cb,0,01,0,1f,4,1,0,0,0,1,02,0,0,0,0,1,0,0,0,1,0,0,0,0,0,0,0,0,1
2811,2811,0,0,0c,00000,0,0,0,0,1,0,0,0,0,0,005cc,0,01,0,1f,4,1,0,0,0,1,02,0,0,0,0,1,0,0,0,1,0,0,0,0,0,0,0,0,1
2812,2812,0,0,0c,00000,0,0,0,0,1,0,0,0,0,0,005cd,0,01,0,1f,4,1,0,0,0,1,02,0,0,0,0,1,0,0,0,1,0,0,0,0,0,0,0,0,1
2813,2813,0,0,0c,00000,0,0,0,0,1,0,0,0,0,0,005ce,0,01,0,1f,4,1,0,0,0,1,02,0,0,0,0,1,0,0,0,1,0,0,0,0,0,0,0,0,1
2814,2814,0,0,0c,00000,0,0,0,0,1,0,0,0,0,0,005cf,0,01,0,1f,4,1,0,0,0,1,02,0,0,0,0,1,0,0,0,1,0,0,0,0,0,0,0,0,1
2815,2815,0,0,0c,00000,0,0,0,0,1,0,0,0,0,0,005d0,0,01,0,1f,4,1,0,0,0,1,02,0,0,0,0,1,0,0,0,1,0,0,0,0,0,0,0,0,1
2816,2816,0,0,0c,00000,0,0,0,0,1,0,0,0,0,0,005d1,0,01,0,1f,4,1,0,0,0,1,02,0,0,0,0,1,0,0,0,1,0,0,0,0,0,0,0,0,1
2817,2817,0,0,0c,00000,0,0,0,0,1,0,0,0,0,0,005d2,0,01,0,1f,4,1,0,0,0,1,02,0,0,0,0,1,0,0,0,1,0,0,0,0,0,0,0,0,1
2818,2818,0,0,0c,00000,0,0,0,0,1,0,0,0,0,0,005d3,0,01,0,1f,4,1,0,0,0,1,02,0,0,0,0,1,0,0,0,1,0,0,0,0,0,0,0,0,1
2819,2819,0,0,0c,00000,0,0,0,0,1,0,0,0,0,0,005d4,0,01,0,1f,4,1,0,0,0,1,02,0,0,0,0,1,0,0,0,1,0,0,0,0,0,0,0,0,1
2820,2820,0,0,0c,00000,0,0,0,0,1,0,0,0,0,0,005d5,0,01,0,1f,4,1,0,0,0,1,02,0,0,0,0,1,0,0,0,1,0,0,0,0,0,0,0,0,1
2821,2821,0,0,0c,00000,0,0,0,0,1,0,0,0,0,0,005d6,0,01,0,1f,4,1,0,0,0,1,02,0,0,0,0,1,0,0,0,1,0,0,0,0,0,0,0,0,1
2822,2822,0,0,0c,00000,0,0,0,0,1,0,0,0,0,0,005d7,0,01,0,1f,4,1,0,0,0,1,02,0,0,0,0,1,0,0,0,1,0,0,0,0,0,0,0,0,1
2823,2823,0,0,0c,00000,0,0,0,0,1,0,0,0,0,0,005d8,0,01,0,1f,4,1,0,0,0,1,02,0,0,0,0,1,0,0,0,1,0,0,0,0,0,0,0,0,1
2824,2824,0,0,0c,00000,0,0,0,0,1,0,0,0,0,0,005d9,0,01,0,1f,4,1,0,0,0,1,02,0,0,0,0,1,0,0,0,1,0,0,0,0,0,0,0,0,1
2825,2825,0,0,0c,00000,0,0,0,0,1,0,0,0,0,0,005da,0,01,0,1f,4,1,0,0,0,1,02,0,0,0,0,1,0,0,0,1,0,0,0,0,0,0,0,0,1
2826,2826,0,0,0c,00000,0,0,0,0,1,0,0,0,0,0,005db,0,01,0,1f,4,1,0,0,0,1,02,0,0,0,0,1,0,0,0,1,0,0,0,0,0,0,0,0,1
2827,2827,0,0,0c,00000,0,0,0,0,1,0,0,0,0,0,005dc,0,01,0,1f,4,1,0,0,0,1,02,0,0,0,0,1,0,0,0,1,0,0,0,0,0,0,0,0,1
2828,2828,0,0,0c,00000,0,0,0,0,1,0,0,0,0,0,005dd,0,01,0,1f,4,1,0,0,0,1,02,0,0,0,0,1,0,0,0,1,0,0,0,0,0,0,0,0,1
2829,2829,0,0,0c,00000,0,0,0,0,1,0,0,0,0,0,005de,0,01,0,1f,4,1,0,0,0,1,02,0,0,0,0,1,0,0,0,1,0,0,0,0,0,0,0,0,1
2830,2830,0,0,0c,00000,0,0,0,0,1,0,0,0,0,0,005df,0,01,0,1f,4,1,0,0,0,1,02,0,0,0,0,1,0,0,0,1,0,0,0,0,0,0,0,0,1
2831,2831,0,0,0c,00000,0,0,0,0,1,0,0,0,0,0,005e0,0,01,0,1f,4,1,0,0,0,1,02,0,0,0,0,1,0,0,0,1,0,0,0,0,0,0,0,0,1
2832,2832,0,0,0c,00000,0,0,0,0,1,0,0,0,0,0,005e1,0,01,0,1f,4,1,0,0,0,1,02,0,0,0,0,1,0,0,0,1,0,0,0,0,0,0,0,0,1
2833,2833,0,0,0c,00000,0,0,0,0,1,0,0,0,0,0,005e2,0,01,0,1f,4,1,0,0,0,1,02,0,0,0,0,1,0,0,0,1,0,0,0,0,0,0,0,0,1
2834,2834,0,0,0c,00000,0,0,0,0,1,0,0,0,0,0,005e3,0,01,0,1f,4,1,0,0,0,1,02,0,0,0,0,1,0,0,0,1,0,0,0,0,0,0,0,0,1
2835,2835,0,0,0c,00000,0,0,0,0,1,0,0,0,0,0,005e4,0,01,0,1f,4,1,0,0,0,1,02,0,0,0,0,1,0,0,0,1,0,0,0,0,0,0,0,0,1
2836,2836,0,0,0c,00000,0,0,0,0,1,0,0,0,0,0,005e5,0,01,0,1f,4,1,0,0,0,1,02,0,0,0,0,1,0,0,0,1,0,0,0,0,0,0,0,0,1
2837,2837,0,0,0c,00000,0,0,0,0,1,0,0,0,0,0,005e6,0,01,0,1f,4,1,0,0,0,1,02,0,0,0,0,1,0,0,0,1,0,0,0,0,0,0,0,0,1
2838,2838,0,0,0c,00000,0,0,0,0,1,0,0,0,0,0,005e7,0,01,0,1f,4,1,0,0,0,1,02,0,0,0,0,1,0,0,0,1,0,0,0,0,0,0,0,0,1
2839,2839,0,0,0c,00000,0,0,0,0,1,0,0,0,0,0,005e8,0,01,0,1f,4,1,0,0,0,1,02,0,0,0,0,1,0,0,0,1,0,0,0,0,0,0,0,0,1
2840,2840,0,0,0c,00000,0,0,0,0,1,0,0,0,0,0,005e9,0,01,0,1f,4,1,0,0,0,1,02,0,0,0,0,1,0,0,0,1,0,0,0,0,0,0,0,0,1
2841,2841,0,0,0c,00000,0,0,0,0,1,0,0,0,0,0,005ea,0,01,0,1f,4,1,0,0,0,1,02,0,0,0,0,1,0,0,0,1,0,0,0,0,0,0,0,0,1
2842,2842,0,0,0c,00000,0,0,0,0,1,0,0,0,0,0,005eb,0,01,0,1f,4,1,0,0,0,1,02,0,0,0,0,1,0,0,0,1,0,0,0,0,0,0,0,0,1
2843,2843,0,0,0c,00000,0,0,0,0,1,0,0,0,0,0,005ec,0,01,0,1f,4,1,0,0,0,1,02,0,0,0,0,1,0,0,0,1,0,0,0,0,0,0,0,0,1
2844,2844,0,0,0c,00000,0,0,0,0,1,0,0,0,0,0,005ed,0,01,0,1f,4,1,0,0,0,1,02,0,0,0,0,1,0,0,0,1,0,0,0,0,0,0,0,0,1
2845,2845,0,0,0c,00000,0,0,0,0,1,0,0,0,0,0,005ee,0,01,0,1f,4,1,0,0,0,1,02,0,0,0,0,1,0,0,0,1,0,0,0,0,0,0,0,0,1
2846,2846,0,0,0c,00000,0,0,0,0,1,0,0,0,0,0,005ef,0,01,0,1f,4,1,0,0,0,1,02,0,0,0,0,1,0,0,0,1,0,0,0,0,0,0,0,0,1
2847,2847,0,0,0c,00000,0,0,0,0,1,0,0,0,0,0,005f0,0,01,0,1f,4,1,0,0,0,1,02,0,0,0,0,1,0,0,0,1,0,0,0,0,0,0,0,0,1
2848,2848,0,0,0c,00000,0,0,0,0,1,0,0,0,0,0,005f1,0,01,0,1f,4,1,0,0,0,1,02,0,0,0,0,1,0,0,0,1,0,0,0,0,0,0,0,0,1
2849,2849,0,0,0c,00000,0,0,0,0,1,0,0,0,0,0,005f2,0,01,0,1f,4,1,0,0,0,1,02,0,0,0,0,1,0,0,0,1,0,0,0,0,0,0,0,0,1
2850,2850,0,0,0c,00000,0,0,0,0,1,0,0,0,0,0,005f3,0,01,0,1f,4,1,0,0,0,1,02,0,0,0,0,1,0,0,0,1,0,0,0,0,0,0,0,0,1
2851,2851,0,0,0c,00000,0,0,0,0,1,0,0,0,0,0,005f4,0,01,0,1f,4,1,0,0,0,1,02,0,0,0,0,1,0,0,0,1,0,0,0,0,0,0,0,0,1
2852,2852,0,0,0c,00000,0,0,0,0,1,0,0,0,0,0,005f5,0,01,0,1f,4,1,0,0,0,1,02,0,0,0,0,1,0,0,0,1,0,0,0,0,0,0,0,0,1
2853,2853,0,0,0c,00000,0,0,0,0,1,0,0,0,0,0,005f6,0,01,0,1f,4,1,0,0,0,1,02,0,0,0,0,1,0,0,0,1,0,0,0,0,0,0,0,0,1
2854,2854,0,0,0c,00000,0,0,0,0,1,0,0,0,0,0,005f7,0,01,0,1f,4,1,0,0,0,1,02,0,0,0,0,1,0,0,0,1,0,0,0,0,0,0,0,0,1
2855,2855,0,0,0c,00000,0,0,0,0,1,0,0,0,0,0,005f8,0,01,0,1f,4,1,0,0,0,1,02,0,0,0,0,1,0,0,0,1,0,0,0,0,0,0,0,0,1
2856,2856,0,0,0c,00000,0,0,0,0,1,0,0,0,0,0,005f9,0,01,0,1f,4,1,0,0,0,1,02,0,0,0,0,1,0,0,0,1,0,0,0,0,0,0,0,0,1
2857,2857,0,0,0c,00000,0,0,0,0,1,0,0,0,0,0,005fa,0,01,0,1f,4,1,0,0,0,1,02,0,0,0,0,1,0,0,0,1,0,0,0,0,0,0,0,0,1
2858,2858,0,0,0c,00000,0,0,0,0,1,0,0,0,0,0,005fb,0,01,0,1f,4,1,0,0,0,1,02,0,0,0,0,1,0,0,0,1,0,0,0,0,0,0,0,0,1
2859,2859,0,0,0c,00000,0,0,0,0,1,0,0,0,0,0,005fc,0,01,0,1f,4,1,0,0,0,1,02,0,0,0,0,1,0,0,0,1,0,0,0,0,0,0,0,0,1
2860,2860,0,0,0c,00000,0,0,0,0,1,0,0,0,0,0,005fd,0,01,0,1f,4,1,0,0,0,1,02,0,0,0,0,1,0,0,0,1,0,0,0,0,0,0,0,0,1
2861,2861,0,0,0c,00000,0,0,0,0,1,0,0,0,0,0,005fe,0,01,0,1f,4,1,0,0,0,1,02,0,0,0,0,1,0,0,0,1,0,0,0,0,0,0,0,0,1
2862,2862,0,0,0c,00000,0,0,0,0,1,0,0,0,0,0,005ff,0,01,0,1f,4,1,0,0,0,1,02,0,0,0,0,1,0,0,0,1,0,0,0,0,0,0,0,0,1
2863,2863,0,0,0c,00000,0,0,0,0,1,0,0,0,0,0,00600,0,01,0,1f,4,1,0,0,0,1,02,0,0,0,0,1,0,0,0,1,0,0,0,0,0,0,0,0,1
2864,2864,0,0,0c,00000,0,0,0,0,1,0,0,0,0,0,00601,0,01,0,1f,4,1,0,0,0,1,02,0,0,0,0,1,0,0,0,1,0,0,0,0,0,0,0,0,1
2865,2865,0,0,0c,00000,0,0,0,0,1,0,0,0,0,0,00602,0,01,0,1f,4,1,0,0,0,1,02,0,0,0,0,1,0,0,0,1,0,0,0,0,0,0,0,0,1
2866,2866,0,0,0c,00000,0,0,0,0,1,0,0,0,0,0,00603,0,01,0,1f,4,1,0,0,0,1,02,0,0,0,0,1,0,0,0,1,0,0,0,0,0,0,0,0,1
2867,2867,0,0,0c,00000,0,0,0,0,1,0,0,0,0,0,00604,0,01,0,1f,4,1,0,0,0,1,02,0,0,0,0,1,0,0,0,1,0,0,0,0,0,0,0,0,1
2868,2868,0,0,0c,00000,0,0,0,0,1,0,0,0,0,0,00605,0,01,0,1f,4,1,0,0,0,1,02,0,0,0,0,1,0,0,0,1,0,0,0,0,0,0,0,0,1
2869,2869,0,0,0c,00000,0,0,0,0,1,0,0,0,0,0,00606,0,01,0,1f,4,1,0,0,0,1,02,0,0,0,0,1,0,0,0,1,0,0,0,0,0,0,0,0,1
2870,2870,0,0,0c,00000,0,0,0,0,1,0,0,0,0,0,00607,0,01,0,1f,4,1,0,0,0,1,02,0,0,0,0,1,0,0,0,1,0,0,0,0,0,0,0,0,1
2871,2871,0,0,0c,00000,0,0,0,0,1,0,0,0,0,0,00608,0,01,0,1f,4,1,0,0,0,1,02,0,0,0,0,1,0,0,0,1,0,0,0,0,0,0,0,0,1
2872,2872,0,0,0c,00000,0,0,0,0,1,0,0,0,0,0,00609,0,01,0,1f,4,1,0,0,0,1,02,0,0,0,0,1,0,0,0,1,0,0,0,0,0,0,0,0,1
2873,2873,0,0,0c,00000,0,0,0,0,1,0,0,0,0,0,0060a,0,01,0,1f,4,1,0,0,0,1,02,0,0,0,0,1,0,0,0,1,0,0,0,0,0,0,0,0,1
2874,2874,0,0,0c,00000,0,0,0,0,1,0,0,0,0,0,0060b,0,01,0,1f,4,1,0,0,0,1,02,0,0,0,0,1,0,0,0,1,0,0,0,0,0,0,0,0,1
2875,2875,0,0,0c,00000,0,0,0,0,1,0,0,0,0,0,0060c,0,01,0,1f,4,1,0,0,0,1,02,0,0,0,0,1,0,0,0,1,0,0,0,0,0,0,0,0,1
2876,2876,0,0,0c,00000,0,0,0,0,1,0,0,0,0,0,0060d,0,01,0,1f,4,1,0,0,0,1,02,0,0,0,0,1,0,0,0,1,0,0,0,0,0,0,0,0,1
2877,2877,0,0,0c,00000,0,0,0,0,1,0,0,0,0,0,0060e,0,01,0,1f,4,1,0,0,0,1,02,0,0,0,0,1,0,0,0,1,0,0,0,0,0,0,0,0,1
2878,2878,0,0,0c,00000,0,0,0,0,1,0,0,0,0,0,0060f,0,01,0,1f,4,1,0,0,0,1,02,0,0,0,0,1,0,0,0,1,0,0,0,0,0,0,0,0,1
2879,2879,0,0,0c,00000,0,0,0,0,1,0,0,0,0,0,00610,0,01,0,1f,4,1,0,0,0,1,02,0,0,0,0,1,0,0,0,1,0,0,0,0,0,0,0,0,1
2880,2880,0,0,0c,00000,0,0,0,0,1,0,0,0,0,0,00611,0,01,0,1f,4,1,0,0,0,1,02,0,0,0,0,1,0,0,0,1,0,0,0,0,0,0,0,0,1
2881,2881,0,0,0c,00000,0,0,0,0,1,0,0,0,0,0,00612,0,01,0,1f,4,1,0,0,0,1,02,0,0,0,0,1,0,0,0,1,0,0,0,0,0,0,0,0,1
2882,2882,0,0,0c,00000,0,0,0,0,1,0,0,0,0,0,00613,0,01,0,1f,4,1,0,0,0,1,02,0,0,0,0,1,0,0,0,1,0,0,0,0,0,0,0,0,1
2883,2883,0,0,0c,00000,0,0,0,0,1,0,0,0,0,0,00614,0,01,0,1f,4,1,0,0,0,1,02,0,0,0,0,1,0,0,0,1,0,0,0,0,0,0,0,0,1
2884,2884,0,0,0c,00000,0,0,0,0,1,0,0,0,0,0,00615,0,01,0,1f,4,1,0,0,0,1,02,0,0,0,0,1,0,0,0,1,0,0,0,0,0,0,0,0,1
2885,2885,0,0,0c,00000,0,0,0,0,1,0,0,0,0,0,00616,0,01,0,1f,4,1,0,0,0,1,02,0,0,0,0,1,0,0,0,1,0,0,0,0,0,0,0,0,1
2886,2886,0,0,0c,00000,0,0,0,0,1,0,0,0,0,0,00617,0,01,0,1f,4,1,0,0,0,1,02,0,0,0,0,1,0,0,0,1,0,0,0,0,0,0,0,0,1
2887,2887,0,0,0c,00000,0,0,0,0,1,0,0,0,0,0,00618,0,01,0,1f,4,1,0,0,0,1,02,0,0,0,0,1,0,0,0,1,0,0,0,0,0,0,0,0,1
2888,2888,0,0,0c,00000,0,0,0,0,1,0,0,0,0,0,00619,0,01,0,1f,4,1,0,0,0,1,02,0,0,0,0,1,0,0,0,1,0,0,0,0,0,0,0,0,1
2889,2889,0,0,0c,00000,0,0,0,0,1,0,0,0,0,0,0061a,0,01,0,1f,4,1,0,0,0,1,02,0,0,0,0,1,0,0,0,1,0,0,0,0,0,0,0,0,1
2890,2890,0,0,0c,00000,0,0,0,0,1,0,0,0,0,0,0061b,0,01,0,1f,4,1,0,0,0,1,02,0,0,0,0,1,0,0,0,1,0,0,0,0,0,0,0,0,1
2891,2891,0,0,0c,00000,0,0,0,0,1,0,0,0,0,0,0061c,0,01,0,1f,4,1,0,0,0,1,02,0,0,0,0,1,0,0,0,1,0,0,0,0,0,0,0,0,1
2892,2892,0,0,0c,00000,0,0,0,0,1,0,0,0,0,0,0061d,0,01,0,1f,4,1,0,0,0,1,02,0,0,0,0,1,0,0,0,1,0,0,0,0,0,0,0,0,1
2893,2893,0,0,0c,00000,0,0,0,0,1,0,0,0,0,0,0061e,0,01,0,1f,4,1,0,0,0,1,02,0,0,0,0,1,0,0,0,1,0,0,0,0,0,0,0,0,1
2894,2894,0,0,0c,00000,0,0,0,0,1,0,0,0,0,0,0061f,0,01,0,1f,4,1,0,0,0,1,02,0,0,0,0,1,0,0,0,1,0,0,0,0,0,0,0,0,1
2895,2895,0,0,0c,00000,0,0,0,0,1,0,0,0,0,0,00620,0,01,0,1f,4,1,0,0,0,1,02,0,0,0,0,1,0,0,0,1,0,0,0,0,0,0,0,0,1
2896,2896,0,0,0c,00000,0,0,0,0,1,0,0,0,0,0,00621,0,01,0,1f,4,1,0,0,0,1,02,0,0,0,0,1,0,0,0,1,0,0,0,0,0,0,0,0,1
2897,2897,0,0,0c,00000,0,0,0,0,1,0,0,0,0,0,00622,0,01,0,1f,4,1,0,0,0,1,02,0,0,0,0,1,0,0,0,1,0,0,0,0,0,0,0,0,1
2898,2898,0,0,0c,00000,0,0,0,0,1,0,0,0,0,0,00623,0,01,0,1f,4,1,0,0,0,1,02,0,0,0,0,1,0,0,0,1,0,0,0,0,0,0,0,0,1
2899,2899,0,0,0c,00000,0,0,0,0,1,0,0,0,0,0,00624,0,01,0,1f,4,1,0,0,0,1,02,0,0,0,0,1,0,0,0,1,0,0,0,0,0,0,0,0,1
2900,2900,0,0,0c,00000,0,0,0,0,1,0,0,0,0,0,00625,0,01,0,1f,4,1,0,0,0,1,02,0,0,0,0,1,0,0,0,1,0,0,0,0,0,0,0,0,1
2901,2901,0,0,0c,00000,0,0,0,0,1,0,0,0,0,0,00626,0,01,0,1f,4,1,0,0,0,1,02,0,0,0,0,1,0,0,0,1,0,0,0,0,0,0,0,0,1
2902,2902,0,0,0c,00000,0,0,0,0,1,0,0,0,0,0,00627,0,01,0,1f,4,1,0,0,0,1,02,0,0,0,0,1,0,0,0,1,0,0,0,0,0,0,0,0,1
2903,2903,0,0,0c,00000,0,0,0,0,1,0,0,0,0,0,00628,0,01,0,1f,4,1,0,0,0,1,02,0,0,0,0,1,0,0,0,1,0,0,0,0,0,0,0,0,1
2904,2904,0,0,0c,00000,0,0,0,0,1,0,0,0,0,0,00629,0,01,0,1f,4,1,0,0,0,1,02,0,0,0,0,1,0,0,0,1,0,0,0,0,0,0,0,0,1
2905,2905,0,0,0c,00000,0,0,0,0,1,0,0,0,0,0,0062a,0,01,0,1f,4,1,0,0,0,1,02,0,0,0,0,1,0,0,0,1,0,0,0,0,0,0,0,0,1
2906,2906,0,0,0c,00000,0,0,0,0,1,0,0,0,0,0,0062b,0,01,0,1f,4,1,0,0,0,1,02,0,0,0,0,1,0,0,0,1,0,0,0,0,0,0,0,0,1
2907,2907,0,0,0c,00000,0,0,0,0,1,0,0,0,0,0,0062c,0,01,0,1f,4,1,0,0,0,1,02,0,0,0,0,1,0,0,0,1,0,0,0,0,0,0,0,0,1
2908,2908,0,0,0c,00000,0,0,0,0,1,0,0,0,0,0,0062d,0,01,0,1f,4,1,0,0,0,1,02,0,0,0,0,1,0,0,0,1,0,0,0,0,0,0,0,0,1
2909,2909,0,0,0c,00000,0,0,0,0,1,0,0,0,0,0,0062e,0,01,0,1f,4,1,0,0,0,1,02,0,0,0,0,1,0,0,0,1,0,0,0,0,0,0,0,0,1
2910,2910,0,0,0c,00000,0,0,0,0,1,0,0,0,0,0,0062f,0,01,0,1f,4,1,0,0,0,1,02,0,0,0,0,1,0,0,0,1,0,0,0,0,0,0,0,0,1
2911,2911,0,0,0c,00000,0,0,0,0,1,0,0,0,0,0,00630,0,01,0,1f,4,1,0,0,0,1,02,0,0,0,0,1,0,0,0,1,0,0,0,0,0,0,0,0,1
2912,2912,0,0,0c,00000,0,0,0,0,1,0,0,0,0,0,00631,0,01,0,1f,4,1,0,0,0,1,02,0,0,0,0,1,0,0,0,1,0,0,0,0,0,0,0,0,1
2913,2913,0,0,0c,00000,0,0,0,0,1,0,0,0,0,0,00632,0,01,0,1f,4,1,0,0,0,1,02,0,0,0,0,1,0,0,0,1,0,0,0,0,0,0,0,0,1
2914,2914,0,0,0c,00000,0,0,0,0,1,0,0,0,0,0,00633,0,01,0,1f,4,1,0,0,0,1,02,0,0,0,0,1,0,0,0,1,0,0,0,0,0,0,0,0,1
2915,2915,0,0,0c,00000,0,0,0,0,1,0,0,0,0,0,00634,0,01,0,1f,4,1,0,0,0,1,02,0,0,0,0,1,0,0,0,1,0,0,0,0,0,0,0,0,1
2916,2916,0,0,0c,00000,0,0,0,0,1,0,0,0,0,0,00635,0,01,0,1f,4,1,0,0,0,1,02,0,0,0,0,1,0,0,0,1,0,0,0,0,0,0,0,0,1
2917,2917,0,0,0c,00000,0,0,0,0,1,0,0,0,0,0,00636,0,01,0,1f,4,1,0,0,0,1,02,0,0,0,0,1,0,0,0,1,0,0,0,0,0,0,0,0,1
2918,2918,0,0,0c,00000,0,0,0,0,1,0,0,0,0,0,00637,0,01,0,1f,4,1,0,0,0,1,02,0,0,0,0,1,0,0,0,1,0,0,0,0,0,0,0,0,1
2919,2919,0,0,0c,00000,0,0,0,0,1,0,0,0,0,0,00638,0,01,0,1f,4,1,0,0,0,1,02,0,0,0,0,1,0,0,0,1,0,0,0,0,0,0,0,0,1
2920,2920,0,0,0c,00000,0,0,0,0,1,0,0,0,0,0,00639,0,01,0,1f,4,1,0,0,0,1,02,0,0,0,0,1,0,0,0,1,0,0,0,0,0,0,0,0,1
2921,2921,0,0,0c,00000,0,0,0,0,1,0,0,0,0,0,0063a,0,01,0,1f,4,1,0,0,0,1,02,0,0,0,0,1,0,0,0,1,0,0,0,0,0,0,0,0,1
2922,2922,0,0,0c,00000,0,0,0,0,1,0,0,0,0,0,0063b,0,01,0,1f,4,1,0,0,0,1,02,0,0,0,0,1,0,0,0,1,0,0,0,0,0,0,0,0,1
2923,2923,0,0,0c,00000,0,0,0,0,1,0,0,0,0,0,0063c,0,01,0,1f,4,1,0,0,0,1,02,0,0,0,0,1,0,0,0,1,0,0,0,0,0,0,0,0,1
2924,2924,0,0,0c,00000,0,0,0,0,1,0,0,0,0,0,0063d,0,01,0,1f,4,1,0,0,0,1,02,0,0,0,0,1,0,0,0,1,0,0,0,0,0,0,0,0,1
2925,2925,0,0,0c,00000,0,0,0,0,1,0,0,0,0,0,0063e,0,01,0,1f,4,1,0,0,0,1,02,0,0,0,0,1,0,0,0,1,0,0,0,0,0,0,0,0,1
2926,2926,0,0,0c,00000,0,0,0,0,1,0,0,0,0,0,0063f,0,01,0,1f,4,1,0,0,0,1,02,0,0,0,0,1,0,0,0,1,0,0,0,0,0,0,0,0,1
2927,2927,0,0,0c,00000,0,0,0,0,1,0,0,0,0,0,00640,0,01,0,1f,4,1,0,0,0,1,02,0,0,0,0,1,0,0,0,1,0,0,0,0,0,0,0,0,1
2928,2928,0,0,0c,00000,0,0,0,0,1,0,0,0,0,0,00641,0,01,0,1f,4,1,0,0,0,1,02,0,0,0,0,1,0,0,0,1,0,0,0,0,0,0,0,0,1
2929,2929,0,0,0c,00000,0,0,0,0,1,0,0,0,0,0,00642,0,01,0,1f,4,1,0,0,0,1,02,0,0,0,0,1,0,0,0,1,0,0,0,0,0,0,0,0,1
2930,2930,0,0,0c,00000,0,0,0,0,1,0,0,0,0,0,00643,0,01,0,1f,4,1,0,0,0,1,02,0,0,0,0,1,0,0,0,1,0,0,0,0,0,0,0,0,1
2931,2931,0,0,0c,00000,0,0,0,0,1,0,0,0,0,0,00644,0,01,0,1f,4,1,0,0,0,1,02,0,0,0,0,1,0,0,0,1,0,0,0,0,0,0,0,0,1
2932,2932,0,0,0c,00000,0,0,0,0,1,0,0,0,0,0,00645,0,01,0,1f,4,1,0,0,0,1,02,0,0,0,0,1,0,0,0,1,0,0,0,0,0,0,0,0,1
2933,2933,0,0,0c,00000,0,0,0,0,1,0,0,0,0,0,00646,0,01,0,1f,4,1,0,0,0,1,02,0,0,0,0,1,0,0,0,1,0,0,0,0,0,0,0,0,1
2934,2934,0,0,0c,00000,0,0,0,0,1,0,0,0,0,0,00647,0,01,0,1f,4,1,0,0,0,1,02,0,0,0,0,1,0,0,0,1,0,0,0,0,0,0,0,0,1
2935,2935,0,0,0c,00000,0,0,0,0,1,0,0,0,0,0,00648,0,01,0,1f,4,1,0,0,0,1,02,0,0,0,0,1,0,0,0,1,0,0,0,0,0,0,0,0,1
2936,2936,0,0,0c,00000,0,0,0,0,1,0,0,0,0,0,00649,0,01,0,1f,4,1,0,0,0,1,02,0,0,0,0,1,0,0,0,1,0,0,0,0,0,0,0,0,1
2937,2937,0,0,0c,00000,0,0,0,0,1,0,0,0,0,0,0064a,0,01,0,1f,4,1,0,0,0,1,02,0,0,0,0,1,0,0,0,1,0,0,0,0,0,0,0,0,1
2938,2938,0,0,0c,00000,0,0,0,0,1,0,0,0,0,0,0064b,0,01,0,1f,4,1,0,0,0,1,02,0,0,0,0,1,0,0,0,1,0,0,0,0,0,0,0,0,1
2939,2939,0,0,0c,00000,0,0,0,0,1,0,0,0,0,0,0064c,0,01,0,1f,4,1,0,0,0,1,02,0,0,0,0,1,0,0,0,1,0,0,0,0,0,0,0,0,1
2940,2940,0,0,0c,00000,0,0,0,0,1,0,0,0,0,0,0064d,0,01,0,1f,4,1,0,0,0,1,02,0,0,0,0,1,0,0,0,1,0,0,0,0,0,0,0,0,1
2941,2941,0,0,0c,00000,0,0,0,0,1,0,0,0,0,0,0064e,0,01,0,1f,4,1,0,0,0,1,02,0,0,0,0,1,0,0,0,1,0,0,0,0,0,0,0,0,1
2942,2942,0,0,0c,00000,0,0,0,0,1,0,0,0,0,0,0064f,0,01,0,1f,4,1,0,0,0,1,02,0,0,0,0,1,0,0,0,1,0,0,0,0,0,0,0,0,1
2943,2943,0,0,0c,00000,0,0,0,0,1,0,0,0,0,0,00650,0,01,0,1f,4,1,0,0,0,1,02,0,0,0,0,1,0,0,0,1,0,0,0,0,0,0,0,0,1
2944,2944,0,0,0c,00000,0,0,0,0,1,0,0,0,0,0,00651,0,01,0,1f,4,1,0,0,0,1,02,0,0,0,0,1,0,0,0,1,0,0,0,0,0,0,0,0,1
2945,2945,0,0,0c,00000,0,0,0,0,1,0,0,0,0,0,00652,0,01,0,1f,4,1,0,0,0,1,02,0,0,0,0,1,0,0,0,1,0,0,0,0,0,0,0,0,1
2946,2946,0,0,0c,00000,0,0,0,0,1,0,0,0,0,0,00653,0,01,0,1f,4,1,0,0,0,1,02,0,0,0,0,1,0,0,0,1,0,0,0,0,0,0,0,0,1
2947,2947,0,0,0c,00000,0,0,0,0,1,0,0,0,0,0,00654,0,01,0,1f,4,1,0,0,0,1,02,0,0,0,0,1,0,0,0,1,0,0,0,0,0,0,0,0,1
2948,2948,0,0,0c,00000,0,0,0,0,1,0,0,0,0,0,00655,0,01,0,1f,4,1,0,0,0,1,02,0,0,0,0,1,0,0,0,1,0,0,0,0,0,0,0,0,1
2949,2949,0,0,0c,00000,0,0,0,0,1,0,0,0,0,0,00656,0,01,0,1f,4,1,0,0,0,1,02,0,0,0,0,1,0,0,0,1,0,0,0,0,0,0,0,0,1
2950,2950,0,0,0c,00000,0,0,0,0,1,0,0,0,0,0,00657,0,01,0,1f,4,1,0,0,0,1,02,0,0,0,0,1,0,0,0,1,0,0,0,0,0,0,0,0,1
2951,2951,0,0,0c,00000,0,0,0,0,1,0,0,0,0,0,00658,0,01,0,1f,4,1,0,0,0,1,02,0,0,0,0,1,0,0,0,1,0,0,0,0,0,0,0,0,1
2952,2952,0,0,0c,00000,0,0,0,0,1,0,0,0,0,0,00659,0,01,0,1f,4,1,0,0,0,1,02,0,0,0,0,1,0,0,0,1,0,0,0,0,0,0,0,0,1
2953,2953,0,0,0c,00000,0,0,0,0,1,0,0,0,0,0,0065a,0,01,0,1f,4,1,0,0,0,1,02,0,0,0,0,1,0,0,0,1,0,0,0,0,0,0,0,0,1
2954,2954,0,0,0c,00000,0,0,0,0,1,0,0,0,0,0,0065b,0,01,0,1f,4,1,0,0,0,1,02,0,0,0,0,1,0,0,0,1,0,0,0,0,0,0,0,0,1
2955,2955,0,0,0c,00000,0,0,0,0,1,0,0,0,0,0,0065c,0,01,0,1f,4,1,0,0,0,1,02,0,0,0,0,1,0,0,0,1,0,0,0,0,0,0,0,0,1
2956,2956,0,0,0c,00000,0,0,0,0,1,0,0,0,0,0,0065d,0,01,0,1f,4,1,0,0,0,1,02,0,0,0,0,1,0,0,0,1,0,0,0,0,0,0,0,0,1
2957,2957,0,0,0c,00000,0,0,0,0,1,0,0,0,0,0,0065e,0,01,0,1f,4,1,0,0,0,1,02,0,0,0,0,1,0,0,0,1,0,0,0,0,0,0,0,0,1
2958,2958,0,0,0c,00000,0,0,0,0,1,0,0,0,0,0,0065f,0,01,0,1f,4,1,0,0,0,1,02,0,0,0,0,1,0,0,0,1,0,0,0,0,0,0,0,0,1
2959,2959,0,0,0c,00000,0,0,0,0,1,0,0,0,0,0,00660,0,01,0,1f,4,1,0,0,0,1,02,0,0,0,0,1,0,0,0,1,0,0,0,0,0,0,0,0,1
2960,2960,0,0,0c,00000,0,0,0,0,1,0,0,0,0,0,00661,0,01,0,1f,4,1,0,0,0,1,02,0,0,0,0,1,0,0,0,1,0,0,0,0,0,0,0,0,1
2961,2961,0,0,0c,00000,0,0,0,0,1,0,0,0,0,0,00662,0,01,0,1f,4,1,0,0,0,1,02,0,0,0,0,1,0,0,0,1,0,0,0,0,0,0,0,0,1
2962,2962,0,0,0c,00000,0,0,0,0,1,0,0,0,0,0,00663,0,01,0,1f,4,1,0,0,0,1,02,0,0,0,0,1,0,0,0,1,0,0,0,0,0,0,0,0,1
2963,2963,0,0,0c,00000,0,0,0,0,1,0,0,0,0,0,00664,0,01,0,1f,4,1,0,0,0,1,02,0,0,0,0,1,0,0,0,1,0,0,0,0,0,0,0,0,1
2964,2964,0,0,0c,00000,0,0,0,0,1,0,0,0,0,0,00665,0,01,0,1f,4,1,0,0,0,1,02,0,0,0,0,1,0,0,0,1,0,0,0,0,0,0,0,0,1
2965,2965,0,0,0c,00000,0,0,0,0,1,0,0,0,0,0,00666,0,01,0,1f,4,1,0,0,0,1,02,0,0,0,0,1,0,0,0,1,0,0,0,0,0,0,0,0,1
2966,2966,0,0,0c,00000,0,0,0,0,1,0,0,0,0,0,00667,0,01,0,1f,4,1,0,0,0,1,02,0,0,0,0,1,0,0,0,1,0,0,0,0,0,0,0,0,1
2967,2967,0,0,0c,00000,0,0,0,0,1,0,0,0,0,0,00668,0,01,0,1f,4,1,0,0,0,1,02,0,0,0,0,1,0,0,0,1,0,0,0,0,0,0,0,0,1
2968,2968,0,0,0c,00000,0,0,0,0,1,0,0,0,0,0,00669,0,01,0,1f,4,1,0,0,0,1,02,0,0,0,0,1,0,0,0,1,0,0,0,0,0,0,0,0,1
2969,2969,0,0,0c,00000,0,0,0,0,1,0,0,0,0,0,0066a,0,01,0,1f,4,1,0,0,0,1,02,0,0,0,0,1,0,0,0,1,0,0,0,0,0,0,0,0,1
2970,2970,0,0,0c,00000,0,0,0,0,1,0,0,0,0,0,0066b,0,01,0,1f,4,1,0,0,0,1,02,0,0,0,0,1,0,0,0,1,0,0,0,0,0,0,0,0,1
2971,2971,0,0,0c,00000,0,0,0,0,1,0,0,0,0,0,0066c,0,01,0,1f,4,1,0,0,0,1,02,0,0,0,0,1,0,0,0,1,0,0,0,0,0,0,0,0,1
2972,2972,0,0,0c,00000,0,0,0,0,1,0,0,0,0,0,0066d,0,01,0,1f,4,1,0,0,0,1,02,0,0,0,0,1,0,0,0,1,0,0,0,0,0,0,0,0,1
2973,2973,0,0,0c,00000,0,0,0,0,1,0,0,0,0,0,0066e,0,01,0,1f,4,1,0,0,0,1,02,0,0,0,0,1,0,0,0,1,0,0,0,0,0,0,0,0,1
2974,2974,0,0,0c,00000,0,0,0,0,1,0,0,0,0,0,0066f,0,01,0,1f,4,1,0,0,0,1,02,0,0,0,0,1,0,0,0,1,0,0,0,0,0,0,0,0,1
2975,2975,0,0,0c,00000,0,0,0,0,1,0,0,0,0,0,00670,0,01,0,1f,4,1,0,0,0,1,02,0,0,0,0,1,0,0,0,1,0,0,0,0,0,0,0,0,1
2976,2976,0,0,0c,00000,0,0,0,0,1,0,0,0,0,0,00671,0,01,0,1f,4,1,0,0,0,1,02,0,0,0,0,1,0,0,0,1,0,0,0,0,0,0,0,0,1
2977,2977,0,0,0c,00000,0,0,0,0,1,0,0,0,0,0,00672,0,01,0,1f,4,1,0,0,0,1,02,0,0,0,0,1,0,0,0,1,0,0,0,0,0,0,0,0,1
2978,2978,0,0,0c,00000,0,0,0,0,1,0,0,0,0,0,00673,0,01,0,1f,4,1,0,0,0,1,02,0,0,0,0,1,0,0,0,1,0,0,0,0,0,0,0,0,1
2979,2979,0,0,0c,00000,0,0,0,0,1,0,0,0,0,0,00674,0,01,0,1f,4,1,0,0,0,1,02,0,0,0,0,1,0,0,0,1,0,0,0,0,0,0,0,0,1
2980,2980,0,0,0c,00000,0,0,0,0,1,0,0,0,0,0,00675,0,01,0,1f,4,1,0,0,0,1,02,0,0,0,0,1,0,0,0,1,0,0,0,0,0,0,0,0,1
2981,2981,0,0,0c,00000,0,0,0,0,1,0,0,0,0,0,00676,0,01,0,1f,4,1,0,0,0,1,02,0,0,0,0,1,0,0,0,1,0,0,0,0,0,0,0,0,1
2982,2982,0,0,0c,00000,0,0,0,0,1,0,0,0,0,0,00677,0,01,0,1f,4,1,0,0,0,1,02,0,0,0,0,1,0,0,0,1,0,0,0,0,0,0,0,0,1
2983,2983,0,0,0c,00000,0,0,0,0,1,0,0,0,0,0,00678,0,01,0,1f,4,1,0,0,0,1,02,0,0,0,0,1,0,0,0,1,0,0,0,0,0,0,0,0,1
2984,2984,0,0,0c,00000,0,0,0,0,1,0,0,0,0,0,00679,0,01,0,1f,4,1,0,0,0,1,02,0,0,0,0,1,0,0,0,1,0,0,0,0,0,0,0,0,1
2985,2985,0,0,0c,00000,0,0,0,0,1,0,0,0,0,0,0067a,0,01,0,1f,4,1,0,0,0,1,02,0,0,0,0,1,0,0,0,1,0,0,0,0,0,0,0,0,1
2986,2986,0,0,0c,00000,0,0,0,0,1,0,0,0,0,0,0067b,0,01,0,1f,4,1,0,0,0,1,02,0,0,0,0,1,0,0,0,1,0,0,0,0,0,0,0,0,1
2987,2987,0,0,0c,00000,0,0,0,0,1,0,0,0,0,0,0067c,0,01,0,1f,4,1,0,0,0,1,02,0,0,0,0,1,0,0,0,1,0,0,0,0,0,0,0,0,1
2988,2988,0,0,0c,00000,0,0,0,0,1,0,0,0,0,0,0067d,0,01,0,1f,4,1,0,0,0,1,02,0,0,0,0,1,0,0,0,1,0,0,0,0,0,0,0,0,1
2989,2989,0,0,0c,00000,0,0,0,0,1,0,0,0,0,0,0067e,0,01,0,1f,4,1,0,0,0,1,02,0,0,0,0,1,0,0,0,1,0,0,0,0,0,0,0,0,1
2990,2990,0,0,0c,00000,0,0,0,0,1,0,0,0,0,0,0067f,0,01,0,1f,4,1,0,0,0,1,02,0,0,0,0,1,0,0,0,1,0,0,0,0,0,0,0,0,1
2991,2991,0,0,0c,00000,0,0,0,0,1,0,0,0,0,0,00680,0,01,0,1f,4,1,0,0,0,1,02,0,0,0,0,1,0,0,0,1,0,0,0,0,0,0,0,0,1
2992,2992,0,0,0c,00000,0,0,0,0,1,0,0,0,0,0,00681,0,01,0,1f,4,1,0,0,0,1,02,0,0,0,0,1,0,0,0,1,0,0,0,0,0,0,0,0,1
2993,2993,0,0,0c,00000,0,0,0,0,1,0,0,0,0,0,00682,0,01,0,1f,4,1,0,0,0,1,02,0,0,0,0,1,0,0,0,1,0,0,0,0,0,0,0,0,1
2994,2994,0,0,0c,00000,0,0,0,0,1,0,0,0,0,0,00683,0,01,0,1f,4,1,0,0,0,1,02,0,0,0,0,1,0,0,0,1,0,0,0,0,0,0,0,0,1
2995,2995,0,0,0c,00000,0,0,0,0,1,0,0,0,0,0,00684,0,01,0,1f,4,1,0,0,0,1,02,0,0,0,0,1,0,0,0,1,0,0,0,0,0,0,0,0,1
2996,2996,0,0,0c,00000,0,0,0,0,1,0,0,0,0,0,00685,0,01,0,1f,4,1,0,0,0,1,02,0,0,0,0,1,0,0,0,1,0,0,0,0,0,0,0,0,1
2997,2997,0,0,0c,00000,0,0,0,0,1,0,0,0,0,0,00686,0,01,0,1f,4,1,0,0,0,1,02,0,0,0,0,1,0,0,0,1,0,0,0,0,0,0,0,0,1
2998,2998,0,0,0c,00000,0,0,0,0,1,0,0,0,0,0,00687,0,01,0,1f,4,1,0,0,0,1,02,0,0,0,0,1,0,0,0,1,0,0,0,0,0,0,0,0,1
2999,2999,0,0,0c,00000,0,0,0,0,1,0,0,0,0,0,00688,0,01,0,1f,4,1,0,0,0,1,02,0,0,0,0,1,0,0,0,1,0,0,0,0,0,0,0,0,1
3000,3000,0,0,0c,00000,0,0,0,0,1,0,0,0,0,0,00689,0,01,0,1f,4,1,0,0,0,1,02,0,0,0,0,1,0,0,0,1,0,0,0,0,0,0,0,0,1
3001,3001,0,0,0c,00000,0,0,0,0,1,0,0,0,0,0,0068a,0,01,0,1f,4,1,0,0,0,1,02,0,0,0,0,1,0,0,0,1,0,0,0,0,0,0,0,0,1
3002,3002,0,0,0c,00000,0,0,0,0,1,0,0,0,0,0,0068b,0,01,0,1f,4,1,0,0,0,1,02,0,0,0,0,1,0,0,0,1,0,0,0,0,0,0,0,0,1
3003,3003,0,0,0c,00000,0,0,0,0,1,0,0,0,0,0,0068c,0,01,0,1f,4,1,0,0,0,1,02,0,0,0,0,1,0,0,0,1,0,0,0,0,0,0,0,0,1
3004,3004,0,0,0c,00000,0,0,0,0,1,0,0,0,0,0,0068d,0,01,0,1f,4,1,0,0,0,1,02,0,0,0,0,1,0,0,0,1,0,0,0,0,0,0,0,0,1
3005,3005,0,0,0c,00000,0,0,0,0,1,0,0,0,0,0,0068e,0,01,0,1f,4,1,0,0,0,1,02,0,0,0,0,1,0,0,0,1,0,0,0,0,0,0,0,0,1
3006,3006,0,0,0c,00000,0,0,0,0,1,0,0,0,0,0,0068f,0,01,0,1f,4,1,0,0,0,1,02,0,0,0,0,1,0,0,0,1,0,0,0,0,0,0,0,0,1
3007,3007,0,0,0c,00000,0,0,0,0,1,0,0,0,0,0,00690,0,01,0,1f,4,1,0,0,0,1,02,0,0,0,0,1,0,0,0,1,0,0,0,0,0,0,0,0,1
3008,3008,0,0,0c,00000,0,0,0,0,1,0,0,0,0,0,00691,0,01,0,1f,4,1,0,0,0,1,02,0,0,0,0,1,0,0,0,1,0,0,0,0,0,0,0,0,1
3009,3009,0,0,0c,00000,0,0,0,0,1,0,0,0,0,0,00692,0,01,0,1f,4,1,0,0,0,1,02,0,0,0,0,1,0,0,0,1,0,0,0,0,0,0,0,0,1
3010,3010,0,0,0c,00000,0,0,0,0,1,0,0,0,0,0,00693,0,01,0,1f,4,1,0,0,0,1,02,0,0,0,0,1,0,0,0,1,0,0,0,0,0,0,0,0,1
3011,3011,0,0,0c,00000,0,0,0,0,1,0,0,0,0,0,00694,0,01,0,1f,4,1,0,0,0,1,02,0,0,0,0,1,0,0,0,1,0,0,0,0,0,0,0,0,1
3012,3012,0,0,0c,00000,0,0,0,0,1,0,0,0,0,0,00695,0,01,0,1f,4,1,0,0,0,1,02,0,0,0,0,1,0,0,0,1,0,0,0,0,0,0,0,0,1
3013,3013,0,0,0c,00000,0,0,0,0,1,0,0,0,0,0,00696,0,01,0,1f,4,1,0,0,0,1,02,0,0,0,0,1,0,0,0,1,0,0,0,0,0,0,0,0,1
3014,3014,0,0,0c,00000,0,0,0,0,1,0,0,0,0,0,00697,0,01,0,1f,4,1,0,0,0,1,02,0,0,0,0,1,0,0,0,1,0,0,0,0,0,0,0,0,1
3015,3015,0,0,0c,00000,0,0,0,0,1,0,0,0,0,0,00698,0,01,0,1f,4,1,0,0,0,1,02,0,0,0,0,1,0,0,0,1,0,0,0,0,0,0,0,0,1
3016,3016,0,0,0c,00000,0,0,0,0,1,0,0,0,0,0,00699,0,01,0,1f,4,1,0,0,0,1,02,0,0,0,0,1,0,0,0,1,0,0,0,0,0,0,0,0,1
3017,3017,0,0,0c,00000,0,0,0,0,1,0,0,0,0,0,0069a,0,01,0,1f,4,1,0,0,0,1,02,0,0,0,0,1,0,0,0,1,0,0,0,0,0,0,0,0,1
3018,3018,0,0,0c,00000,0,0,0,0,1,0,0,0,0,0,0069b,0,01,0,1f,4,1,0,0,0,1,02,0,0,0,0,1,0,0,0,1,0,0,0,0,0,0,0,0,1
3019,3019,0,0,0c,00000,0,0,0,0,1,0,0,0,0,0,0069c,0,01,0,1f,4,1,0,0,0,1,02,0,0,0,0,1,0,0,0,1,0,0,0,0,0,0,0,0,1
3020,3020,0,0,0c,00000,0,0,0,0,1,0,0,0,0,0,0069d,0,01,0,1f,4,1,0,0,0,1,02,0,0,0,0,1,0,0,0,1,0,0,0,0,0,0,0,0,1
3021,3021,0,0,0c,00000,0,0,0,0,1,0,0,0,0,0,0069e,0,01,0,1f,4,1,0,0,0,1,02,0,0,0,0,1,0,0,0,1,0,0,0,0,0,0,0,0,1
3022,3022,0,0,0c,00000,0,0,0,0,1,0,0,0,0,0,0069f,0,01,0,1f,4,1,0,0,0,1,02,0,0,0,0,1,0,0,0,1,0,0,0,0,0,0,0,0,1
3023,3023,0,0,0c,00000,0,0,0,0,1,0,0,0,0,0,006a0,0,01,0,1f,4,1,0,0,0,1,02,0,0,0,0,1,0,0,0,1,0,0,0,0,0,0,0,0,1
3024,3024,0,0,0c,00000,0,0,0,0,1,0,0,0,0,0,006a1,0,01,0,1f,4,1,0,0,0,1,02,0,0,0,0,1,0,0,0,1,0,0,0,0,0,0,0,0,1
3025,3025,0,0,0c,00000,0,0,0,0,1,0,0,0,0,0,006a2,0,01,0,1f,4,1,0,0,0,1,02,0,0,0,0,1,0,0,0,1,0,0,0,0,0,0,0,0,1
3026,3026,0,0,0c,00000,0,0,0,0,1,0,0,0,0,0,006a3,0,01,0,1f,4,1,0,0,0,1,02,0,0,0,0,1,0,0,0,1,0,0,0,0,0,0,0,0,1
3027,3027,0,0,0c,00000,0,0,0,0,1,0,0,0,0,0,006a4,0,01,0,1f,4,1,0,0,0,1,02,0,0,0,0,1,0,0,0,1,0,0,0,0,0,0,0,0,1
3028,3028,0,0,0c,00000,0,0,0,0,1,0,0,0,0,0,006a5,0,01,0,1f,4,1,0,0,0,1,02,0,0,0,0,1,0,0,0,1,0,0,0,0,0,0,0,0,1
3029,3029,0,0,0c,00000,0,0,0,0,1,0,0,0,0,0,006a6,0,01,0,1f,4,1,0,0,0,1,02,0,0,0,0,1,0,0,0,1,0,0,0,0,0,0,0,0,1
3030,3030,0,0,0c,00000,0,0,0,0,1,0,0,0,0,0,006a7,0,01,0,1f,4,1,0,0,0,1,02,0,0,0,0,1,0,0,0,1,0,0,0,0,0,0,0,0,1
3031,3031,0,0,0c,00000,0,0,0,0,1,0,0,0,0,0,006a8,0,01,0,1f,4,1,0,0,0,1,02,0,0,0,0,1,0,0,0,1,0,0,0,0,0,0,0,0,1
3032,3032,0,0,0c,00000,0,0,0,0,1,0,0,0,0,0,006a9,0,01,0,1f,4,1,0,0,0,1,02,0,0,0,0,1,0,0,0,1,0,0,0,0,0,0,0,0,1
3033,3033,0,0,0c,00000,0,0,0,0,1,0,0,0,0,0,006aa,0,01,0,1f,4,1,0,0,0,1,02,0,0,0,0,1,0,0,0,1,0,0,0,0,0,0,0,0,1
3034,3034,0,0,0c,00000,0,0,0,0,1,0,0,0,0,0,006ab,0,01,0,1f,4,1,0,0,0,1,02,0,0,0,0,1,0,0,0,1,0,0,0,0,0,0,0,0,1
3035,3035,0,0,0c,00000,0,0,0,0,1,0,0,0,0,0,006ac,0,01,0,1f,4,1,0,0,0,1,02,0,0,0,0,1,0,0,0,1,0,0,0,0,0,0,0,0,1
3036,3036,0,0,0c,00000,0,0,0,0,1,0,0,0,0,0,006ad,0,01,0,1f,4,1,0,0,0,1,02,0,0,0,0,1,0,0,0,1,0,0,0,0,0,0,0,0,1
3037,3037,0,0,0c,00000,0,0,0,0,1,0,0,0,0,0,006ae,0,01,0,1f,4,1,0,0,0,1,02,0,0,0,0,1,0,0,0,1,0,0,0,0,0,0,0,0,1
3038,3038,0,0,0c,00000,0,0,0,0,1,0,0,0,0,0,006af,0,01,0,1f,4,1,0,0,0,1,02,0,0,0,0,1,0,0,0,1,0,0,0,0,0,0,0,0,1
3039,3039,0,0,0c,00000,0,0,0,0,1,0,0,0,0,0,006b0,0,01,0,1f,4,1,0,0,0,1,02,0,0,0,0,1,0,0,0,1,0,0,0,0,0,0,0,0,1
3040,3040,0,0,0c,00000,0,0,0,0,1,0,0,0,0,0,006b1,0,01,0,1f,4,1,0,0,0,1,02,0,0,0,0,1,0,0,0,1,0,0,0,0,0,0,0,0,1
3041,3041,0,0,0c,00000,0,0,0,0,1,0,0,0,0,0,006b2,0,01,0,1f,4,1,0,0,0,1,02,0,0,0,0,1,0,0,0,1,0,0,0,0,0,0,0,0,1
3042,3042,0,0,0c,00000,0,0,0,0,1,0,0,0,0,0,006b3,0,01,0,1f,4,1,0,0,0,1,02,0,0,0,0,1,0,0,0,1,0,0,0,0,0,0,0,0,1
3043,3043,0,0,0c,00000,0,0,0,0,1,0,0,0,0,0,006b4,0,01,0,1f,4,1,0,0,0,1,02,0,0,0,0,1,0,0,0,1,0,0,0,0,0,0,0,0,1
3044,3044,0,0,0c,00000,0,0,0,0,1,0,0,0,0,0,006b5,0,01,0,1f,4,1,0,0,0,1,02,0,0,0,0,1,0,0,0,1,0,0,0,0,0,0,0,0,1
3045,3045,0,0,0c,00000,0,0,0,0,1,0,0,0,0,0,006b6,0,01,0,1f,4,1,0,0,0,1,02,0,0,0,0,1,0,0,0,1,0,0,0,0,0,0,0,0,1
3046,3046,0,0,0c,00000,0,0,0,0,1,0,0,0,0,0,006b7,0,01,0,1f,4,1,0,0,0,1,02,0,0,0,0,1,0,0,0,1,0,0,0,0,0,0,0,0,1
3047,3047,0,0,0c,00000,0,0,0,0,1,0,0,0,0,0,006b8,0,01,0,1f,4,1,0,0,0,1,02,0,0,0,0,1,0,0,0,1,0,0,0,0,0,0,0,0,1
3048,3048,0,0,0c,00000,0,0,0,0,1,0,0,0,0,0,006b9,0,01,0,1f,4,1,0,0,0,1,02,0,0,0,0,1,0,0,0,1,0,0,0,0,0,0,0,0,1
3049,3049,0,0,0c,00000,0,0,0,0,1,0,0,0,0,0,006ba,0,01,0,1f,4,1,0,0,0,1,02,0,0,0,0,1,0,0,0,1,0,0,0,0,0,0,0,0,1
3050,3050,0,0,0c,00000,0,0,0,0,1,0,0,0,0,0,006bb,0,01,0,1f,4,1,0,0,0,1,02,0,0,0,0,1,0,0,0,1,0,0,0,0,0,0,0,0,1
3051,3051,0,0,0c,00000,0,0,0,0,1,0,0,0,0,0,006bc,0,01,0,1f,4,1,0,0,0,1,02,0,0,0,0,1,0,0,0,1,0,0,0,0,0,0,0,0,1
3052,3052,0,0,0c,00000,0,0,0,0,1,0,0,0,0,0,006bd,0,01,0,1f,4,1,0,0,0,1,02,0,0,0,0,1,0,0,0,1,0,0,0,0,0,0,0,0,1
3053,3053,0,0,0c,00000,0,0,0,0,1,0,0,0,0,0,006be,0,01,0,1f,4,1,0,0,0,1,02,0,0,0,0,1,0,0,0,1,0,0,0,0,0,0,0,0,1
3054,3054,0,0,0c,00000,0,0,0,0,1,0,0,0,0,0,006bf,0,01,0,1f,4,1,0,0,0,1,02,0,0,0,0,1,0,0,0,1,0,0,0,0,0,0,0,0,1
3055,3055,0,0,0c,00000,0,0,0,0,1,0,0,0,0,0,006c0,0,01,0,1f,4,1,0,0,0,1,02,0,0,0,0,1,0,0,0,1,0,0,0,0,0,0,0,0,1
3056,3056,0,0,0c,00000,0,0,0,0,1,0,0,0,0,0,006c1,0,01,0,1f,4,1,0,0,0,1,02,0,0,0,0,1,0,0,0,1,0,0,0,0,0,0,0,0,1
3057,3057,0,0,0c,00000,0,0,0,0,1,0,0,0,0,0,006c2,0,01,0,1f,4,1,0,0,0,1,02,0,0,0,0,1,0,0,0,1,0,0,0,0,0,0,0,0,1
3058,3058,0,0,0c,00000,0,0,0,0,1,0,0,0,0,0,006c3,0,01,0,1f,4,1,0,0,0,1,02,0,0,0,0,1,0,0,0,1,0,0,0,0,0,0,0,0,1
3059,3059,0,0,0c,00000,0,0,0,0,1,0,0,0,0,0,006c4,0,01,0,1f,4,1,0,0,0,1,02,0,0,0,0,1,0,0,0,1,0,0,0,0,0,0,0,0,1
3060,3060,0,0,0c,00000,0,0,0,0,1,0,0,0,0,0,006c5,0,01,0,1f,4,1,0,0,0,1,02,0,0,0,0,1,0,0,0,1,0,0,0,0,0,0,0,0,1
3061,3061,0,0,0c,00000,0,0,0,0,1,0,0,0,0,0,006c6,0,01,0,1f,4,1,0,0,0,1,02,0,0,0,0,1,0,0,0,1,0,0,0,0,0,0,0,0,1
3062,3062,0,0,0c,00000,0,0,0,0,1,0,0,0,0,0,006c7,0,01,0,1f,4,1,0,0,0,1,02,0,0,0,0,1,0,0,0,1,0,0,0,0,0,0,0,0,1
3063,3063,0,0,0c,00000,0,0,0,0,1,0,0,0,0,0,006c8,0,01,0,1f,4,1,0,0,0,1,02,0,0,0,0,1,0,0,0,1,0,0,0,0,0,0,0,0,1
3064,3064,0,0,0c,00000,0,0,0,0,1,0,0,0,0,0,006c9,0,01,0,1f,4,1,0,0,0,1,02,0,0,0,0,1,0,0,0,1,0,0,0,0,0,0,0,0,1
3065,3065,0,0,0c,00000,0,0,0,0,1,0,0,0,0,0,006ca,0,01,0,1f,4,1,0,0,0,1,02,0,0,0,0,1,0,0,0,1,0,0,0,0,0,0,0,0,1
3066,3066,0,0,0c,00000,0,0,0,0,1,0,0,0,0,0,006cb,0,01,0,1f,4,1,0,0,0,1,02,0,0,0,0,1,0,0,0,1,0,0,0,0,0,0,0,0,1
3067,3067,0,0,0c,00000,0,0,0,0,1,0,0,0,0,0,006cc,0,01,0,1f,4,1,0,0,0,1,02,0,0,0,0,1,0,0,0,1,0,0,0,0,0,0,0,0,1
3068,3068,0,0,0c,00000,0,0,0,0,1,0,0,0,0,0,006cd,0,01,0,1f,4,1,0,0,0,1,02,0,0,0,0,1,0,0,0,1,0,0,0,0,0,0,0,0,1
3069,3069,0,0,0c,00000,0,0,0,0,1,0,0,0,0,0,006ce,0,01,0,1f,4,1,0,0,0,1,02,0,0,0,0,1,0,0,0,1,0,0,0,0,0,0,0,0,1
3070,3070,0,0,0c,00000,0,0,0,0,1,0,0,0,0,0,006cf,0,01,0,1f,4,1,0,0,0,1,02,0,0,0,0,1,0,0,0,1,0,0,0,0,0,0,0,0,1
3071,3071,0,0,0c,00000,0,0,0,0,1,0,0,0,0,0,006d0,0,01,0,1f,4,1,0,0,0,1,02,0,0,0,0,1,0,0,0,1,0,0,0,0,0,0,0,0,1
3072,3072,0,0,0c,00000,0,0,0,0,1,0,0,0,0,0,006d1,0,01,0,1f,4,1,0,0,0,1,02,0,0,0,0,1,0,0,0,1,0,0,0,0,0,0,0,0,1
3073,3073,0,0,0c,00000,0,0,0,0,1,0,0,0,0,0,006d2,0,01,0,1f,4,1,0,0,0,1,02,0,0,0,0,1,0,0,0,1,0,0,0,0,0,0,0,0,1
3074,3074,0,0,0c,00000,0,0,0,0,1,0,0,0,0,0,006d3,0,01,0,1f,4,1,0,0,0,1,02,0,0,0,0,1,0,0,0,1,0,0,0,0,0,0,0,0,1
3075,3075,0,0,0c,00000,0,0,0,0,1,0,0,0,0,0,006d4,0,01,0,1f,4,1,0,0,0,1,02,0,0,0,0,1,0,0,0,1,0,0,0,0,0,0,0,0,1
3076,3076,0,0,0c,00000,0,0,0,0,1,0,0,0,0,0,006d5,0,01,0,1f,4,1,0,0,0,1,02,0,0,0,0,1,0,0,0,1,0,0,0,0,0,0,0,0,1
3077,3077,0,0,0c,00000,0,0,0,0,1,0,0,0,0,0,006d6,0,01,0,1f,4,1,0,0,0,1,02,0,0,0,0,1,0,0,0,1,0,0,0,0,0,0,0,0,1
3078,3078,0,0,0c,00000,0,0,0,0,1,0,0,0,0,0,006d7,0,01,0,1f,4,1,0,0,0,1,02,0,0,0,0,1,0,0,0,1,0,0,0,0,0,0,0,0,1
3079,3079,0,0,0c,00000,0,0,0,0,1,0,0,0,0,0,006d8,0,01,0,1f,4,1,0,0,0,1,02,0,0,0,0,1,0,0,0,1,0,0,0,0,0,0,0,0,1
3080,3080,0,0,0c,00000,0,0,0,0,1,0,0,0,0,0,006d9,0,01,0,1f,4,1,0,0,0,1,02,0,0,0,0,1,0,0,0,1,0,0,0,0,0,0,0,0,1
3081,3081,0,0,0c,00000,0,0,0,0,1,0,0,0,0,0,006da,0,01,0,1f,4,1,0,0,0,1,02,0,0,0,0,1,0,0,0,1,0,0,0,0,0,0,0,0,1
3082,3082,0,0,0c,00000,0,0,0,0,1,0,0,0,0,0,006db,0,01,0,1f,4,1,0,0,0,1,02,0,0,0,0,1,0,0,0,1,0,0,0,0,0,0,0,0,1
3083,3083,0,0,0c,00000,0,0,0,0,1,0,0,0,0,0,006dc,0,01,0,1f,4,1,0,0,0,1,02,0,0,0,0,1,0,0,0,1,0,0,0,0,0,0,0,0,1
3084,3084,0,0,0c,00000,0,0,0,0,1,0,0,0,0,0,006dd,0,01,0,1f,4,1,0,0,0,1,02,0,0,0,0,1,0,0,0,1,0,0,0,0,0,0,0,0,1
3085,3085,0,0,0c,00000,0,0,0,0,1,0,0,0,0,0,006de,0,01,0,1f,4,1,0,0,0,1,02,0,0,0,0,1,0,0,0,1,0,0,0,0,0,0,0,0,1
3086,3086,0,0,0c,00000,0,0,0,0,1,0,0,0,0,0,006df,0,01,0,1f,4,1,0,0,0,1,02,0,0,0,0,1,0,0,0,1,0,0,0,0,0,0,0,0,1
3087,3087,0,0,0c,00000,0,0,0,0,1,0,0,0,0,0,006e0,0,01,0,1f,4,1,0,0,0,1,02,0,0,0,0,1,0,0,0,1,0,0,0,0,0,0,0,0,1
3088,3088,0,0,0c,00000,0,0,0,0,1,0,0,0,0,0,006e1,0,01,0,1f,4,1,0,0,0,1,02,0,0,0,0,1,0,0,0,1,0,0,0,0,0,0,0,0,1
3089,3089,0,0,0c,00000,0,0,0,0,1,0,0,0,0,0,006e2,0,01,0,1f,4,1,0,0,0,1,02,0,0,0,0,1,0,0,0,1,0,0,0,0,0,0,0,0,1
3090,3090,0,0,0c,00000,0,0,0,0,1,0,0,0,0,0,006e3,0,01,0,1f,4,1,0,0,0,1,02,0,0,0,0,1,0,0,0,1,0,0,0,0,0,0,0,0,1
3091,3091,0,0,0c,00000,0,0,0,0,1,0,0,0,0,0,006e4,0,01,0,1f,4,1,0,0,0,1,02,0,0,0,0,1,0,0,0,1,0,0,0,0,0,0,0,0,1
3092,3092,0,0,0c,00000,0,0,0,0,1,0,0,0,0,0,006e5,0,01,0,1f,4,1,0,0,0,1,02,0,0,0,0,1,0,0,0,1,0,0,0,0,0,0,0,0,1
3093,3093,0,0,0c,00000,0,0,0,0,1,0,0,0,0,0,006e6,0,01,0,1f,4,1,0,0,0,1,02,0,0,0,0,1,0,0,0,1,0,0,0,0,0,0,0,0,1
3094,3094,0,0,0c,00000,0,0,0,0,1,0,0,0,0,0,006e7,0,01,0,1f,4,1,0,0,0,1,02,0,0,0,0,1,0,0,0,1,0,0,0,0,0,0,0,0,1
3095,3095,0,0,0c,00000,0,0,0,0,1,0,0,0,0,0,006e8,0,01,0,1f,4,1,0,0,0,1,02,0,0,0,0,1,0,0,0,1,0,0,0,0,0,0,0,0,1
3096,3096,0,0,0c,00000,0,0,0,0,1,0,0,0,0,0,006e9,0,01,0,1f,4,1,0,0,0,1,02,0,0,0,0,1,0,0,0,1,0,0,0,0,0,0,0,0,1
3097,3097,0,0,0c,00000,0,0,0,0,1,0,0,0,0,0,006ea,0,01,0,1f,4,1,0,0,0,1,02,0,0,0,0,1,0,0,0,1,0,0,0,0,0,0,0,0,1
3098,3098,0,0,0c,00000,0,0,0,0,1,0,0,0,0,0,006eb,0,01,0,1f,4,1,0,0,0,1,02,0,0,0,0,1,0,0,0,1,0,0,0,0,0,0,0,0,1
3099,3099,0,0,0c,00000,0,0,0,0,1,0,0,0,0,0,006ec,0,01,0,1f,4,1,0,0,0,1,02,0,0,0,0,1,0,0,0,1,0,0,0,0,0,0,0,0,1
3100,3100,0,0,0c,00000,0,0,0,0,1,0,0,0,0,0,006ed,0,01,0,1f,4,1,0,0,0,1,02,0,0,0,0,1,0,0,0,1,0,0,0,0,0,0,0,0,1
3101,3101,0,0,0c,00000,0,0,0,0,1,0,0,0,0,0,006ee,0,01,0,1f,4,1,0,0,0,1,02,0,0,0,0,1,0,0,0,1,0,0,0,0,0,0,0,0,1
3102,3102,0,0,0c,00000,0,0,0,0,1,0,0,0,0,0,006ef,0,01,0,1f,4,1,0,0,0,1,02,0,0,0,0,1,0,0,0,1,0,0,0,0,0,0,0,0,1
3103,3103,0,0,0c,00000,0,0,0,0,1,0,0,0,0,0,006f0,0,01,0,1f,4,1,0,0,0,1,02,0,0,0,0,1,0,0,0,1,0,0,0,0,0,0,0,0,1
3104,3104,0,0,0c,00000,0,0,0,0,1,0,0,0,0,0,006f1,0,01,0,1f,4,1,0,0,0,1,02,0,0,0,0,1,0,0,0,1,0,0,0,0,0,0,0,0,1
3105,3105,0,0,0c,00000,0,0,0,0,1,0,0,0,0,0,006f2,0,01,0,1f,4,1,0,0,0,1,02,0,0,0,0,1,0,0,0,1,0,0,0,0,0,0,0,0,1
3106,3106,0,0,0c,00000,0,0,0,0,1,0,0,0,0,0,006f3,0,01,0,1f,4,1,0,0,0,1,02,0,0,0,0,1,0,0,0,1,0,0,0,0,0,0,0,0,1
3107,3107,0,0,0c,00000,0,0,0,0,1,0,0,0,0,0,006f4,0,01,0,1f,4,1,0,0,0,1,02,0,0,0,0,1,0,0,0,1,0,0,0,0,0,0,0,0,1
3108,3108,0,0,0c,00000,0,0,0,0,1,0,0,0,0,0,006f5,0,01,0,1f,4,1,0,0,0,1,02,0,0,0,0,1,0,0,0,1,0,0,0,0,0,0,0,0,1
3109,3109,0,0,0c,00000,0,0,0,0,1,0,0,0,0,0,006f6,0,01,0,1f,4,1,0,0,0,1,02,0,0,0,0,1,0,0,0,1,0,0,0,0,0,0,0,0,1
3110,3110,0,0,0c,00000,0,0,0,0,1,0,0,0,0,0,006f7,0,01,0,1f,4,1,0,0,0,1,02,0,0,0,0,1,0,0,0,1,0,0,0,0,0,0,0,0,1
3111,3111,0,0,0c,00000,0,0,0,0,1,0,0,0,0,0,006f8,0,01,0,1f,4,1,0,0,0,1,02,0,0,0,0,1,0,0,0,1,0,0,0,0,0,0,0,0,1
3112,3112,0,0,0c,00000,0,0,0,0,1,0,0,0,0,0,006f9,0,01,0,1f,4,1,0,0,0,1,02,0,0,0,0,1,0,0,0,1,0,0,0,0,0,0,0,0,1
3113,3113,0,0,0c,00000,0,0,0,0,1,0,0,0,0,0,006fa,0,01,0,1f,4,1,0,0,0,1,02,0,0,0,0,1,0,0,0,1,0,0,0,0,0,0,0,0,1
3114,3114,0,0,0c,00000,0,0,0,0,1,0,0,0,0,0,006fb,0,01,0,1f,4,1,0,0,0,1,02,0,0,0,0,1,0,0,0,1,0,0,0,0,0,0,0,0,1
3115,3115,0,0,0c,00000,0,0,0,0,1,0,0,0,0,0,006fc,0,01,0,1f,4,1,0,0,0,1,02,0,0,0,0,1,0,0,0,1,0,0,0,0,0,0,0,0,1
3116,3116,0,0,0c,00000,0,0,0,0,1,0,0,0,0,0,006fd,0,01,0,1f,4,1,0,0,0,1,02,0,0,0,0,1,0,0,0,1,0,0,0,0,0,0,0,0,1
3117,3117,0,0,0c,00000,0,0,0,0,1,0,0,0,0,0,006fe,0,01,0,1f,4,1,0,0,0,1,02,0,0,0,0,1,0,0,0,1,0,0,0,0,0,0,0,0,1
3118,3118,0,0,0c,00000,0,0,0,0,1,0,0,0,0,0,006ff,0,01,0,1f,4,1,0,0,0,1,02,0,0,0,0,1,0,0,0,1,0,0,0,0,0,0,0,0,1
3119,3119,0,0,0c,00000,0,0,0,0,1,0,0,0,0,0,00700,0,01,0,1f,4,1,0,0,0,1,02,0,0,0,0,1,0,0,0,1,0,0,0,0,0,0,0,0,1
3120,3120,0,0,0c,00000,0,0,0,0,1,0,0,0,0,0,00701,0,01,0,1f,4,1,0,0,0,1,02,0,0,0,0,1,0,0,0,1,0,0,0,0,0,0,0,0,1
3121,3121,0,0,0c,00000,0,0,0,0,1,0,0,0,0,0,00702,0,01,0,1f,4,1,0,0,0,1,02,0,0,0,0,1,0,0,0,1,0,0,0,0,0,0,0,0,1
3122,3122,0,0,0c,00000,0,0,0,0,1,0,0,0,0,0,00703,0,01,0,1f,4,1,0,0,0,1,02,0,0,0,0,1,0,0,0,1,0,0,0,0,0,0,0,0,1
3123,3123,0,0,0c,00000,0,0,0,0,1,0,0,0,0,0,00704,0,01,0,1f,4,1,0,0,0,1,02,0,0,0,0,1,0,0,0,1,0,0,0,0,0,0,0,0,1
3124,3124,0,0,0c,00000,0,0,0,0,1,0,0,0,0,0,00705,0,01,0,1f,4,1,0,0,0,1,02,0,0,0,0,1,0,0,0,1,0,0,0,0,0,0,0,0,1
3125,3125,0,0,0c,00000,0,0,0,0,1,0,0,0,0,0,00706,0,01,0,1f,4,1,0,0,0,1,02,0,0,0,0,1,0,0,0,1,0,0,0,0,0,0,0,0,1
3126,3126,0,0,0c,00000,0,0,0,0,1,0,0,0,0,0,00707,0,01,0,1f,4,1,0,0,0,1,02,0,0,0,0,1,0,0,0,1,0,0,0,0,0,0,0,0,1
3127,3127,0,0,0c,00000,0,0,0,0,1,0,0,0,0,0,00708,0,01,0,1f,4,1,0,0,0,1,02,0,0,0,0,1,0,0,0,1,0,0,0,0,0,0,0,0,1
3128,3128,0,0,0c,00000,0,0,0,0,1,0,0,0,0,0,00709,0,01,0,1f,4,1,0,0,0,1,02,0,0,0,0,1,0,0,0,1,0,0,0,0,0,0,0,0,1
3129,3129,0,0,0c,00000,0,0,0,0,1,0,0,0,0,0,0070a,0,01,0,1f,4,1,0,0,0,1,02,0,0,0,0,1,0,0,0,1,0,0,0,0,0,0,0,0,1
3130,3130,0,0,0c,00000,0,0,0,0,1,0,0,0,0,0,0070b,0,01,0,1f,4,1,0,0,0,1,02,0,0,0,0,1,0,0,0,1,0,0,0,0,0,0,0,0,1
3131,3131,0,0,0c,00000,0,0,0,0,1,0,0,0,0,0,0070c,0,01,0,1f,4,1,0,0,0,1,02,0,0,0,0,1,0,0,0,1,0,0,0,0,0,0,0,0,1
3132,3132,0,0,0c,00000,0,0,0,0,1,0,0,0,0,0,0070d,0,01,0,1f,4,1,0,0,0,1,02,0,0,0,0,1,0,0,0,1,0,0,0,0,0,0,0,0,1
3133,3133,0,0,0c,00000,0,0,0,0,1,0,0,0,0,0,0070e,0,01,0,1f,4,1,0,0,0,1,02,0,0,0,0,1,0,0,0,1,0,0,0,0,0,0,0,0,1
3134,3134,0,0,0c,00000,0,0,0,0,1,0,0,0,0,0,0070f,0,01,0,1f,4,1,0,0,0,1,02,0,0,0,0,1,0,0,0,1,0,0,0,0,0,0,0,0,1
3135,3135,0,0,0c,00000,0,0,0,0,1,0,0,0,0,0,00710,0,01,0,1f,4,1,0,0,0,1,02,0,0,0,0,1,0,0,0,1,0,0,0,0,0,0,0,0,1
3136,3136,0,0,0c,00000,0,0,0,0,1,0,0,0,0,0,00711,0,01,0,1f,4,1,0,0,0,1,02,0,0,0,0,1,0,0,0,1,0,0,0,0,0,0,0,0,1
3137,3137,0,0,0c,00000,0,0,0,0,1,0,0,0,0,0,00712,0,01,0,1f,4,1,0,0,0,1,02,0,0,0,0,1,0,0,0,1,0,0,0,0,0,0,0,0,1
3138,3138,0,0,0c,00000,0,0,0,0,1,0,0,0,0,0,00713,0,01,0,1f,4,1,0,0,0,1,02,0,0,0,0,1,0,0,0,1,0,0,0,0,0,0,0,0,1
3139,3139,0,0,0c,00000,0,0,0,0,1,0,0,0,0,0,00714,0,01,0,1f,4,1,0,0,0,1,02,0,0,0,0,1,0,0,0,1,0,0,0,0,0,0,0,0,1
3140,3140,0,0,0c,00000,0,0,0,0,1,0,0,0,0,0,00715,0,01,0,1f,4,1,0,0,0,1,02,0,0,0,0,1,0,0,0,1,0,0,0,0,0,0,0,0,1
3141,3141,0,0,0c,00000,0,0,0,0,1,0,0,0,0,0,00716,0,01,0,1f,4,1,0,0,0,1,02,0,0,0,0,1,0,0,0,1,0,0,0,0,0,0,0,0,1
3142,3142,0,0,0c,00000,0,0,0,0,1,0,0,0,0,0,00717,0,01,0,1f,4,1,0,0,0,1,02,0,0,0,0,1,0,0,0,1,0,0,0,0,0,0,0,0,1
3143,3143,0,0,0c,00000,0,0,0,0,1,0,0,0,0,0,00718,0,01,0,1f,4,1,0,0,0,1,02,0,0,0,0,1,0,0,0,1,0,0,0,0,0,0,0,0,1
3144,3144,0,0,0c,00000,0,0,0,0,1,0,0,0,0,0,00719,0,01,0,1f,4,1,0,0,0,1,02,0,0,0,0,1,0,0,0,1,0,0,0,0,0,0,0,0,1
3145,3145,0,0,0c,00000,0,0,0,0,1,0,0,0,0,0,0071a,0,01,0,1f,4,1,0,0,0,1,02,0,0,0,0,1,0,0,0,1,0,0,0,0,0,0,0,0,1
3146,3146,0,0,0c,00000,0,0,0,0,1,0,0,0,0,0,0071b,0,01,0,1f,4,1,0,0,0,1,02,0,0,0,0,1,0,0,0,1,0,0,0,0,0,0,0,0,1
3147,3147,0,0,0c,00000,0,0,0,0,1,0,0,0,0,0,0071c,0,01,0,1f,4,1,0,0,0,1,02,0,0,0,0,1,0,0,0,1,0,0,0,0,0,0,0,0,1
3148,3148,0,0,0c,00000,0,0,0,0,1,0,0,0,0,0,0071d,0,01,0,1f,4,1,0,0,0,1,02,0,0,0,0,1,0,0,0,1,0,0,0,0,0,0,0,0,1
3149,3149,0,0,0c,00000,0,0,0,0,1,0,0,0,0,0,0071e,0,01,0,1f,4,1,0,0,0,1,02,0,0,0,0,1,0,0,0,1,0,0,0,0,0,0,0,0,1
3150,3150,0,0,0c,00000,0,0,0,0,1,0,0,0,0,0,0071f,0,01,0,1f,4,1,0,0,0,1,02,0,0,0,0,1,0,0,0,1,0,0,0,0,0,0,0,0,1
3151,3151,0,0,0c,00000,0,0,0,0,1,0,0,0,0,0,00720,0,01,0,1f,4,1,0,0,0,1,02,0,0,0,0,1,0,0,0,1,0,0,0,0,0,0,0,0,1
3152,3152,0,0,0c,00000,0,0,0,0,1,0,0,0,0,0,00721,0,01,0,1f,4,1,0,0,0,1,02,0,0,0,0,1,0,0,0,1,0,0,0,0,0,0,0,0,1
3153,3153,0,0,0c,00000,0,0,0,0,1,0,0,0,0,0,00722,0,01,0,1f,4,1,0,0,0,1,02,0,0,0,0,1,0,0,0,1,0,0,0,0,0,0,0,0,1
3154,3154,0,0,0c,00000,0,0,0,0,1,0,0,0,0,0,00723,0,01,0,1f,4,1,0,0,0,1,02,0,0,0,0,1,0,0,0,1,0,0,0,0,0,0,0,0,1
3155,3155,0,0,0c,00000,0,0,0,0,1,0,0,0,0,0,00724,0,01,0,1f,4,1,0,0,0,1,02,0,0,0,0,1,0,0,0,1,0,0,0,0,0,0,0,0,1
3156,3156,0,0,0c,00000,0,0,0,0,1,0,0,0,0,0,00725,0,01,0,1f,4,1,0,0,0,1,02,0,0,0,0,1,0,0,0,1,0,0,0,0,0,0,0,0,1
3157,3157,0,0,0c,00000,0,0,0,0,1,0,0,0,0,0,00726,0,01,0,1f,4,1,0,0,0,1,02,0,0,0,0,1,0,0,0,1,0,0,0,0,0,0,0,0,1
3158,3158,0,0,0c,00000,0,0,0,0,1,0,0,0,0,0,00727,0,01,0,1f,4,1,0,0,0,1,02,0,0,0,0,1,0,0,0,1,0,0,0,0,0,0,0,0,1
3159,3159,0,0,0c,00000,0,0,0,0,1,0,0,0,0,0,00728,0,01,0,1f,4,1,0,0,0,1,02,0,0,0,0,1,0,0,0,1,0,0,0,0,0,0,0,0,1
3160,3160,0,0,0c,00000,0,0,0,0,1,0,0,0,0,0,00729,0,01,0,1f,4,1,0,0,0,1,02,0,0,0,0,1,0,0,0,1,0,0,0,0,0,0,0,0,1
3161,3161,0,0,0c,00000,0,0,0,0,1,0,0,0,0,0,0072a,0,01,0,1f,4,1,0,0,0,1,02,0,0,0,0,1,0,0,0,1,0,0,0,0,0,0,0,0,1
3162,3162,0,0,0c,00000,0,0,0,0,1,0,0,0,0,0,0072b,0,01,0,1f,4,1,0,0,0,1,02,0,0,0,0,1,0,0,0,1,0,0,0,0,0,0,0,0,1
3163,3163,0,0,0c,00000,0,0,0,0,1,0,0,0,0,0,0072c,0,01,0,1f,4,1,0,0,0,1,02,0,0,0,0,1,0,0,0,1,0,0,0,0,0,0,0,0,1
3164,3164,0,0,0c,00000,0,0,0,0,1,0,0,0,0,0,0072d,0,01,0,1f,4,1,0,0,0,1,02,0,0,0,0,1,0,0,0,1,0,0,0,0,0,0,0,0,1
3165,3165,0,0,0c,00000,0,0,0,0,1,0,0,0,0,0,0072e,0,01,0,1f,4,1,0,0,0,1,02,0,0,0,0,1,0,0,0,1,0,0,0,0,0,0,0,0,1
3166,3166,0,0,0c,00000,0,0,0,0,1,0,0,0,0,0,0072f,0,01,0,1f,4,1,0,0,0,1,02,0,0,0,0,1,0,0,0,1,0,0,0,0,0,0,0,0,1
3167,3167,0,0,0c,00000,0,0,0,0,1,0,0,0,0,0,00730,0,01,0,1f,4,1,0,0,0,1,02,0,0,0,0,1,0,0,0,1,0,0,0,0,0,0,0,0,1
3168,3168,0,0,0c,00000,0,0,0,0,1,0,0,0,0,0,00731,0,01,0,1f,4,1,0,0,0,1,02,0,0,0,0,1,0,0,0,1,0,0,0,0,0,0,0,0,1
3169,3169,0,0,0c,00000,0,0,0,0,1,0,0,0,0,0,00732,0,01,0,1f,4,1,0,0,0,1,02,0,0,0,0,1,0,0,0,1,0,0,0,0,0,0,0,0,1
3170,3170,0,0,0c,00000,0,0,0,0,1,0,0,0,0,0,00733,0,01,0,1f,4,1,0,0,0,1,02,0,0,0,0,1,0,0,0,1,0,0,0,0,0,0,0,0,1
3171,3171,0,0,0c,00000,0,0,0,0,1,0,0,0,0,0,00734,0,01,0,1f,4,1,0,0,0,1,02,0,0,0,0,1,0,0,0,1,0,0,0,0,0,0,0,0,1
3172,3172,0,0,0c,00000,0,0,0,0,1,0,0,0,0,0,00735,0,01,0,1f,4,1,0,0,0,1,02,0,0,0,0,1,0,0,0,1,0,0,0,0,0,0,0,0,1
3173,3173,0,0,0c,00000,0,0,0,0,1,0,0,0,0,0,00736,0,01,0,1f,4,1,0,0,0,1,02,0,0,0,0,1,0,0,0,1,0,0,0,0,0,0,0,0,1
3174,3174,0,0,0c,00000,0,0,0,0,1,0,0,0,0,0,00737,0,01,0,1f,4,1,0,0,0,1,02,0,0,0,0,1,0,0,0,1,0,0,0,0,0,0,0,0,1
3175,3175,0,0,0c,00000,0,0,0,0,1,0,0,0,0,0,00738,0,01,0,1f,4,1,0,0,0,1,02,0,0,0,0,1,0,0,0,1,0,0,0,0,0,0,0,0,1
3176,3176,0,0,0c,00000,0,0,0,0,1,0,0,0,0,0,00739,0,01,0,1f,4,1,0,0,0,1,02,0,0,0,0,1,0,0,0,1,0,0,0,0,0,0,0,0,1
3177,3177,0,0,0c,00000,0,0,0,0,1,0,0,0,0,0,0073a,0,01,0,1f,4,1,0,0,0,1,02,0,0,0,0,1,0,0,0,1,0,0,0,0,0,0,0,0,1
3178,3178,0,0,0c,00000,0,0,0,0,1,0,0,0,0,0,0073b,0,01,0,1f,4,1,0,0,0,1,02,0,0,0,0,1,0,0,0,1,0,0,0,0,0,0,0,0,1
3179,3179,0,0,0c,00000,0,0,0,0,1,0,0,0,0,0,0073c,0,01,0,1f,4,1,0,0,0,1,02,0,0,0,0,1,0,0,0,1,0,0,0,0,0,0,0,0,1
3180,3180,0,0,0c,00000,0,0,0,0,1,0,0,0,0,0,0073d,0,01,0,1f,4,1,0,0,0,1,02,0,0,0,0,1,0,0,0,1,0,0,0,0,0,0,0,0,1
3181,3181,0,0,0c,00000,0,0,0,0,1,0,0,0,0,0,0073e,0,01,0,1f,4,1,0,0,0,1,02,0,0,0,0,1,0,0,0,1,0,0,0,0,0,0,0,0,1
3182,3182,0,0,0c,00000,0,0,0,0,1,0,0,0,0,0,0073f,0,01,0,1f,4,1,0,0,0,1,02,0,0,0,0,1,0,0,0,1,0,0,0,0,0,0,0,0,1
3183,3183,0,0,0c,00000,0,0,0,0,1,0,0,0,0,0,00740,0,01,0,1f,4,1,0,0,0,1,02,0,0,0,0,1,0,0,0,1,0,0,0,0,0,0,0,0,1
3184,3184,0,0,0c,00000,0,0,0,0,1,0,0,0,0,0,00741,0,01,0,1f,4,1,0,0,0,1,02,0,0,0,0,1,0,0,0,1,0,0,0,0,0,0,0,0,1
3185,3185,0,0,0c,00000,0,0,0,0,1,0,0,0,0,0,00742,0,01,0,1f,4,1,0,0,0,1,02,0,0,0,0,1,0,0,0,1,0,0,0,0,0,0,0,0,1
3186,3186,0,0,0c,00000,0,0,0,0,1,0,0,0,0,0,00743,0,01,0,1f,4,1,0,0,0,1,02,0,0,0,0,1,0,0,0,1,0,0,0,0,0,0,0,0,1
3187,3187,0,0,0c,00000,0,0,0,0,1,0,0,0,0,0,00744,0,01,0,1f,4,1,0,0,0,1,02,0,0,0,0,1,0,0,0,1,0,0,0,0,0,0,0,0,1
3188,3188,0,0,0c,00000,0,0,0,0,1,0,0,0,0,0,00745,0,01,0,1f,4,1,0,0,0,1,02,0,0,0,0,1,0,0,0,1,0,0,0,0,0,0,0,0,1
3189,3189,0,0,0c,00000,0,0,0,0,1,0,0,0,0,0,00746,0,01,0,1f,4,1,0,0,0,1,02,0,0,0,0,1,0,0,0,1,0,0,0,0,0,0,0,0,1
3190,3190,0,0,0c,00000,0,0,0,0,1,0,0,0,0,0,00747,0,01,0,1f,4,1,0,0,0,1,02,0,0,0,0,1,0,0,0,1,0,0,0,0,0,0,0,0,1
3191,3191,0,0,0c,00000,0,0,0,0,1,0,0,0,0,0,00748,0,01,0,1f,4,1,0,0,0,1,02,0,0,0,0,1,0,0,0,1,0,0,0,0,0,0,0,0,1
3192,3192,0,0,0c,00000,0,0,0,0,1,0,0,0,0,0,00749,0,01,0,1f,4,1,0,0,0,1,02,0,0,0,0,1,0,0,0,1,0,0,0,0,0,0,0,0,1
3193,3193,0,0,0c,00000,0,0,0,0,1,0,0,0,0,0,0074a,0,01,0,1f,4,1,0,0,0,1,02,0,0,0,0,1,0,0,0,1,0,0,0,0,0,0,0,0,1
3194,3194,0,0,0c,00000,0,0,0,0,1,0,0,0,0,0,0074b,0,01,0,1f,4,1,0,0,0,1,02,0,0,0,0,1,0,0,0,1,0,0,0,0,0,0,0,0,1
3195,3195,0,0,0c,00000,0,0,0,0,1,0,0,0,0,0,0074c,0,01,0,1f,4,1,0,0,0,1,02,0,0,0,0,1,0,0,0,1,0,0,0,0,0,0,0,0,1
3196,3196,0,0,0c,00000,0,0,0,0,1,0,0,0,0,0,0074d,0,01,0,1f,4,1,0,0,0,1,02,0,0,0,0,1,0,0,0,1,0,0,0,0,0,0,0,0,1
3197,3197,0,0,0c,00000,0,0,0,0,1,0,0,0,0,0,0074e,0,01,0,1f,4,1,0,0,0,1,02,0,0,0,0,1,0,0,0,1,0,0,0,0,0,0,0,0,1
3198,3198,0,0,0c,00000,0,0,0,0,1,0,0,0,0,0,0074f,0,01,0,1f,4,1,0,0,0,1,02,0,0,0,0,1,0,0,0,1,0,0,0,0,0,0,0,0,1
3199,3199,0,0,0c,00000,0,0,0,0,1,0,0,0,0,0,00750,0,01,0,1f,4,1,0,0,0,1,02,0,0,0,0,1,0,0,0,1,0,0,0,0,0,0,0,0,1
3200,3200,0,0,0c,00000,0,0,0,0,1,0,0,0,0,0,00751,0,01,0,1f,4,1,0,0,0,1,02,0,0,0,0,1,0,0,0,1,0,0,0,0,0,0,0,0,1
3201,3201,0,0,0c,00000,0,0,0,0,1,0,0,0,0,0,00752,0,01,0,1f,4,1,0,0,0,1,02,0,0,0,0,1,0,0,0,1,0,0,0,0,0,0,0,0,1
3202,3202,0,0,0c,00000,0,0,0,0,1,0,0,0,0,0,00753,0,01,0,1f,4,1,0,0,0,1,02,0,0,0,0,1,0,0,0,1,0,0,0,0,0,0,0,0,1
3203,3203,0,0,0c,00000,0,0,0,0,1,0,0,0,0,0,00754,0,01,0,1f,4,1,0,0,0,1,02,0,0,0,0,1,0,0,0,1,0,0,0,0,0,0,0,0,1
3204,3204,0,0,0c,00000,0,0,0,0,1,0,0,0,0,0,00755,0,01,0,1f,4,1,0,0,0,1,02,0,0,0,0,1,0,0,0,1,0,0,0,0,0,0,0,0,1
3205,3205,0,0,0c,00000,0,0,0,0,1,0,0,0,0,0,00756,0,01,0,1f,4,1,0,0,0,1,02,0,0,0,0,1,0,0,0,1,0,0,0,0,0,0,0,0,1
3206,3206,0,0,0c,00000,0,0,0,0,1,0,0,0,0,0,00757,0,01,0,1f,4,1,0,0,0,1,02,0,0,0,0,1,0,0,0,1,0,0,0,0,0,0,0,0,1
3207,3207,0,0,0c,00000,0,0,0,0,1,0,0,0,0,0,00758,0,01,0,1f,4,1,0,0,0,1,02,0,0,0,0,1,0,0,0,1,0,0,0,0,0,0,0,0,1
3208,3208,0,0,0c,00000,0,0,0,0,1,0,0,0,0,0,00759,0,01,0,1f,4,1,0,0,0,1,02,0,0,0,0,1,0,0,0,1,0,0,0,0,0,0,0,0,1
3209,3209,0,0,0c,00000,0,0,0,0,1,0,0,0,0,0,0075a,0,01,0,1f,4,1,0,0,0,1,02,0,0,0,0,1,0,0,0,1,0,0,0,0,0,0,0,0,1
3210,3210,0,0,0c,00000,0,0,0,0,1,0,0,0,0,0,0075b,0,01,0,1f,4,1,0,0,0,1,02,0,0,0,0,1,0,0,0,1,0,0,0,0,0,0,0,0,1
3211,3211,0,0,0c,00000,0,0,0,0,1,0,0,0,0,0,0075c,0,01,0,1f,4,1,0,0,0,1,02,0,0,0,0,1,0,0,0,1,0,0,0,0,0,0,0,0,1
3212,3212,0,0,0c,00000,0,0,0,0,1,0,0,0,0,0,0075d,0,01,0,1f,4,1,0,0,0,1,02,0,0,0,0,1,0,0,0,1,0,0,0,0,0,0,0,0,1
3213,3213,0,0,0c,00000,0,0,0,0,1,0,0,0,0,0,0075e,0,01,0,1f,4,1,0,0,0,1,02,0,0,0,0,1,0,0,0,1,0,0,0,0,0,0,0,0,1
3214,3214,0,0,0c,00000,0,0,0,0,1,0,0,0,0,0,0075f,0,01,0,1f,4,1,0,0,0,1,02,0,0,0,0,1,0,0,0,1,0,0,0,0,0,0,0,0,1
3215,3215,0,0,0c,00000,0,0,0,0,1,0,0,0,0,0,00760,0,01,0,1f,4,1,0,0,0,1,02,0,0,0,0,1,0,0,0,1,0,0,0,0,0,0,0,0,1
3216,3216,0,0,0c,00000,0,0,0,0,1,0,0,0,0,0,00761,0,01,0,1f,4,1,0,0,0,1,02,0,0,0,0,1,0,0,0,1,0,0,0,0,0,0,0,0,1
3217,3217,0,0,0c,00000,0,0,0,0,1,0,0,0,0,0,00762,0,01,0,1f,4,1,0,0,0,1,02,0,0,0,0,1,0,0,0,1,0,0,0,0,0,0,0,0,1
3218,3218,0,0,0c,00000,0,0,0,0,1,0,0,0,0,0,00763,0,01,0,1f,4,1,0,0,0,1,02,0,0,0,0,1,0,0,0,1,0,0,0,0,0,0,0,0,1
3219,3219,0,0,0c,00000,0,0,0,0,1,0,0,0,0,0,00764,0,01,0,1f,4,1,0,0,0,1,02,0,0,0,0,1,0,0,0,1,0,0,0,0,0,0,0,0,1
3220,3220,0,0,0c,00000,0,0,0,0,1,0,0,0,0,0,00765,0,01,0,1f,4,1,0,0,0,1,02,0,0,0,0,1,0,0,0,1,0,0,0,0,0,0,0,0,1
3221,3221,0,0,0c,00000,0,0,0,0,1,0,0,0,0,0,00766,0,01,0,1f,4,1,0,0,0,1,02,0,0,0,0,1,0,0,0,1,0,0,0,0,0,0,0,0,1
3222,3222,0,0,0c,00000,0,0,0,0,1,0,0,0,0,0,00767,0,01,0,1f,4,1,0,0,0,1,02,0,0,0,0,1,0,0,0,1,0,0,0,0,0,0,0,0,1
3223,3223,0,0,0c,00000,0,0,0,0,1,0,0,0,0,0,00768,0,01,0,1f,4,1,0,0,0,1,02,0,0,0,0,1,0,0,0,1,0,0,0,0,0,0,0,0,1
3224,3224,0,0,0c,00000,0,0,0,0,1,0,0,0,0,0,00769,0,01,0,1f,4,1,0,0,0,1,02,0,0,0,0,1,0,0,0,1,0,0,0,0,0,0,0,0,1
3225,3225,0,0,0c,00000,0,0,0,0,1,0,0,0,0,0,0076a,0,01,0,1f,4,1,0,0,0,1,02,0,0,0,0,1,0,0,0,1,0,0,0,0,0,0,0,0,1
3226,3226,0,0,0c,00000,0,0,0,0,1,0,0,0,0,0,0076b,0,01,0,1f,4,1,0,0,0,1,02,0,0,0,0,1,0,0,0,1,0,0,0,0,0,0,0,0,1
3227,3227,0,0,0c,00000,0,0,0,0,1,0,0,0,0,0,0076c,0,01,0,1f,4,1,0,0,0,1,02,0,0,0,0,1,0,0,0,1,0,0,0,0,0,0,0,0,1
3228,3228,0,0,0c,00000,0,0,0,0,1,0,0,0,0,0,0076d,0,01,0,1f,4,1,0,0,0,1,02,0,0,0,0,1,0,0,0,1,0,0,0,0,0,0,0,0,1
3229,3229,0,0,0c,00000,0,0,0,0,1,0,0,0,0,0,0076e,0,01,0,1f,4,1,0,0,0,1,02,0,0,0,0,1,0,0,0,1,0,0,0,0,0,0,0,0,1
3230,3230,0,0,0c,00000,0,0,0,0,1,0,0,0,0,0,0076f,0,01,0,1f,4,1,0,0,0,1,02,0,0,0,0,1,0,0,0,1,0,0,0,0,0,0,0,0,1
3231,3231,0,0,0c,00000,0,0,0,0,1,0,0,0,0,0,00770,0,01,0,1f,4,1,0,0,0,1,02,0,0,0,0,1,0,0,0,1,0,0,0,0,0,0,0,0,1
3232,3232,0,0,0c,00000,0,0,0,0,1,0,0,0,0,0,00771,0,01,0,1f,4,1,0,0,0,1,02,0,0,0,0,1,0,0,0,1,0,0,0,0,0,0,0,0,1
3233,3233,0,0,0c,00000,0,0,0,0,1,0,0,0,0,0,00772,0,01,0,1f,4,1,0,0,0,1,02,0,0,0,0,1,0,0,0,1,0,0,0,0,0,0,0,0,1
3234,3234,0,0,0c,00000,0,0,0,0,1,0,0,0,0,0,00773,0,01,0,1f,4,1,0,0,0,1,02,0,0,0,0,1,0,0,0,1,0,0,0,0,0,0,0,0,1
3235,3235,0,0,0c,00000,0,0,0,0,1,0,0,0,0,0,00774,0,01,0,1f,4,1,0,0,0,1,02,0,0,0,0,1,0,0,0,1,0,0,0,0,0,0,0,0,1
3236,3236,0,0,0c,00000,0,0,0,0,1,0,0,0,0,0,00775,0,01,0,1f,4,1,0,0,0,1,02,0,0,0,0,1,0,0,0,1,0,0,0,0,0,0,0,0,1
3237,3237,0,0,0c,00000,0,0,0,0,1,0,0,0,0,0,00776,0,01,0,1f,4,1,0,0,0,1,02,0,0,0,0,1,0,0,0,1,0,0,0,0,0,0,0,0,1
3238,3238,0,0,0c,00000,0,0,0,0,1,0,0,0,0,0,00777,0,01,0,1f,4,1,0,0,0,1,02,0,0,0,0,1,0,0,0,1,0,0,0,0,0,0,0,0,1
3239,3239,0,0,0c,00000,0,0,0,0,1,0,0,0,0,0,00778,0,01,0,1f,4,1,0,0,0,1,02,0,0,0,0,1,0,0,0,1,0,0,0,0,0,0,0,0,1
3240,3240,0,0,0c,00000,0,0,0,0,1,0,0,0,0,0,00779,0,01,0,1f,4,1,0,0,0,1,02,0,0,0,0,1,0,0,0,1,0,0,0,0,0,0,0,0,1
3241,3241,0,0,0c,00000,0,0,0,0,1,0,0,0,0,0,0077a,0,01,0,1f,4,1,0,0,0,1,02,0,0,0,0,1,0,0,0,1,0,0,0,0,0,0,0,0,1
3242,3242,0,0,0c,00000,0,0,0,0,1,0,0,0,0,0,0077b,0,01,0,1f,4,1,0,0,0,1,02,0,0,0,0,1,0,0,0,1,0,0,0,0,0,0,0,0,1
3243,3243,0,0,0c,00000,0,0,0,0,1,0,0,0,0,0,0077c,0,01,0,1f,4,1,0,0,0,1,02,0,0,0,0,1,0,0,0,1,0,0,0,0,0,0,0,0,1
3244,3244,0,0,0c,00000,0,0,0,0,1,0,0,0,0,0,0077d,0,01,0,1f,4,1,0,0,0,1,02,0,0,0,0,1,0,0,0,1,0,0,0,0,0,0,0,0,1
3245,3245,0,0,0c,00000,0,0,0,0,1,0,0,0,0,0,0077e,0,01,0,1f,4,1,0,0,0,1,02,0,0,0,0,1,0,0,0,1,0,0,0,0,0,0,0,0,1
3246,3246,0,0,0c,00000,0,0,0,0,1,0,0,0,0,0,0077f,0,01,0,1f,4,1,0,0,0,1,02,0,0,0,0,1,0,0,0,1,0,0,0,0,0,0,0,0,1
3247,3247,0,0,0c,00000,0,0,0,0,1,0,0,0,0,0,00780,0,01,0,1f,4,1,0,0,0,1,02,0,0,0,0,1,0,0,0,1,0,0,0,0,0,0,0,0,1
3248,3248,0,0,0c,00000,0,0,0,0,1,0,0,0,0,0,00781,0,01,0,1f,4,1,0,0,0,1,02,0,0,0,0,1,0,0,0,1,0,0,0,0,0,0,0,0,1
3249,3249,0,0,0c,00000,0,0,0,0,1,0,0,0,0,0,00782,0,01,0,1f,4,1,0,0,0,1,02,0,0,0,0,1,0,0,0,1,0,0,0,0,0,0,0,0,1
3250,3250,0,0,0c,00000,0,0,0,0,1,0,0,0,0,0,00783,0,01,0,1f,4,1,0,0,0,1,02,0,0,0,0,1,0,0,0,1,0,0,0,0,0,0,0,0,1
3251,3251,0,0,0c,00000,0,0,0,0,1,0,0,0,0,0,00784,0,01,0,1f,4,1,0,0,0,1,02,0,0,0,0,1,0,0,0,1,0,0,0,0,0,0,0,0,1
3252,3252,0,0,0c,00000,0,0,0,0,1,0,0,0,0,0,00785,0,01,0,1f,4,1,0,0,0,1,02,0,0,0,0,1,0,0,0,1,0,0,0,0,0,0,0,0,1
3253,3253,0,0,0c,00000,0,0,0,0,1,0,0,0,0,0,00786,0,01,0,1f,4,1,0,0,0,1,02,0,0,0,0,1,0,0,0,1,0,0,0,0,0,0,0,0,1
3254,3254,0,0,0c,00000,0,0,0,0,1,0,0,0,0,0,00787,0,01,0,1f,4,1,0,0,0,1,02,0,0,0,0,1,0,0,0,1,0,0,0,0,0,0,0,0,1
3255,3255,0,0,0c,00000,0,0,0,0,1,0,0,0,0,0,00788,0,01,0,1f,4,1,0,0,0,1,02,0,0,0,0,1,0,0,0,1,0,0,0,0,0,0,0,0,1
3256,3256,0,0,0c,00000,0,0,0,0,1,0,0,0,0,0,00789,0,01,0,1f,4,1,0,0,0,1,02,0,0,0,0,1,0,0,0,1,0,0,0,0,0,0,0,0,1
3257,3257,0,0,0c,00000,0,0,0,0,1,0,0,0,0,0,0078a,0,01,0,1f,4,1,0,0,0,1,02,0,0,0,0,1,0,0,0,1,0,0,0,0,0,0,0,0,1
3258,3258,0,0,0c,00000,0,0,0,0,1,0,0,0,0,0,0078b,0,01,0,1f,4,1,0,0,0,1,02,0,0,0,0,1,0,0,0,1,0,0,0,0,0,0,0,0,1
3259,3259,0,0,0c,00000,0,0,0,0,1,0,0,0,0,0,0078c,0,01,0,1f,4,1,0,0,0,1,02,0,0,0,0,1,0,0,0,1,0,0,0,0,0,0,0,0,1
3260,3260,0,0,0c,00000,0,0,0,0,1,0,0,0,0,0,0078d,0,01,0,1f,4,1,0,0,0,1,02,0,0,0,0,1,0,0,0,1,0,0,0,0,0,0,0,0,1
3261,3261,0,0,0c,00000,0,0,0,0,1,0,0,0,0,0,0078e,0,01,0,1f,4,1,0,0,0,1,02,0,0,0,0,1,0,0,0,1,0,0,0,0,0,0,0,0,1
3262,3262,0,0,0c,00000,0,0,0,0,1,0,0,0,0,0,0078f,0,01,0,1f,4,1,0,0,0,1,02,0,0,0,0,1,0,0,0,1,0,0,0,0,0,0,0,0,1
3263,3263,0,0,0c,00000,0,0,0,0,1,0,0,0,0,0,00790,0,01,0,1f,4,1,0,0,0,1,02,0,0,0,0,1,0,0,0,1,0,0,0,0,0,0,0,0,1
3264,3264,0,0,0c,00000,0,0,0,0,1,0,0,0,0,0,00791,0,01,0,1f,4,1,0,0,0,1,02,0,0,0,0,1,0,0,0,1,0,0,0,0,0,0,0,0,1
3265,3265,0,0,0c,00000,0,0,0,0,1,0,0,0,0,0,00792,0,01,0,1f,4,1,0,0,0,1,02,0,0,0,0,1,0,0,0,1,0,0,0,0,0,0,0,0,1
3266,3266,0,0,0c,00000,0,0,0,0,1,0,0,0,0,0,00793,0,01,0,1f,4,1,0,0,0,1,02,0,0,0,0,1,0,0,0,1,0,0,0,0,0,0,0,0,1
3267,3267,0,0,0c,00000,0,0,0,0,1,0,0,0,0,0,00794,0,01,0,1f,4,1,0,0,0,1,02,0,0,0,0,1,0,0,0,1,0,0,0,0,0,0,0,0,1
3268,3268,0,0,0c,00000,0,0,0,0,1,0,0,0,0,0,00795,0,01,0,1f,4,1,0,0,0,1,02,0,0,0,0,1,0,0,0,1,0,0,0,0,0,0,0,0,1
3269,3269,0,0,0c,00000,0,0,0,0,1,0,0,0,0,0,00796,0,01,0,1f,4,1,0,0,0,1,02,0,0,0,0,1,0,0,0,1,0,0,0,0,0,0,0,0,1
3270,3270,0,0,0c,00000,0,0,0,0,1,0,0,0,0,0,00797,0,01,0,1f,4,1,0,0,0,1,02,0,0,0,0,1,0,0,0,1,0,0,0,0,0,0,0,0,1
3271,3271,0,0,0c,00000,0,0,0,0,1,0,0,0,0,0,00798,0,01,0,1f,4,1,0,0,0,1,02,0,0,0,0,1,0,0,0,1,0,0,0,0,0,0,0,0,1
3272,3272,0,0,0c,00000,0,0,0,0,1,0,0,0,0,0,00799,0,01,0,1f,4,1,0,0,0,1,02,0,0,0,0,1,0,0,0,1,0,0,0,0,0,0,0,0,1
3273,3273,0,0,0c,00000,0,0,0,0,1,0,0,0,0,0,0079a,0,01,0,1f,4,1,0,0,0,1,02,0,0,0,0,1,0,0,0,1,0,0,0,0,0,0,0,0,1
3274,3274,0,0,0c,00000,0,0,0,0,1,0,0,0,0,0,0079b,0,01,0,1f,4,1,0,0,0,1,02,0,0,0,0,1,0,0,0,1,0,0,0,0,0,0,0,0,1
3275,3275,0,0,0c,00000,0,0,0,0,1,0,0,0,0,0,0079c,0,01,0,1f,4,1,0,0,0,1,02,0,0,0,0,1,0,0,0,1,0,0,0,0,0,0,0,0,1
3276,3276,0,0,0c,00000,0,0,0,0,1,0,0,0,0,0,0079d,0,01,0,1f,4,1,0,0,0,1,02,0,0,0,0,1,0,0,0,1,0,0,0,0,0,0,0,0,1
3277,3277,0,0,0c,00000,0,0,0,0,1,0,0,0,0,0,0079e,0,01,0,1f,4,1,0,0,0,1,02,0,0,0,0,1,0,0,0,1,0,0,0,0,0,0,0,0,1
3278,3278,0,0,0c,00000,0,0,0,0,1,0,0,0,0,0,0079f,0,01,0,1f,4,1,0,0,0,1,02,0,0,0,0,1,0,0,0,1,0,0,0,0,0,0,0,0,1
3279,3279,0,0,0c,00000,0,0,0,0,1,0,0,0,0,0,007a0,0,01,0,1f,4,1,0,0,0,1,02,0,0,0,0,1,0,0,0,1,0,0,0,0,0,0,0,0,1
3280,3280,0,0,0c,00000,0,0,0,0,1,0,0,0,0,0,007a1,0,01,0,1f,4,1,0,0,0,1,02,0,0,0,0,1,0,0,0,1,0,0,0,0,0,0,0,0,1
3281,3281,0,0,0c,00000,0,0,0,0,1,0,0,0,0,0,007a2,0,01,0,1f,4,1,0,0,0,1,02,0,0,0,0,1,0,0,0,1,0,0,0,0,0,0,0,0,1
3282,3282,0,0,0c,00000,0,0,0,0,1,0,0,0,0,0,007a3,0,01,0,1f,4,1,0,0,0,1,02,0,0,0,0,1,0,0,0,1,0,0,0,0,0,0,0,0,1
3283,3283,0,0,0c,00000,0,0,0,0,1,0,0,0,0,0,007a4,0,01,0,1f,4,1,0,0,0,1,02,0,0,0,0,1,0,0,0,1,0,0,0,0,0,0,0,0,1
3284,3284,0,0,0c,00000,0,0,0,0,1,0,0,0,0,0,007a5,0,01,0,1f,4,1,0,0,0,1,02,0,0,0,0,1,0,0,0,1,0,0,0,0,0,0,0,0,1
3285,3285,0,0,0c,00000,0,0,0,0,1,0,0,0,0,0,007a6,0,01,0,1f,4,1,0,0,0,1,02,0,0,0,0,1,0,0,0,1,0,0,0,0,0,0,0,0,1
3286,3286,0,0,0c,00000,0,0,0,0,1,0,0,0,0,0,007a7,0,01,0,1f,4,1,0,0,0,1,02,0,0,0,0,1,0,0,0,1,0,0,0,0,0,0,0,0,1
3287,3287,0,0,0c,00000,0,0,0,0,1,0,0,0,0,0,007a8,0,01,0,1f,4,1,0,0,0,1,02,0,0,0,0,1,0,0,0,1,0,0,0,0,0,0,0,0,1
3288,3288,0,0,0c,00000,0,0,0,0,1,0,0,0,0,0,007a9,0,01,0,1f,4,1,0,0,0,1,02,0,0,0,0,1,0,0,0,1,0,0,0,0,0,0,0,0,1
3289,3289,0,0,0c,00000,0,0,0,0,1,0,0,0,0,0,007aa,0,01,0,1f,4,1,0,0,0,1,02,0,0,0,0,1,0,0,0,1,0,0,0,0,0,0,0,0,1
3290,3290,0,0,0c,00000,0,0,0,0,1,0,0,0,0,0,007ab,0,01,0,1f,4,1,0,0,0,1,02,0,0,0,0,1,0,0,0,1,0,0,0,0,0,0,0,0,1
3291,3291,0,0,0c,00000,0,0,0,0,1,0,0,0,0,0,007ac,0,01,0,1f,4,1,0,0,0,1,02,0,0,0,0,1,0,0,0,1,0,0,0,0,0,0,0,0,1
3292,3292,0,0,0c,00000,0,0,0,0,1,0,0,0,0,0,007ad,0,01,0,1f,4,1,0,0,0,1,02,0,0,0,0,1,0,0,0,1,0,0,0,0,0,0,0,0,1
3293,3293,0,0,0c,00000,0,0,0,0,1,0,0,0,0,0,007ae,0,01,0,1f,4,1,0,0,0,1,02,0,0,0,0,1,0,0,0,1,0,0,0,0,0,0,0,0,1
3294,3294,0,0,0c,00000,0,0,0,0,1,0,0,0,0,0,007af,0,01,0,1f,4,1,0,0,0,1,02,0,0,0,0,1,0,0,0,1,0,0,0,0,0,0,0,0,1
3295,3295,0,0,0c,00000,0,0,0,0,1,0,0,0,0,0,007b0,0,01,0,1f,4,1,0,0,0,1,02,0,0,0,0,1,0,0,0,1,0,0,0,0,0,0,0,0,1
3296,3296,0,0,0c,00000,0,0,0,0,1,0,0,0,0,0,007b1,0,01,0,1f,4,1,0,0,0,1,02,0,0,0,0,1,0,0,0,1,0,0,0,0,0,0,0,0,1
3297,3297,0,0,0c,00000,0,0,0,0,1,0,0,0,0,0,007b2,0,01,0,1f,4,1,0,0,0,1,02,0,0,0,0,1,0,0,0,1,0,0,0,0,0,0,0,0,1
3298,3298,0,0,0c,00000,0,0,0,0,1,0,0,0,0,0,007b3,0,01,0,1f,4,1,0,0,0,1,02,0,0,0,0,1,0,0,0,1,0,0,0,0,0,0,0,0,1
3299,3299,0,0,0c,00000,0,0,0,0,1,0,0,0,0,0,007b4,0,01,0,1f,4,1,0,0,0,1,02,0,0,0,0,1,0,0,0,1,0,0,0,0,0,0,0,0,1
3300,3300,0,0,0c,00000,0,0,0,0,1,0,0,0,0,0,007b5,0,01,0,1f,4,1,0,0,0,1,02,0,0,0,0,1,0,0,0,1,0,0,0,0,0,0,0,0,1
3301,3301,0,0,0c,00000,0,0,0,0,1,0,0,0,0,0,007b6,0,01,0,1f,4,1,0,0,0,1,02,0,0,0,0,1,0,0,0,1,0,0,0,0,0,0,0,0,1
3302,3302,0,0,0c,00000,0,0,0,0,1,0,0,0,0,0,007b7,0,01,0,1f,4,1,0,0,0,1,02,0,0,0,0,1,0,0,0,1,0,0,0,0,0,0,0,0,1
3303,3303,0,0,0c,00000,0,0,0,0,1,0,0,0,0,0,007b8,0,01,0,1f,4,1,0,0,0,1,02,0,0,0,0,1,0,0,0,1,0,0,0,0,0,0,0,0,1
3304,3304,0,0,0c,00000,0,0,0,0,1,0,0,0,0,0,007b9,0,01,0,1f,4,1,0,0,0,1,02,0,0,0,0,1,0,0,0,1,0,0,0,0,0,0,0,0,1
3305,3305,0,0,0c,00000,0,0,0,0,1,0,0,0,0,0,007ba,0,01,0,1f,4,1,0,0,0,1,02,0,0,0,0,1,0,0,0,1,0,0,0,0,0,0,0,0,1
3306,3306,0,0,0c,00000,0,0,0,0,1,0,0,0,0,0,007bb,0,01,0,1f,4,1,0,0,0,1,02,0,0,0,0,1,0,0,0,1,0,0,0,0,0,0,0,0,1
3307,3307,0,0,0c,00000,0,0,0,0,1,0,0,0,0,0,007bc,0,01,0,1f,4,1,0,0,0,1,02,0,0,0,0,1,0,0,0,1,0,0,0,0,0,0,0,0,1
3308,3308,0,0,0c,00000,0,0,0,0,1,0,0,0,0,0,007bd,0,01,0,1f,4,1,0,0,0,1,02,0,0,0,0,1,0,0,0,1,0,0,0,0,0,0,0,0,1
3309,3309,0,0,0c,00000,0,0,0,0,1,0,0,0,0,0,007be,0,01,0,1f,4,1,0,0,0,1,02,0,0,0,0,1,0,0,0,1,0,0,0,0,0,0,0,0,1
3310,3310,0,0,0c,00000,0,0,0,0,1,0,0,0,0,0,007bf,0,01,0,1f,4,1,0,0,0,1,02,0,0,0,0,1,0,0,0,1,0,0,0,0,0,0,0,0,1
3311,3311,0,0,0c,00000,0,0,0,0,1,0,0,0,0,0,007c0,0,01,0,1f,4,1,0,0,0,1,02,0,0,0,0,1,0,0,0,1,0,0,0,0,0,0,0,0,1
3312,3312,0,0,0c,00000,0,0,0,0,1,0,0,0,0,0,007c1,0,01,0,1f,4,1,0,0,0,1,02,0,0,0,0,1,0,0,0,1,0,0,0,0,0,0,0,0,1
3313,3313,0,0,0c,00000,0,0,0,0,1,0,0,0,0,0,007c2,0,01,0,1f,4,1,0,0,0,1,02,0,0,0,0,1,0,0,0,1,0,0,0,0,0,0,0,0,1
3314,3314,0,0,0c,00000,0,0,0,0,1,0,0,0,0,0,007c3,0,01,0,1f,4,1,0,0,0,1,02,0,0,0,0,1,0,0,0,1,0,0,0,0,0,0,0,0,1
3315,3315,0,0,0c,00000,0,0,0,0,1,0,0,0,0,0,007c4,0,01,0,1f,4,1,0,0,0,1,02,0,0,0,0,1,0,0,0,1,0,0,0,0,0,0,0,0,1
3316,3316,0,0,0c,00000,0,0,0,0,1,0,0,0,0,0,007c5,0,01,0,1f,4,1,0,0,0,1,02,0,0,0,0,1,0,0,0,1,0,0,0,0,0,0,0,0,1
3317,3317,0,0,0c,00000,0,0,0,0,1,0,0,0,0,0,007c6,0,01,0,1f,4,1,0,0,0,1,02,0,0,0,0,1,0,0,0,1,0,0,0,0,0,0,0,0,1
3318,3318,0,0,0c,00000,0,0,0,0,1,0,0,0,0,0,007c7,0,01,0,1f,4,1,0,0,0,1,02,0,0,0,0,1,0,0,0,1,0,0,0,0,0,0,0,0,1
3319,3319,0,0,0c,00000,0,0,0,0,1,0,0,0,0,0,007c8,0,01,0,1f,4,1,0,0,0,1,02,0,0,0,0,1,0,0,0,1,0,0,0,0,0,0,0,0,1
3320,3320,0,0,0c,00000,0,0,0,0,1,0,0,0,0,0,007c9,0,01,0,1f,4,1,0,0,0,1,02,0,0,0,0,1,0,0,0,1,0,0,0,0,0,0,0,0,1
3321,3321,0,0,0c,00000,0,0,0,0,1,0,0,0,0,0,007ca,0,01,0,1f,4,1,0,0,0,1,02,0,0,0,0,1,0,0,0,1,0,0,0,0,0,0,0,0,1
3322,3322,0,0,0c,00000,0,0,0,0,1,0,0,0,0,0,007cb,0,01,0,1f,4,1,0,0,0,1,02,0,0,0,0,1,0,0,0,1,0,0,0,0,0,0,0,0,1
3323,3323,0,0,0c,00000,0,0,0,0,1,0,0,0,0,0,007cc,0,01,0,1f,4,1,0,0,0,1,02,0,0,0,0,1,0,0,0,1,0,0,0,0,0,0,0,0,1
3324,3324,0,0,0c,00000,0,0,0,0,1,0,0,0,0,0,007cd,0,01,0,1f,4,1,0,0,0,1,02,0,0,0,0,1,0,0,0,1,0,0,0,0,0,0,0,0,1
3325,3325,0,0,0c,00000,0,0,0,0,1,0,0,0,0,0,007ce,0,01,0,1f,4,1,0,0,0,1,02,0,0,0,0,1,0,0,0,1,0,0,0,0,0,0,0,0,1
3326,3326,0,0,0c,00000,0,0,0,0,1,0,0,0,0,0,007cf,0,01,0,1f,4,1,0,0,0,1,02,0,0,0,0,1,0,0,0,1,0,0,0,0,0,0,0,0,1
3327,3327,0,0,0c,00000,0,0,0,0,1,0,0,0,0,0,007d0,0,01,0,1f,4,1,0,0,0,1,02,0,0,0,0,1,0,0,0,1,0,0,0,0,0,0,0,0,1
3328,3328,0,0,0c,00000,0,0,0,0,1,0,0,0,0,0,007d1,0,01,0,1f,4,1,0,0,0,1,02,0,0,0,0,1,0,0,0,1,0,0,0,0,0,0,0,0,1
3329,3329,0,0,0c,00000,0,0,0,0,1,0,0,0,0,0,007d2,0,01,0,1f,4,1,0,0,0,1,02,0,0,0,0,1,0,0,0,1,0,0,0,0,0,0,0,0,1
3330,3330,0,0,0c,00000,0,0,0,0,1,0,0,0,0,0,007d3,0,01,0,1f,4,1,0,0,0,1,02,0,0,0,0,1,0,0,0,1,0,0,0,0,0,0,0,0,1
3331,3331,0,0,0c,00000,0,0,0,0,1,0,0,0,0,0,007d4,0,01,0,1f,4,1,0,0,0,1,02,0,0,0,0,1,0,0,0,1,0,0,0,0,0,0,0,0,1
3332,3332,0,0,0c,00000,0,0,0,0,1,0,0,0,0,0,007d5,0,01,0,1f,4,1,0,0,0,1,02,0,0,0,0,1,0,0,0,1,0,0,0,0,0,0,0,0,1
3333,3333,0,0,0c,00000,0,0,0,0,1,0,0,0,0,0,007d6,0,01,0,1f,4,1,0,0,0,1,02,0,0,0,0,1,0,0,0,1,0,0,0,0,0,0,0,0,1
3334,3334,0,0,0c,00000,0,0,0,0,1,0,0,0,0,0,007d7,0,01,0,1f,4,1,0,0,0,1,02,0,0,0,0,1,0,0,0,1,0,0,0,0,0,0,0,0,1
3335,3335,0,0,0c,00000,0,0,0,0,1,0,0,0,0,0,007d8,0,01,0,1f,4,1,0,0,0,1,02,0,0,0,0,1,0,0,0,1,0,0,0,0,0,0,0,0,1
3336,3336,0,0,0c,00000,0,0,0,0,1,0,0,0,0,0,007d9,0,01,0,1f,4,1,0,0,0,1,02,0,0,0,0,1,0,0,0,1,0,0,0,0,0,0,0,0,1
3337,3337,0,0,0c,00000,0,0,0,0,1,0,0,0,0,0,007da,0,01,0,1f,4,1,0,0,0,1,02,0,0,0,0,1,0,0,0,1,0,0,0,0,0,0,0,0,1
3338,3338,0,0,0c,00000,0,0,0,0,1,0,0,0,0,0,007db,0,01,0,1f,4,1,0,0,0,1,02,0,0,0,0,1,0,0,0,1,0,0,0,0,0,0,0,0,1
3339,3339,0,0,0c,00000,0,0,0,0,1,0,0,0,0,0,007dc,0,01,0,1f,4,1,0,0,0,1,02,0,0,0,0,1,0,0,0,1,0,0,0,0,0,0,0,0,1
3340,3340,0,0,0c,00000,0,0,0,0,1,0,0,0,0,0,007dd,0,01,0,1f,4,1,0,0,0,1,02,0,0,0,0,1,0,0,0,1,0,0,0,0,0,0,0,0,1
3341,3341,0,0,0c,00000,0,0,0,0,1,0,0,0,0,0,007de,0,01,0,1f,4,1,0,0,0,1,02,0,0,0,0,1,0,0,0,1,0,0,0,0,0,0,0,0,1
3342,3342,0,0,0c,00000,0,0,0,0,1,0,0,0,0,0,007df,0,01,0,1f,4,1,0,0,0,1,02,0,0,0,0,1,0,0,0,1,0,0,0,0,0,0,0,0,1
3343,3343,0,0,0c,00000,0,0,0,0,1,0,0,0,0,0,007e0,0,01,0,1f,4,1,0,0,0,1,02,0,0,0,0,1,0,0,0,1,0,0,0,0,0,0,0,0,1
3344,3344,0,0,0c,00000,0,0,0,0,1,0,0,0,0,0,007e1,0,01,0,1f,4,1,0,0,0,1,02,0,0,0,0,1,0,0,0,1,0,0,0,0,0,0,0,0,1
3345,3345,0,0,0c,00000,0,0,0,0,1,0,0,0,0,0,007e2,0,01,0,1f,4,1,0,0,0,1,02,0,0,0,0,1,0,0,0,1,0,0,0,0,0,0,0,0,1
3346,3346,0,0,0c,00000,0,0,0,0,1,0,0,0,0,0,007e3,0,01,0,1f,4,1,0,0,0,1,02,0,0,0,0,1,0,0,0,1,0,0,0,0,0,0,0,0,1
3347,3347,0,0,0c,00000,0,0,0,0,1,0,0,0,0,0,007e4,0,01,0,1f,4,1,0,0,0,1,02,0,0,0,0,1,0,0,0,1,0,0,0,0,0,0,0,0,1
3348,3348,0,0,0c,00000,0,0,0,0,1,0,0,0,0,0,007e5,0,01,0,1f,4,1,0,0,0,1,02,0,0,0,0,1,0,0,0,1,0,0,0,0,0,0,0,0,1
3349,3349,0,0,0c,00000,0,0,0,0,1,0,0,0,0,0,007e6,0,01,0,1f,4,1,0,0,0,1,02,0,0,0,0,1,0,0,0,1,0,0,0,0,0,0,0,0,1
3350,3350,0,0,0c,00000,0,0,0,0,1,0,0,0,0,0,007e7,0,01,0,1f,4,1,0,0,0,1,02,0,0,0,0,1,0,0,0,1,0,0,0,0,0,0,0,0,1
3351,3351,0,0,0c,00000,0,0,0,0,1,0,0,0,0,0,007e8,0,01,0,1f,4,1,0,0,0,1,02,0,0,0,0,1,0,0,0,1,0,0,0,0,0,0,0,0,1
3352,3352,0,0,0c,00000,0,0,0,0,1,0,0,0,0,0,007e9,0,01,0,1f,4,1,0,0,0,1,02,0,0,0,0,1,0,0,0,1,0,0,0,0,0,0,0,0,1
3353,3353,0,0,0c,00000,0,0,0,0,1,0,0,0,0,0,007ea,0,01,0,1f,4,1,0,0,0,1,02,0,0,0,0,1,0,0,0,1,0,0,0,0,0,0,0,0,1
3354,3354,0,0,0c,00000,0,0,0,0,1,0,0,0,0,0,007eb,0,01,0,1f,4,1,0,0,0,1,02,0,0,0,0,1,0,0,0,1,0,0,0,0,0,0,0,0,1
3355,3355,0,0,0c,00000,0,0,0,0,1,0,0,0,0,0,007ec,0,01,0,1f,4,1,0,0,0,1,02,0,0,0,0,1,0,0,0,1,0,0,0,0,0,0,0,0,1
3356,3356,0,0,0c,00000,0,0,0,0,1,0,0,0,0,0,007ed,0,01,0,1f,4,1,0,0,0,1,02,0,0,0,0,1,0,0,0,1,0,0,0,0,0,0,0,0,1
3357,3357,0,0,0c,00000,0,0,0,0,1,0,0,0,0,0,007ee,0,01,0,1f,4,1,0,0,0,1,02,0,0,0,0,1,0,0,0,1,0,0,0,0,0,0,0,0,1
3358,3358,0,0,0c,00000,0,0,0,0,1,0,0,0,0,0,007ef,0,01,0,1f,4,1,0,0,0,1,02,0,0,0,0,1,0,0,0,1,0,0,0,0,0,0,0,0,1
3359,3359,0,0,0c,00000,0,0,0,0,1,0,0,0,0,0,007f0,0,01,0,1f,4,1,0,0,0,1,02,0,0,0,0,1,0,0,0,1,0,0,0,0,0,0,0,0,1
3360,3360,0,0,0c,00000,0,0,0,0,1,0,0,0,0,0,007f1,0,01,0,1f,4,1,0,0,0,1,02,0,0,0,0,1,0,0,0,1,0,0,0,0,0,0,0,0,1
3361,3361,0,0,0c,00000,0,0,0,0,1,0,0,0,0,0,007f2,0,01,0,1f,4,1,0,0,0,1,02,0,0,0,0,1,0,0,0,1,0,0,0,0,0,0,0,0,1
3362,3362,0,0,0c,00000,0,0,0,0,1,0,0,0,0,0,007f3,0,01,0,1f,4,1,0,0,0,1,02,0,0,0,0,1,0,0,0,1,0,0,0,0,0,0,0,0,1
3363,3363,0,0,0c,00000,0,0,0,0,1,0,0,0,0,0,007f4,0,01,0,1f,4,1,0,0,0,1,02,0,0,0,0,1,0,0,0,1,0,0,0,0,0,0,0,0,1
3364,3364,0,0,0c,00000,0,0,0,0,1,0,0,0,0,0,007f5,0,01,0,1f,4,1,0,0,0,1,02,0,0,0,0,1,0,0,0,1,0,0,0,0,0,0,0,0,1
3365,3365,0,0,0c,00000,0,0,0,0,1,0,0,0,0,0,007f6,0,01,0,1f,4,1,0,0,0,1,02,0,0,0,0,1,0,0,0,1,0,0,0,0,0,0,0,0,1
3366,3366,0,0,0c,00000,0,0,0,0,1,0,0,0,0,0,007f7,0,01,0,1f,4,1,0,0,0,1,02,0,0,0,0,1,0,0,0,1,0,0,0,0,0,0,0,0,1
3367,3367,0,0,0c,00000,0,0,0,0,1,0,0,0,0,0,007f8,0,01,0,1f,4,1,0,0,0,1,02,0,0,0,0,1,0,0,0,1,0,0,0,0,0,0,0,0,1
3368,3368,0,0,0c,00000,0,0,0,0,1,0,0,0,0,0,007f9,0,01,0,1f,4,1,0,0,0,1,02,0,0,0,0,1,0,0,0,1,0,0,0,0,0,0,0,0,1
3369,3369,0,0,0c,00000,0,0,0,0,1,0,0,0,0,0,007fa,0,01,0,1f,4,1,0,0,0,1,02,0,0,0,0,1,0,0,0,1,0,0,0,0,0,0,0,0,1
3370,3370,0,0,0c,00000,0,0,0,0,1,0,0,0,0,0,007fb,0,01,0,1f,4,1,0,0,0,1,02,0,0,0,0,1,0,0,0,1,0,0,0,0,0,0,0,0,1
3371,3371,0,0,0c,00000,0,0,0,0,1,0,0,0,0,0,007fc,0,01,0,1f,4,1,0,0,0,1,02,0,0,0,0,1,0,0,0,1,0,0,0,0,0,0,0,0,1
3372,3372,0,0,0c,00000,0,0,0,0,1,0,0,0,0,0,007fd,0,01,0,1f,4,1,0,0,0,1,02,0,0,0,0,1,0,0,0,1,0,0,0,0,0,0,0,0,1
3373,3373,0,0,0c,00000,0,0,0,0,1,0,0,0,0,0,007fe,0,01,0,1f,4,1,0,0,0,1,02,0,0,0,0,1,0,0,0,1,0,0,0,0,0,0,0,0,1
3374,3374,0,0,0c,00000,0,0,0,0,1,0,0,0,0,0,007ff,0,01,0,1f,4,1,0,0,0,1,02,0,0,0,0,1,0,0,0,1,0,0,0,0,0,0,0,0,1
3375,3375,0,0,0c,00000,0,0,0,0,1,0,0,0,0,0,00800,0,01,0,1f,4,1,0,0,0,1,02,0,0,0,0,1,0,0,0,1,0,0,0,0,0,0,0,0,1
3376,3376,0,0,0c,00000,0,0,0,0,1,0,0,0,0,0,00801,0,01,0,1f,4,1,0,0,0,1,02,0,0,0,0,1,0,0,0,1,0,0,0,0,0,0,0,0,1
3377,3377,0,0,0c,00000,0,0,0,0,1,0,0,0,0,0,00802,0,01,0,1f,4,1,0,0,0,1,02,0,0,0,0,1,0,0,0,1,0,0,0,0,0,0,0,0,1
3378,3378,0,0,0c,00000,0,0,0,0,1,0,0,0,0,0,00803,0,01,0,1f,4,1,0,0,0,1,02,0,0,0,0,1,0,0,0,1,0,0,0,0,0,0,0,0,1
3379,3379,0,0,0c,00000,0,0,0,0,1,0,0,0,0,0,00804,0,01,0,1f,4,1,0,0,0,1,02,0,0,0,0,1,0,0,0,1,0,0,0,0,0,0,0,0,1
3380,3380,0,0,0c,00000,0,0,0,0,1,0,0,0,0,0,00805,0,01,0,1f,4,1,0,0,0,1,02,0,0,0,0,1,0,0,0,1,0,0,0,0,0,0,0,0,1
3381,3381,0,0,0c,00000,0,0,0,0,1,0,0,0,0,0,00806,0,01,0,1f,4,1,0,0,0,1,02,0,0,0,0,1,0,0,0,1,0,0,0,0,0,0,0,0,1
3382,3382,0,0,0c,00000,0,0,0,0,1,0,0,0,0,0,00807,0,01,0,1f,4,1,0,0,0,1,02,0,0,0,0,1,0,0,0,1,0,0,0,0,0,0,0,0,1
3383,3383,0,0,0c,00000,0,0,0,0,1,0,0,0,0,0,00808,0,01,0,1f,4,1,0,0,0,1,02,0,0,0,0,1,0,0,0,1,0,0,0,0,0,0,0,0,1
3384,3384,0,0,0c,00000,0,0,0,0,1,0,0,0,0,0,00809,0,01,0,1f,4,1,0,0,0,1,02,0,0,0,0,1,0,0,0,1,0,0,0,0,0,0,0,0,1
3385,3385,0,0,0c,00000,0,0,0,0,1,0,0,0,0,0,0080a,0,01,0,1f,4,1,0,0,0,1,02,0,0,0,0,1,0,0,0,1,0,0,0,0,0,0,0,0,1
3386,3386,0,0,0c,00000,0,0,0,0,1,0,0,0,0,0,0080b,0,01,0,1f,4,1,0,0,0,1,02,0,0,0,0,1,0,0,0,1,0,0,0,0,0,0,0,0,1
3387,3387,0,0,0c,00000,0,0,0,0,1,0,0,0,0,0,0080c,0,01,0,1f,4,1,0,0,0,1,02,0,0,0,0,1,0,0,0,1,0,0,0,0,0,0,0,0,1
3388,3388,0,0,0c,00000,0,0,0,0,1,0,0,0,0,0,0080d,0,01,0,1f,4,1,0,0,0,1,02,0,0,0,0,1,0,0,0,1,0,0,0,0,0,0,0,0,1
3389,3389,0,0,0c,00000,0,0,0,0,1,0,0,0,0,0,0080e,0,01,0,1f,4,1,0,0,0,1,02,0,0,0,0,1,0,0,0,1,0,0,0,0,0,0,0,0,1
3390,3390,0,0,0c,00000,0,0,0,0,1,0,0,0,0,0,0080f,0,01,0,1f,4,1,0,0,0,1,02,0,0,0,0,1,0,0,0,1,0,0,0,0,0,0,0,0,1
3391,3391,0,0,0c,00000,0,0,0,0,1,0,0,0,0,0,00810,0,01,0,1f,4,1,0,0,0,1,02,0,0,0,0,1,0,0,0,1,0,0,0,0,0,0,0,0,1
3392,3392,0,0,0c,00000,0,0,0,0,1,0,0,0,0,0,00811,0,01,0,1f,4,1,0,0,0,1,02,0,0,0,0,1,0,0,0,1,0,0,0,0,0,0,0,0,1
3393,3393,0,0,0c,00000,0,0,0,0,1,0,0,0,0,0,00812,0,01,0,1f,4,1,0,0,0,1,02,0,0,0,0,1,0,0,0,1,0,0,0,0,0,0,0,0,1
3394,3394,0,0,0c,00000,0,0,0,0,1,0,0,0,0,0,00813,0,01,0,1f,4,1,0,0,0,1,02,0,0,0,0,1,0,0,0,1,0,0,0,0,0,0,0,0,1
3395,3395,0,0,0c,00000,0,0,0,0,1,0,0,0,0,0,00814,0,01,0,1f,4,1,0,0,0,1,02,0,0,0,0,1,0,0,0,1,0,0,0,0,0,0,0,0,1
3396,3396,0,0,0c,00000,0,0,0,0,1,0,0,0,0,0,00815,0,01,0,1f,4,1,0,0,0,1,02,0,0,0,0,1,0,0,0,1,0,0,0,0,0,0,0,0,1
3397,3397,0,0,0c,00000,0,0,0,0,1,0,0,0,0,0,00816,0,01,0,1f,4,1,0,0,0,1,02,0,0,0,0,1,0,0,0,1,0,0,0,0,0,0,0,0,1
3398,3398,0,0,0c,00000,0,0,0,0,1,0,0,0,0,0,00817,0,01,0,1f,4,1,0,0,0,1,02,0,0,0,0,1,0,0,0,1,0,0,0,0,0,0,0,0,1
3399,3399,0,0,0c,00000,0,0,0,0,1,0,0,0,0,0,00818,0,01,0,1f,4,1,0,0,0,1,02,0,0,0,0,1,0,0,0,1,0,0,0,0,0,0,0,0,1
3400,3400,0,0,0c,00000,0,0,0,0,1,0,0,0,0,0,00819,0,01,0,1f,4,1,0,0,0,1,02,0,0,0,0,1,0,0,0,1,0,0,0,0,0,0,0,0,1
3401,3401,0,0,0c,00000,0,0,0,0,1,0,0,0,0,0,0081a,0,01,0,1f,4,1,0,0,0,1,02,0,0,0,0,1,0,0,0,1,0,0,0,0,0,0,0,0,1
3402,3402,0,0,0c,00000,0,0,0,0,1,0,0,0,0,0,0081b,0,01,0,1f,4,1,0,0,0,1,02,0,0,0,0,1,0,0,0,1,0,0,0,0,0,0,0,0,1
3403,3403,0,0,0c,00000,0,0,0,0,1,0,0,0,0,0,0081c,0,01,0,1f,4,1,0,0,0,1,02,0,0,0,0,1,0,0,0,1,0,0,0,0,0,0,0,0,1
3404,3404,0,0,0c,00000,0,0,0,0,1,0,0,0,0,0,0081d,0,01,0,1f,4,1,0,0,0,1,02,0,0,0,0,1,0,0,0,1,0,0,0,0,0,0,0,0,1
3405,3405,0,0,0c,00000,0,0,0,0,1,0,0,0,0,0,0081e,0,01,0,1f,4,1,0,0,0,1,02,0,0,0,0,1,0,0,0,1,0,0,0,0,0,0,0,0,1
3406,3406,0,0,0c,00000,0,0,0,0,1,0,0,0,0,0,0081f,0,01,0,1f,4,1,0,0,0,1,02,0,0,0,0,1,0,0,0,1,0,0,0,0,0,0,0,0,1
3407,3407,0,0,0c,00000,0,0,0,0,1,0,0,0,0,0,00820,0,01,0,1f,4,1,0,0,0,1,02,0,0,0,0,1,0,0,0,1,0,0,0,0,0,0,0,0,1
3408,3408,0,0,0c,00000,0,0,0,0,1,0,0,0,0,0,00821,0,01,0,1f,4,1,0,0,0,1,02,0,0,0,0,1,0,0,0,1,0,0,0,0,0,0,0,0,1
3409,3409,0,0,0c,00000,0,0,0,0,1,0,0,0,0,0,00822,0,01,0,1f,4,1,0,0,0,1,02,0,0,0,0,1,0,0,0,1,0,0,0,0,0,0,0,0,1
3410,3410,0,0,0c,00000,0,0,0,0,1,0,0,0,0,0,00823,0,01,0,1f,4,1,0,0,0,1,02,0,0,0,0,1,0,0,0,1,0,0,0,0,0,0,0,0,1
3411,3411,0,0,0c,00000,0,0,0,0,1,0,0,0,0,0,00824,0,01,0,1f,4,1,0,0,0,1,02,0,0,0,0,1,0,0,0,1,0,0,0,0,0,0,0,0,1
3412,3412,0,0,0c,00000,0,0,0,0,1,0,0,0,0,0,00825,0,01,0,1f,4,1,0,0,0,1,02,0,0,0,0,1,0,0,0,1,0,0,0,0,0,0,0,0,1
3413,3413,0,0,0c,00000,0,0,0,0,1,0,0,0,0,0,00826,0,01,0,1f,4,1,0,0,0,1,02,0,0,0,0,1,0,0,0,1,0,0,0,0,0,0,0,0,1
3414,3414,0,0,0c,00000,0,0,0,0,1,0,0,0,0,0,00827,0,01,0,1f,4,1,0,0,0,1,02,0,0,0,0,1,0,0,0,1,0,0,0,0,0,0,0,0,1
3415,3415,0,0,0c,00000,0,0,0,0,1,0,0,0,0,0,00828,0,01,0,1f,4,1,0,0,0,1,02,0,0,0,0,1,0,0,0,1,0,0,0,0,0,0,0,0,1
3416,3416,0,0,0c,00000,0,0,0,0,1,0,0,0,0,0,00829,0,01,0,1f,4,1,0,0,0,1,02,0,0,0,0,1,0,0,0,1,0,0,0,0,0,0,0,0,1
3417,3417,0,0,0c,00000,0,0,0,0,1,0,0,0,0,0,0082a,0,01,0,1f,4,1,0,0,0,1,02,0,0,0,0,1,0,0,0,1,0,0,0,0,0,0,0,0,1
3418,3418,0,0,0c,00000,0,0,0,0,1,0,0,0,0,0,0082b,0,01,0,1f,4,1,0,0,0,1,02,0,0,0,0,1,0,0,0,1,0,0,0,0,0,0,0,0,1
3419,3419,0,0,0c,00000,0,0,0,0,1,0,0,0,0,0,0082c,0,01,0,1f,4,1,0,0,0,1,02,0,0,0,0,1,0,0,0,1,0,0,0,0,0,0,0,0,1
3420,3420,0,0,0c,00000,0,0,0,0,1,0,0,0,0,0,0082d,0,01,0,1f,4,1,0,0,0,1,02,0,0,0,0,1,0,0,0,1,0,0,0,0,0,0,0,0,1
3421,3421,0,0,0c,00000,0,0,0,0,1,0,0,0,0,0,0082e,0,01,0,1f,4,1,0,0,0,1,02,0,0,0,0,1,0,0,0,1,0,0,0,0,0,0,0,0,1
3422,3422,0,0,0c,00000,0,0,0,0,1,0,0,0,0,0,0082f,0,01,0,1f,4,1,0,0,0,1,02,0,0,0,0,1,0,0,0,1,0,0,0,0,0,0,0,0,1
3423,3423,0,0,0c,00000,0,0,0,0,1,0,0,0,0,0,00830,0,01,0,1f,4,1,0,0,0,1,02,0,0,0,0,1,0,0,0,1,0,0,0,0,0,0,0,0,1
3424,3424,0,0,0c,00000,0,0,0,0,1,0,0,0,0,0,00831,0,01,0,1f,4,1,0,0,0,1,02,0,0,0,0,1,0,0,0,1,0,0,0,0,0,0,0,0,1
3425,3425,0,0,0c,00000,0,0,0,0,1,0,0,0,0,0,00832,0,01,0,1f,4,1,0,0,0,1,02,0,0,0,0,1,0,0,0,1,0,0,0,0,0,0,0,0,1
3426,3426,0,0,0c,00000,0,0,0,0,1,0,0,0,0,0,00833,0,01,0,1f,4,1,0,0,0,1,02,0,0,0,0,1,0,0,0,1,0,0,0,0,0,0,0,0,1
3427,3427,0,0,0c,00000,0,0,0,0,1,0,0,0,0,0,00834,0,01,0,1f,4,1,0,0,0,1,02,0,0,0,0,1,0,0,0,1,0,0,0,0,0,0,0,0,1
3428,3428,0,0,0c,00000,0,0,0,0,1,0,0,0,0,0,00835,0,01,0,1f,4,1,0,0,0,1,02,0,0,0,0,1,0,0,0,1,0,0,0,0,0,0,0,0,1
3429,3429,0,0,0c,00000,0,0,0,0,1,0,0,0,0,0,00836,0,01,0,1f,4,1,0,0,0,1,02,0,0,0,0,1,0,0,0,1,0,0,0,0,0,0,0,0,1
3430,3430,0,0,0c,00000,0,0,0,0,1,0,0,0,0,0,00837,0,01,0,1f,4,1,0,0,0,1,02,0,0,0,0,1,0,0,0,1,0,0,0,0,0,0,0,0,1
3431,3431,0,0,0c,00000,0,0,0,0,1,0,0,0,0,0,00838,0,01,0,1f,4,1,0,0,0,1,02,0,0,0,0,1,0,0,0,1,0,0,0,0,0,0,0,0,1
3432,3432,0,0,0c,00000,0,0,0,0,1,0,0,0,0,0,00839,0,01,0,1f,4,1,0,0,0,1,02,0,0,0,0,1,0,0,0,1,0,0,0,0,0,0,0,0,1
3433,3433,0,0,0c,00000,0,0,0,0,1,0,0,0,0,0,0083a,0,01,0,1f,4,1,0,0,0,1,02,0,0,0,0,1,0,0,0,1,0,0,0,0,0,0,0,0,1
3434,3434,0,0,0c,00000,0,0,0,0,1,0,0,0,0,0,0083b,0,01,0,1f,4,1,0,0,0,1,02,0,0,0,0,1,0,0,0,1,0,0,0,0,0,0,0,0,1
3435,3435,0,0,0c,00000,0,0,0,0,1,0,0,0,0,0,0083c,0,01,0,1f,4,1,0,0,0,1,02,0,0,0,0,1,0,0,0,1,0,0,0,0,0,0,0,0,1
3436,3436,0,0,0c,00000,0,0,0,0,1,0,0,0,0,0,0083d,0,01,0,1f,4,1,0,0,0,1,02,0,0,0,0,1,0,0,0,1,0,0,0,0,0,0,0,0,1
3437,3437,0,0,0c,00000,0,0,0,0,1,0,0,0,0,0,0083e,0,01,0,1f,4,1,0,0,0,1,02,0,0,0,0,1,0,0,0,1,0,0,0,0,0,0,0,0,1
3438,3438,0,0,0c,00000,0,0,0,0,1,0,0,0,0,0,0083f,0,01,0,1f,4,1,0,0,0,1,02,0,0,0,0,1,0,0,0,1,0,0,0,0,0,0,0,0,1
3439,3439,0,0,0c,00000,0,0,0,0,1,0,0,0,0,0,00840,0,01,0,1f,4,1,0,0,0,1,02,0,0,0,0,1,0,0,0,1,0,0,0,0,0,0,0,0,1
3440,3440,0,0,0c,00000,0,0,0,0,1,0,0,0,0,0,00841,0,01,0,1f,4,1,0,0,0,1,02,0,0,0,0,1,0,0,0,1,0,0,0,0,0,0,0,0,1
3441,3441,0,0,0c,00000,0,0,0,0,1,0,0,0,0,0,00842,0,01,0,1f,4,1,0,0,0,1,02,0,0,0,0,1,0,0,0,1,0,0,0,0,0,0,0,0,1
3442,3442,0,0,0c,00000,0,0,0,0,1,0,0,0,0,0,00843,0,01,0,1f,4,1,0,0,0,1,02,0,0,0,0,1,0,0,0,1,0,0,0,0,0,0,0,0,1
3443,3443,0,0,0c,00000,0,0,0,0,1,0,0,0,0,0,00844,0,01,0,1f,4,1,0,0,0,1,02,0,0,0,0,1,0,0,0,1,0,0,0,0,0,0,0,0,1
3444,3444,0,0,0c,00000,0,0,0,0,1,0,0,0,0,0,00845,0,01,0,1f,4,1,0,0,0,1,02,0,0,0,0,1,0,0,0,1,0,0,0,0,0,0,0,0,1
3445,3445,0,0,0c,00000,0,0,0,0,1,0,0,0,0,0,00846,0,01,0,1f,4,1,0,0,0,1,02,0,0,0,0,1,0,0,0,1,0,0,0,0,0,0,0,0,1
3446,3446,0,0,0c,00000,0,0,0,0,1,0,0,0,0,0,00847,0,01,0,1f,4,1,0,0,0,1,02,0,0,0,0,1,0,0,0,1,0,0,0,0,0,0,0,0,1
3447,3447,0,0,0c,00000,0,0,0,0,1,0,0,0,0,0,00848,0,01,0,1f,4,1,0,0,0,1,02,0,0,0,0,1,0,0,0,1,0,0,0,0,0,0,0,0,1
3448,3448,0,0,0c,00000,0,0,0,0,1,0,0,0,0,0,00849,0,01,0,1f,4,1,0,0,0,1,02,0,0,0,0,1,0,0,0,1,0,0,0,0,0,0,0,0,1
3449,3449,0,0,0c,00000,0,0,0,0,1,0,0,0,0,0,0084a,0,01,0,1f,4,1,0,0,0,1,02,0,0,0,0,1,0,0,0,1,0,0,0,0,0,0,0,0,1
3450,3450,0,0,0c,00000,0,0,0,0,1,0,0,0,0,0,0084b,0,01,0,1f,4,1,0,0,0,1,02,0,0,0,0,1,0,0,0,1,0,0,0,0,0,0,0,0,1
3451,3451,0,0,0c,00000,0,0,0,0,1,0,0,0,0,0,0084c,0,01,0,1f,4,1,0,0,0,1,02,0,0,0,0,1,0,0,0,1,0,0,0,0,0,0,0,0,1
3452,3452,0,0,0c,00000,0,0,0,0,1,0,0,0,0,0,0084d,0,01,0,1f,4,1,0,0,0,1,02,0,0,0,0,1,0,0,0,1,0,0,0,0,0,0,0,0,1
3453,3453,0,0,0c,00000,0,0,0,0,1,0,0,0,0,0,0084e,0,01,0,1f,4,1,0,0,0,1,02,0,0,0,0,1,0,0,0,1,0,0,0,0,0,0,0,0,1
3454,3454,0,0,0c,00000,0,0,0,0,1,0,0,0,0,0,0084f,0,01,0,1f,4,1,0,0,0,1,02,0,0,0,0,1,0,0,0,1,0,0,0,0,0,0,0,0,1
3455,3455,0,0,0c,00000,0,0,0,0,1,0,0,0,0,0,00850,0,01,0,1f,4,1,0,0,0,1,02,0,0,0,0,1,0,0,0,1,0,0,0,0,0,0,0,0,1
3456,3456,0,0,0c,00000,0,0,0,0,1,0,0,0,0,0,00851,0,01,0,1f,4,1,0,0,0,1,02,0,0,0,0,1,0,0,0,1,0,0,0,0,0,0,0,0,1
3457,3457,0,0,0c,00000,0,0,0,0,1,0,0,0,0,0,00852,0,01,0,1f,4,1,0,0,0,1,02,0,0,0,0,1,0,0,0,1,0,0,0,0,0,0,0,0,1
3458,3458,0,0,0c,00000,0,0,0,0,1,0,0,0,0,0,00853,0,01,0,1f,4,1,0,0,0,1,02,0,0,0,0,1,0,0,0,1,0,0,0,0,0,0,0,0,1
3459,3459,0,0,0c,00000,0,0,0,0,1,0,0,0,0,0,00854,0,01,0,1f,4,1,0,0,0,1,02,0,0,0,0,1,0,0,0,1,0,0,0,0,0,0,0,0,1
3460,3460,0,0,0c,00000,0,0,0,0,1,0,0,0,0,0,00855,0,01,0,1f,4,1,0,0,0,1,02,0,0,0,0,1,0,0,0,1,0,0,0,0,0,0,0,0,1
3461,3461,0,0,0c,00000,0,0,0,0,1,0,0,0,0,0,00856,0,01,0,1f,4,1,0,0,0,1,02,0,0,0,0,1,0,0,0,1,0,0,0,0,0,0,0,0,1
3462,3462,0,0,0c,00000,0,0,0,0,1,0,0,0,0,0,00857,0,01,0,1f,4,1,0,0,0,1,02,0,0,0,0,1,0,0,0,1,0,0,0,0,0,0,0,0,1
3463,3463,0,0,0c,00000,0,0,0,0,1,0,0,0,0,0,00858,0,01,0,1f,4,1,0,0,0,1,02,0,0,0,0,1,0,0,0,1,0,0,0,0,0,0,0,0,1
3464,3464,0,0,0c,00000,0,0,0,0,1,0,0,0,0,0,00859,0,01,0,1f,4,1,0,0,0,1,02,0,0,0,0,1,0,0,0,1,0,0,0,0,0,0,0,0,1
3465,3465,0,0,0c,00000,0,0,0,0,1,0,0,0,0,0,0085a,0,01,0,1f,4,1,0,0,0,1,02,0,0,0,0,1,0,0,0,1,0,0,0,0,0,0,0,0,1
3466,3466,0,0,0c,00000,0,0,0,0,1,0,0,0,0,0,0085b,0,01,0,1f,4,1,0,0,0,1,02,0,0,0,0,1,0,0,0,1,0,0,0,0,0,0,0,0,1
3467,3467,0,0,0c,00000,0,0,0,0,1,0,0,0,0,0,0085c,0,01,0,1f,4,1,0,0,0,1,02,0,0,0,0,1,0,0,0,1,0,0,0,0,0,0,0,0,1
3468,3468,0,0,0c,00000,0,0,0,0,1,0,0,0,0,0,0085d,0,01,0,1f,4,1,0,0,0,1,02,0,0,0,0,1,0,0,0,1,0,0,0,0,0,0,0,0,1
3469,3469,0,0,0c,00000,0,0,0,0,1,0,0,0,0,0,0085e,0,01,0,1f,4,1,0,0,0,1,02,0,0,0,0,1,0,0,0,1,0,0,0,0,0,0,0,0,1
3470,3470,0,0,0c,00000,0,0,0,0,1,0,0,0,0,0,0085f,0,01,0,1f,4,1,0,0,0,1,02,0,0,0,0,1,0,0,0,1,0,0,0,0,0,0,0,0,1
3471,3471,0,0,0c,00000,0,0,0,0,1,0,0,0,0,0,00860,0,01,0,1f,4,1,0,0,0,1,02,0,0,0,0,1,0,0,0,1,0,0,0,0,0,0,0,0,1
3472,3472,0,0,0c,00000,0,0,0,0,1,0,0,0,0,0,00861,0,01,0,1f,4,1,0,0,0,1,02,0,0,0,0,1,0,0,0,1,0,0,0,0,0,0,0,0,1
3473,3473,0,0,0c,00000,0,0,0,0,1,0,0,0,0,0,00862,0,01,0,1f,4,1,0,0,0,1,02,0,0,0,0,1,0,0,0,1,0,0,0,0,0,0,0,0,1
3474,3474,0,0,0c,00000,0,0,0,0,1,0,0,0,0,0,00863,0,01,0,1f,4,1,0,0,0,1,02,0,0,0,0,1,0,0,0,1,0,0,0,0,0,0,0,0,1
3475,3475,0,0,0c,00000,0,0,0,0,1,0,0,0,0,0,00864,0,01,0,1f,4,1,0,0,0,1,02,0,0,0,0,1,0,0,0,1,0,0,0,0,0,0,0,0,1
3476,3476,0,0,0c,00000,0,0,0,0,1,0,0,0,0,0,00865,0,01,0,1f,4,1,0,0,0,1,02,0,0,0,0,1,0,0,0,1,0,0,0,0,0,0,0,0,1
3477,3477,0,0,0c,00000,0,0,0,0,1,0,0,0,0,0,00866,0,01,0,1f,4,1,0,0,0,1,02,0,0,0,0,1,0,0,0,1,0,0,0,0,0,0,0,0,1
3478,3478,0,0,0c,00000,0,0,0,0,1,0,0,0,0,0,00867,0,01,0,1f,4,1,0,0,0,1,02,0,0,0,0,1,0,0,0,1,0,0,0,0,0,0,0,0,1
3479,3479,0,0,0c,00000,0,0,0,0,1,0,0,0,0,0,00868,0,01,0,1f,4,1,0,0,0,1,02,0,0,0,0,1,0,0,0,1,0,0,0,0,0,0,0,0,1
3480,3480,0,0,0c,00000,0,0,0,0,1,0,0,0,0,0,00869,0,01,0,1f,4,1,0,0,0,1,02,0,0,0,0,1,0,0,0,1,0,0,0,0,0,0,0,0,1
3481,3481,0,0,0c,00000,0,0,0,0,1,0,0,0,0,0,0086a,0,01,0,1f,4,1,0,0,0,1,02,0,0,0,0,1,0,0,0,1,0,0,0,0,0,0,0,0,1
3482,3482,0,0,0c,00000,0,0,0,0,1,0,0,0,0,0,0086b,0,01,0,1f,4,1,0,0,0,1,02,0,0,0,0,1,0,0,0,1,0,0,0,0,0,0,0,0,1
3483,3483,0,0,0c,00000,0,0,0,0,1,0,0,0,0,0,0086c,0,01,0,1f,4,1,0,0,0,1,02,0,0,0,0,1,0,0,0,1,0,0,0,0,0,0,0,0,1
3484,3484,0,0,0c,00000,0,0,0,0,1,0,0,0,0,0,0086d,0,01,0,1f,4,1,0,0,0,1,02,0,0,0,0,1,0,0,0,1,0,0,0,0,0,0,0,0,1
3485,3485,0,0,0c,00000,0,0,0,0,1,0,0,0,0,0,0086e,0,01,0,1f,4,1,0,0,0,1,02,0,0,0,0,1,0,0,0,1,0,0,0,0,0,0,0,0,1
3486,3486,0,0,0c,00000,0,0,0,0,1,0,0,0,0,0,0086f,0,01,0,1f,4,1,0,0,0,1,02,0,0,0,0,1,0,0,0,1,0,0,0,0,0,0,0,0,1
3487,3487,0,0,0c,00000,0,0,0,0,1,0,0,0,0,0,00870,0,01,0,1f,4,1,0,0,0,1,02,0,0,0,0,1,0,0,0,1,0,0,0,0,0,0,0,0,1
3488,3488,0,0,0c,00000,0,0,0,0,1,0,0,0,0,0,00871,0,01,0,1f,4,1,0,0,0,1,02,0,0,0,0,1,0,0,0,1,0,0,0,0,0,0,0,0,1
3489,3489,0,0,0c,00000,0,0,0,0,1,0,0,0,0,0,00872,0,01,0,1f,4,1,0,0,0,1,02,0,0,0,0,1,0,0,0,1,0,0,0,0,0,0,0,0,1
3490,3490,0,0,0c,00000,0,0,0,0,1,0,0,0,0,0,00873,0,01,0,1f,4,1,0,0,0,1,02,0,0,0,0,1,0,0,0,1,0,0,0,0,0,0,0,0,1
3491,3491,0,0,0c,00000,0,0,0,0,1,0,0,0,0,0,00874,0,01,0,1f,4,1,0,0,0,1,02,0,0,0,0,1,0,0,0,1,0,0,0,0,0,0,0,0,1
3492,3492,0,0,0c,00000,0,0,0,0,1,0,0,0,0,0,00875,0,01,0,1f,4,1,0,0,0,1,02,0,0,0,0,1,0,0,0,1,0,0,0,0,0,0,0,0,1
3493,3493,0,0,0c,00000,0,0,0,0,1,0,0,0,0,0,00876,0,01,0,1f,4,1,0,0,0,1,02,0,0,0,0,1,0,0,0,1,0,0,0,0,0,0,0,0,1
3494,3494,0,0,0c,00000,0,0,0,0,1,0,0,0,0,0,00877,0,01,0,1f,4,1,0,0,0,1,02,0,0,0,0,1,0,0,0,1,0,0,0,0,0,0,0,0,1
3495,3495,0,0,0c,00000,0,0,0,0,1,0,0,0,0,0,00878,0,01,0,1f,4,1,0,0,0,1,02,0,0,0,0,1,0,0,0,1,0,0,0,0,0,0,0,0,1
3496,3496,0,0,0c,00000,0,0,0,0,1,0,0,0,0,0,00879,0,01,0,1f,4,1,0,0,0,1,02,0,0,0,0,1,0,0,0,1,0,0,0,0,0,0,0,0,1
3497,3497,0,0,0c,00000,0,0,0,0,1,0,0,0,0,0,0087a,0,01,0,1f,4,1,0,0,0,1,02,0,0,0,0,1,0,0,0,1,0,0,0,0,0,0,0,0,1
3498,3498,0,0,0c,00000,0,0,0,0,1,0,0,0,0,0,0087b,0,01,0,1f,4,1,0,0,0,1,02,0,0,0,0,1,0,0,0,1,0,0,0,0,0,0,0,0,1
3499,3499,0,0,0c,00000,0,0,0,0,1,0,0,0,0,0,0087c,0,01,0,1f,4,1,0,0,0,1,02,0,0,0,0,1,0,0,0,1,0,0,0,0,0,0,0,0,1
3500,3500,0,0,0c,00000,0,0,0,0,1,0,0,0,0,0,0087d,0,01,0,1f,4,1,0,0,0,1,02,0,0,0,0,1,0,0,0,1,0,0,0,0,0,0,0,0,1
3501,3501,0,0,0c,00000,0,0,0,0,1,0,0,0,0,0,0087e,0,01,0,1f,4,1,0,0,0,1,02,0,0,0,0,1,0,0,0,1,0,0,0,0,0,0,0,0,1
3502,3502,0,0,0c,00000,0,0,0,0,1,0,0,0,0,0,0087f,0,01,0,1f,4,1,0,0,0,1,02,0,0,0,0,1,0,0,0,1,0,0,0,0,0,0,0,0,1
3503,3503,0,0,0c,00000,0,0,0,0,1,0,0,0,0,0,00880,0,01,0,1f,4,1,0,0,0,1,02,0,0,0,0,1,0,0,0,1,0,0,0,0,0,0,0,0,1
3504,3504,0,0,0c,00000,0,0,0,0,1,0,0,0,0,0,00881,0,01,0,1f,4,1,0,0,0,1,02,0,0,0,0,1,0,0,0,1,0,0,0,0,0,0,0,0,1
3505,3505,0,0,0c,00000,0,0,0,0,1,0,0,0,0,0,00882,0,01,0,1f,4,1,0,0,0,1,02,0,0,0,0,1,0,0,0,1,0,0,0,0,0,0,0,0,1
3506,3506,0,0,0c,00000,0,0,0,0,1,0,0,0,0,0,00883,0,01,0,1f,4,1,0,0,0,1,02,0,0,0,0,1,0,0,0,1,0,0,0,0,0,0,0,0,1
3507,3507,0,0,0c,00000,0,0,0,0,1,0,0,0,0,0,00884,0,01,0,1f,4,1,0,0,0,1,02,0,0,0,0,1,0,0,0,1,0,0,0,0,0,0,0,0,1
3508,3508,0,0,0c,00000,0,0,0,0,1,0,0,0,0,0,00885,0,01,0,1f,4,1,0,0,0,1,02,0,0,0,0,1,0,0,0,1,0,0,0,0,0,0,0,0,1
3509,3509,0,0,0c,00000,0,0,0,0,1,0,0,0,0,0,00886,0,01,0,1f,4,1,0,0,0,1,02,0,0,0,0,1,0,0,0,1,0,0,0,0,0,0,0,0,1
3510,3510,0,0,0c,00000,0,0,0,0,1,0,0,0,0,0,00887,0,01,0,1f,4,1,0,0,0,1,02,0,0,0,0,1,0,0,0,1,0,0,0,0,0,0,0,0,1
3511,3511,0,0,0c,00000,0,0,0,0,1,0,0,0,0,0,00888,0,01,0,1f,4,1,0,0,0,1,02,0,0,0,0,1,0,0,0,1,0,0,0,0,0,0,0,0,1
3512,3512,0,0,0c,00000,0,0,0,0,1,0,0,0,0,0,00889,0,01,0,1f,4,1,0,0,0,1,02,0,0,0,0,1,0,0,0,1,0,0,0,0,0,0,0,0,1
3513,3513,0,0,0c,00000,0,0,0,0,1,0,0,0,0,0,0088a,0,01,0,1f,4,1,0,0,0,1,02,0,0,0,0,1,0,0,0,1,0,0,0,0,0,0,0,0,1
3514,3514,0,0,0c,00000,0,0,0,0,1,0,0,0,0,0,0088b,0,01,0,1f,4,1,0,0,0,1,02,0,0,0,0,1,0,0,0,1,0,0,0,0,0,0,0,0,1
3515,3515,0,0,0c,00000,0,0,0,0,1,0,0,0,0,0,0088c,0,01,0,1f,4,1,0,0,0,1,02,0,0,0,0,1,0,0,0,1,0,0,0,0,0,0,0,0,1
3516,3516,0,0,0c,00000,0,0,0,0,1,0,0,0,0,0,0088d,0,01,0,1f,4,1,0,0,0,1,02,0,0,0,0,1,0,0,0,1,0,0,0,0,0,0,0,0,1
3517,3517,0,0,0c,00000,0,0,0,0,1,0,0,0,0,0,0088e,0,01,0,1f,4,1,0,0,0,1,02,0,0,0,0,1,0,0,0,1,0,0,0,0,0,0,0,0,1
3518,3518,0,0,0c,00000,0,0,0,0,1,0,0,0,0,0,0088f,0,01,0,1f,4,1,0,0,0,1,02,0,0,0,0,1,0,0,0,1,0,0,0,0,0,0,0,0,1
3519,3519,0,0,0c,00000,0,0,0,0,1,0,0,0,0,0,00890,0,01,0,1f,4,1,0,0,0,1,02,0,0,0,0,1,0,0,0,1,0,0,0,0,0,0,0,0,1
3520,3520,0,0,0c,00000,0,0,0,0,1,0,0,0,0,0,00891,0,01,0,1f,4,1,0,0,0,1,02,0,0,0,0,1,0,0,0,1,0,0,0,0,0,0,0,0,1
3521,3521,0,0,0c,00000,0,0,0,0,1,0,0,0,0,0,00892,0,01,0,1f,4,1,0,0,0,1,02,0,0,0,0,1,0,0,0,1,0,0,0,0,0,0,0,0,1
3522,3522,0,0,0c,00000,0,0,0,0,1,0,0,0,0,0,00893,0,01,0,1f,4,1,0,0,0,1,02,0,0,0,0,1,0,0,0,1,0,0,0,0,0,0,0,0,1
3523,3523,0,0,0c,00000,0,0,0,0,1,0,0,0,0,0,00894,0,01,0,1f,4,1,0,0,0,1,02,0,0,0,0,1,0,0,0,1,0,0,0,0,0,0,0,0,1
3524,3524,0,0,0c,00000,0,0,0,0,1,0,0,0,0,0,00895,0,01,0,1f,4,1,0,0,0,1,02,0,0,0,0,1,0,0,0,1,0,0,0,0,0,0,0,0,1
3525,3525,0,0,0c,00000,0,0,0,0,1,0,0,0,0,0,00896,0,01,0,1f,4,1,0,0,0,1,02,0,0,0,0,1,0,0,0,1,0,0,0,0,0,0,0,0,1
3526,3526,0,0,0c,00000,0,0,0,0,1,0,0,0,0,0,00897,0,01,0,1f,4,1,0,0,0,1,02,0,0,0,0,1,0,0,0,1,0,0,0,0,0,0,0,0,1
3527,3527,0,0,0c,00000,0,0,0,0,1,0,0,0,0,0,00898,0,01,0,1f,4,1,0,0,0,1,02,0,0,0,0,1,0,0,0,1,0,0,0,0,0,0,0,0,1
3528,3528,0,0,0c,00000,0,0,0,0,1,0,0,0,0,0,00899,0,01,0,1f,4,1,0,0,0,1,02,0,0,0,0,1,0,0,0,1,0,0,0,0,0,0,0,0,1
3529,3529,0,0,0c,00000,0,0,0,0,1,0,0,0,0,0,0089a,0,01,0,1f,4,1,0,0,0,1,02,0,0,0,0,1,0,0,0,1,0,0,0,0,0,0,0,0,1
3530,3530,0,0,0c,00000,0,0,0,0,1,0,0,0,0,0,0089b,0,01,0,1f,4,1,0,0,0,1,02,0,0,0,0,1,0,0,0,1,0,0,0,0,0,0,0,0,1
3531,3531,0,0,0c,00000,0,0,0,0,1,0,0,0,0,0,0089c,0,01,0,1f,4,1,0,0,0,1,02,0,0,0,0,1,0,0,0,1,0,0,0,0,0,0,0,0,1
3532,3532,0,0,0c,00000,0,0,0,0,1,0,0,0,0,0,0089d,0,01,0,1f,4,1,0,0,0,1,02,0,0,0,0,1,0,0,0,1,0,0,0,0,0,0,0,0,1
3533,3533,0,0,0c,00000,0,0,0,0,1,0,0,0,0,0,0089e,0,01,0,1f,4,1,0,0,0,1,02,0,0,0,0,1,0,0,0,1,0,0,0,0,0,0,0,0,1
3534,3534,0,0,0c,00000,0,0,0,0,1,0,0,0,0,0,0089f,0,01,0,1f,4,1,0,0,0,1,02,0,0,0,0,1,0,0,0,1,0,0,0,0,0,0,0,0,1
3535,3535,0,0,0c,00000,0,0,0,0,1,0,0,0,0,0,008a0,0,01,0,1f,4,1,0,0,0,1,02,0,0,0,0,1,0,0,0,1,0,0,0,0,0,0,0,0,1
3536,3536,0,0,0c,00000,0,0,0,0,1,0,0,0,0,0,008a1,0,01,0,1f,4,1,0,0,0,1,02,0,0,0,0,1,0,0,0,1,0,0,0,0,0,0,0,0,1
3537,3537,0,0,0c,00000,0,0,0,0,1,0,0,0,0,0,008a2,0,01,0,1f,4,1,0,0,0,1,02,0,0,0,0,1,0,0,0,1,0,0,0,0,0,0,0,0,1
3538,3538,0,0,0c,00000,0,0,0,0,1,0,0,0,0,0,008a3,0,01,0,1f,4,1,0,0,0,1,02,0,0,0,0,1,0,0,0,1,0,0,0,0,0,0,0,0,1
3539,3539,0,0,0c,00000,0,0,0,0,1,0,0,0,0,0,008a4,0,01,0,1f,4,1,0,0,0,1,02,0,0,0,0,1,0,0,0,1,0,0,0,0,0,0,0,0,1
3540,3540,0,0,0c,00000,0,0,0,0,1,0,0,0,0,0,008a5,0,01,0,1f,4,1,0,0,0,1,02,0,0,0,0,1,0,0,0,1,0,0,0,0,0,0,0,0,1
3541,3541,0,0,0c,00000,0,0,0,0,1,0,0,0,0,0,008a6,0,01,0,1f,4,1,0,0,0,1,02,0,0,0,0,1,0,0,0,1,0,0,0,0,0,0,0,0,1
3542,3542,0,0,0c,00000,0,0,0,0,1,0,0,0,0,0,008a7,0,01,0,1f,4,1,0,0,0,1,02,0,0,0,0,1,0,0,0,1,0,0,0,0,0,0,0,0,1
3543,3543,0,0,0c,00000,0,0,0,0,1,0,0,0,0,0,008a8,0,01,0,1f,4,1,0,0,0,1,02,0,0,0,0,1,0,0,0,1,0,0,0,0,0,0,0,0,1
3544,3544,0,0,0c,00000,0,0,0,0,1,0,0,0,0,0,008a9,0,01,0,1f,4,1,0,0,0,1,02,0,0,0,0,1,0,0,0,1,0,0,0,0,0,0,0,0,1
3545,3545,0,0,0c,00000,0,0,0,0,1,0,0,0,0,0,008aa,0,01,0,1f,4,1,0,0,0,1,02,0,0,0,0,1,0,0,0,1,0,0,0,0,0,0,0,0,1
3546,3546,0,0,0c,00000,0,0,0,0,1,0,0,0,0,0,008ab,0,01,0,1f,4,1,0,0,0,1,02,0,0,0,0,1,0,0,0,1,0,0,0,0,0,0,0,0,1
3547,3547,0,0,0c,00000,0,0,0,0,1,0,0,0,0,0,008ac,0,01,0,1f,4,1,0,0,0,1,02,0,0,0,0,1,0,0,0,1,0,0,0,0,0,0,0,0,1
3548,3548,0,0,0c,00000,0,0,0,0,1,0,0,0,0,0,008ad,0,01,0,1f,4,1,0,0,0,1,02,0,0,0,0,1,0,0,0,1,0,0,0,0,0,0,0,0,1
3549,3549,0,0,0c,00000,0,0,0,0,1,0,0,0,0,0,008ae,0,01,0,1f,4,1,0,0,0,1,02,0,0,0,0,1,0,0,0,1,0,0,0,0,0,0,0,0,1
3550,3550,0,0,0c,00000,0,0,0,0,1,0,0,0,0,0,008af,0,01,0,1f,4,1,0,0,0,1,02,0,0,0,0,1,0,0,0,1,0,0,0,0,0,0,0,0,1
3551,3551,0,0,0c,00000,0,0,0,0,1,0,0,0,0,0,008b0,0,01,0,1f,4,1,0,0,0,1,02,0,0,0,0,1,0,0,0,1,0,0,0,0,0,0,0,0,1
3552,3552,0,0,0c,00000,0,0,0,0,1,0,0,0,0,0,008b1,0,01,0,1f,4,1,0,0,0,1,02,0,0,0,0,1,0,0,0,1,0,0,0,0,0,0,0,0,1
3553,3553,0,0,0c,00000,0,0,0,0,1,0,0,0,0,0,008b2,0,01,0,1f,4,1,0,0,0,1,02,0,0,0,0,1,0,0,0,1,0,0,0,0,0,0,0,0,1
3554,3554,0,0,0c,00000,0,0,0,0,1,0,0,0,0,0,008b3,0,01,0,1f,4,1,0,0,0,1,02,0,0,0,0,1,0,0,0,1,0,0,0,0,0,0,0,0,1
3555,3555,0,0,0c,00000,0,0,0,0,1,0,0,0,0,0,008b4,0,01,0,1f,4,1,0,0,0,1,02,0,0,0,0,1,0,0,0,1,0,0,0,0,0,0,0,0,1
3556,3556,0,0,0c,00000,0,0,0,0,1,0,0,0,0,0,008b5,0,01,0,1f,4,1,0,0,0,1,02,0,0,0,0,1,0,0,0,1,0,0,0,0,0,0,0,0,1
3557,3557,0,0,0c,00000,0,0,0,0,1,0,0,0,0,0,008b6,0,01,0,1f,4,1,0,0,0,1,02,0,0,0,0,1,0,0,0,1,0,0,0,0,0,0,0,0,1
3558,3558,0,0,0c,00000,0,0,0,0,1,0,0,0,0,0,008b7,0,01,0,1f,4,1,0,0,0,1,02,0,0,0,0,1,0,0,0,1,0,0,0,0,0,0,0,0,1
3559,3559,0,0,0c,00000,0,0,0,0,1,0,0,0,0,0,008b8,0,01,0,1f,4,1,0,0,0,1,02,0,0,0,0,1,0,0,0,1,0,0,0,0,0,0,0,0,1
3560,3560,0,0,0c,00000,0,0,0,0,1,0,0,0,0,0,008b9,0,01,0,1f,4,1,0,0,0,1,02,0,0,0,0,1,0,0,0,1,0,0,0,0,0,0,0,0,1
3561,3561,0,0,0c,00000,0,0,0,0,1,0,0,0,0,0,008ba,0,01,0,1f,4,1,0,0,0,1,02,0,0,0,0,1,0,0,0,1,0,0,0,0,0,0,0,0,1
3562,3562,0,0,0c,00000,0,0,0,0,1,0,0,0,0,0,008bb,0,01,0,1f,4,1,0,0,0,1,02,0,0,0,0,1,0,0,0,1,0,0,0,0,0,0,0,0,1
3563,3563,0,0,0c,00000,0,0,0,0,1,0,0,0,0,0,008bc,0,01,0,1f,4,1,0,0,0,1,02,0,0,0,0,1,0,0,0,1,0,0,0,0,0,0,0,0,1
3564,3564,0,0,0c,00000,0,0,0,0,1,0,0,0,0,0,008bd,0,01,0,1f,4,1,0,0,0,1,02,0,0,0,0,1,0,0,0,1,0,0,0,0,0,0,0,0,1
3565,3565,0,0,0c,00000,0,0,0,0,1,0,0,0,0,0,008be,0,01,0,1f,4,1,0,0,0,1,02,0,0,0,0,1,0,0,0,1,0,0,0,0,0,0,0,0,1
3566,3566,0,0,0c,00000,0,0,0,0,1,0,0,0,0,0,008bf,0,01,0,1f,4,1,0,0,0,1,02,0,0,0,0,1,0,0,0,1,0,0,0,0,0,0,0,0,1
3567,3567,0,0,0c,00000,0,0,0,0,1,0,0,0,0,0,008c0,0,01,0,1f,4,1,0,0,0,1,02,0,0,0,0,1,0,0,0,1,0,0,0,0,0,0,0,0,1
3568,3568,0,0,0c,00000,0,0,0,0,1,0,0,0,0,0,008c1,0,01,0,1f,4,1,0,0,0,1,02,0,0,0,0,1,0,0,0,1,0,0,0,0,0,0,0,0,1
3569,3569,0,0,0c,00000,0,0,0,0,1,0,0,0,0,0,008c2,0,01,0,1f,4,1,0,0,0,1,02,0,0,0,0,1,0,0,0,1,0,0,0,0,0,0,0,0,1
3570,3570,0,0,0c,00000,0,0,0,0,1,0,0,0,0,0,008c3,0,01,0,1f,4,1,0,0,0,1,02,0,0,0,0,1,0,0,0,1,0,0,0,0,0,0,0,0,1
3571,3571,0,0,0c,00000,0,0,0,0,1,0,0,0,0,0,008c4,0,01,0,1f,4,1,0,0,0,1,02,0,0,0,0,1,0,0,0,1,0,0,0,0,0,0,0,0,1
3572,3572,0,0,0c,00000,0,0,0,0,1,0,0,0,0,0,008c5,0,01,0,1f,4,1,0,0,0,1,02,0,0,0,0,1,0,0,0,1,0,0,0,0,0,0,0,0,1
3573,3573,0,0,0c,00000,0,0,0,0,1,0,0,0,0,0,008c6,0,01,0,1f,4,1,0,0,0,1,02,0,0,0,0,1,0,0,0,1,0,0,0,0,0,0,0,0,1
3574,3574,0,0,0c,00000,0,0,0,0,1,0,0,0,0,0,008c7,0,01,0,1f,4,1,0,0,0,1,02,0,0,0,0,1,0,0,0,1,0,0,0,0,0,0,0,0,1
3575,3575,0,0,0c,00000,0,0,0,0,1,0,0,0,0,0,008c8,0,01,0,1f,4,1,0,0,0,1,02,0,0,0,0,1,0,0,0,1,0,0,0,0,0,0,0,0,1
3576,3576,0,0,0c,00000,0,0,0,0,1,0,0,0,0,0,008c9,0,01,0,1f,4,1,0,0,0,1,02,0,0,0,0,1,0,0,0,1,0,0,0,0,0,0,0,0,1
3577,3577,0,0,0c,00000,0,0,0,0,1,0,0,0,0,0,008ca,0,01,0,1f,4,1,0,0,0,1,02,0,0,0,0,1,0,0,0,1,0,0,0,0,0,0,0,0,1
3578,3578,0,0,0c,00000,0,0,0,0,1,0,0,0,0,0,008cb,0,01,0,1f,4,1,0,0,0,1,02,0,0,0,0,1,0,0,0,1,0,0,0,0,0,0,0,0,1
3579,3579,0,0,0c,00000,0,0,0,0,1,0,0,0,0,0,008cc,0,01,0,1f,4,1,0,0,0,1,02,0,0,0,0,1,0,0,0,1,0,0,0,0,0,0,0,0,1
3580,3580,0,0,0c,00000,0,0,0,0,1,0,0,0,0,0,008cd,0,01,0,1f,4,1,0,0,0,1,02,0,0,0,0,1,0,0,0,1,0,0,0,0,0,0,0,0,1
3581,3581,0,0,0c,00000,0,0,0,0,1,0,0,0,0,0,008ce,0,01,0,1f,4,1,0,0,0,1,02,0,0,0,0,1,0,0,0,1,0,0,0,0,0,0,0,0,1
3582,3582,0,0,0c,00000,0,0,0,0,1,0,0,0,0,0,008cf,0,01,0,1f,4,1,0,0,0,1,02,0,0,0,0,1,0,0,0,1,0,0,0,0,0,0,0,0,1
3583,3583,0,0,0c,00000,0,0,0,0,1,0,0,0,0,0,008d0,0,01,0,1f,4,1,0,0,0,1,02,0,0,0,0,1,0,0,0,1,0,0,0,0,0,0,0,0,1
3584,3584,0,0,0c,00000,0,0,0,0,1,0,0,0,0,0,008d1,0,01,0,1f,4,1,0,0,0,1,02,0,0,0,0,1,0,0,0,1,0,0,0,0,0,0,0,0,1
3585,3585,0,0,0c,00000,0,0,0,0,1,0,0,0,0,0,008d2,0,01,0,1f,4,1,0,0,0,1,02,0,0,0,0,1,0,0,0,1,0,0,0,0,0,0,0,0,1
3586,3586,0,0,0c,00000,0,0,0,0,1,0,0,0,0,0,008d3,0,01,0,1f,4,1,0,0,0,1,02,0,0,0,0,1,0,0,0,1,0,0,0,0,0,0,0,0,1
3587,3587,0,0,0c,00000,0,0,0,0,1,0,0,0,0,0,008d4,0,01,0,1f,4,1,0,0,0,1,02,0,0,0,0,1,0,0,0,1,0,0,0,0,0,0,0,0,1
3588,3588,0,0,0c,00000,0,0,0,0,1,0,0,0,0,0,008d5,0,01,0,1f,4,1,0,0,0,1,02,0,0,0,0,1,0,0,0,1,0,0,0,0,0,0,0,0,1
3589,3589,0,0,0c,00000,0,0,0,0,1,0,0,0,0,0,008d6,0,01,0,1f,4,1,0,0,0,1,02,0,0,0,0,1,0,0,0,1,0,0,0,0,0,0,0,0,1
3590,3590,0,0,0c,00000,0,0,0,0,1,0,0,0,0,0,008d7,0,01,0,1f,4,1,0,0,0,1,02,0,0,0,0,1,0,0,0,1,0,0,0,0,0,0,0,0,1
3591,3591,0,0,0c,00000,0,0,0,0,1,0,0,0,0,0,008d8,0,01,0,1f,4,1,0,0,0,1,02,0,0,0,0,1,0,0,0,1,0,0,0,0,0,0,0,0,1
3592,3592,0,0,0c,00000,0,0,0,0,1,0,0,0,0,0,008d9,0,01,0,1f,4,1,0,0,0,1,02,0,0,0,0,1,0,0,0,1,0,0,0,0,0,0,0,0,1
3593,3593,0,0,0c,00000,0,0,0,0,1,0,0,0,0,0,008da,0,01,0,1f,4,1,0,0,0,1,02,0,0,0,0,1,0,0,0,1,0,0,0,0,0,0,0,0,1
3594,3594,0,0,0c,00000,0,0,0,0,1,0,0,0,0,0,008db,0,01,0,1f,4,1,0,0,0,1,02,0,0,0,0,1,0,0,0,1,0,0,0,0,0,0,0,0,1
3595,3595,0,0,0c,00000,0,0,0,0,1,0,0,0,0,0,008dc,0,01,0,1f,4,1,0,0,0,1,02,0,0,0,0,1,0,0,0,1,0,0,0,0,0,0,0,0,1
3596,3596,0,0,0c,00000,0,0,0,0,1,0,0,0,0,0,008dd,0,01,0,1f,4,1,0,0,0,1,02,0,0,0,0,1,0,0,0,1,0,0,0,0,0,0,0,0,1
3597,3597,0,0,0c,00000,0,0,0,0,1,0,0,0,0,0,008de,0,01,0,1f,4,1,0,0,0,1,02,0,0,0,0,1,0,0,0,1,0,0,0,0,0,0,0,0,1
3598,3598,0,0,0c,00000,0,0,0,0,1,0,0,0,0,0,008df,0,01,0,1f,4,1,0,0,0,1,02,0,0,0,0,1,0,0,0,1,0,0,0,0,0,0,0,0,1
3599,3599,0,0,0c,00000,0,0,0,0,1,0,0,0,0,0,008e0,0,01,0,1f,4,1,0,0,0,1,02,0,0,0,0,1,0,0,0,1,0,0,0,0,0,0,0,0,1
3600,3600,0,0,0c,00000,0,0,0,0,1,0,0,0,0,0,008e1,0,01,0,1f,4,1,0,0,0,1,02,0,0,0,0,1,0,0,0,1,0,0,0,0,0,0,0,0,1
3601,3601,0,0,0c,00000,0,0,0,0,1,0,0,0,0,0,008e2,0,01,0,1f,4,1,0,0,0,1,02,0,0,0,0,1,0,0,0,1,0,0,0,0,0,0,0,0,1
3602,3602,0,0,0c,00000,0,0,0,0,1,0,0,0,0,0,008e3,0,01,0,1f,4,1,0,0,0,1,02,0,0,0,0,1,0,0,0,1,0,0,0,0,0,0,0,0,1
3603,3603,0,0,0c,00000,0,0,0,0,1,0,0,0,0,0,008e4,0,01,0,1f,4,1,0,0,0,1,02,0,0,0,0,1,0,0,0,1,0,0,0,0,0,0,0,0,1
3604,3604,0,0,0c,00000,0,0,0,0,1,0,0,0,0,0,008e5,0,01,0,1f,4,1,0,0,0,1,02,0,0,0,0,1,0,0,0,1,0,0,0,0,0,0,0,0,1
3605,3605,0,0,0c,00000,0,0,0,0,1,0,0,0,0,0,008e6,0,01,0,1f,4,1,0,0,0,1,02,0,0,0,0,1,0,0,0,1,0,0,0,0,0,0,0,0,1
3606,3606,0,0,0c,00000,0,0,0,0,1,0,0,0,0,0,008e7,0,01,0,1f,4,1,0,0,0,1,02,0,0,0,0,1,0,0,0,1,0,0,0,0,0,0,0,0,1
3607,3607,0,0,0c,00000,0,0,0,0,1,0,0,0,0,0,008e8,0,01,0,1f,4,1,0,0,0,1,02,0,0,0,0,1,0,0,0,1,0,0,0,0,0,0,0,0,1
3608,3608,0,0,0c,00000,0,0,0,0,1,0,0,0,0,0,008e9,0,01,0,1f,4,1,0,0,0,1,02,0,0,0,0,1,0,0,0,1,0,0,0,0,0,0,0,0,1
3609,3609,0,0,0c,00000,0,0,0,0,1,0,0,0,0,0,008ea,0,01,0,1f,4,1,0,0,0,1,02,0,0,0,0,1,0,0,0,1,0,0,0,0,0,0,0,0,1
3610,3610,0,0,0c,00000,0,0,0,0,1,0,0,0,0,0,008eb,0,01,0,1f,4,1,0,0,0,1,02,0,0,0,0,1,0,0,0,1,0,0,0,0,0,0,0,0,1
3611,3611,0,0,0c,00000,0,0,0,0,1,0,0,0,0,0,008ec,0,01,0,1f,4,1,0,0,0,1,02,0,0,0,0,1,0,0,0,1,0,0,0,0,0,0,0,0,1
3612,3612,0,0,0c,00000,0,0,0,0,1,0,0,0,0,0,008ed,0,01,0,1f,4,1,0,0,0,1,02,0,0,0,0,1,0,0,0,1,0,0,0,0,0,0,0,0,1
3613,3613,0,0,0c,00000,0,0,0,0,1,0,0,0,0,0,008ee,0,01,0,1f,4,1,0,0,0,1,02,0,0,0,0,1,0,0,0,1,0,0,0,0,0,0,0,0,1
3614,3614,0,0,0c,00000,0,0,0,0,1,0,0,0,0,0,008ef,0,01,0,1f,4,1,0,0,0,1,02,0,0,0,0,1,0,0,0,1,0,0,0,0,0,0,0,0,1
3615,3615,0,0,0c,00000,0,0,0,0,1,0,0,0,0,0,008f0,0,01,0,1f,4,1,0,0,0,1,02,0,0,0,0,1,0,0,0,1,0,0,0,0,0,0,0,0,1
3616,3616,0,0,0c,00000,0,0,0,0,1,0,0,0,0,0,008f1,0,01,0,1f,4,1,0,0,0,1,02,0,0,0,0,1,0,0,0,1,0,0,0,0,0,0,0,0,1
3617,3617,0,0,0c,00000,0,0,0,0,1,0,0,0,0,0,008f2,0,01,0,1f,4,1,0,0,0,1,02,0,0,0,0,1,0,0,0,1,0,0,0,0,0,0,0,0,1
3618,3618,0,0,0c,00000,0,0,0,0,1,0,0,0,0,0,008f3,0,01,0,1f,4,1,0,0,0,1,02,0,0,0,0,1,0,0,0,1,0,0,0,0,0,0,0,0,1
3619,3619,0,0,0c,00000,0,0,0,0,1,0,0,0,0,0,008f4,0,01,0,1f,4,1,0,0,0,1,02,0,0,0,0,1,0,0,0,1,0,0,0,0,0,0,0,0,1
3620,3620,0,0,0c,00000,0,0,0,0,1,0,0,0,0,0,008f5,0,01,0,1f,4,1,0,0,0,1,02,0,0,0,0,1,0,0,0,1,0,0,0,0,0,0,0,0,1
3621,3621,0,0,0c,00000,0,0,0,0,1,0,0,0,0,0,008f6,0,01,0,1f,4,1,0,0,0,1,02,0,0,0,0,1,0,0,0,1,0,0,0,0,0,0,0,0,1
3622,3622,0,0,0c,00000,0,0,0,0,1,0,0,0,0,0,008f7,0,01,0,1f,4,1,0,0,0,1,02,0,0,0,0,1,0,0,0,1,0,0,0,0,0,0,0,0,1
3623,3623,0,0,0c,00000,0,0,0,0,1,0,0,0,0,0,008f8,0,01,0,1f,4,1,0,0,0,1,02,0,0,0,0,1,0,0,0,1,0,0,0,0,0,0,0,0,1
3624,3624,0,0,0c,00000,0,0,0,0,1,0,0,0,0,0,008f9,0,01,0,1f,4,1,0,0,0,1,02,0,0,0,0,1,0,0,0,1,0,0,0,0,0,0,0,0,1
3625,3625,0,0,0c,00000,0,0,0,0,1,0,0,0,0,0,008fa,0,01,0,1f,4,1,0,0,0,1,02,0,0,0,0,1,0,0,0,1,0,0,0,0,0,0,0,0,1
3626,3626,0,0,0c,00000,0,0,0,0,1,0,0,0,0,0,008fb,0,01,0,1f,4,1,0,0,0,1,02,0,0,0,0,1,0,0,0,1,0,0,0,0,0,0,0,0,1
3627,3627,0,0,0c,00000,0,0,0,0,1,0,0,0,0,0,008fc,0,01,0,1f,4,1,0,0,0,1,02,0,0,0,0,1,0,0,0,1,0,0,0,0,0,0,0,0,1
3628,3628,0,0,0c,00000,0,0,0,0,1,0,0,0,0,0,008fd,0,01,0,1f,4,1,0,0,0,1,02,0,0,0,0,1,0,0,0,1,0,0,0,0,0,0,0,0,1
3629,3629,0,0,0c,00000,0,0,0,0,1,0,0,0,0,0,008fe,0,01,0,1f,4,1,0,0,0,1,02,0,0,0,0,1,0,0,0,1,0,0,0,0,0,0,0,0,1
3630,3630,0,0,0c,00000,0,0,0,0,1,0,0,0,0,0,008ff,0,01,0,1f,4,1,0,0,0,1,02,0,0,0,0,1,0,0,0,1,0,0,0,0,0,0,0,0,1
3631,3631,0,0,0c,00000,0,0,0,0,1,0,0,0,0,0,00900,0,01,0,1f,4,1,0,0,0,1,02,0,0,0,0,1,0,0,0,1,0,0,0,0,0,0,0,0,1
3632,3632,0,0,0c,00000,0,0,0,0,1,0,0,0,0,0,00901,0,01,0,1f,4,1,0,0,0,1,02,0,0,0,0,1,0,0,0,1,0,0,0,0,0,0,0,0,1
3633,3633,0,0,0c,00000,0,0,0,0,1,0,0,0,0,0,00902,0,01,0,1f,4,1,0,0,0,1,02,0,0,0,0,1,0,0,0,1,0,0,0,0,0,0,0,0,1
3634,3634,0,0,0c,00000,0,0,0,0,1,0,0,0,0,0,00903,0,01,0,1f,4,1,0,0,0,1,02,0,0,0,0,1,0,0,0,1,0,0,0,0,0,0,0,0,1
3635,3635,0,0,0c,00000,0,0,0,0,1,0,0,0,0,0,00904,0,01,0,1f,4,1,0,0,0,1,02,0,0,0,0,1,0,0,0,1,0,0,0,0,0,0,0,0,1
3636,3636,0,0,0c,00000,0,0,0,0,1,0,0,0,0,0,00905,0,01,0,1f,4,1,0,0,0,1,02,0,0,0,0,1,0,0,0,1,0,0,0,0,0,0,0,0,1
3637,3637,0,0,0c,00000,0,0,0,0,1,0,0,0,0,0,00906,0,01,0,1f,4,1,0,0,0,1,02,0,0,0,0,1,0,0,0,1,0,0,0,0,0,0,0,0,1
3638,3638,0,0,0c,00000,0,0,0,0,1,0,0,0,0,0,00907,0,01,0,1f,4,1,0,0,0,1,02,0,0,0,0,1,0,0,0,1,0,0,0,0,0,0,0,0,1
3639,3639,0,0,0c,00000,0,0,0,0,1,0,0,0,0,0,00908,0,01,0,1f,4,1,0,0,0,1,02,0,0,0,0,1,0,0,0,1,0,0,0,0,0,0,0,0,1
3640,3640,0,0,0c,00000,0,0,0,0,1,0,0,0,0,0,00909,0,01,0,1f,4,1,0,0,0,1,02,0,0,0,0,1,0,0,0,1,0,0,0,0,0,0,0,0,1
3641,3641,0,0,0c,00000,0,0,0,0,1,0,0,0,0,0,0090a,0,01,0,1f,4,1,0,0,0,1,02,0,0,0,0,1,0,0,0,1,0,0,0,0,0,0,0,0,1
3642,3642,0,0,0c,00000,0,0,0,0,1,0,0,0,0,0,0090b,0,01,0,1f,4,1,0,0,0,1,02,0,0,0,0,1,0,0,0,1,0,0,0,0,0,0,0,0,1
3643,3643,0,0,0c,00000,0,0,0,0,1,0,0,0,0,0,0090c,0,01,0,1f,4,1,0,0,0,1,02,0,0,0,0,1,0,0,0,1,0,0,0,0,0,0,0,0,1
3644,3644,0,0,0c,00000,0,0,0,0,1,0,0,0,0,0,0090d,0,01,0,1f,4,1,0,0,0,1,02,0,0,0,0,1,0,0,0,1,0,0,0,0,0,0,0,0,1
3645,3645,0,0,0c,00000,0,0,0,0,1,0,0,0,0,0,0090e,0,01,0,1f,4,1,0,0,0,1,02,0,0,0,0,1,0,0,0,1,0,0,0,0,0,0,0,0,1
3646,3646,0,0,0c,00000,0,0,0,0,1,0,0,0,0,0,0090f,0,01,0,1f,4,1,0,0,0,1,02,0,0,0,0,1,0,0,0,1,0,0,0,0,0,0,0,0,1
3647,3647,0,0,0c,00000,0,0,0,0,1,0,0,0,0,0,00910,0,01,0,1f,4,1,0,0,0,1,02,0,0,0,0,1,0,0,0,1,0,0,0,0,0,0,0,0,1
3648,3648,0,0,0c,00000,0,0,0,0,1,0,0,0,0,0,00911,0,01,0,1f,4,1,0,0,0,1,02,0,0,0,0,1,0,0,0,1,0,0,0,0,0,0,0,0,1
3649,3649,0,0,0c,00000,0,0,0,0,1,0,0,0,0,0,00912,0,01,0,1f,4,1,0,0,0,1,02,0,0,0,0,1,0,0,0,1,0,0,0,0,0,0,0,0,1
3650,3650,0,0,0c,00000,0,0,0,0,1,0,0,0,0,0,00913,0,01,0,1f,4,1,0,0,0,1,02,0,0,0,0,1,0,0,0,1,0,0,0,0,0,0,0,0,1
3651,3651,0,0,0c,00000,0,0,0,0,1,0,0,0,0,0,00914,0,01,0,1f,4,1,0,0,0,1,02,0,0,0,0,1,0,0,0,1,0,0,0,0,0,0,0,0,1
3652,3652,0,0,0c,00000,0,0,0,0,1,0,0,0,0,0,00915,0,01,0,1f,4,1,0,0,0,1,02,0,0,0,0,1,0,0,0,1,0,0,0,0,0,0,0,0,1
3653,3653,0,0,0c,00000,0,0,0,0,1,0,0,0,0,0,00916,0,01,0,1f,4,1,0,0,0,1,02,0,0,0,0,1,0,0,0,1,0,0,0,0,0,0,0,0,1
3654,3654,0,0,0c,00000,0,0,0,0,1,0,0,0,0,0,00917,0,01,0,1f,4,1,0,0,0,1,02,0,0,0,0,1,0,0,0,1,0,0,0,0,0,0,0,0,1
3655,3655,0,0,0c,00000,0,0,0,0,1,0,0,0,0,0,00918,0,01,0,1f,4,1,0,0,0,1,02,0,0,0,0,1,0,0,0,1,0,0,0,0,0,0,0,0,1
3656,3656,0,0,0c,00000,0,0,0,0,1,0,0,0,0,0,00919,0,01,0,1f,4,1,0,0,0,1,02,0,0,0,0,1,0,0,0,1,0,0,0,0,0,0,0,0,1
3657,3657,0,0,0c,00000,0,0,0,0,1,0,0,0,0,0,0091a,0,01,0,1f,4,1,0,0,0,1,02,0,0,0,0,1,0,0,0,1,0,0,0,0,0,0,0,0,1
3658,3658,0,0,0c,00000,0,0,0,0,1,0,0,0,0,0,0091b,0,01,0,1f,4,1,0,0,0,1,02,0,0,0,0,1,0,0,0,1,0,0,0,0,0,0,0,0,1
3659,3659,0,0,0c,00000,0,0,0,0,1,0,0,0,0,0,0091c,0,01,0,1f,4,1,0,0,0,1,02,0,0,0,0,1,0,0,0,1,0,0,0,0,0,0,0,0,1
3660,3660,0,0,0c,00000,0,0,0,0,1,0,0,0,0,0,0091d,0,01,0,1f,4,1,0,0,0,1,02,0,0,0,0,1,0,0,0,1,0,0,0,0,0,0,0,0,1
3661,3661,0,0,0c,00000,0,0,0,0,1,0,0,0,0,0,0091e,0,01,0,1f,4,1,0,0,0,1,02,0,0,0,0,1,0,0,0,1,0,0,0,0,0,0,0,0,1
3662,3662,0,0,0c,00000,0,0,0,0,1,0,0,0,0,0,0091f,0,01,0,1f,4,1,0,0,0,1,02,0,0,0,0,1,0,0,0,1,0,0,0,0,0,0,0,0,1
3663,3663,0,0,0c,00000,0,0,0,0,1,0,0,0,0,0,00920,0,01,0,1f,4,1,0,0,0,1,02,0,0,0,0,1,0,0,0,1,0,0,0,0,0,0,0,0,1
3664,3664,0,0,0c,00000,0,0,0,0,1,0,0,0,0,0,00921,0,01,0,1f,4,1,0,0,0,1,02,0,0,0,0,1,0,0,0,1,0,0,0,0,0,0,0,0,1
3665,3665,0,0,0c,00000,0,0,0,0,1,0,0,0,0,0,00922,0,01,0,1f,4,1,0,0,0,1,02,0,0,0,0,1,0,0,0,1,0,0,0,0,0,0,0,0,1
3666,3666,0,0,0c,00000,0,0,0,0,1,0,0,0,0,0,00923,0,01,0,1f,4,1,0,0,0,1,02,0,0,0,0,1,0,0,0,1,0,0,0,0,0,0,0,0,1
3667,3667,0,0,0c,00000,0,0,0,0,1,0,0,0,0,0,00924,0,01,0,1f,4,1,0,0,0,1,02,0,0,0,0,1,0,0,0,1,0,0,0,0,0,0,0,0,1
3668,3668,0,0,0c,00000,0,0,0,0,1,0,0,0,0,0,00925,0,01,0,1f,4,1,0,0,0,1,02,0,0,0,0,1,0,0,0,1,0,0,0,0,0,0,0,0,1
3669,3669,0,0,0c,00000,0,0,0,0,1,0,0,0,0,0,00926,0,01,0,1f,4,1,0,0,0,1,02,0,0,0,0,1,0,0,0,1,0,0,0,0,0,0,0,0,1
3670,3670,0,0,0c,00000,0,0,0,0,1,0,0,0,0,0,00927,0,01,0,1f,4,1,0,0,0,1,02,0,0,0,0,1,0,0,0,1,0,0,0,0,0,0,0,0,1
3671,3671,0,0,0c,00000,0,0,0,0,1,0,0,0,0,0,00928,0,01,0,1f,4,1,0,0,0,1,02,0,0,0,0,1,0,0,0,1,0,0,0,0,0,0,0,0,1
3672,3672,0,0,0c,00000,0,0,0,0,1,0,0,0,0,0,00929,0,01,0,1f,4,1,0,0,0,1,02,0,0,0,0,1,0,0,0,1,0,0,0,0,0,0,0,0,1
3673,3673,0,0,0c,00000,0,0,0,0,1,0,0,0,0,0,0092a,0,01,0,1f,4,1,0,0,0,1,02,0,0,0,0,1,0,0,0,1,0,0,0,0,0,0,0,0,1
3674,3674,0,0,0c,00000,0,0,0,0,1,0,0,0,0,0,0092b,0,01,0,1f,4,1,0,0,0,1,02,0,0,0,0,1,0,0,0,1,0,0,0,0,0,0,0,0,1
3675,3675,0,0,0c,00000,0,0,0,0,1,0,0,0,0,0,0092c,0,01,0,1f,4,1,0,0,0,1,02,0,0,0,0,1,0,0,0,1,0,0,0,0,0,0,0,0,1
3676,3676,0,0,0c,00000,0,0,0,0,1,0,0,0,0,0,0092d,0,01,0,1f,4,1,0,0,0,1,02,0,0,0,0,1,0,0,0,1,0,0,0,0,0,0,0,0,1
3677,3677,0,0,0c,00000,0,0,0,0,1,0,0,0,0,0,0092e,0,01,0,1f,4,1,0,0,0,1,02,0,0,0,0,1,0,0,0,1,0,0,0,0,0,0,0,0,1
3678,3678,0,0,0c,00000,0,0,0,0,1,0,0,0,0,0,0092f,0,01,0,1f,4,1,0,0,0,1,02,0,0,0,0,1,0,0,0,1,0,0,0,0,0,0,0,0,1
3679,3679,0,0,0c,00000,0,0,0,0,1,0,0,0,0,0,00930,0,01,0,1f,4,1,0,0,0,1,02,0,0,0,0,1,0,0,0,1,0,0,0,0,0,0,0,0,1
3680,3680,0,0,0c,00000,0,0,0,0,1,0,0,0,0,0,00931,0,01,0,1f,4,1,0,0,0,1,02,0,0,0,0,1,0,0,0,1,0,0,0,0,0,0,0,0,1
3681,3681,0,0,0c,00000,0,0,0,0,1,0,0,0,0,0,00932,0,01,0,1f,4,1,0,0,0,1,02,0,0,0,0,1,0,0,0,1,0,0,0,0,0,0,0,0,1
3682,3682,0,0,0c,00000,0,0,0,0,1,0,0,0,0,0,00933,0,01,0,1f,4,1,0,0,0,1,02,0,0,0,0,1,0,0,0,1,0,0,0,0,0,0,0,0,1
3683,3683,0,0,0c,00000,0,0,0,0,1,0,0,0,0,0,00934,0,01,0,1f,4,1,0,0,0,1,02,0,0,0,0,1,0,0,0,1,0,0,0,0,0,0,0,0,1
3684,3684,0,0,0c,00000,0,0,0,0,1,0,0,0,0,0,00935,0,01,0,1f,4,1,0,0,0,1,02,0,0,0,0,1,0,0,0,1,0,0,0,0,0,0,0,0,1
3685,3685,0,0,0c,00000,0,0,0,0,1,0,0,0,0,0,00936,0,01,0,1f,4,1,0,0,0,1,02,0,0,0,0,1,0,0,0,1,0,0,0,0,0,0,0,0,1
3686,3686,0,0,0c,00000,0,0,0,0,1,0,0,0,0,0,00937,0,01,0,1f,4,1,0,0,0,1,02,0,0,0,0,1,0,0,0,1,0,0,0,0,0,0,0,0,1
3687,3687,0,0,0c,00000,0,0,0,0,1,0,0,0,0,0,00938,0,01,0,1f,4,1,0,0,0,1,02,0,0,0,0,1,0,0,0,1,0,0,0,0,0,0,0,0,1
3688,3688,0,0,0c,00000,0,0,0,0,1,0,0,0,0,0,00939,0,01,0,1f,4,1,0,0,0,1,02,0,0,0,0,1,0,0,0,1,0,0,0,0,0,0,0,0,1
3689,3689,0,0,0c,00000,0,0,0,0,1,0,0,0,0,0,0093a,0,01,0,1f,4,1,0,0,0,1,02,0,0,0,0,1,0,0,0,1,0,0,0,0,0,0,0,0,1
3690,3690,0,0,0c,00000,0,0,0,0,1,0,0,0,0,0,0093b,0,01,0,1f,4,1,0,0,0,1,02,0,0,0,0,1,0,0,0,1,0,0,0,0,0,0,0,0,1
3691,3691,0,0,0c,00000,0,0,0,0,1,0,0,0,0,0,0093c,0,01,0,1f,4,1,0,0,0,1,02,0,0,0,0,1,0,0,0,1,0,0,0,0,0,0,0,0,1
3692,3692,0,0,0c,00000,0,0,0,0,1,0,0,0,0,0,0093d,0,01,0,1f,4,1,0,0,0,1,02,0,0,0,0,1,0,0,0,1,0,0,0,0,0,0,0,0,1
3693,3693,0,0,0c,00000,0,0,0,0,1,0,0,0,0,0,0093e,0,01,0,1f,4,1,0,0,0,1,02,0,0,0,0,1,0,0,0,1,0,0,0,0,0,0,0,0,1
3694,3694,0,0,0c,00000,0,0,0,0,1,0,0,0,0,0,0093f,0,01,0,1f,4,1,0,0,0,1,02,0,0,0,0,1,0,0,0,1,0,0,0,0,0,0,0,0,1
3695,3695,0,0,0c,00000,0,0,0,0,1,0,0,0,0,0,00940,0,01,0,1f,4,1,0,0,0,1,02,0,0,0,0,1,0,0,0,1,0,0,0,0,0,0,0,0,1
3696,3696,0,0,0c,00000,0,0,0,0,1,0,0,0,0,0,00941,0,01,0,1f,4,1,0,0,0,1,02,0,0,0,0,1,0,0,0,1,0,0,0,0,0,0,0,0,1
3697,3697,0,0,0c,00000,0,0,0,0,1,0,0,0,0,0,00942,0,01,0,1f,4,1,0,0,0,1,02,0,0,0,0,1,0,0,0,1,0,0,0,0,0,0,0,0,1
3698,3698,0,0,0c,00000,0,0,0,0,1,0,0,0,0,0,00943,0,01,0,1f,4,1,0,0,0,1,02,0,0,0,0,1,0,0,0,1,0,0,0,0,0,0,0,0,1
3699,3699,0,0,0c,00000,0,0,0,0,1,0,0,0,0,0,00944,0,01,0,1f,4,1,0,0,0,1,02,0,0,0,0,1,0,0,0,1,0,0,0,0,0,0,0,0,1
3700,3700,0,0,0c,00000,0,0,0,0,1,0,0,0,0,0,00945,0,01,0,1f,4,1,0,0,0,1,02,0,0,0,0,1,0,0,0,1,0,0,0,0,0,0,0,0,1
3701,3701,0,0,0c,00000,0,0,0,0,1,0,0,0,0,0,00946,0,01,0,1f,4,1,0,0,0,1,02,0,0,0,0,1,0,0,0,1,0,0,0,0,0,0,0,0,1
3702,3702,0,0,0c,00000,0,0,0,0,1,0,0,0,0,0,00947,0,01,0,1f,4,1,0,0,0,1,02,0,0,0,0,1,0,0,0,1,0,0,0,0,0,0,0,0,1
3703,3703,0,0,0c,00000,0,0,0,0,1,0,0,0,0,0,00948,0,01,0,1f,4,1,0,0,0,1,02,0,0,0,0,1,0,0,0,1,0,0,0,0,0,0,0,0,1
3704,3704,0,0,0c,00000,0,0,0,0,1,0,0,0,0,0,00949,0,01,0,1f,4,1,0,0,0,1,02,0,0,0,0,1,0,0,0,1,0,0,0,0,0,0,0,0,1
3705,3705,0,0,0c,00000,0,0,0,0,1,0,0,0,0,0,0094a,0,01,0,1f,4,1,0,0,0,1,02,0,0,0,0,1,0,0,0,1,0,0,0,0,0,0,0,0,1
3706,3706,0,0,0c,00000,0,0,0,0,1,0,0,0,0,0,0094b,0,01,0,1f,4,1,0,0,0,1,02,0,0,0,0,1,0,0,0,1,0,0,0,0,0,0,0,0,1
3707,3707,0,0,0c,00000,0,0,0,0,1,0,0,0,0,0,0094c,0,01,0,1f,4,1,0,0,0,1,02,0,0,0,0,1,0,0,0,1,0,0,0,0,0,0,0,0,1
3708,3708,0,0,0c,00000,0,0,0,0,1,0,0,0,0,0,0094d,0,01,0,1f,4,1,0,0,0,1,02,0,0,0,0,1,0,0,0,1,0,0,0,0,0,0,0,0,1
3709,3709,0,0,0c,00000,0,0,0,0,1,0,0,0,0,0,0094e,0,01,0,1f,4,1,0,0,0,1,02,0,0,0,0,1,0,0,0,1,0,0,0,0,0,0,0,0,1
3710,3710,0,0,0c,00000,0,0,0,0,1,0,0,0,0,0,0094f,0,01,0,1f,4,1,0,0,0,1,02,0,0,0,0,1,0,0,0,1,0,0,0,0,0,0,0,0,1
3711,3711,0,0,0c,00000,0,0,0,0,1,0,0,0,0,0,00950,0,01,0,1f,4,1,0,0,0,1,02,0,0,0,0,1,0,0,0,1,0,0,0,0,0,0,0,0,1
3712,3712,0,0,0c,00000,0,0,0,0,1,0,0,0,0,0,00951,0,01,0,1f,4,1,0,0,0,1,02,0,0,0,0,1,0,0,0,1,0,0,0,0,0,0,0,0,1
3713,3713,0,0,0c,00000,0,0,0,0,1,0,0,0,0,0,00952,0,01,0,1f,4,1,0,0,0,1,02,0,0,0,0,1,0,0,0,1,0,0,0,0,0,0,0,0,1
3714,3714,0,0,0c,00000,0,0,0,0,1,0,0,0,0,0,00953,0,01,0,1f,4,1,0,0,0,1,02,0,0,0,0,1,0,0,0,1,0,0,0,0,0,0,0,0,1
3715,3715,0,0,0c,00000,0,0,0,0,1,0,0,0,0,0,00954,0,01,0,1f,4,1,0,0,0,1,02,0,0,0,0,1,0,0,0,1,0,0,0,0,0,0,0,0,1
3716,3716,0,0,0c,00000,0,0,0,0,1,0,0,0,0,0,00955,0,01,0,1f,4,1,0,0,0,1,02,0,0,0,0,1,0,0,0,1,0,0,0,0,0,0,0,0,1
3717,3717,0,0,0c,00000,0,0,0,0,1,0,0,0,0,0,00956,0,01,0,1f,4,1,0,0,0,1,02,0,0,0,0,1,0,0,0,1,0,0,0,0,0,0,0,0,1
3718,3718,0,0,0c,00000,0,0,0,0,1,0,0,0,0,0,00957,0,01,0,1f,4,1,0,0,0,1,02,0,0,0,0,1,0,0,0,1,0,0,0,0,0,0,0,0,1
3719,3719,0,0,0c,00000,0,0,0,0,1,0,0,0,0,0,00958,0,01,0,1f,4,1,0,0,0,1,02,0,0,0,0,1,0,0,0,1,0,0,0,0,0,0,0,0,1
3720,3720,0,0,0c,00000,0,0,0,0,1,0,0,0,0,0,00959,0,01,0,1f,4,1,0,0,0,1,02,0,0,0,0,1,0,0,0,1,0,0,0,0,0,0,0,0,1
3721,3721,0,0,0c,00000,0,0,0,0,1,0,0,0,0,0,0095a,0,01,0,1f,4,1,0,0,0,1,02,0,0,0,0,1,0,0,0,1,0,0,0,0,0,0,0,0,1
3722,3722,0,0,0c,00000,0,0,0,0,1,0,0,0,0,0,0095b,0,01,0,1f,4,1,0,0,0,1,02,0,0,0,0,1,0,0,0,1,0,0,0,0,0,0,0,0,1
3723,3723,0,0,0c,00000,0,0,0,0,1,0,0,0,0,0,0095c,0,01,0,1f,4,1,0,0,0,1,02,0,0,0,0,1,0,0,0,1,0,0,0,0,0,0,0,0,1
3724,3724,0,0,0c,00000,0,0,0,0,1,0,0,0,0,0,0095d,0,01,0,1f,4,1,0,0,0,1,02,0,0,0,0,1,0,0,0,1,0,0,0,0,0,0,0,0,1
3725,3725,0,0,0c,00000,0,0,0,0,1,0,0,0,0,0,0095e,0,01,0,1f,4,1,0,0,0,1,02,0,0,0,0,1,0,0,0,1,0,0,0,0,0,0,0,0,1
3726,3726,0,0,0c,00000,0,0,0,0,1,0,0,0,0,0,0095f,0,01,0,1f,4,1,0,0,0,1,02,0,0,0,0,1,0,0,0,1,0,0,0,0,0,0,0,0,1
3727,3727,0,0,0c,00000,0,0,0,0,1,0,0,0,0,0,00960,0,01,0,1f,4,1,0,0,0,1,02,0,0,0,0,1,0,0,0,1,0,0,0,0,0,0,0,0,1
3728,3728,0,0,0c,00000,0,0,0,0,1,0,0,0,0,0,00961,0,01,0,1f,4,1,0,0,0,1,02,0,0,0,0,1,0,0,0,1,0,0,0,0,0,0,0,0,1
3729,3729,0,0,0c,00000,0,0,0,0,1,0,0,0,0,0,00962,0,01,0,1f,4,1,0,0,0,1,02,0,0,0,0,1,0,0,0,1,0,0,0,0,0,0,0,0,1
3730,3730,0,0,0c,00000,0,0,0,0,1,0,0,0,0,0,00963,0,01,0,1f,4,1,0,0,0,1,02,0,0,0,0,1,0,0,0,1,0,0,0,0,0,0,0,0,1
3731,3731,0,0,0c,00000,0,0,0,0,1,0,0,0,0,0,00964,0,01,0,1f,4,1,0,0,0,1,02,0,0,0,0,1,0,0,0,1,0,0,0,0,0,0,0,0,1
3732,3732,0,0,0c,00000,0,0,0,0,1,0,0,0,0,0,00965,0,01,0,1f,4,1,0,0,0,1,02,0,0,0,0,1,0,0,0,1,0,0,0,0,0,0,0,0,1
3733,3733,0,0,0c,00000,0,0,0,0,1,0,0,0,0,0,00966,0,01,0,1f,4,1,0,0,0,1,02,0,0,0,0,1,0,0,0,1,0,0,0,0,0,0,0,0,1
3734,3734,0,0,0c,00000,0,0,0,0,1,0,0,0,0,0,00967,0,01,0,1f,4,1,0,0,0,1,02,0,0,0,0,1,0,0,0,1,0,0,0,0,0,0,0,0,1
3735,3735,0,0,0c,00000,0,0,0,0,1,0,0,0,0,0,00968,0,01,0,1f,4,1,0,0,0,1,02,0,0,0,0,1,0,0,0,1,0,0,0,0,0,0,0,0,1
3736,3736,0,0,0c,00000,0,0,0,0,1,0,0,0,0,0,00969,0,01,0,1f,4,1,0,0,0,1,02,0,0,0,0,1,0,0,0,1,0,0,0,0,0,0,0,0,1
3737,3737,0,0,0c,00000,0,0,0,0,1,0,0,0,0,0,0096a,0,01,0,1f,4,1,0,0,0,1,02,0,0,0,0,1,0,0,0,1,0,0,0,0,0,0,0,0,1
3738,3738,0,0,0c,00000,0,0,0,0,1,0,0,0,0,0,0096b,0,01,0,1f,4,1,0,0,0,1,02,0,0,0,0,1,0,0,0,1,0,0,0,0,0,0,0,0,1
3739,3739,0,0,0c,00000,0,0,0,0,1,0,0,0,0,0,0096c,0,01,0,1f,4,1,0,0,0,1,02,0,0,0,0,1,0,0,0,1,0,0,0,0,0,0,0,0,1
3740,3740,0,0,0c,00000,0,0,0,0,1,0,0,0,0,0,0096d,0,01,0,1f,4,1,0,0,0,1,02,0,0,0,0,1,0,0,0,1,0,0,0,0,0,0,0,0,1
3741,3741,0,0,0c,00000,0,0,0,0,1,0,0,0,0,0,0096e,0,01,0,1f,4,1,0,0,0,1,02,0,0,0,0,1,0,0,0,1,0,0,0,0,0,0,0,0,1
3742,3742,0,0,0c,00000,0,0,0,0,1,0,0,0,0,0,0096f,0,01,0,1f,4,1,0,0,0,1,02,0,0,0,0,1,0,0,0,1,0,0,0,0,0,0,0,0,1
3743,3743,0,0,0c,00000,0,0,0,0,1,0,0,0,0,0,00970,0,01,0,1f,4,1,0,0,0,1,02,0,0,0,0,1,0,0,0,1,0,0,0,0,0,0,0,0,1
3744,3744,0,0,0c,00000,0,0,0,0,1,0,0,0,0,0,00971,0,01,0,1f,4,1,0,0,0,1,02,0,0,0,0,1,0,0,0,1,0,0,0,0,0,0,0,0,1
3745,3745,0,0,0c,00000,0,0,0,0,1,0,0,0,0,0,00972,0,01,0,1f,4,1,0,0,0,1,02,0,0,0,0,1,0,0,0,1,0,0,0,0,0,0,0,0,1
3746,3746,0,0,0c,00000,0,0,0,0,1,0,0,0,0,0,00973,0,01,0,1f,4,1,0,0,0,1,02,0,0,0,0,1,0,0,0,1,0,0,0,0,0,0,0,0,1
3747,3747,0,0,0c,00000,0,0,0,0,1,0,0,0,0,0,00974,0,01,0,1f,4,1,0,0,0,1,02,0,0,0,0,1,0,0,0,1,0,0,0,0,0,0,0,0,1
3748,3748,0,0,0c,00000,0,0,0,0,1,0,0,0,0,0,00975,0,01,0,1f,4,1,0,0,0,1,02,0,0,0,0,1,0,0,0,1,0,0,0,0,0,0,0,0,1
3749,3749,0,0,0c,00000,0,0,0,0,1,0,0,0,0,0,00976,0,01,0,1f,4,1,0,0,0,1,02,0,0,0,0,1,0,0,0,1,0,0,0,0,0,0,0,0,1
3750,3750,0,0,0c,00000,0,0,0,0,1,0,0,0,0,0,00977,0,01,0,1f,4,1,0,0,0,1,02,0,0,0,0,1,0,0,0,1,0,0,0,0,0,0,0,0,1
3751,3751,0,0,0c,00000,0,0,0,0,1,0,0,0,0,0,00978,0,01,0,1f,4,1,0,0,0,1,02,0,0,0,0,1,0,0,0,1,0,0,0,0,0,0,0,0,1
3752,3752,0,0,0c,00000,0,0,0,0,1,0,0,0,0,0,00979,0,01,0,1f,4,1,0,0,0,1,02,0,0,0,0,1,0,0,0,1,0,0,0,0,0,0,0,0,1
3753,3753,0,0,0c,00000,0,0,0,0,1,0,0,0,0,0,0097a,0,01,0,1f,4,1,0,0,0,1,02,0,0,0,0,1,0,0,0,1,0,0,0,0,0,0,0,0,1
3754,3754,0,0,0c,00000,0,0,0,0,1,0,0,0,0,0,0097b,0,01,0,1f,4,1,0,0,0,1,02,0,0,0,0,1,0,0,0,1,0,0,0,0,0,0,0,0,1
3755,3755,0,0,0c,00000,0,0,0,0,1,0,0,0,0,0,0097c,0,01,0,1f,4,1,0,0,0,1,02,0,0,0,0,1,0,0,0,1,0,0,0,0,0,0,0,0,1
3756,3756,0,0,0c,00000,0,0,0,0,1,0,0,0,0,0,0097d,0,01,0,1f,4,1,0,0,0,1,02,0,0,0,0,1,0,0,0,1,0,0,0,0,0,0,0,0,1
3757,3757,0,0,0c,00000,0,0,0,0,1,0,0,0,0,0,0097e,0,01,0,1f,4,1,0,0,0,1,02,0,0,0,0,1,0,0,0,1,0,0,0,0,0,0,0,0,1
3758,3758,0,0,0c,00000,0,0,0,0,1,0,0,0,0,0,0097f,0,01,0,1f,4,1,0,0,0,1,02,0,0,0,0,1,0,0,0,1,0,0,0,0,0,0,0,0,1
3759,3759,0,0,0c,00000,0,0,0,0,1,0,0,0,0,0,00980,0,01,0,1f,4,1,0,0,0,1,02,0,0,0,0,1,0,0,0,1,0,0,0,0,0,0,0,0,1
3760,3760,0,0,0c,00000,0,0,0,0,1,0,0,0,0,0,00981,0,01,0,1f,4,1,0,0,0,1,02,0,0,0,0,1,0,0,0,1,0,0,0,0,0,0,0,0,1
3761,3761,0,0,0c,00000,0,0,0,0,1,0,0,0,0,0,00982,0,01,0,1f,4,1,0,0,0,1,02,0,0,0,0,1,0,0,0,1,0,0,0,0,0,0,0,0,1
3762,3762,0,0,0c,00000,0,0,0,0,1,0,0,0,0,0,00983,0,01,0,1f,4,1,0,0,0,1,02,0,0,0,0,1,0,0,0,1,0,0,0,0,0,0,0,0,1
3763,3763,0,0,0c,00000,0,0,0,0,1,0,0,0,0,0,00984,0,01,0,1f,4,1,0,0,0,1,02,0,0,0,0,1,0,0,0,1,0,0,0,0,0,0,0,0,1
3764,3764,0,0,0c,00000,0,0,0,0,1,0,0,0,0,0,00985,0,01,0,1f,4,1,0,0,0,1,02,0,0,0,0,1,0,0,0,1,0,0,0,0,0,0,0,0,1
3765,3765,0,0,0c,00000,0,0,0,0,1,0,0,0,0,0,00986,0,01,0,1f,4,1,0,0,0,1,02,0,0,0,0,1,0,0,0,1,0,0,0,0,0,0,0,0,1
3766,3766,0,0,0c,00000,0,0,0,0,1,0,0,0,0,0,00987,0,01,0,1f,4,1,0,0,0,1,02,0,0,0,0,1,0,0,0,1,0,0,0,0,0,0,0,0,1
3767,3767,0,0,0c,00000,0,0,0,0,1,0,0,0,0,0,00988,0,01,0,1f,4,1,0,0,0,1,02,0,0,0,0,1,0,0,0,1,0,0,0,0,0,0,0,0,1
3768,3768,0,0,0c,00000,0,0,0,0,1,0,0,0,0,0,00989,0,01,0,1f,4,1,0,0,0,1,02,0,0,0,0,1,0,0,0,1,0,0,0,0,0,0,0,0,1
3769,3769,0,0,0c,00000,0,0,0,0,1,0,0,0,0,0,0098a,0,01,0,1f,4,1,0,0,0,1,02,0,0,0,0,1,0,0,0,1,0,0,0,0,0,0,0,0,1
3770,3770,0,0,0c,00000,0,0,0,0,1,0,0,0,0,0,0098b,0,01,0,1f,4,1,0,0,0,1,02,0,0,0,0,1,0,0,0,1,0,0,0,0,0,0,0,0,1
3771,3771,0,0,0c,00000,0,0,0,0,1,0,0,0,0,0,0098c,0,01,0,1f,4,1,0,0,0,1,02,0,0,0,0,1,0,0,0,1,0,0,0,0,0,0,0,0,1
3772,3772,0,0,0c,00000,0,0,0,0,1,0,0,0,0,0,0098d,0,01,0,1f,4,1,0,0,0,1,02,0,0,0,0,1,0,0,0,1,0,0,0,0,0,0,0,0,1
3773,3773,0,0,0c,00000,0,0,0,0,1,0,0,0,0,0,0098e,0,01,0,1f,4,1,0,0,0,1,02,0,0,0,0,1,0,0,0,1,0,0,0,0,0,0,0,0,1
3774,3774,0,0,0c,00000,0,0,0,0,1,0,0,0,0,0,0098f,0,01,0,1f,4,1,0,0,0,1,02,0,0,0,0,1,0,0,0,1,0,0,0,0,0,0,0,0,1
3775,3775,0,0,0c,00000,0,0,0,0,1,0,0,0,0,0,00990,0,01,0,1f,4,1,0,0,0,1,02,0,0,0,0,1,0,0,0,1,0,0,0,0,0,0,0,0,1
3776,3776,0,0,0c,00000,0,0,0,0,1,0,0,0,0,0,00991,0,01,0,1f,4,1,0,0,0,1,02,0,0,0,0,1,0,0,0,1,0,0,0,0,0,0,0,0,1
3777,3777,0,0,0c,00000,0,0,0,0,1,0,0,0,0,0,00992,0,01,0,1f,4,1,0,0,0,1,02,0,0,0,0,1,0,0,0,1,0,0,0,0,0,0,0,0,1
3778,3778,0,0,0c,00000,0,0,0,0,1,0,0,0,0,0,00993,0,01,0,1f,4,1,0,0,0,1,02,0,0,0,0,1,0,0,0,1,0,0,0,0,0,0,0,0,1
3779,3779,0,0,0c,00000,0,0,0,0,1,0,0,0,0,0,00994,0,01,0,1f,4,1,0,0,0,1,02,0,0,0,0,1,0,0,0,1,0,0,0,0,0,0,0,0,1
3780,3780,0,0,0c,00000,0,0,0,0,1,0,0,0,0,0,00995,0,01,0,1f,4,1,0,0,0,1,02,0,0,0,0,1,0,0,0,1,0,0,0,0,0,0,0,0,1
3781,3781,0,0,0c,00000,0,0,0,0,1,0,0,0,0,0,00996,0,01,0,1f,4,1,0,0,0,1,02,0,0,0,0,1,0,0,0,1,0,0,0,0,0,0,0,0,1
3782,3782,0,0,0c,00000,0,0,0,0,1,0,0,0,0,0,00997,0,01,0,1f,4,1,0,0,0,1,02,0,0,0,0,1,0,0,0,1,0,0,0,0,0,0,0,0,1
3783,3783,0,0,0c,00000,0,0,0,0,1,0,0,0,0,0,00998,0,01,0,1f,4,1,0,0,0,1,02,0,0,0,0,1,0,0,0,1,0,0,0,0,0,0,0,0,1
3784,3784,0,0,0c,00000,0,0,0,0,1,0,0,0,0,0,00999,0,01,0,1f,4,1,0,0,0,1,02,0,0,0,0,1,0,0,0,1,0,0,0,0,0,0,0,0,1
3785,3785,0,0,0c,00000,0,0,0,0,1,0,0,0,0,0,0099a,0,01,0,1f,4,1,0,0,0,1,02,0,0,0,0,1,0,0,0,1,0,0,0,0,0,0,0,0,1
3786,3786,0,0,0c,00000,0,0,0,0,1,0,0,0,0,0,0099b,0,01,0,1f,4,1,0,0,0,1,02,0,0,0,0,1,0,0,0,1,0,0,0,0,0,0,0,0,1
3787,3787,0,0,0c,00000,0,0,0,0,1,0,0,0,0,0,0099c,0,01,0,1f,4,1,0,0,0,1,02,0,0,0,0,1,0,0,0,1,0,0,0,0,0,0,0,0,1
3788,3788,0,0,0c,00000,0,0,0,0,1,0,0,0,0,0,0099d,0,01,0,1f,4,1,0,0,0,1,02,0,0,0,0,1,0,0,0,1,0,0,0,0,0,0,0,0,1
3789,3789,0,0,0c,00000,0,0,0,0,1,0,0,0,0,0,0099e,0,01,0,1f,4,1,0,0,0,1,02,0,0,0,0,1,0,0,0,1,0,0,0,0,0,0,0,0,1
3790,3790,0,0,0c,00000,0,0,0,0,1,0,0,0,0,0,0099f,0,01,0,1f,4,1,0,0,0,1,02,0,0,0,0,1,0,0,0,1,0,0,0,0,0,0,0,0,1
3791,3791,0,0,0c,00000,0,0,0,0,1,0,0,0,0,0,009a0,0,01,0,1f,4,1,0,0,0,1,02,0,0,0,0,1,0,0,0,1,0,0,0,0,0,0,0,0,1
3792,3792,0,0,0c,00000,0,0,0,0,1,0,0,0,0,0,009a1,0,01,0,1f,4,1,0,0,0,1,02,0,0,0,0,1,0,0,0,1,0,0,0,0,0,0,0,0,1
3793,3793,0,0,0c,00000,0,0,0,0,1,0,0,0,0,0,009a2,0,01,0,1f,4,1,0,0,0,1,02,0,0,0,0,1,0,0,0,1,0,0,0,0,0,0,0,0,1
3794,3794,0,0,0c,00000,0,0,0,0,1,0,0,0,0,0,009a3,0,01,0,1f,4,1,0,0,0,1,02,0,0,0,0,1,0,0,0,1,0,0,0,0,0,0,0,0,1
3795,3795,0,0,0c,00000,0,0,0,0,1,0,0,0,0,0,009a4,0,01,0,1f,4,1,0,0,0,1,02,0,0,0,0,1,0,0,0,1,0,0,0,0,0,0,0,0,1
3796,3796,0,0,0c,00000,0,0,0,0,1,0,0,0,0,0,009a5,0,01,0,1f,4,1,0,0,0,1,02,0,0,0,0,1,0,0,0,1,0,0,0,0,0,0,0,0,1
3797,3797,0,0,0c,00000,0,0,0,0,1,0,0,0,0,0,009a6,0,01,0,1f,4,1,0,0,0,1,02,0,0,0,0,1,0,0,0,1,0,0,0,0,0,0,0,0,1
3798,3798,0,0,0c,00000,0,0,0,0,1,0,0,0,0,0,009a7,0,01,0,1f,4,1,0,0,0,1,02,0,0,0,0,1,0,0,0,1,0,0,0,0,0,0,0,0,1
3799,3799,0,0,0c,00000,0,0,0,0,1,0,0,0,0,0,009a8,0,01,0,1f,4,1,0,0,0,1,02,0,0,0,0,1,0,0,0,1,0,0,0,0,0,0,0,0,1
3800,3800,0,0,0c,00000,0,0,0,0,1,0,0,0,0,0,009a9,0,01,0,1f,4,1,0,0,0,1,02,0,0,0,0,1,0,0,0,1,0,0,0,0,0,0,0,0,1
3801,3801,0,0,0c,00000,0,0,0,0,1,0,0,0,0,0,009aa,0,01,0,1f,4,1,0,0,0,1,02,0,0,0,0,1,0,0,0,1,0,0,0,0,0,0,0,0,1
3802,3802,0,0,0c,00000,0,0,0,0,1,0,0,0,0,0,009ab,0,01,0,1f,4,1,0,0,0,1,02,0,0,0,0,1,0,0,0,1,0,0,0,0,0,0,0,0,1
3803,3803,0,0,0c,00000,0,0,0,0,1,0,0,0,0,0,009ac,0,01,0,1f,4,1,0,0,0,1,02,0,0,0,0,1,0,0,0,1,0,0,0,0,0,0,0,0,1
3804,3804,0,0,0c,00000,0,0,0,0,1,0,0,0,0,0,009ad,0,01,0,1f,4,1,0,0,0,1,02,0,0,0,0,1,0,0,0,1,0,0,0,0,0,0,0,0,1
3805,3805,0,0,0c,00000,0,0,0,0,1,0,0,0,0,0,009ae,0,01,0,1f,4,1,0,0,0,1,02,0,0,0,0,1,0,0,0,1,0,0,0,0,0,0,0,0,1
3806,3806,0,0,0c,00000,0,0,0,0,1,0,0,0,0,0,009af,0,01,0,1f,4,1,0,0,0,1,02,0,0,0,0,1,0,0,0,1,0,0,0,0,0,0,0,0,1
3807,3807,0,0,0c,00000,0,0,0,0,1,0,0,0,0,0,009b0,0,01,0,1f,4,1,0,0,0,1,02,0,0,0,0,1,0,0,0,1,0,0,0,0,0,0,0,0,1
3808,3808,0,0,0c,00000,0,0,0,0,1,0,0,0,0,0,009b1,0,01,0,1f,4,1,0,0,0,1,02,0,0,0,0,1,0,0,0,1,0,0,0,0,0,0,0,0,1
3809,3809,0,0,0c,00000,0,0,0,0,1,0,0,0,0,0,009b2,0,01,0,1f,4,1,0,0,0,1,02,0,0,0,0,1,0,0,0,1,0,0,0,0,0,0,0,0,1
3810,3810,0,0,0c,00000,0,0,0,0,1,0,0,0,0,0,009b3,0,01,0,1f,4,1,0,0,0,1,02,0,0,0,0,1,0,0,0,1,0,0,0,0,0,0,0,0,1
3811,3811,0,0,0c,00000,0,0,0,0,1,0,0,0,0,0,009b4,0,01,0,1f,4,1,0,0,0,1,02,0,0,0,0,1,0,0,0,1,0,0,0,0,0,0,0,0,1
3812,3812,0,0,0c,00000,0,0,0,0,1,0,0,0,0,0,009b5,0,01,0,1f,4,1,0,0,0,1,02,0,0,0,0,1,0,0,0,1,0,0,0,0,0,0,0,0,1
3813,3813,0,0,0c,00000,0,0,0,0,1,0,0,0,0,0,009b6,0,01,0,1f,4,1,0,0,0,1,02,0,0,0,0,1,0,0,0,1,0,0,0,0,0,0,0,0,1
3814,3814,0,0,0c,00000,0,0,0,0,1,0,0,0,0,0,009b7,0,01,0,1f,4,1,0,0,0,1,02,0,0,0,0,1,0,0,0,1,0,0,0,0,0,0,0,0,1
3815,3815,0,0,0c,00000,0,0,0,0,1,0,0,0,0,0,009b8,0,01,0,1f,4,1,0,0,0,1,02,0,0,0,0,1,0,0,0,1,0,0,0,0,0,0,0,0,1
3816,3816,0,0,0c,00000,0,0,0,0,1,0,0,0,0,0,009b9,0,01,0,1f,4,1,0,0,0,1,02,0,0,0,0,1,0,0,0,1,0,0,0,0,0,0,0,0,1
3817,3817,0,0,0c,00000,0,0,0,0,1,0,0,0,0,0,009ba,0,01,0,1f,4,1,0,0,0,1,02,0,0,0,0,1,0,0,0,1,0,0,0,0,0,0,0,0,1
3818,3818,0,0,0c,00000,0,0,0,0,1,0,0,0,0,0,009bb,0,01,0,1f,4,1,0,0,0,1,02,0,0,0,0,1,0,0,0,1,0,0,0,0,0,0,0,0,1
3819,3819,0,0,0c,00000,0,0,0,0,1,0,0,0,0,0,009bc,0,01,0,1f,4,1,0,0,0,1,02,0,0,0,0,1,0,0,0,1,0,0,0,0,0,0,0,0,1
3820,3820,0,0,0c,00000,0,0,0,0,1,0,0,0,0,0,009bd,0,01,0,1f,4,1,0,0,0,1,02,0,0,0,0,1,0,0,0,1,0,0,0,0,0,0,0,0,1
3821,3821,0,0,0c,00000,0,0,0,0,1,0,0,0,0,0,009be,0,01,0,1f,4,1,0,0,0,1,02,0,0,0,0,1,0,0,0,1,0,0,0,0,0,0,0,0,1
3822,3822,0,0,0c,00000,0,0,0,0,1,0,0,0,0,0,009bf,0,01,0,1f,4,1,0,0,0,1,02,0,0,0,0,1,0,0,0,1,0,0,0,0,0,0,0,0,1
3823,3823,0,0,0c,00000,0,0,0,0,1,0,0,0,0,0,009c0,0,01,0,1f,4,1,0,0,0,1,02,0,0,0,0,1,0,0,0,1,0,0,0,0,0,0,0,0,1
3824,3824,0,0,0c,00000,0,0,0,0,1,0,0,0,0,0,009c1,0,01,0,1f,4,1,0,0,0,1,02,0,0,0,0,1,0,0,0,1,0,0,0,0,0,0,0,0,1
3825,3825,0,0,0c,00000,0,0,0,0,1,0,0,0,0,0,009c2,0,01,0,1f,4,1,0,0,0,1,02,0,0,0,0,1,0,0,0,1,0,0,0,0,0,0,0,0,1
3826,3826,0,0,0c,00000,0,0,0,0,1,0,0,0,0,0,009c3,0,01,0,1f,4,1,0,0,0,1,02,0,0,0,0,1,0,0,0,1,0,0,0,0,0,0,0,0,1
3827,3827,0,0,0c,00000,0,0,0,0,1,0,0,0,0,0,009c4,0,01,0,1f,4,1,0,0,0,1,02,0,0,0,0,1,0,0,0,1,0,0,0,0,0,0,0,0,1
3828,3828,0,0,0c,00000,0,0,0,0,1,0,0,0,0,0,009c5,0,01,0,1f,4,1,0,0,0,1,02,0,0,0,0,1,0,0,0,1,0,0,0,0,0,0,0,0,1
3829,3829,0,0,0c,00000,0,0,0,0,1,0,0,0,0,0,009c6,0,01,0,1f,4,1,0,0,0,1,02,0,0,0,0,1,0,0,0,1,0,0,0,0,0,0,0,0,1
3830,3830,0,0,0c,00000,0,0,0,0,1,0,0,0,0,0,009c7,0,01,0,1f,4,1,0,0,0,1,02,0,0,0,0,1,0,0,0,1,0,0,0,0,0,0,0,0,1
3831,3831,0,0,0c,00000,0,0,0,0,1,0,0,0,0,0,009c8,0,01,0,1f,4,1,0,0,0,1,02,0,0,0,0,1,0,0,0,1,0,0,0,0,0,0,0,0,1
3832,3832,0,0,0c,00000,0,0,0,0,1,0,0,0,0,0,009c9,0,01,0,1f,4,1,0,0,0,1,02,0,0,0,0,1,0,0,0,1,0,0,0,0,0,0,0,0,1
3833,3833,0,0,0c,00000,0,0,0,0,1,0,0,0,0,0,009ca,0,01,0,1f,4,1,0,0,0,1,02,0,0,0,0,1,0,0,0,1,0,0,0,0,0,0,0,0,1
3834,3834,0,0,0c,00000,0,0,0,0,1,0,0,0,0,0,009cb,0,01,0,1f,4,1,0,0,0,1,02,0,0,0,0,1,0,0,0,1,0,0,0,0,0,0,0,0,1
3835,3835,0,0,0c,00000,0,0,0,0,1,0,0,0,0,0,009cc,0,01,0,1f,4,1,0,0,0,1,02,0,0,0,0,1,0,0,0,1,0,0,0,0,0,0,0,0,1
3836,3836,0,0,0c,00000,0,0,0,0,1,0,0,0,0,0,009cd,0,01,0,1f,4,1,0,0,0,1,02,0,0,0,0,1,0,0,0,1,0,0,0,0,0,0,0,0,1
3837,3837,0,0,0c,00000,0,0,0,0,1,0,0,0,0,0,009ce,0,01,0,1f,4,1,0,0,0,1,02,0,0,0,0,1,0,0,0,1,0,0,0,0,0,0,0,0,1
3838,3838,0,0,0c,00000,0,0,0,0,1,0,0,0,0,0,009cf,0,01,0,1f,4,1,0,0,0,1,02,0,0,0,0,1,0,0,0,1,0,0,0,0,0,0,0,0,1
3839,3839,0,0,0c,00000,0,0,0,0,1,0,0,0,0,0,009d0,0,01,0,1f,4,1,0,0,0,1,02,0,0,0,0,1,0,0,0,1,0,0,0,0,0,0,0,0,1
3840,3840,0,0,0c,00000,0,0,0,0,1,0,0,0,0,0,009d1,0,01,0,1f,4,1,0,0,0,1,02,0,0,0,0,1,0,0,0,1,0,0,0,0,0,0,0,0,1
3841,3841,0,0,0c,00000,0,0,0,0,1,0,0,0,0,0,009d2,0,01,0,1f,4,1,0,0,0,1,02,0,0,0,0,1,0,0,0,1,0,0,0,0,0,0,0,0,1
3842,3842,0,0,0c,00000,0,0,0,0,1,0,0,0,0,0,009d3,0,01,0,1f,4,1,0,0,0,1,02,0,0,0,0,1,0,0,0,1,0,0,0,0,0,0,0,0,1
3843,3843,0,0,0c,00000,0,0,0,0,1,0,0,0,0,0,009d4,0,01,0,1f,4,1,0,0,0,1,02,0,0,0,0,1,0,0,0,1,0,0,0,0,0,0,0,0,1
3844,3844,0,0,0c,00000,0,0,0,0,1,0,0,0,0,0,009d5,0,01,0,1f,4,1,0,0,0,1,02,0,0,0,0,1,0,0,0,1,0,0,0,0,0,0,0,0,1
3845,3845,0,0,0c,00000,0,0,0,0,1,0,0,0,0,0,009d6,0,01,0,1f,4,1,0,0,0,1,02,0,0,0,0,1,0,0,0,1,0,0,0,0,0,0,0,0,1
3846,3846,0,0,0c,00000,0,0,0,0,1,0,0,0,0,0,009d7,0,01,0,1f,4,1,0,0,0,1,02,0,0,0,0,1,0,0,0,1,0,0,0,0,0,0,0,0,1
3847,3847,0,0,0c,00000,0,0,0,0,1,0,0,0,0,0,009d8,0,01,0,1f,4,1,0,0,0,1,02,0,0,0,0,1,0,0,0,1,0,0,0,0,0,0,0,0,1
3848,3848,0,0,0c,00000,0,0,0,0,1,0,0,0,0,0,009d9,0,01,0,1f,4,1,0,0,0,1,02,0,0,0,0,1,0,0,0,1,0,0,0,0,0,0,0,0,1
3849,3849,0,0,0c,00000,0,0,0,0,1,0,0,0,0,0,009da,0,01,0,1f,4,1,0,0,0,1,02,0,0,0,0,1,0,0,0,1,0,0,0,0,0,0,0,0,1
3850,3850,0,0,0c,00000,0,0,0,0,1,0,0,0,0,0,009db,0,01,0,1f,4,1,0,0,0,1,02,0,0,0,0,1,0,0,0,1,0,0,0,0,0,0,0,0,1
3851,3851,0,0,0c,00000,0,0,0,0,1,0,0,0,0,0,009dc,0,01,0,1f,4,1,0,0,0,1,02,0,0,0,0,1,0,0,0,1,0,0,0,0,0,0,0,0,1
3852,3852,0,0,0c,00000,0,0,0,0,1,0,0,0,0,0,009dd,0,01,0,1f,4,1,0,0,0,1,02,0,0,0,0,1,0,0,0,1,0,0,0,0,0,0,0,0,1
3853,3853,0,0,0c,00000,0,0,0,0,1,0,0,0,0,0,009de,0,01,0,1f,4,1,0,0,0,1,02,0,0,0,0,1,0,0,0,1,0,0,0,0,0,0,0,0,1
3854,3854,0,0,0c,00000,0,0,0,0,1,0,0,0,0,0,009df,0,01,0,1f,4,1,0,0,0,1,02,0,0,0,0,1,0,0,0,1,0,0,0,0,0,0,0,0,1
3855,3855,0,0,0c,00000,0,0,0,0,1,0,0,0,0,0,009e0,0,01,0,1f,4,1,0,0,0,1,02,0,0,0,0,1,0,0,0,1,0,0,0,0,0,0,0,0,1
3856,3856,0,0,0c,00000,0,0,0,0,1,0,0,0,0,0,009e1,0,01,0,1f,4,1,0,0,0,1,02,0,0,0,0,1,0,0,0,1,0,0,0,0,0,0,0,0,1
3857,3857,0,0,0c,00000,0,0,0,0,1,0,0,0,0,0,009e2,0,01,0,1f,4,1,0,0,0,1,02,0,0,0,0,1,0,0,0,1,0,0,0,0,0,0,0,0,1
3858,3858,0,0,0c,00000,0,0,0,0,1,0,0,0,0,0,009e3,0,01,0,1f,4,1,0,0,0,1,02,0,0,0,0,1,0,0,0,1,0,0,0,0,0,0,0,0,1
3859,3859,0,0,0c,00000,0,0,0,0,1,0,0,0,0,0,009e4,0,01,0,1f,4,1,0,0,0,1,02,0,0,0,0,1,0,0,0,1,0,0,0,0,0,0,0,0,1
3860,3860,0,0,0c,00000,0,0,0,0,1,0,0,0,0,0,009e5,0,01,0,1f,4,1,0,0,0,1,02,0,0,0,0,1,0,0,0,1,0,0,0,0,0,0,0,0,1
3861,3861,0,0,0c,00000,0,0,0,0,1,0,0,0,0,0,009e6,0,01,0,1f,4,1,0,0,0,1,02,0,0,0,0,1,0,0,0,1,0,0,0,0,0,0,0,0,1
3862,3862,0,0,0c,00000,0,0,0,0,1,0,0,0,0,0,009e7,0,01,0,1f,4,1,0,0,0,1,02,0,0,0,0,1,0,0,0,1,0,0,0,0,0,0,0,0,1
3863,3863,0,0,0c,00000,0,0,0,0,1,0,0,0,0,0,009e8,0,01,0,1f,4,1,0,0,0,1,02,0,0,0,0,1,0,0,0,1,0,0,0,0,0,0,0,0,1
3864,3864,0,0,0c,00000,0,0,0,0,1,0,0,0,0,0,009e9,0,01,0,1f,4,1,0,0,0,1,02,0,0,0,0,1,0,0,0,1,0,0,0,0,0,0,0,0,1
3865,3865,0,0,0c,00000,0,0,0,0,1,0,0,0,0,0,009ea,0,01,0,1f,4,1,0,0,0,1,02,0,0,0,0,1,0,0,0,1,0,0,0,0,0,0,0,0,1
3866,3866,0,0,0c,00000,0,0,0,0,1,0,0,0,0,0,009eb,0,01,0,1f,4,1,0,0,0,1,02,0,0,0,0,1,0,0,0,1,0,0,0,0,0,0,0,0,1
3867,3867,0,0,0c,00000,0,0,0,0,1,0,0,0,0,0,009ec,0,01,0,1f,4,1,0,0,0,1,02,0,0,0,0,1,0,0,0,1,0,0,0,0,0,0,0,0,1
3868,3868,0,0,0c,00000,0,0,0,0,1,0,0,0,0,0,009ed,0,01,0,1f,4,1,0,0,0,1,02,0,0,0,0,1,0,0,0,1,0,0,0,0,0,0,0,0,1
3869,3869,0,0,0c,00000,0,0,0,0,1,0,0,0,0,0,009ee,0,01,0,1f,4,1,0,0,0,1,02,0,0,0,0,1,0,0,0,1,0,0,0,0,0,0,0,0,1
3870,3870,0,0,0c,00000,0,0,0,0,1,0,0,0,0,0,009ef,0,01,0,1f,4,1,0,0,0,1,02,0,0,0,0,1,0,0,0,1,0,0,0,0,0,0,0,0,1
3871,3871,0,0,0c,00000,0,0,0,0,1,0,0,0,0,0,009f0,0,01,0,1f,4,1,0,0,0,1,02,0,0,0,0,1,0,0,0,1,0,0,0,0,0,0,0,0,1
3872,3872,0,0,0c,00000,0,0,0,0,1,0,0,0,0,0,009f1,0,01,0,1f,4,1,0,0,0,1,02,0,0,0,0,1,0,0,0,1,0,0,0,0,0,0,0,0,1
3873,3873,0,0,0c,00000,0,0,0,0,1,0,0,0,0,0,009f2,0,01,0,1f,4,1,0,0,0,1,02,0,0,0,0,1,0,0,0,1,0,0,0,0,0,0,0,0,1
3874,3874,0,0,0c,00000,0,0,0,0,1,0,0,0,0,0,009f3,0,01,0,1f,4,1,0,0,0,1,02,0,0,0,0,1,0,0,0,1,0,0,0,0,0,0,0,0,1
3875,3875,0,0,0c,00000,0,0,0,0,1,0,0,0,0,0,009f4,0,01,0,1f,4,1,0,0,0,1,02,0,0,0,0,1,0,0,0,1,0,0,0,0,0,0,0,0,1
3876,3876,0,0,0c,00000,0,0,0,0,1,0,0,0,0,0,009f5,0,01,0,1f,4,1,0,0,0,1,02,0,0,0,0,1,0,0,0,1,0,0,0,0,0,0,0,0,1
3877,3877,0,0,0c,00000,0,0,0,0,1,0,0,0,0,0,009f6,0,01,0,1f,4,1,0,0,0,1,02,0,0,0,0,1,0,0,0,1,0,0,0,0,0,0,0,0,1
3878,3878,0,0,0c,00000,0,0,0,0,1,0,0,0,0,0,009f7,0,01,0,1f,4,1,0,0,0,1,02,0,0,0,0,1,0,0,0,1,0,0,0,0,0,0,0,0,1
3879,3879,0,0,0c,00000,0,0,0,0,1,0,0,0,0,0,009f8,0,01,0,1f,4,1,0,0,0,1,02,0,0,0,0,1,0,0,0,1,0,0,0,0,0,0,0,0,1
3880,3880,0,0,0c,00000,0,0,0,0,1,0,0,0,0,0,009f9,0,01,0,1f,4,1,0,0,0,1,02,0,0,0,0,1,0,0,0,1,0,0,0,0,0,0,0,0,1
3881,3881,0,0,0c,00000,0,0,0,0,1,0,0,0,0,0,009fa,0,01,0,1f,4,1,0,0,0,1,02,0,0,0,0,1,0,0,0,1,0,0,0,0,0,0,0,0,1
3882,3882,0,0,0c,00000,0,0,0,0,1,0,0,0,0,0,009fb,0,01,0,1f,4,1,0,0,0,1,02,0,0,0,0,1,0,0,0,1,0,0,0,0,0,0,0,0,1
3883,3883,0,0,0c,00000,0,0,0,0,1,0,0,0,0,0,009fc,0,01,0,1f,4,1,0,0,0,1,02,0,0,0,0,1,0,0,0,1,0,0,0,0,0,0,0,0,1
3884,3884,0,0,0c,00000,0,0,0,0,1,0,0,0,0,0,009fd,0,01,0,1f,4,1,0,0,0,1,02,0,0,0,0,1,0,0,0,1,0,0,0,0,0,0,0,0,1
3885,3885,0,0,0c,00000,0,0,0,0,1,0,0,0,0,0,009fe,0,01,0,1f,4,1,0,0,0,1,02,0,0,0,0,1,0,0,0,1,0,0,0,0,0,0,0,0,1
3886,3886,0,0,0c,00000,0,0,0,0,1,0,0,0,0,0,009ff,0,01,0,1f,4,1,0,0,0,1,02,0,0,0,0,1,0,0,0,1,0,0,0,0,0,0,0,0,1
3887,3887,0,0,0c,00000,0,0,0,0,1,0,0,0,0,0,00a00,0,01,0,1f,4,1,0,0,0,1,02,0,0,0,0,1,0,0,0,1,0,0,0,0,0,0,0,0,1
3888,3888,0,0,0c,00000,0,0,0,0,1,0,0,0,0,0,00a01,0,01,0,1f,4,1,0,0,0,1,02,0,0,0,0,1,0,0,0,1,0,0,0,0,0,0,0,0,1
3889,3889,0,0,0c,00000,0,0,0,0,1,0,0,0,0,0,00a02,0,01,0,1f,4,1,0,0,0,1,02,0,0,0,0,1,0,0,0,1,0,0,0,0,0,0,0,0,1
3890,3890,0,0,0c,00000,0,0,0,0,1,0,0,0,0,0,00a03,0,01,0,1f,4,1,0,0,0,1,02,0,0,0,0,1,0,0,0,1,0,0,0,0,0,0,0,0,1
3891,3891,0,0,0c,00000,0,0,0,0,1,0,0,0,0,0,00a04,0,01,0,1f,4,1,0,0,0,1,02,0,0,0,0,1,0,0,0,1,0,0,0,0,0,0,0,0,1
3892,3892,0,0,0c,00000,0,0,0,0,1,0,0,0,0,0,00a05,0,01,0,1f,4,1,0,0,0,1,02,0,0,0,0,1,0,0,0,1,0,0,0,0,0,0,0,0,1
3893,3893,0,0,0c,00000,0,0,0,0,1,0,0,0,0,0,00a06,0,01,0,1f,4,1,0,0,0,1,02,0,0,0,0,1,0,0,0,1,0,0,0,0,0,0,0,0,1
3894,3894,0,0,0c,00000,0,0,0,0,1,0,0,0,0,0,00a07,0,01,0,1f,4,1,0,0,0,1,02,0,0,0,0,1,0,0,0,1,0,0,0,0,0,0,0,0,1
3895,3895,0,0,0c,00000,0,0,0,0,1,0,0,0,0,0,00a08,0,01,0,1f,4,1,0,0,0,1,02,0,0,0,0,1,0,0,0,1,0,0,0,0,0,0,0,0,1
3896,3896,0,0,0c,00000,0,0,0,0,1,0,0,0,0,0,00a09,0,01,0,1f,4,1,0,0,0,1,02,0,0,0,0,1,0,0,0,1,0,0,0,0,0,0,0,0,1
3897,3897,0,0,0c,00000,0,0,0,0,1,0,0,0,0,0,00a0a,0,01,0,1f,4,1,0,0,0,1,02,0,0,0,0,1,0,0,0,1,0,0,0,0,0,0,0,0,1
3898,3898,0,0,0c,00000,0,0,0,0,1,0,0,0,0,0,00a0b,0,01,0,1f,4,1,0,0,0,1,02,0,0,0,0,1,0,0,0,1,0,0,0,0,0,0,0,0,1
3899,3899,0,0,0c,00000,0,0,0,0,1,0,0,0,0,0,00a0c,0,01,0,1f,4,1,0,0,0,1,02,0,0,0,0,1,0,0,0,1,0,0,0,0,0,0,0,0,1
3900,3900,0,0,0c,00000,0,0,0,0,1,0,0,0,0,0,00a0d,0,01,0,1f,4,1,0,0,0,1,02,0,0,0,0,1,0,0,0,1,0,0,0,0,0,0,0,0,1
3901,3901,0,0,0c,00000,0,0,0,0,1,0,0,0,0,0,00a0e,0,01,0,1f,4,1,0,0,0,1,02,0,0,0,0,1,0,0,0,1,0,0,0,0,0,0,0,0,1
3902,3902,0,0,0c,00000,0,0,0,0,1,0,0,0,0,0,00a0f,0,01,0,1f,4,1,0,0,0,1,02,0,0,0,0,1,0,0,0,1,0,0,0,0,0,0,0,0,1
3903,3903,0,0,0c,00000,0,0,0,0,1,0,0,0,0,0,00a10,0,01,0,1f,4,1,0,0,0,1,02,0,0,0,0,1,0,0,0,1,0,0,0,0,0,0,0,0,1
3904,3904,0,0,0c,00000,0,0,0,0,1,0,0,0,0,0,00a11,0,01,0,1f,4,1,0,0,0,1,02,0,0,0,0,1,0,0,0,1,0,0,0,0,0,0,0,0,1
3905,3905,0,0,0c,00000,0,0,0,0,1,0,0,0,0,0,00a12,0,01,0,1f,4,1,0,0,0,1,02,0,0,0,0,1,0,0,0,1,0,0,0,0,0,0,0,0,1
3906,3906,0,0,0c,00000,0,0,0,0,1,0,0,0,0,0,00a13,0,01,0,1f,4,1,0,0,0,1,02,0,0,0,0,1,0,0,0,1,0,0,0,0,0,0,0,0,1
3907,3907,0,0,0c,00000,0,0,0,0,1,0,0,0,0,0,00a14,0,01,0,1f,4,1,0,0,0,1,02,0,0,0,0,1,0,0,0,1,0,0,0,0,0,0,0,0,1
3908,3908,0,0,0c,00000,0,0,0,0,1,0,0,0,0,0,00a15,0,01,0,1f,4,1,0,0,0,1,02,0,0,0,0,1,0,0,0,1,0,0,0,0,0,0,0,0,1
3909,3909,0,0,0c,00000,0,0,0,0,1,0,0,0,0,0,00a16,0,01,0,1f,4,1,0,0,0,1,02,0,0,0,0,1,0,0,0,1,0,0,0,0,0,0,0,0,1
3910,3910,0,0,0c,00000,0,0,0,0,1,0,0,0,0,0,00a17,0,01,0,1f,4,1,0,0,0,1,02,0,0,0,0,1,0,0,0,1,0,0,0,0,0,0,0,0,1
3911,3911,0,0,0c,00000,0,0,0,0,1,0,0,0,0,0,00a18,0,01,0,1f,4,1,0,0,0,1,02,0,0,0,0,1,0,0,0,1,0,0,0,0,0,0,0,0,1
3912,3912,0,0,0c,00000,0,0,0,0,1,0,0,0,0,0,00a19,0,01,0,1f,4,1,0,0,0,1,02,0,0,0,0,1,0,0,0,1,0,0,0,0,0,0,0,0,1
3913,3913,0,0,0c,00000,0,0,0,0,1,0,0,0,0,0,00a1a,0,01,0,1f,4,1,0,0,0,1,02,0,0,0,0,1,0,0,0,1,0,0,0,0,0,0,0,0,1
3914,3914,0,0,0c,00000,0,0,0,0,1,0,0,0,0,0,00a1b,0,01,0,1f,4,1,0,0,0,1,02,0,0,0,0,1,0,0,0,1,0,0,0,0,0,0,0,0,1
3915,3915,0,0,0c,00000,0,0,0,0,1,0,0,0,0,0,00a1c,0,01,0,1f,4,1,0,0,0,1,02,0,0,0,0,1,0,0,0,1,0,0,0,0,0,0,0,0,1
3916,3916,0,0,0c,00000,0,0,0,0,1,0,0,0,0,0,00a1d,0,01,0,1f,4,1,0,0,0,1,02,0,0,0,0,1,0,0,0,1,0,0,0,0,0,0,0,0,1
3917,3917,0,0,0c,00000,0,0,0,0,1,0,0,0,0,0,00a1e,0,01,0,1f,4,1,0,0,0,1,02,0,0,0,0,1,0,0,0,1,0,0,0,0,0,0,0,0,1
3918,3918,0,0,0c,00000,0,0,0,0,1,0,0,0,0,0,00a1f,0,01,0,1f,4,1,0,0,0,1,02,0,0,0,0,1,0,0,0,1,0,0,0,0,0,0,0,0,1
3919,3919,0,0,0c,00000,0,0,0,0,1,0,0,0,0,0,00a20,0,01,0,1f,4,1,0,0,0,1,02,0,0,0,0,1,0,0,0,1,0,0,0,0,0,0,0,0,1
3920,3920,0,0,0c,00000,0,0,0,0,1,0,0,0,0,0,00a21,0,01,0,1f,4,1,0,0,0,1,02,0,0,0,0,1,0,0,0,1,0,0,0,0,0,0,0,0,1
3921,3921,0,0,0c,00000,0,0,0,0,1,0,0,0,0,0,00a22,0,01,0,1f,4,1,0,0,0,1,02,0,0,0,0,1,0,0,0,1,0,0,0,0,0,0,0,0,1
3922,3922,0,0,0c,00000,0,0,0,0,1,0,0,0,0,0,00a23,0,01,0,1f,4,1,0,0,0,1,02,0,0,0,0,1,0,0,0,1,0,0,0,0,0,0,0,0,1
3923,3923,0,0,0c,00000,0,0,0,0,1,0,0,0,0,0,00a24,0,01,0,1f,4,1,0,0,0,1,02,0,0,0,0,1,0,0,0,1,0,0,0,0,0,0,0,0,1
3924,3924,0,0,0c,00000,0,0,0,0,1,0,0,0,0,0,00a25,0,01,0,1f,4,1,0,0,0,1,02,0,0,0,0,1,0,0,0,1,0,0,0,0,0,0,0,0,1
3925,3925,0,0,0c,00000,0,0,0,0,1,0,0,0,0,0,00a26,0,01,0,1f,4,1,0,0,0,1,02,0,0,0,0,1,0,0,0,1,0,0,0,0,0,0,0,0,1
3926,3926,0,0,0c,00000,0,0,0,0,1,0,0,0,0,0,00a27,0,01,0,1f,4,1,0,0,0,1,02,0,0,0,0,1,0,0,0,1,0,0,0,0,0,0,0,0,1
3927,3927,0,0,0c,00000,0,0,0,0,1,0,0,0,0,0,00a28,0,01,0,1f,4,1,0,0,0,1,02,0,0,0,0,1,0,0,0,1,0,0,0,0,0,0,0,0,1
3928,3928,0,0,0c,00000,0,0,0,0,1,0,0,0,0,0,00a29,0,01,0,1f,4,1,0,0,0,1,02,0,0,0,0,1,0,0,0,1,0,0,0,0,0,0,0,0,1
3929,3929,0,0,0c,00000,0,0,0,0,1,0,0,0,0,0,00a2a,0,01,0,1f,4,1,0,0,0,1,02,0,0,0,0,1,0,0,0,1,0,0,0,0,0,0,0,0,1
3930,3930,0,0,0c,00000,0,0,0,0,1,0,0,0,0,0,00a2b,0,01,0,1f,4,1,0,0,0,1,02,0,0,0,0,1,0,0,0,1,0,0,0,0,0,0,0,0,1
3931,3931,0,0,0c,00000,0,0,0,0,1,0,0,0,0,0,00a2c,0,01,0,1f,4,1,0,0,0,1,02,0,0,0,0,1,0,0,0,1,0,0,0,0,0,0,0,0,1
3932,3932,0,0,0c,00000,0,0,0,0,1,0,0,0,0,0,00a2d,0,01,0,1f,4,1,0,0,0,1,02,0,0,0,0,1,0,0,0,1,0,0,0,0,0,0,0,0,1
3933,3933,0,0,0c,00000,0,0,0,0,1,0,0,0,0,0,00a2e,0,01,0,1f,4,1,0,0,0,1,02,0,0,0,0,1,0,0,0,1,0,0,0,0,0,0,0,0,1
3934,3934,0,0,0c,00000,0,0,0,0,1,0,0,0,0,0,00a2f,0,01,0,1f,4,1,0,0,0,1,02,0,0,0,0,1,0,0,0,1,0,0,0,0,0,0,0,0,1
3935,3935,0,0,0c,00000,0,0,0,0,1,0,0,0,0,0,00a30,0,01,0,1f,4,1,0,0,0,1,02,0,0,0,0,1,0,0,0,1,0,0,0,0,0,0,0,0,1
3936,3936,0,0,0c,00000,0,0,0,0,1,0,0,0,0,0,00a31,0,01,0,1f,4,1,0,0,0,1,02,0,0,0,0,1,0,0,0,1,0,0,0,0,0,0,0,0,1
3937,3937,0,0,0c,00000,0,0,0,0,1,0,0,0,0,0,00a32,0,01,0,1f,4,1,0,0,0,1,02,0,0,0,0,1,0,0,0,1,0,0,0,0,0,0,0,0,1
3938,3938,0,0,0c,00000,0,0,0,0,1,0,0,0,0,0,00a33,0,01,0,1f,4,1,0,0,0,1,02,0,0,0,0,1,0,0,0,1,0,0,0,0,0,0,0,0,1
3939,3939,0,0,0c,00000,0,0,0,0,1,0,0,0,0,0,00a34,0,01,0,1f,4,1,0,0,0,1,02,0,0,0,0,1,0,0,0,1,0,0,0,0,0,0,0,0,1
3940,3940,0,0,0c,00000,0,0,0,0,1,0,0,0,0,0,00a35,0,01,0,1f,4,1,0,0,0,1,02,0,0,0,0,1,0,0,0,1,0,0,0,0,0,0,0,0,1
3941,3941,0,0,0c,00000,0,0,0,0,1,0,0,0,0,0,00a36,0,01,0,1f,4,1,0,0,0,1,02,0,0,0,0,1,0,0,0,1,0,0,0,0,0,0,0,0,1
3942,3942,0,0,0c,00000,0,0,0,0,1,0,0,0,0,0,00a37,0,01,0,1f,4,1,0,0,0,1,02,0,0,0,0,1,0,0,0,1,0,0,0,0,0,0,0,0,1
3943,3943,0,0,0c,00000,0,0,0,0,1,0,0,0,0,0,00a38,0,01,0,1f,4,1,0,0,0,1,02,0,0,0,0,1,0,0,0,1,0,0,0,0,0,0,0,0,1
3944,3944,0,0,0c,00000,0,0,0,0,1,0,0,0,0,0,00a39,0,01,0,1f,4,1,0,0,0,1,02,0,0,0,0,1,0,0,0,1,0,0,0,0,0,0,0,0,1
3945,3945,0,0,0c,00000,0,0,0,0,1,0,0,0,0,0,00a3a,0,01,0,1f,4,1,0,0,0,1,02,0,0,0,0,1,0,0,0,1,0,0,0,0,0,0,0,0,1
3946,3946,0,0,0c,00000,0,0,0,0,1,0,0,0,0,0,00a3b,0,01,0,1f,4,1,0,0,0,1,02,0,0,0,0,1,0,0,0,1,0,0,0,0,0,0,0,0,1
3947,3947,0,0,0c,00000,0,0,0,0,1,0,0,0,0,0,00a3c,0,01,0,1f,4,1,0,0,0,1,02,0,0,0,0,1,0,0,0,1,0,0,0,0,0,0,0,0,1
3948,3948,0,0,0c,00000,0,0,0,0,1,0,0,0,0,0,00a3d,0,01,0,1f,4,1,0,0,0,1,02,0,0,0,0,1,0,0,0,1,0,0,0,0,0,0,0,0,1
3949,3949,0,0,0c,00000,0,0,0,0,1,0,0,0,0,0,00a3e,0,01,0,1f,4,1,0,0,0,1,02,0,0,0,0,1,0,0,0,1,0,0,0,0,0,0,0,0,1
3950,3950,0,0,0c,00000,0,0,0,0,1,0,0,0,0,0,00a3f,0,01,0,1f,4,1,0,0,0,1,02,0,0,0,0,1,0,0,0,1,0,0,0,0,0,0,0,0,1
3951,3951,0,0,0c,00000,0,0,0,0,1,0,0,0,0,0,00a40,0,01,0,1f,4,1,0,0,0,1,02,0,0,0,0,1,0,0,0,1,0,0,0,0,0,0,0,0,1
3952,3952,0,0,0c,00000,0,0,0,0,1,0,0,0,0,0,00a41,0,01,0,1f,4,1,0,0,0,1,02,0,0,0,0,1,0,0,0,1,0,0,0,0,0,0,0,0,1
3953,3953,0,0,0c,00000,0,0,0,0,1,0,0,0,0,0,00a42,0,01,0,1f,4,1,0,0,0,1,02,0,0,0,0,1,0,0,0,1,0,0,0,0,0,0,0,0,1
3954,3954,0,0,0c,00000,0,0,0,0,1,0,0,0,0,0,00a43,0,01,0,1f,4,1,0,0,0,1,02,0,0,0,0,1,0,0,0,1,0,0,0,0,0,0,0,0,1
3955,3955,0,0,0c,00000,0,0,0,0,1,0,0,0,0,0,00a44,0,01,0,1f,4,1,0,0,0,1,02,0,0,0,0,1,0,0,0,1,0,0,0,0,0,0,0,0,1
3956,3956,0,0,0c,00000,0,0,0,0,1,0,0,0,0,0,00a45,0,01,0,1f,4,1,0,0,0,1,02,0,0,0,0,1,0,0,0,1,0,0,0,0,0,0,0,0,1
3957,3957,0,0,0c,00000,0,0,0,0,1,0,0,0,0,0,00a46,0,01,0,1f,4,1,0,0,0,1,02,0,0,0,0,1,0,0,0,1,0,0,0,0,0,0,0,0,1
3958,3958,0,0,0c,00000,0,0,0,0,1,0,0,0,0,0,00a47,0,01,0,1f,4,1,0,0,0,1,02,0,0,0,0,1,0,0,0,1,0,0,0,0,0,0,0,0,1
3959,3959,0,0,0c,00000,0,0,0,0,1,0,0,0,0,0,00a48,0,01,0,1f,4,1,0,0,0,1,02,0,0,0,0,1,0,0,0,1,0,0,0,0,0,0,0,0,1
3960,3960,0,0,0c,00000,0,0,0,0,1,0,0,0,0,0,00a49,0,01,0,1f,4,1,0,0,0,1,02,0,0,0,0,1,0,0,0,1,0,0,0,0,0,0,0,0,1
3961,3961,0,0,0c,00000,0,0,0,0,1,0,0,0,0,0,00a4a,0,01,0,1f,4,1,0,0,0,1,02,0,0,0,0,1,0,0,0,1,0,0,0,0,0,0,0,0,1
3962,3962,0,0,0c,00000,0,0,0,0,1,0,0,0,0,0,00a4b,0,01,0,1f,4,1,0,0,0,1,02,0,0,0,0,1,0,0,0,1,0,0,0,0,0,0,0,0,1
3963,3963,0,0,0c,00000,0,0,0,0,1,0,0,0,0,0,00a4c,0,01,0,1f,4,1,0,0,0,1,02,0,0,0,0,1,0,0,0,1,0,0,0,0,0,0,0,0,1
3964,3964,0,0,0c,00000,0,0,0,0,1,0,0,0,0,0,00a4d,0,01,0,1f,4,1,0,0,0,1,02,0,0,0,0,1,0,0,0,1,0,0,0,0,0,0,0,0,1
3965,3965,0,0,0c,00000,0,0,0,0,1,0,0,0,0,0,00a4e,0,01,0,1f,4,1,0,0,0,1,02,0,0,0,0,1,0,0,0,1,0,0,0,0,0,0,0,0,1
3966,3966,0,0,0c,00000,0,0,0,0,1,0,0,0,0,0,00a4f,0,01,0,1f,4,1,0,0,0,1,02,0,0,0,0,1,0,0,0,1,0,0,0,0,0,0,0,0,1
3967,3967,0,0,0c,00000,0,0,0,0,1,0,0,0,0,0,00a50,0,01,0,1f,4,1,0,0,0,1,02,0,0,0,0,1,0,0,0,1,0,0,0,0,0,0,0,0,1
3968,3968,0,0,0c,00000,0,0,0,0,1,0,0,0,0,0,00a51,0,01,0,1f,4,1,0,0,0,1,02,0,0,0,0,1,0,0,0,1,0,0,0,0,0,0,0,0,1
3969,3969,0,0,0c,00000,0,0,0,0,1,0,0,0,0,0,00a52,0,01,0,1f,4,1,0,0,0,1,02,0,0,0,0,1,0,0,0,1,0,0,0,0,0,0,0,0,1
3970,3970,0,0,0c,00000,0,0,0,0,1,0,0,0,0,0,00a53,0,01,0,1f,4,1,0,0,0,1,02,0,0,0,0,1,0,0,0,1,0,0,0,0,0,0,0,0,1
3971,3971,0,0,0c,00000,0,0,0,0,1,0,0,0,0,0,00a54,0,01,0,1f,4,1,0,0,0,1,02,0,0,0,0,1,0,0,0,1,0,0,0,0,0,0,0,0,1
3972,3972,0,0,0c,00000,0,0,0,0,1,0,0,0,0,0,00a55,0,01,0,1f,4,1,0,0,0,1,02,0,0,0,0,1,0,0,0,1,0,0,0,0,0,0,0,0,1
3973,3973,0,0,0c,00000,0,0,0,0,1,0,0,0,0,0,00a56,0,01,0,1f,4,1,0,0,0,1,02,0,0,0,0,1,0,0,0,1,0,0,0,0,0,0,0,0,1
3974,3974,0,0,0c,00000,0,0,0,0,1,0,0,0,0,0,00a57,0,01,0,1f,4,1,0,0,0,1,02,0,0,0,0,1,0,0,0,1,0,0,0,0,0,0,0,0,1
3975,3975,0,0,0c,00000,0,0,0,0,1,0,0,0,0,0,00a58,0,01,0,1f,4,1,0,0,0,1,02,0,0,0,0,1,0,0,0,1,0,0,0,0,0,0,0,0,1
3976,3976,0,0,0c,00000,0,0,0,0,1,0,0,0,0,0,00a59,0,01,0,1f,4,1,0,0,0,1,02,0,0,0,0,1,0,0,0,1,0,0,0,0,0,0,0,0,1
3977,3977,0,0,0c,00000,0,0,0,0,1,0,0,0,0,0,00a5a,0,01,0,1f,4,1,0,0,0,1,02,0,0,0,0,1,0,0,0,1,0,0,0,0,0,0,0,0,1
3978,3978,0,0,0c,00000,0,0,0,0,1,0,0,0,0,0,00a5b,0,01,0,1f,4,1,0,0,0,1,02,0,0,0,0,1,0,0,0,1,0,0,0,0,0,0,0,0,1
3979,3979,0,0,0c,00000,0,0,0,0,1,0,0,0,0,0,00a5c,0,01,0,1f,4,1,0,0,0,1,02,0,0,0,0,1,0,0,0,1,0,0,0,0,0,0,0,0,1
3980,3980,0,0,0c,00000,0,0,0,0,1,0,0,0,0,0,00a5d,0,01,0,1f,4,1,0,0,0,1,02,0,0,0,0,1,0,0,0,1,0,0,0,0,0,0,0,0,1
3981,3981,0,0,0c,00000,0,0,0,0,1,0,0,0,0,0,00a5e,0,01,0,1f,4,1,0,0,0,1,02,0,0,0,0,1,0,0,0,1,0,0,0,0,0,0,0,0,1
3982,3982,0,0,0c,00000,0,0,0,0,1,0,0,0,0,0,00a5f,0,01,0,1f,4,1,0,0,0,1,02,0,0,0,0,1,0,0,0,1,0,0,0,0,0,0,0,0,1
3983,3983,0,0,0c,00000,0,0,0,0,1,0,0,0,0,0,00a60,0,01,0,1f,4,1,0,0,0,1,02,0,0,0,0,1,0,0,0,1,0,0,0,0,0,0,0,0,1
3984,3984,0,0,0c,00000,0,0,0,0,1,0,0,0,0,0,00a61,0,01,0,1f,4,1,0,0,0,1,02,0,0,0,0,1,0,0,0,1,0,0,0,0,0,0,0,0,1
3985,3985,0,0,0c,00000,0,0,0,0,1,0,0,0,0,0,00a62,0,01,0,1f,4,1,0,0,0,1,02,0,0,0,0,1,0,0,0,1,0,0,0,0,0,0,0,0,1
3986,3986,0,0,0c,00000,0,0,0,0,1,0,0,0,0,0,00a63,0,01,0,1f,4,1,0,0,0,1,02,0,0,0,0,1,0,0,0,1,0,0,0,0,0,0,0,0,1
3987,3987,0,0,0c,00000,0,0,0,0,1,0,0,0,0,0,00a64,0,01,0,1f,4,1,0,0,0,1,02,0,0,0,0,1,0,0,0,1,0,0,0,0,0,0,0,0,1
3988,3988,0,0,0c,00000,0,0,0,0,1,0,0,0,0,0,00a65,0,01,0,1f,4,1,0,0,0,1,02,0,0,0,0,1,0,0,0,1,0,0,0,0,0,0,0,0,1
3989,3989,0,0,0c,00000,0,0,0,0,1,0,0,0,0,0,00a66,0,01,0,1f,4,1,0,0,0,1,02,0,0,0,0,1,0,0,0,1,0,0,0,0,0,0,0,0,1
3990,3990,0,0,0c,00000,0,0,0,0,1,0,0,0,0,0,00a67,0,01,0,1f,4,1,0,0,0,1,02,0,0,0,0,1,0,0,0,1,0,0,0,0,0,0,0,0,1
3991,3991,0,0,0c,00000,0,0,0,0,1,0,0,0,0,0,00a68,0,01,0,1f,4,1,0,0,0,1,02,0,0,0,0,1,0,0,0,1,0,0,0,0,0,0,0,0,1
3992,3992,0,0,0c,00000,0,0,0,0,1,0,0,0,0,0,00a69,0,01,0,1f,4,1,0,0,0,1,02,0,0,0,0,1,0,0,0,1,0,0,0,0,0,0,0,0,1
3993,3993,0,0,0c,00000,0,0,0,0,1,0,0,0,0,0,00a6a,0,01,0,1f,4,1,0,0,0,1,02,0,0,0,0,1,0,0,0,1,0,0,0,0,0,0,0,0,1
3994,3994,0,0,0c,00000,0,0,0,0,1,0,0,0,0,0,00a6b,0,01,0,1f,4,1,0,0,0,1,02,0,0,0,0,1,0,0,0,1,0,0,0,0,0,0,0,0,1
3995,3995,0,0,0c,00000,0,0,0,0,1,0,0,0,0,0,00a6c,0,01,0,1f,4,1,0,0,0,1,02,0,0,0,0,1,0,0,0,1,0,0,0,0,0,0,0,0,1
3996,3996,0,0,0c,00000,0,0,0,0,1,0,0,0,0,0,00a6d,0,01,0,1f,4,1,0,0,0,1,02,0,0,0,0,1,0,0,0,1,0,0,0,0,0,0,0,0,1
3997,3997,0,0,0c,00000,0,0,0,0,1,0,0,0,0,0,00a6e,0,01,0,1f,4,1,0,0,0,1,02,0,0,0,0,1,0,0,0,1,0,0,0,0,0,0,0,0,1
3998,3998,0,0,0c,00000,0,0,0,0,1,0,0,0,0,0,00a6f,0,01,0,1f,4,1,0,0,0,1,02,0,0,0,0,1,0,0,0,1,0,0,0,0,0,0,0,0,1
3999,3999,0,0,0c,00000,0,0,0,0,1,0,0,0,0,0,00a70,0,01,0,1f,4,1,0,0,0,1,02,0,0,0,0,1,0,0,0,1,0,0,0,0,0,0,0,0,1
4000,4000,0,0,0c,00000,0,0,0,0,1,0,0,0,0,0,00a71,0,01,0,1f,4,1,0,0,0,1,02,0,0,0,0,1,0,0,0,1,0,0,0,0,0,0,0,0,1
4001,4001,0,0,0c,00000,0,0,0,0,1,0,0,0,0,0,00a72,0,01,0,1f,4,1,0,0,0,1,02,0,0,0,0,1,0,0,0,1,0,0,0,0,0,0,0,0,1
4002,4002,0,0,0c,00000,0,0,0,0,1,0,0,0,0,0,00a73,0,01,0,1f,4,1,0,0,0,1,02,0,0,0,0,1,0,0,0,1,0,0,0,0,0,0,0,0,1
4003,4003,0,0,0c,00000,0,0,0,0,1,0,0,0,0,0,00a74,0,01,0,1f,4,1,0,0,0,1,02,0,0,0,0,1,0,0,0,1,0,0,0,0,0,0,0,0,1
4004,4004,0,0,0c,00000,0,0,0,0,1,0,0,0,0,0,00a75,0,01,0,1f,4,1,0,0,0,1,02,0,0,0,0,1,0,0,0,1,0,0,0,0,0,0,0,0,1
4005,4005,0,0,0c,00000,0,0,0,0,1,0,0,0,0,0,00a76,0,01,0,1f,4,1,0,0,0,1,02,0,0,0,0,1,0,0,0,1,0,0,0,0,0,0,0,0,1
4006,4006,0,0,0c,00000,0,0,0,0,1,0,0,0,0,0,00a77,0,01,0,1f,4,1,0,0,0,1,02,0,0,0,0,1,0,0,0,1,0,0,0,0,0,0,0,0,1
4007,4007,0,0,0c,00000,0,0,0,0,1,0,0,0,0,0,00a78,0,01,0,1f,4,1,0,0,0,1,02,0,0,0,0,1,0,0,0,1,0,0,0,0,0,0,0,0,1
4008,4008,0,0,0c,00000,0,0,0,0,1,0,0,0,0,0,00a79,0,01,0,1f,4,1,0,0,0,1,02,0,0,0,0,1,0,0,0,1,0,0,0,0,0,0,0,0,1
4009,4009,0,0,0c,00000,0,0,0,0,1,0,0,0,0,0,00a7a,0,01,0,1f,4,1,0,0,0,1,02,0,0,0,0,1,0,0,0,1,0,0,0,0,0,0,0,0,1
4010,4010,0,0,0c,00000,0,0,0,0,1,0,0,0,0,0,00a7b,0,01,0,1f,4,1,0,0,0,1,02,0,0,0,0,1,0,0,0,1,0,0,0,0,0,0,0,0,1
4011,4011,0,0,0c,00000,0,0,0,0,1,0,0,0,0,0,00a7c,0,01,0,1f,4,1,0,0,0,1,02,0,0,0,0,1,0,0,0,1,0,0,0,0,0,0,0,0,1
4012,4012,0,0,0c,00000,0,0,0,0,1,0,0,0,0,0,00a7d,0,01,0,1f,4,1,0,0,0,1,02,0,0,0,0,1,0,0,0,1,0,0,0,0,0,0,0,0,1
4013,4013,0,0,0c,00000,0,0,0,0,1,0,0,0,0,0,00a7e,0,01,0,1f,4,1,0,0,0,1,02,0,0,0,0,1,0,0,0,1,0,0,0,0,0,0,0,0,1
4014,4014,0,0,0c,00000,0,0,0,0,1,0,0,0,0,0,00a7f,0,01,0,1f,4,1,0,0,0,1,02,0,0,0,0,1,0,0,0,1,0,0,0,0,0,0,0,0,1
4015,4015,0,0,0c,00000,0,0,0,0,1,0,0,0,0,0,00a80,0,01,0,1f,4,1,0,0,0,1,02,0,0,0,0,1,0,0,0,1,0,0,0,0,0,0,0,0,1
4016,4016,0,0,0c,00000,0,0,0,0,1,0,0,0,0,0,00a81,0,01,0,1f,4,1,0,0,0,1,02,0,0,0,0,1,0,0,0,1,0,0,0,0,0,0,0,0,1
4017,4017,0,0,0c,00000,0,0,0,0,1,0,0,0,0,0,00a82,0,01,0,1f,4,1,0,0,0,1,02,0,0,0,0,1,0,0,0,1,0,0,0,0,0,0,0,0,1
4018,4018,0,0,0c,00000,0,0,0,0,1,0,0,0,0,0,00a83,0,01,0,1f,4,1,0,0,0,1,02,0,0,0,0,1,0,0,0,1,0,0,0,0,0,0,0,0,1
4019,4019,0,0,0c,00000,0,0,0,0,1,0,0,0,0,0,00a84,0,01,0,1f,4,1,0,0,0,1,02,0,0,0,0,1,0,0,0,1,0,0,0,0,0,0,0,0,1
4020,4020,0,0,0c,00000,0,0,0,0,1,0,0,0,0,0,00a85,0,01,0,1f,4,1,0,0,0,1,02,0,0,0,0,1,0,0,0,1,0,0,0,0,0,0,0,0,1
4021,4021,0,0,0c,00000,0,0,0,0,1,0,0,0,0,0,00a86,0,01,0,1f,4,1,0,0,0,1,02,0,0,0,0,1,0,0,0,1,0,0,0,0,0,0,0,0,1
4022,4022,0,0,0c,00000,0,0,0,0,1,0,0,0,0,0,00a87,0,01,0,1f,4,1,0,0,0,1,02,0,0,0,0,1,0,0,0,1,0,0,0,0,0,0,0,0,1
4023,4023,0,0,0c,00000,0,0,0,0,1,0,0,0,0,0,00a88,0,01,0,1f,4,1,0,0,0,1,02,0,0,0,0,1,0,0,0,1,0,0,0,0,0,0,0,0,1
4024,4024,0,0,0c,00000,0,0,0,0,1,0,0,0,0,0,00a89,0,01,0,1f,4,1,0,0,0,1,02,0,0,0,0,1,0,0,0,1,0,0,0,0,0,0,0,0,1
4025,4025,0,0,0c,00000,0,0,0,0,1,0,0,0,0,0,00a8a,0,01,0,1f,4,1,0,0,0,1,02,0,0,0,0,1,0,0,0,1,0,0,0,0,0,0,0,0,1
4026,4026,0,0,0c,00000,0,0,0,0,1,0,0,0,0,0,00a8b,0,01,0,1f,4,1,0,0,0,1,02,0,0,0,0,1,0,0,0,1,0,0,0,0,0,0,0,0,1
4027,4027,0,0,0c,00000,0,0,0,0,1,0,0,0,0,0,00a8c,0,01,0,1f,4,1,0,0,0,1,02,0,0,0,0,1,0,0,0,1,0,0,0,0,0,0,0,0,1
4028,4028,0,0,0c,00000,0,0,0,0,1,0,0,0,0,0,00a8d,0,01,0,1f,4,1,0,0,0,1,02,0,0,0,0,1,0,0,0,1,0,0,0,0,0,0,0,0,1
4029,4029,0,0,0c,00000,0,0,0,0,1,0,0,0,0,0,00a8e,0,01,0,1f,4,1,0,0,0,1,02,0,0,0,0,1,0,0,0,1,0,0,0,0,0,0,0,0,1
4030,4030,0,0,0c,00000,0,0,0,0,1,0,0,0,0,0,00a8f,0,01,0,1f,4,1,0,0,0,1,02,0,0,0,0,1,0,0,0,1,0,0,0,0,0,0,0,0,1
4031,4031,0,0,0c,00000,0,0,0,0,1,0,0,0,0,0,00a90,0,01,0,1f,4,1,0,0,0,1,02,0,0,0,0,1,0,0,0,1,0,0,0,0,0,0,0,0,1
4032,4032,0,0,0c,00000,0,0,0,0,1,0,0,0,0,0,00a91,0,01,0,1f,4,1,0,0,0,1,02,0,0,0,0,1,0,0,0,1,0,0,0,0,0,0,0,0,1
4033,4033,0,0,0c,00000,0,0,0,0,1,0,0,0,0,0,00a92,0,01,0,1f,4,1,0,0,0,1,02,0,0,0,0,1,0,0,0,1,0,0,0,0,0,0,0,0,1
4034,4034,0,0,0c,00000,0,0,0,0,1,0,0,0,0,0,00a93,0,01,0,1f,4,1,0,0,0,1,02,0,0,0,0,1,0,0,0,1,0,0,0,0,0,0,0,0,1
4035,4035,0,0,0c,00000,0,0,0,0,1,0,0,0,0,0,00a94,0,01,0,1f,4,1,0,0,0,1,02,0,0,0,0,1,0,0,0,1,0,0,0,0,0,0,0,0,1
4036,4036,0,0,0c,00000,0,0,0,0,1,0,0,0,0,0,00a95,0,01,0,1f,4,1,0,0,0,1,02,0,0,0,0,1,0,0,0,1,0,0,0,0,0,0,0,0,1
4037,4037,0,0,0c,00000,0,0,0,0,1,0,0,0,0,0,00a96,0,01,0,1f,4,1,0,0,0,1,02,0,0,0,0,1,0,0,0,1,0,0,0,0,0,0,0,0,1
4038,4038,0,0,0c,00000,0,0,0,0,1,0,0,0,0,0,00a97,0,01,0,1f,4,1,0,0,0,1,02,0,0,0,0,1,0,0,0,1,0,0,0,0,0,0,0,0,1
4039,4039,0,0,0c,00000,0,0,0,0,1,0,0,0,0,0,00a98,0,01,0,1f,4,1,0,0,0,1,02,0,0,0,0,1,0,0,0,1,0,0,0,0,0,0,0,0,1
4040,4040,0,0,0c,00000,0,0,0,0,1,0,0,0,0,0,00a99,0,01,0,1f,4,1,0,0,0,1,02,0,0,0,0,1,0,0,0,1,0,0,0,0,0,0,0,0,1
4041,4041,0,0,0c,00000,0,0,0,0,1,0,0,0,0,0,00a9a,0,01,0,1f,4,1,0,0,0,1,02,0,0,0,0,1,0,0,0,1,0,0,0,0,0,0,0,0,1
4042,4042,0,0,0c,00000,0,0,0,0,1,0,0,0,0,0,00a9b,0,01,0,1f,4,1,0,0,0,1,02,0,0,0,0,1,0,0,0,1,0,0,0,0,0,0,0,0,1
4043,4043,0,0,0c,00000,0,0,0,0,1,0,0,0,0,0,00a9c,0,01,0,1f,4,1,0,0,0,1,02,0,0,0,0,1,0,0,0,1,0,0,0,0,0,0,0,0,1
4044,4044,0,0,0c,00000,0,0,0,0,1,0,0,0,0,0,00a9d,0,01,0,1f,4,1,0,0,0,1,02,0,0,0,0,1,0,0,0,1,0,0,0,0,0,0,0,0,1
4045,4045,0,0,0c,00000,0,0,0,0,1,0,0,0,0,0,00a9e,0,01,0,1f,4,1,0,0,0,1,02,0,0,0,0,1,0,0,0,1,0,0,0,0,0,0,0,0,1
4046,4046,0,0,0c,00000,0,0,0,0,1,0,0,0,0,0,00a9f,0,01,0,1f,4,1,0,0,0,1,02,0,0,0,0,1,0,0,0,1,0,0,0,0,0,0,0,0,1
4047,4047,0,0,0c,00000,0,0,0,0,1,0,0,0,0,0,00aa0,0,01,0,1f,4,1,0,0,0,1,02,0,0,0,0,1,0,0,0,1,0,0,0,0,0,0,0,0,1
4048,4048,0,0,0c,00000,0,0,0,0,1,0,0,0,0,0,00aa1,0,01,0,1f,4,1,0,0,0,1,02,0,0,0,0,1,0,0,0,1,0,0,0,0,0,0,0,0,1
4049,4049,0,0,0c,00000,0,0,0,0,1,0,0,0,0,0,00aa2,0,01,0,1f,4,1,0,0,0,1,02,0,0,0,0,1,0,0,0,1,0,0,0,0,0,0,0,0,1
4050,4050,0,0,0c,00000,0,0,0,0,1,0,0,0,0,0,00aa3,0,01,0,1f,4,1,0,0,0,1,02,0,0,0,0,1,0,0,0,1,0,0,0,0,0,0,0,0,1
4051,4051,0,0,0c,00000,0,0,0,0,1,0,0,0,0,0,00aa4,0,01,0,1f,4,1,0,0,0,1,02,0,0,0,0,1,0,0,0,1,0,0,0,0,0,0,0,0,1
4052,4052,0,0,0c,00000,0,0,0,0,1,0,0,0,0,0,00aa5,0,01,0,1f,4,1,0,0,0,1,02,0,0,0,0,1,0,0,0,1,0,0,0,0,0,0,0,0,1
4053,4053,0,0,0c,00000,0,0,0,0,1,0,0,0,0,0,00aa6,0,01,0,1f,4,1,0,0,0,1,02,0,0,0,0,1,0,0,0,1,0,0,0,0,0,0,0,0,1
4054,4054,0,0,0c,00000,0,0,0,0,1,0,0,0,0,0,00aa7,0,01,0,1f,4,1,0,0,0,1,02,0,0,0,0,1,0,0,0,1,0,0,0,0,0,0,0,0,1
4055,4055,0,0,0c,00000,0,0,0,0,1,0,0,0,0,0,00aa8,0,01,0,1f,4,1,0,0,0,1,02,0,0,0,0,1,0,0,0,1,0,0,0,0,0,0,0,0,1
4056,4056,0,0,0c,00000,0,0,0,0,1,0,0,0,0,0,00aa9,0,01,0,1f,4,1,0,0,0,1,02,0,0,0,0,1,0,0,0,1,0,0,0,0,0,0,0,0,1
4057,4057,0,0,0c,00000,0,0,0,0,1,0,0,0,0,0,00aaa,0,01,0,1f,4,1,0,0,0,1,02,0,0,0,0,1,0,0,0,1,0,0,0,0,0,0,0,0,1
4058,4058,0,0,0c,00000,0,0,0,0,1,0,0,0,0,0,00aab,0,01,0,1f,4,1,0,0,0,1,02,0,0,0,0,1,0,0,0,1,0,0,0,0,0,0,0,0,1
4059,4059,0,0,0c,00000,0,0,0,0,1,0,0,0,0,0,00aac,0,01,0,1f,4,1,0,0,0,1,02,0,0,0,0,1,0,0,0,1,0,0,0,0,0,0,0,0,1
4060,4060,0,0,0c,00000,0,0,0,0,1,0,0,0,0,0,00aad,0,01,0,1f,4,1,0,0,0,1,02,0,0,0,0,1,0,0,0,1,0,0,0,0,0,0,0,0,1
4061,4061,0,0,0c,00000,0,0,0,0,1,0,0,0,0,0,00aae,0,01,0,1f,4,1,0,0,0,1,02,0,0,0,0,1,0,0,0,1,0,0,0,0,0,0,0,0,1
4062,4062,0,0,0c,00000,0,0,0,0,1,0,0,0,0,0,00aaf,0,01,0,1f,4,1,0,0,0,1,02,0,0,0,0,1,0,0,0,1,0,0,0,0,0,0,0,0,1
4063,4063,0,0,0c,00000,0,0,0,0,1,0,0,0,0,0,00ab0,0,01,0,1f,4,1,0,0,0,1,02,0,0,0,0,1,0,0,0,1,0,0,0,0,0,0,0,0,1
4064,4064,0,0,0c,00000,0,0,0,0,1,0,0,0,0,0,00ab1,0,01,0,1f,4,1,0,0,0,1,02,0,0,0,0,1,0,0,0,1,0,0,0,0,0,0,0,0,1
4065,4065,0,0,0c,00000,0,0,0,0,1,0,0,0,0,0,00ab2,0,01,0,1f,4,1,0,0,0,1,02,0,0,0,0,1,0,0,0,1,0,0,0,0,0,0,0,0,1
4066,4066,0,0,0c,00000,0,0,0,0,1,0,0,0,0,0,00ab3,0,01,0,1f,4,1,0,0,0,1,02,0,0,0,0,1,0,0,0,1,0,0,0,0,0,0,0,0,1
4067,4067,0,0,0c,00000,0,0,0,0,1,0,0,0,0,0,00ab4,0,01,0,1f,4,1,0,0,0,1,02,0,0,0,0,1,0,0,0,1,0,0,0,0,0,0,0,0,1
4068,4068,0,0,0c,00000,0,0,0,0,1,0,0,0,0,0,00ab5,0,01,0,1f,4,1,0,0,0,1,02,0,0,0,0,1,0,0,0,1,0,0,0,0,0,0,0,0,1
4069,4069,0,0,0c,00000,0,0,0,0,1,0,0,0,0,0,00ab6,0,01,0,1f,4,1,0,0,0,1,02,0,0,0,0,1,0,0,0,1,0,0,0,0,0,0,0,0,1
4070,4070,0,0,0c,00000,0,0,0,0,1,0,0,0,0,0,00ab7,0,01,0,1f,4,1,0,0,0,1,02,0,0,0,0,1,0,0,0,1,0,0,0,0,0,0,0,0,1
4071,4071,0,0,0c,00000,0,0,0,0,1,0,0,0,0,0,00ab8,0,01,0,1f,4,1,0,0,0,1,02,0,0,0,0,1,0,0,0,1,0,0,0,0,0,0,0,0,1
4072,4072,0,0,0c,00000,0,0,0,0,1,0,0,0,0,0,00ab9,0,01,0,1f,4,1,0,0,0,1,02,0,0,0,0,1,0,0,0,1,0,0,0,0,0,0,0,0,1
4073,4073,0,0,0c,00000,0,0,0,0,1,0,0,0,0,0,00aba,0,01,0,1f,4,1,0,0,0,1,02,0,0,0,0,1,0,0,0,1,0,0,0,0,0,0,0,0,1
4074,4074,0,0,0c,00000,0,0,0,0,1,0,0,0,0,0,00abb,0,01,0,1f,4,1,0,0,0,1,02,0,0,0,0,1,0,0,0,1,0,0,0,0,0,0,0,0,1
4075,4075,0,0,0c,00000,0,0,0,0,1,0,0,0,0,0,00abc,0,01,0,1f,4,1,0,0,0,1,02,0,0,0,0,1,0,0,0,1,0,0,0,0,0,0,0,0,1
4076,4076,0,0,0c,00000,0,0,0,0,1,0,0,0,0,0,00abd,0,01,0,1f,4,1,0,0,0,1,02,0,0,0,0,1,0,0,0,1,0,0,0,0,0,0,0,0,1
4077,4077,0,0,0c,00000,0,0,0,0,1,0,0,0,0,0,00abe,0,01,0,1f,4,1,0,0,0,1,02,0,0,0,0,1,0,0,0,1,0,0,0,0,0,0,0,0,1
4078,4078,0,0,0c,00000,0,0,0,0,1,0,0,0,0,0,00abf,0,01,0,1f,4,1,0,0,0,1,02,0,0,0,0,1,0,0,0,1,0,0,0,0,0,0,0,0,1
4079,4079,0,0,0c,00000,0,0,0,0,1,0,0,0,0,0,00ac0,0,01,0,1f,4,1,0,0,0,1,02,0,0,0,0,1,0,0,0,1,0,0,0,0,0,0,0,0,1
4080,4080,0,0,0c,00000,0,0,0,0,1,0,0,0,0,0,00ac1,0,01,0,1f,4,1,0,0,0,1,02,0,0,0,0,1,0,0,0,1,0,0,0,0,0,0,0,0,1
4081,4081,0,0,0c,00000,0,0,0,0,1,0,0,0,0,0,00ac2,0,01,0,1f,4,1,0,0,0,1,02,0,0,0,0,1,0,0,0,1,0,0,0,0,0,0,0,0,1
4082,4082,0,0,0c,00000,0,0,0,0,1,0,0,0,0,0,00ac3,0,01,0,1f,4,1,0,0,0,1,02,0,0,0,0,1,0,0,0,1,0,0,0,0,0,0,0,0,1
4083,4083,0,0,0c,00000,0,0,0,0,1,0,0,0,0,0,00ac4,0,01,0,1f,4,1,0,0,0,1,02,0,0,0,0,1,0,0,0,1,0,0,0,0,0,0,0,0,1
4084,4084,0,0,0c,00000,0,0,0,0,1,0,0,0,0,0,00ac5,0,01,0,1f,4,1,0,0,0,1,02,0,0,0,0,1,0,0,0,1,0,0,0,0,0,0,0,0,1
4085,4085,0,0,0c,00000,0,0,0,0,1,0,0,0,0,0,00ac6,0,01,0,1f,4,1,0,0,0,1,02,0,0,0,0,1,0,0,0,1,0,0,0,0,0,0,0,0,1
4086,4086,0,0,0c,00000,0,0,0,0,1,0,0,0,0,0,00ac7,0,01,0,1f,4,1,0,0,0,1,02,0,0,0,0,1,0,0,0,1,0,0,0,0,0,0,0,0,1
4087,4087,0,0,0c,00000,0,0,0,0,1,0,0,0,0,0,00ac8,0,01,0,1f,4,1,0,0,0,1,02,0,0,0,0,1,0,0,0,1,0,0,0,0,0,0,0,0,1
4088,4088,0,0,0c,00000,0,0,0,0,1,0,0,0,0,0,00ac9,0,01,0,1f,4,1,0,0,0,1,02,0,0,0,0,1,0,0,0,1,0,0,0,0,0,0,0,0,1
4089,4089,0,0,0c,00000,0,0,0,0,1,0,0,0,0,0,00aca,0,01,0,1f,4,1,0,0,0,1,02,0,0,0,0,1,0,0,0,1,0,0,0,0,0,0,0,0,1
4090,4090,0,0,0c,00000,0,0,0,0,1,0,0,0,0,0,00acb,0,01,0,1f,4,1,0,0,0,1,02,0,0,0,0,1,0,0,0,1,0,0,0,0,0,0,0,0,1
4091,4091,0,0,0c,00000,0,0,0,0,1,0,0,0,0,0,00acc,0,01,0,1f,4,1,0,0,0,1,02,0,0,0,0,1,0,0,0,1,0,0,0,0,0,0,0,0,1
4092,4092,0,0,0c,00000,0,0,0,0,1,0,0,0,0,0,00acd,0,01,0,1f,4,1,0,0,0,1,02,0,0,0,0,1,0,0,0,1,0,0,0,0,0,0,0,0,1
4093,4093,0,0,0c,00000,0,0,0,0,1,0,0,0,0,0,00ace,0,01,0,1f,4,1,0,0,0,1,02,0,0,0,0,1,0,0,0,1,0,0,0,0,0,0,0,0,1
4094,4094,0,0,0c,00000,0,0,0,0,1,0,0,0,0,0,00acf,0,01,0,1f,4,1,0,0,0,1,02,0,0,0,0,1,0,0,0,1,0,0,0,0,0,0,0,0,1
4095,4095,0,0,0c,00000,0,0,0,0,1,0,0,0,0,0,00ad0,0,01,0,1f,4,1,0,0,0,1,02,0,0,0,0,1,0,0,0,1,0,0,0,0,0,0,0,0,1
