Sample in Buffer,Sample in Window,TRIGGER,tidelink_design_i/nanosoc_eth_chiplet_0/inst/u_chiplet/u_tidelink/dbg_s_b_done,tidelink_design_i/nanosoc_eth_chiplet_0/inst/u_chiplet/u_tidelink/dbg_s_aw_accept,tidelink_design_i/nanosoc_eth_chiplet_0/inst/u_chiplet/u_tidelink/dbg_i5_osr_expired,tidelink_design_i/nanosoc_eth_chiplet_0/inst/u_chiplet/u_tidelink/u_fc_adapter/dbg_tx_haddr[7:0],tidelink_design_i/nanosoc_eth_chiplet_0/inst/u_chiplet/u_tidelink/dbg_s_awvalid,tidelink_design_i/nanosoc_eth_chiplet_0/inst/u_chiplet/u_tidelink/dbg_i5_progress,tidelink_design_i/nanosoc_eth_chiplet_0/inst/u_chiplet/u_tidelink/u_fc_adapter/dbg_tx_arb_valid,tidelink_design_i/nanosoc_eth_chiplet_0/inst/u_chiplet/u_tidelink/u_fc_adapter/dbg_tx_hreadyout,tidelink_design_i/nanosoc_eth_chiplet_0/inst/u_chiplet/u_tidelink/dbg_ahb_hresp,tidelink_design_i/nanosoc_eth_chiplet_0/inst/u_chiplet/u_tidelink/dbg_i5_outstanding,tidelink_design_i/nanosoc_eth_chiplet_0/inst/u_chiplet/u_tidelink/dbg_i5_ext_stalled,tidelink_design_i/nanosoc_eth_chiplet_0/inst/u_chiplet/u_tidelink/u_fc_adapter/dbg_tx_htrans[1:0],tidelink_design_i/nanosoc_eth_chiplet_0/inst/u_chiplet/u_tidelink/dbg_ahb_hreadyout,tidelink_design_i/nanosoc_eth_chiplet_0/inst/u_chiplet/u_tidelink/u_fc_adapter/dbg_tx_lock,tidelink_design_i/nanosoc_eth_chiplet_0/inst/u_chiplet/u_tidelink/dbg_xhb_hrdyout_raw,tidelink_design_i/nanosoc_eth_chiplet_0/inst/u_chiplet/u_tidelink/dbg_i5_osr_ctr[16:0],tidelink_design_i/nanosoc_eth_chiplet_0/inst/u_chiplet/u_tidelink/u_fc_adapter/dbg_tx_hwrite,tidelink_design_i/nanosoc_eth_chiplet_0/inst/u_chiplet/u_tidelink/u_fc_adapter/dbg_tx_hsel,tidelink_design_i/nanosoc_eth_chiplet_0/inst/u_chiplet/u_tidelink/u_fc_adapter/dbg_tx_lock_hit,tidelink_design_i/nanosoc_eth_chiplet_0/inst/u_chiplet/u_tidelink/u_fc_adapter/dbg_tx_hready,tidelink_design_i/nanosoc_eth_chiplet_0/inst/u_chiplet/u_tidelink/dbg_s_bvalid,tidelink_design_i/nanosoc_eth_chiplet_0/inst/u_chiplet/u_tidelink/u_fc_adapter/dbg_tx_a2l_valid,tidelink_design_i/nanosoc_eth_chiplet_0/inst/u_chiplet/u_tidelink/dbg_i5_stall_ctr[16:0],tidelink_design_i/nanosoc_eth_chiplet_0/inst/u_chiplet/u_tidelink/u_fc_adapter/dbg_tx_valid_ap,tidelink_design_i/nanosoc_eth_chiplet_0/inst/u_chiplet/u_tidelink/dbg_s_awready,tidelink_design_i/nanosoc_eth_chiplet_0/inst/u_chiplet/u_tidelink/dbg_i5_err1,tidelink_design_i/nanosoc_eth_chiplet_0/inst/u_chiplet/u_tidelink/dbg_i5_wr_os[2:0],tidelink_design_i/nanosoc_eth_chiplet_0/inst/u_chiplet/u_tidelink/dbg_i5_err2
Radix - UNSIGNED,UNSIGNED,UNSIGNED,HEX,HEX,HEX,HEX,HEX,HEX,HEX,HEX,HEX,HEX,HEX,HEX,HEX,HEX,HEX,HEX,HEX,HEX,HEX,HEX,HEX,HEX,HEX,HEX,HEX,HEX,HEX,HEX
0,0,0,0,0,0,00,0,0,0,1,0,1,1,0,0,0,0,0ff01,1,0,0,0,0,0,0ff01,0,1,0,1,0
1,1,0,0,0,0,00,0,0,0,1,0,1,1,0,0,0,0,0ff02,1,0,0,0,0,0,0ff02,0,1,0,1,0
2,2,0,0,0,0,00,0,0,0,1,0,1,1,0,0,0,0,0ff03,1,0,0,0,0,0,0ff03,0,1,0,1,0
3,3,0,0,0,0,00,0,0,0,1,0,1,1,0,0,0,0,0ff04,1,0,0,0,0,0,0ff04,0,1,0,1,0
4,4,0,0,0,0,00,0,0,0,1,0,1,1,0,0,0,0,0ff05,1,0,0,0,0,0,0ff05,0,1,0,1,0
5,5,0,0,0,0,00,0,0,0,1,0,1,1,0,0,0,0,0ff06,1,0,0,0,0,0,0ff06,0,1,0,1,0
6,6,0,0,0,0,00,0,0,0,1,0,1,1,0,0,0,0,0ff07,1,0,0,0,0,0,0ff07,0,1,0,1,0
7,7,0,0,0,0,00,0,0,0,1,0,1,1,0,0,0,0,0ff08,1,0,0,0,0,0,0ff08,0,1,0,1,0
8,8,0,0,0,0,00,0,0,0,1,0,1,1,0,0,0,0,0ff09,1,0,0,0,0,0,0ff09,0,1,0,1,0
9,9,0,0,0,0,00,0,0,0,1,0,1,1,0,0,0,0,0ff0a,1,0,0,0,0,0,0ff0a,0,1,0,1,0
10,10,0,0,0,0,00,0,0,0,1,0,1,1,0,0,0,0,0ff0b,1,0,0,0,0,0,0ff0b,0,1,0,1,0
11,11,0,0,0,0,00,0,0,0,1,0,1,1,0,0,0,0,0ff0c,1,0,0,0,0,0,0ff0c,0,1,0,1,0
12,12,0,0,0,0,00,0,0,0,1,0,1,1,0,0,0,0,0ff0d,1,0,0,0,0,0,0ff0d,0,1,0,1,0
13,13,0,0,0,0,00,0,0,0,1,0,1,1,0,0,0,0,0ff0e,1,0,0,0,0,0,0ff0e,0,1,0,1,0
14,14,0,0,0,0,00,0,0,0,1,0,1,1,0,0,0,0,0ff0f,1,0,0,0,0,0,0ff0f,0,1,0,1,0
15,15,0,0,0,0,00,0,0,0,1,0,1,1,0,0,0,0,0ff10,1,0,0,0,0,0,0ff10,0,1,0,1,0
16,16,0,0,0,0,00,0,0,0,1,0,1,1,0,0,0,0,0ff11,1,0,0,0,0,0,0ff11,0,1,0,1,0
17,17,0,0,0,0,00,0,0,0,1,0,1,1,0,0,0,0,0ff12,1,0,0,0,0,0,0ff12,0,1,0,1,0
18,18,0,0,0,0,00,0,0,0,1,0,1,1,0,0,0,0,0ff13,1,0,0,0,0,0,0ff13,0,1,0,1,0
19,19,0,0,0,0,00,0,0,0,1,0,1,1,0,0,0,0,0ff14,1,0,0,0,0,0,0ff14,0,1,0,1,0
20,20,0,0,0,0,00,0,0,0,1,0,1,1,0,0,0,0,0ff15,1,0,0,0,0,0,0ff15,0,1,0,1,0
21,21,0,0,0,0,00,0,0,0,1,0,1,1,0,0,0,0,0ff16,1,0,0,0,0,0,0ff16,0,1,0,1,0
22,22,0,0,0,0,00,0,0,0,1,0,1,1,0,0,0,0,0ff17,1,0,0,0,0,0,0ff17,0,1,0,1,0
23,23,0,0,0,0,00,0,0,0,1,0,1,1,0,0,0,0,0ff18,1,0,0,0,0,0,0ff18,0,1,0,1,0
24,24,0,0,0,0,00,0,0,0,1,0,1,1,0,0,0,0,0ff19,1,0,0,0,0,0,0ff19,0,1,0,1,0
25,25,0,0,0,0,00,0,0,0,1,0,1,1,0,0,0,0,0ff1a,1,0,0,0,0,0,0ff1a,0,1,0,1,0
26,26,0,0,0,0,00,0,0,0,1,0,1,1,0,0,0,0,0ff1b,1,0,0,0,0,0,0ff1b,0,1,0,1,0
27,27,0,0,0,0,00,0,0,0,1,0,1,1,0,0,0,0,0ff1c,1,0,0,0,0,0,0ff1c,0,1,0,1,0
28,28,0,0,0,0,00,0,0,0,1,0,1,1,0,0,0,0,0ff1d,1,0,0,0,0,0,0ff1d,0,1,0,1,0
29,29,0,0,0,0,00,0,0,0,1,0,1,1,0,0,0,0,0ff1e,1,0,0,0,0,0,0ff1e,0,1,0,1,0
30,30,0,0,0,0,00,0,0,0,1,0,1,1,0,0,0,0,0ff1f,1,0,0,0,0,0,0ff1f,0,1,0,1,0
31,31,0,0,0,0,00,0,0,0,1,0,1,1,0,0,0,0,0ff20,1,0,0,0,0,0,0ff20,0,1,0,1,0
32,32,0,0,0,0,00,0,0,0,1,0,1,1,0,0,0,0,0ff21,1,0,0,0,0,0,0ff21,0,1,0,1,0
33,33,0,0,0,0,00,0,0,0,1,0,1,1,0,0,0,0,0ff22,1,0,0,0,0,0,0ff22,0,1,0,1,0
34,34,0,0,0,0,00,0,0,0,1,0,1,1,0,0,0,0,0ff23,1,0,0,0,0,0,0ff23,0,1,0,1,0
35,35,0,0,0,0,00,0,0,0,1,0,1,1,0,0,0,0,0ff24,1,0,0,0,0,0,0ff24,0,1,0,1,0
36,36,0,0,0,0,00,0,0,0,1,0,1,1,0,0,0,0,0ff25,1,0,0,0,0,0,0ff25,0,1,0,1,0
37,37,0,0,0,0,00,0,0,0,1,0,1,1,0,0,0,0,0ff26,1,0,0,0,0,0,0ff26,0,1,0,1,0
38,38,0,0,0,0,00,0,0,0,1,0,1,1,0,0,0,0,0ff27,1,0,0,0,0,0,0ff27,0,1,0,1,0
39,39,0,0,0,0,00,0,0,0,1,0,1,1,0,0,0,0,0ff28,1,0,0,0,0,0,0ff28,0,1,0,1,0
40,40,0,0,0,0,00,0,0,0,1,0,1,1,0,0,0,0,0ff29,1,0,0,0,0,0,0ff29,0,1,0,1,0
41,41,0,0,0,0,00,0,0,0,1,0,1,1,0,0,0,0,0ff2a,1,0,0,0,0,0,0ff2a,0,1,0,1,0
42,42,0,0,0,0,00,0,0,0,1,0,1,1,0,0,0,0,0ff2b,1,0,0,0,0,0,0ff2b,0,1,0,1,0
43,43,0,0,0,0,00,0,0,0,1,0,1,1,0,0,0,0,0ff2c,1,0,0,0,0,0,0ff2c,0,1,0,1,0
44,44,0,0,0,0,00,0,0,0,1,0,1,1,0,0,0,0,0ff2d,1,0,0,0,0,0,0ff2d,0,1,0,1,0
45,45,0,0,0,0,00,0,0,0,1,0,1,1,0,0,0,0,0ff2e,1,0,0,0,0,0,0ff2e,0,1,0,1,0
46,46,0,0,0,0,00,0,0,0,1,0,1,1,0,0,0,0,0ff2f,1,0,0,0,0,0,0ff2f,0,1,0,1,0
47,47,0,0,0,0,00,0,0,0,1,0,1,1,0,0,0,0,0ff30,1,0,0,0,0,0,0ff30,0,1,0,1,0
48,48,0,0,0,0,00,0,0,0,1,0,1,1,0,0,0,0,0ff31,1,0,0,0,0,0,0ff31,0,1,0,1,0
49,49,0,0,0,0,00,0,0,0,1,0,1,1,0,0,0,0,0ff32,1,0,0,0,0,0,0ff32,0,1,0,1,0
50,50,0,0,0,0,00,0,0,0,1,0,1,1,0,0,0,0,0ff33,1,0,0,0,0,0,0ff33,0,1,0,1,0
51,51,0,0,0,0,00,0,0,0,1,0,1,1,0,0,0,0,0ff34,1,0,0,0,0,0,0ff34,0,1,0,1,0
52,52,0,0,0,0,00,0,0,0,1,0,1,1,0,0,0,0,0ff35,1,0,0,0,0,0,0ff35,0,1,0,1,0
53,53,0,0,0,0,00,0,0,0,1,0,1,1,0,0,0,0,0ff36,1,0,0,0,0,0,0ff36,0,1,0,1,0
54,54,0,0,0,0,00,0,0,0,1,0,1,1,0,0,0,0,0ff37,1,0,0,0,0,0,0ff37,0,1,0,1,0
55,55,0,0,0,0,00,0,0,0,1,0,1,1,0,0,0,0,0ff38,1,0,0,0,0,0,0ff38,0,1,0,1,0
56,56,0,0,0,0,00,0,0,0,1,0,1,1,0,0,0,0,0ff39,1,0,0,0,0,0,0ff39,0,1,0,1,0
57,57,0,0,0,0,00,0,0,0,1,0,1,1,0,0,0,0,0ff3a,1,0,0,0,0,0,0ff3a,0,1,0,1,0
58,58,0,0,0,0,00,0,0,0,1,0,1,1,0,0,0,0,0ff3b,1,0,0,0,0,0,0ff3b,0,1,0,1,0
59,59,0,0,0,0,00,0,0,0,1,0,1,1,0,0,0,0,0ff3c,1,0,0,0,0,0,0ff3c,0,1,0,1,0
60,60,0,0,0,0,00,0,0,0,1,0,1,1,0,0,0,0,0ff3d,1,0,0,0,0,0,0ff3d,0,1,0,1,0
61,61,0,0,0,0,00,0,0,0,1,0,1,1,0,0,0,0,0ff3e,1,0,0,0,0,0,0ff3e,0,1,0,1,0
62,62,0,0,0,0,00,0,0,0,1,0,1,1,0,0,0,0,0ff3f,1,0,0,0,0,0,0ff3f,0,1,0,1,0
63,63,0,0,0,0,00,0,0,0,1,0,1,1,0,0,0,0,0ff40,1,0,0,0,0,0,0ff40,0,1,0,1,0
64,64,0,0,0,0,00,0,0,0,1,0,1,1,0,0,0,0,0ff41,1,0,0,0,0,0,0ff41,0,1,0,1,0
65,65,0,0,0,0,00,0,0,0,1,0,1,1,0,0,0,0,0ff42,1,0,0,0,0,0,0ff42,0,1,0,1,0
66,66,0,0,0,0,00,0,0,0,1,0,1,1,0,0,0,0,0ff43,1,0,0,0,0,0,0ff43,0,1,0,1,0
67,67,0,0,0,0,00,0,0,0,1,0,1,1,0,0,0,0,0ff44,1,0,0,0,0,0,0ff44,0,1,0,1,0
68,68,0,0,0,0,00,0,0,0,1,0,1,1,0,0,0,0,0ff45,1,0,0,0,0,0,0ff45,0,1,0,1,0
69,69,0,0,0,0,00,0,0,0,1,0,1,1,0,0,0,0,0ff46,1,0,0,0,0,0,0ff46,0,1,0,1,0
70,70,0,0,0,0,00,0,0,0,1,0,1,1,0,0,0,0,0ff47,1,0,0,0,0,0,0ff47,0,1,0,1,0
71,71,0,0,0,0,00,0,0,0,1,0,1,1,0,0,0,0,0ff48,1,0,0,0,0,0,0ff48,0,1,0,1,0
72,72,0,0,0,0,00,0,0,0,1,0,1,1,0,0,0,0,0ff49,1,0,0,0,0,0,0ff49,0,1,0,1,0
73,73,0,0,0,0,00,0,0,0,1,0,1,1,0,0,0,0,0ff4a,1,0,0,0,0,0,0ff4a,0,1,0,1,0
74,74,0,0,0,0,00,0,0,0,1,0,1,1,0,0,0,0,0ff4b,1,0,0,0,0,0,0ff4b,0,1,0,1,0
75,75,0,0,0,0,00,0,0,0,1,0,1,1,0,0,0,0,0ff4c,1,0,0,0,0,0,0ff4c,0,1,0,1,0
76,76,0,0,0,0,00,0,0,0,1,0,1,1,0,0,0,0,0ff4d,1,0,0,0,0,0,0ff4d,0,1,0,1,0
77,77,0,0,0,0,00,0,0,0,1,0,1,1,0,0,0,0,0ff4e,1,0,0,0,0,0,0ff4e,0,1,0,1,0
78,78,0,0,0,0,00,0,0,0,1,0,1,1,0,0,0,0,0ff4f,1,0,0,0,0,0,0ff4f,0,1,0,1,0
79,79,0,0,0,0,00,0,0,0,1,0,1,1,0,0,0,0,0ff50,1,0,0,0,0,0,0ff50,0,1,0,1,0
80,80,0,0,0,0,00,0,0,0,1,0,1,1,0,0,0,0,0ff51,1,0,0,0,0,0,0ff51,0,1,0,1,0
81,81,0,0,0,0,00,0,0,0,1,0,1,1,0,0,0,0,0ff52,1,0,0,0,0,0,0ff52,0,1,0,1,0
82,82,0,0,0,0,00,0,0,0,1,0,1,1,0,0,0,0,0ff53,1,0,0,0,0,0,0ff53,0,1,0,1,0
83,83,0,0,0,0,00,0,0,0,1,0,1,1,0,0,0,0,0ff54,1,0,0,0,0,0,0ff54,0,1,0,1,0
84,84,0,0,0,0,00,0,0,0,1,0,1,1,0,0,0,0,0ff55,1,0,0,0,0,0,0ff55,0,1,0,1,0
85,85,0,0,0,0,00,0,0,0,1,0,1,1,0,0,0,0,0ff56,1,0,0,0,0,0,0ff56,0,1,0,1,0
86,86,0,0,0,0,00,0,0,0,1,0,1,1,0,0,0,0,0ff57,1,0,0,0,0,0,0ff57,0,1,0,1,0
87,87,0,0,0,0,00,0,0,0,1,0,1,1,0,0,0,0,0ff58,1,0,0,0,0,0,0ff58,0,1,0,1,0
88,88,0,0,0,0,00,0,0,0,1,0,1,1,0,0,0,0,0ff59,1,0,0,0,0,0,0ff59,0,1,0,1,0
89,89,0,0,0,0,00,0,0,0,1,0,1,1,0,0,0,0,0ff5a,1,0,0,0,0,0,0ff5a,0,1,0,1,0
90,90,0,0,0,0,00,0,0,0,1,0,1,1,0,0,0,0,0ff5b,1,0,0,0,0,0,0ff5b,0,1,0,1,0
91,91,0,0,0,0,00,0,0,0,1,0,1,1,0,0,0,0,0ff5c,1,0,0,0,0,0,0ff5c,0,1,0,1,0
92,92,0,0,0,0,00,0,0,0,1,0,1,1,0,0,0,0,0ff5d,1,0,0,0,0,0,0ff5d,0,1,0,1,0
93,93,0,0,0,0,00,0,0,0,1,0,1,1,0,0,0,0,0ff5e,1,0,0,0,0,0,0ff5e,0,1,0,1,0
94,94,0,0,0,0,00,0,0,0,1,0,1,1,0,0,0,0,0ff5f,1,0,0,0,0,0,0ff5f,0,1,0,1,0
95,95,0,0,0,0,00,0,0,0,1,0,1,1,0,0,0,0,0ff60,1,0,0,0,0,0,0ff60,0,1,0,1,0
96,96,0,0,0,0,00,0,0,0,1,0,1,1,0,0,0,0,0ff61,1,0,0,0,0,0,0ff61,0,1,0,1,0
97,97,0,0,0,0,00,0,0,0,1,0,1,1,0,0,0,0,0ff62,1,0,0,0,0,0,0ff62,0,1,0,1,0
98,98,0,0,0,0,00,0,0,0,1,0,1,1,0,0,0,0,0ff63,1,0,0,0,0,0,0ff63,0,1,0,1,0
99,99,0,0,0,0,00,0,0,0,1,0,1,1,0,0,0,0,0ff64,1,0,0,0,0,0,0ff64,0,1,0,1,0
100,100,0,0,0,0,00,0,0,0,1,0,1,1,0,0,0,0,0ff65,1,0,0,0,0,0,0ff65,0,1,0,1,0
101,101,0,0,0,0,00,0,0,0,1,0,1,1,0,0,0,0,0ff66,1,0,0,0,0,0,0ff66,0,1,0,1,0
102,102,0,0,0,0,00,0,0,0,1,0,1,1,0,0,0,0,0ff67,1,0,0,0,0,0,0ff67,0,1,0,1,0
103,103,0,0,0,0,00,0,0,0,1,0,1,1,0,0,0,0,0ff68,1,0,0,0,0,0,0ff68,0,1,0,1,0
104,104,0,0,0,0,00,0,0,0,1,0,1,1,0,0,0,0,0ff69,1,0,0,0,0,0,0ff69,0,1,0,1,0
105,105,0,0,0,0,00,0,0,0,1,0,1,1,0,0,0,0,0ff6a,1,0,0,0,0,0,0ff6a,0,1,0,1,0
106,106,0,0,0,0,00,0,0,0,1,0,1,1,0,0,0,0,0ff6b,1,0,0,0,0,0,0ff6b,0,1,0,1,0
107,107,0,0,0,0,00,0,0,0,1,0,1,1,0,0,0,0,0ff6c,1,0,0,0,0,0,0ff6c,0,1,0,1,0
108,108,0,0,0,0,00,0,0,0,1,0,1,1,0,0,0,0,0ff6d,1,0,0,0,0,0,0ff6d,0,1,0,1,0
109,109,0,0,0,0,00,0,0,0,1,0,1,1,0,0,0,0,0ff6e,1,0,0,0,0,0,0ff6e,0,1,0,1,0
110,110,0,0,0,0,00,0,0,0,1,0,1,1,0,0,0,0,0ff6f,1,0,0,0,0,0,0ff6f,0,1,0,1,0
111,111,0,0,0,0,00,0,0,0,1,0,1,1,0,0,0,0,0ff70,1,0,0,0,0,0,0ff70,0,1,0,1,0
112,112,0,0,0,0,00,0,0,0,1,0,1,1,0,0,0,0,0ff71,1,0,0,0,0,0,0ff71,0,1,0,1,0
113,113,0,0,0,0,00,0,0,0,1,0,1,1,0,0,0,0,0ff72,1,0,0,0,0,0,0ff72,0,1,0,1,0
114,114,0,0,0,0,00,0,0,0,1,0,1,1,0,0,0,0,0ff73,1,0,0,0,0,0,0ff73,0,1,0,1,0
115,115,0,0,0,0,00,0,0,0,1,0,1,1,0,0,0,0,0ff74,1,0,0,0,0,0,0ff74,0,1,0,1,0
116,116,0,0,0,0,00,0,0,0,1,0,1,1,0,0,0,0,0ff75,1,0,0,0,0,0,0ff75,0,1,0,1,0
117,117,0,0,0,0,00,0,0,0,1,0,1,1,0,0,0,0,0ff76,1,0,0,0,0,0,0ff76,0,1,0,1,0
118,118,0,0,0,0,00,0,0,0,1,0,1,1,0,0,0,0,0ff77,1,0,0,0,0,0,0ff77,0,1,0,1,0
119,119,0,0,0,0,00,0,0,0,1,0,1,1,0,0,0,0,0ff78,1,0,0,0,0,0,0ff78,0,1,0,1,0
120,120,0,0,0,0,00,0,0,0,1,0,1,1,0,0,0,0,0ff79,1,0,0,0,0,0,0ff79,0,1,0,1,0
121,121,0,0,0,0,00,0,0,0,1,0,1,1,0,0,0,0,0ff7a,1,0,0,0,0,0,0ff7a,0,1,0,1,0
122,122,0,0,0,0,00,0,0,0,1,0,1,1,0,0,0,0,0ff7b,1,0,0,0,0,0,0ff7b,0,1,0,1,0
123,123,0,0,0,0,00,0,0,0,1,0,1,1,0,0,0,0,0ff7c,1,0,0,0,0,0,0ff7c,0,1,0,1,0
124,124,0,0,0,0,00,0,0,0,1,0,1,1,0,0,0,0,0ff7d,1,0,0,0,0,0,0ff7d,0,1,0,1,0
125,125,0,0,0,0,00,0,0,0,1,0,1,1,0,0,0,0,0ff7e,1,0,0,0,0,0,0ff7e,0,1,0,1,0
126,126,0,0,0,0,00,0,0,0,1,0,1,1,0,0,0,0,0ff7f,1,0,0,0,0,0,0ff7f,0,1,0,1,0
127,127,0,0,0,0,00,0,0,0,1,0,1,1,0,0,0,0,0ff80,1,0,0,0,0,0,0ff80,0,1,0,1,0
128,128,0,0,0,0,00,0,0,0,1,0,1,1,0,0,0,0,0ff81,1,0,0,0,0,0,0ff81,0,1,0,1,0
129,129,0,0,0,0,00,0,0,0,1,0,1,1,0,0,0,0,0ff82,1,0,0,0,0,0,0ff82,0,1,0,1,0
130,130,0,0,0,0,00,0,0,0,1,0,1,1,0,0,0,0,0ff83,1,0,0,0,0,0,0ff83,0,1,0,1,0
131,131,0,0,0,0,00,0,0,0,1,0,1,1,0,0,0,0,0ff84,1,0,0,0,0,0,0ff84,0,1,0,1,0
132,132,0,0,0,0,00,0,0,0,1,0,1,1,0,0,0,0,0ff85,1,0,0,0,0,0,0ff85,0,1,0,1,0
133,133,0,0,0,0,00,0,0,0,1,0,1,1,0,0,0,0,0ff86,1,0,0,0,0,0,0ff86,0,1,0,1,0
134,134,0,0,0,0,00,0,0,0,1,0,1,1,0,0,0,0,0ff87,1,0,0,0,0,0,0ff87,0,1,0,1,0
135,135,0,0,0,0,00,0,0,0,1,0,1,1,0,0,0,0,0ff88,1,0,0,0,0,0,0ff88,0,1,0,1,0
136,136,0,0,0,0,00,0,0,0,1,0,1,1,0,0,0,0,0ff89,1,0,0,0,0,0,0ff89,0,1,0,1,0
137,137,0,0,0,0,00,0,0,0,1,0,1,1,0,0,0,0,0ff8a,1,0,0,0,0,0,0ff8a,0,1,0,1,0
138,138,0,0,0,0,00,0,0,0,1,0,1,1,0,0,0,0,0ff8b,1,0,0,0,0,0,0ff8b,0,1,0,1,0
139,139,0,0,0,0,00,0,0,0,1,0,1,1,0,0,0,0,0ff8c,1,0,0,0,0,0,0ff8c,0,1,0,1,0
140,140,0,0,0,0,00,0,0,0,1,0,1,1,0,0,0,0,0ff8d,1,0,0,0,0,0,0ff8d,0,1,0,1,0
141,141,0,0,0,0,00,0,0,0,1,0,1,1,0,0,0,0,0ff8e,1,0,0,0,0,0,0ff8e,0,1,0,1,0
142,142,0,0,0,0,00,0,0,0,1,0,1,1,0,0,0,0,0ff8f,1,0,0,0,0,0,0ff8f,0,1,0,1,0
143,143,0,0,0,0,00,0,0,0,1,0,1,1,0,0,0,0,0ff90,1,0,0,0,0,0,0ff90,0,1,0,1,0
144,144,0,0,0,0,00,0,0,0,1,0,1,1,0,0,0,0,0ff91,1,0,0,0,0,0,0ff91,0,1,0,1,0
145,145,0,0,0,0,00,0,0,0,1,0,1,1,0,0,0,0,0ff92,1,0,0,0,0,0,0ff92,0,1,0,1,0
146,146,0,0,0,0,00,0,0,0,1,0,1,1,0,0,0,0,0ff93,1,0,0,0,0,0,0ff93,0,1,0,1,0
147,147,0,0,0,0,00,0,0,0,1,0,1,1,0,0,0,0,0ff94,1,0,0,0,0,0,0ff94,0,1,0,1,0
148,148,0,0,0,0,00,0,0,0,1,0,1,1,0,0,0,0,0ff95,1,0,0,0,0,0,0ff95,0,1,0,1,0
149,149,0,0,0,0,00,0,0,0,1,0,1,1,0,0,0,0,0ff96,1,0,0,0,0,0,0ff96,0,1,0,1,0
150,150,0,0,0,0,00,0,0,0,1,0,1,1,0,0,0,0,0ff97,1,0,0,0,0,0,0ff97,0,1,0,1,0
151,151,0,0,0,0,00,0,0,0,1,0,1,1,0,0,0,0,0ff98,1,0,0,0,0,0,0ff98,0,1,0,1,0
152,152,0,0,0,0,00,0,0,0,1,0,1,1,0,0,0,0,0ff99,1,0,0,0,0,0,0ff99,0,1,0,1,0
153,153,0,0,0,0,00,0,0,0,1,0,1,1,0,0,0,0,0ff9a,1,0,0,0,0,0,0ff9a,0,1,0,1,0
154,154,0,0,0,0,00,0,0,0,1,0,1,1,0,0,0,0,0ff9b,1,0,0,0,0,0,0ff9b,0,1,0,1,0
155,155,0,0,0,0,00,0,0,0,1,0,1,1,0,0,0,0,0ff9c,1,0,0,0,0,0,0ff9c,0,1,0,1,0
156,156,0,0,0,0,00,0,0,0,1,0,1,1,0,0,0,0,0ff9d,1,0,0,0,0,0,0ff9d,0,1,0,1,0
157,157,0,0,0,0,00,0,0,0,1,0,1,1,0,0,0,0,0ff9e,1,0,0,0,0,0,0ff9e,0,1,0,1,0
158,158,0,0,0,0,00,0,0,0,1,0,1,1,0,0,0,0,0ff9f,1,0,0,0,0,0,0ff9f,0,1,0,1,0
159,159,0,0,0,0,00,0,0,0,1,0,1,1,0,0,0,0,0ffa0,1,0,0,0,0,0,0ffa0,0,1,0,1,0
160,160,0,0,0,0,00,0,0,0,1,0,1,1,0,0,0,0,0ffa1,1,0,0,0,0,0,0ffa1,0,1,0,1,0
161,161,0,0,0,0,00,0,0,0,1,0,1,1,0,0,0,0,0ffa2,1,0,0,0,0,0,0ffa2,0,1,0,1,0
162,162,0,0,0,0,00,0,0,0,1,0,1,1,0,0,0,0,0ffa3,1,0,0,0,0,0,0ffa3,0,1,0,1,0
163,163,0,0,0,0,00,0,0,0,1,0,1,1,0,0,0,0,0ffa4,1,0,0,0,0,0,0ffa4,0,1,0,1,0
164,164,0,0,0,0,00,0,0,0,1,0,1,1,0,0,0,0,0ffa5,1,0,0,0,0,0,0ffa5,0,1,0,1,0
165,165,0,0,0,0,00,0,0,0,1,0,1,1,0,0,0,0,0ffa6,1,0,0,0,0,0,0ffa6,0,1,0,1,0
166,166,0,0,0,0,00,0,0,0,1,0,1,1,0,0,0,0,0ffa7,1,0,0,0,0,0,0ffa7,0,1,0,1,0
167,167,0,0,0,0,00,0,0,0,1,0,1,1,0,0,0,0,0ffa8,1,0,0,0,0,0,0ffa8,0,1,0,1,0
168,168,0,0,0,0,00,0,0,0,1,0,1,1,0,0,0,0,0ffa9,1,0,0,0,0,0,0ffa9,0,1,0,1,0
169,169,0,0,0,0,00,0,0,0,1,0,1,1,0,0,0,0,0ffaa,1,0,0,0,0,0,0ffaa,0,1,0,1,0
170,170,0,0,0,0,00,0,0,0,1,0,1,1,0,0,0,0,0ffab,1,0,0,0,0,0,0ffab,0,1,0,1,0
171,171,0,0,0,0,00,0,0,0,1,0,1,1,0,0,0,0,0ffac,1,0,0,0,0,0,0ffac,0,1,0,1,0
172,172,0,0,0,0,00,0,0,0,1,0,1,1,0,0,0,0,0ffad,1,0,0,0,0,0,0ffad,0,1,0,1,0
173,173,0,0,0,0,00,0,0,0,1,0,1,1,0,0,0,0,0ffae,1,0,0,0,0,0,0ffae,0,1,0,1,0
174,174,0,0,0,0,00,0,0,0,1,0,1,1,0,0,0,0,0ffaf,1,0,0,0,0,0,0ffaf,0,1,0,1,0
175,175,0,0,0,0,00,0,0,0,1,0,1,1,0,0,0,0,0ffb0,1,0,0,0,0,0,0ffb0,0,1,0,1,0
176,176,0,0,0,0,00,0,0,0,1,0,1,1,0,0,0,0,0ffb1,1,0,0,0,0,0,0ffb1,0,1,0,1,0
177,177,0,0,0,0,00,0,0,0,1,0,1,1,0,0,0,0,0ffb2,1,0,0,0,0,0,0ffb2,0,1,0,1,0
178,178,0,0,0,0,00,0,0,0,1,0,1,1,0,0,0,0,0ffb3,1,0,0,0,0,0,0ffb3,0,1,0,1,0
179,179,0,0,0,0,00,0,0,0,1,0,1,1,0,0,0,0,0ffb4,1,0,0,0,0,0,0ffb4,0,1,0,1,0
180,180,0,0,0,0,00,0,0,0,1,0,1,1,0,0,0,0,0ffb5,1,0,0,0,0,0,0ffb5,0,1,0,1,0
181,181,0,0,0,0,00,0,0,0,1,0,1,1,0,0,0,0,0ffb6,1,0,0,0,0,0,0ffb6,0,1,0,1,0
182,182,0,0,0,0,00,0,0,0,1,0,1,1,0,0,0,0,0ffb7,1,0,0,0,0,0,0ffb7,0,1,0,1,0
183,183,0,0,0,0,00,0,0,0,1,0,1,1,0,0,0,0,0ffb8,1,0,0,0,0,0,0ffb8,0,1,0,1,0
184,184,0,0,0,0,00,0,0,0,1,0,1,1,0,0,0,0,0ffb9,1,0,0,0,0,0,0ffb9,0,1,0,1,0
185,185,0,0,0,0,00,0,0,0,1,0,1,1,0,0,0,0,0ffba,1,0,0,0,0,0,0ffba,0,1,0,1,0
186,186,0,0,0,0,00,0,0,0,1,0,1,1,0,0,0,0,0ffbb,1,0,0,0,0,0,0ffbb,0,1,0,1,0
187,187,0,0,0,0,00,0,0,0,1,0,1,1,0,0,0,0,0ffbc,1,0,0,0,0,0,0ffbc,0,1,0,1,0
188,188,0,0,0,0,00,0,0,0,1,0,1,1,0,0,0,0,0ffbd,1,0,0,0,0,0,0ffbd,0,1,0,1,0
189,189,0,0,0,0,00,0,0,0,1,0,1,1,0,0,0,0,0ffbe,1,0,0,0,0,0,0ffbe,0,1,0,1,0
190,190,0,0,0,0,00,0,0,0,1,0,1,1,0,0,0,0,0ffbf,1,0,0,0,0,0,0ffbf,0,1,0,1,0
191,191,0,0,0,0,00,0,0,0,1,0,1,1,0,0,0,0,0ffc0,1,0,0,0,0,0,0ffc0,0,1,0,1,0
192,192,0,0,0,0,00,0,0,0,1,0,1,1,0,0,0,0,0ffc1,1,0,0,0,0,0,0ffc1,0,1,0,1,0
193,193,0,0,0,0,00,0,0,0,1,0,1,1,0,0,0,0,0ffc2,1,0,0,0,0,0,0ffc2,0,1,0,1,0
194,194,0,0,0,0,00,0,0,0,1,0,1,1,0,0,0,0,0ffc3,1,0,0,0,0,0,0ffc3,0,1,0,1,0
195,195,0,0,0,0,00,0,0,0,1,0,1,1,0,0,0,0,0ffc4,1,0,0,0,0,0,0ffc4,0,1,0,1,0
196,196,0,0,0,0,00,0,0,0,1,0,1,1,0,0,0,0,0ffc5,1,0,0,0,0,0,0ffc5,0,1,0,1,0
197,197,0,0,0,0,00,0,0,0,1,0,1,1,0,0,0,0,0ffc6,1,0,0,0,0,0,0ffc6,0,1,0,1,0
198,198,0,0,0,0,00,0,0,0,1,0,1,1,0,0,0,0,0ffc7,1,0,0,0,0,0,0ffc7,0,1,0,1,0
199,199,0,0,0,0,00,0,0,0,1,0,1,1,0,0,0,0,0ffc8,1,0,0,0,0,0,0ffc8,0,1,0,1,0
200,200,0,0,0,0,00,0,0,0,1,0,1,1,0,0,0,0,0ffc9,1,0,0,0,0,0,0ffc9,0,1,0,1,0
201,201,0,0,0,0,00,0,0,0,1,0,1,1,0,0,0,0,0ffca,1,0,0,0,0,0,0ffca,0,1,0,1,0
202,202,0,0,0,0,00,0,0,0,1,0,1,1,0,0,0,0,0ffcb,1,0,0,0,0,0,0ffcb,0,1,0,1,0
203,203,0,0,0,0,00,0,0,0,1,0,1,1,0,0,0,0,0ffcc,1,0,0,0,0,0,0ffcc,0,1,0,1,0
204,204,0,0,0,0,00,0,0,0,1,0,1,1,0,0,0,0,0ffcd,1,0,0,0,0,0,0ffcd,0,1,0,1,0
205,205,0,0,0,0,00,0,0,0,1,0,1,1,0,0,0,0,0ffce,1,0,0,0,0,0,0ffce,0,1,0,1,0
206,206,0,0,0,0,00,0,0,0,1,0,1,1,0,0,0,0,0ffcf,1,0,0,0,0,0,0ffcf,0,1,0,1,0
207,207,0,0,0,0,00,0,0,0,1,0,1,1,0,0,0,0,0ffd0,1,0,0,0,0,0,0ffd0,0,1,0,1,0
208,208,0,0,0,0,00,0,0,0,1,0,1,1,0,0,0,0,0ffd1,1,0,0,0,0,0,0ffd1,0,1,0,1,0
209,209,0,0,0,0,00,0,0,0,1,0,1,1,0,0,0,0,0ffd2,1,0,0,0,0,0,0ffd2,0,1,0,1,0
210,210,0,0,0,0,00,0,0,0,1,0,1,1,0,0,0,0,0ffd3,1,0,0,0,0,0,0ffd3,0,1,0,1,0
211,211,0,0,0,0,00,0,0,0,1,0,1,1,0,0,0,0,0ffd4,1,0,0,0,0,0,0ffd4,0,1,0,1,0
212,212,0,0,0,0,00,0,0,0,1,0,1,1,0,0,0,0,0ffd5,1,0,0,0,0,0,0ffd5,0,1,0,1,0
213,213,0,0,0,0,00,0,0,0,1,0,1,1,0,0,0,0,0ffd6,1,0,0,0,0,0,0ffd6,0,1,0,1,0
214,214,0,0,0,0,00,0,0,0,1,0,1,1,0,0,0,0,0ffd7,1,0,0,0,0,0,0ffd7,0,1,0,1,0
215,215,0,0,0,0,00,0,0,0,1,0,1,1,0,0,0,0,0ffd8,1,0,0,0,0,0,0ffd8,0,1,0,1,0
216,216,0,0,0,0,00,0,0,0,1,0,1,1,0,0,0,0,0ffd9,1,0,0,0,0,0,0ffd9,0,1,0,1,0
217,217,0,0,0,0,00,0,0,0,1,0,1,1,0,0,0,0,0ffda,1,0,0,0,0,0,0ffda,0,1,0,1,0
218,218,0,0,0,0,00,0,0,0,1,0,1,1,0,0,0,0,0ffdb,1,0,0,0,0,0,0ffdb,0,1,0,1,0
219,219,0,0,0,0,00,0,0,0,1,0,1,1,0,0,0,0,0ffdc,1,0,0,0,0,0,0ffdc,0,1,0,1,0
220,220,0,0,0,0,00,0,0,0,1,0,1,1,0,0,0,0,0ffdd,1,0,0,0,0,0,0ffdd,0,1,0,1,0
221,221,0,0,0,0,00,0,0,0,1,0,1,1,0,0,0,0,0ffde,1,0,0,0,0,0,0ffde,0,1,0,1,0
222,222,0,0,0,0,00,0,0,0,1,0,1,1,0,0,0,0,0ffdf,1,0,0,0,0,0,0ffdf,0,1,0,1,0
223,223,0,0,0,0,00,0,0,0,1,0,1,1,0,0,0,0,0ffe0,1,0,0,0,0,0,0ffe0,0,1,0,1,0
224,224,0,0,0,0,00,0,0,0,1,0,1,1,0,0,0,0,0ffe1,1,0,0,0,0,0,0ffe1,0,1,0,1,0
225,225,0,0,0,0,00,0,0,0,1,0,1,1,0,0,0,0,0ffe2,1,0,0,0,0,0,0ffe2,0,1,0,1,0
226,226,0,0,0,0,00,0,0,0,1,0,1,1,0,0,0,0,0ffe3,1,0,0,0,0,0,0ffe3,0,1,0,1,0
227,227,0,0,0,0,00,0,0,0,1,0,1,1,0,0,0,0,0ffe4,1,0,0,0,0,0,0ffe4,0,1,0,1,0
228,228,0,0,0,0,00,0,0,0,1,0,1,1,0,0,0,0,0ffe5,1,0,0,0,0,0,0ffe5,0,1,0,1,0
229,229,0,0,0,0,00,0,0,0,1,0,1,1,0,0,0,0,0ffe6,1,0,0,0,0,0,0ffe6,0,1,0,1,0
230,230,0,0,0,0,00,0,0,0,1,0,1,1,0,0,0,0,0ffe7,1,0,0,0,0,0,0ffe7,0,1,0,1,0
231,231,0,0,0,0,00,0,0,0,1,0,1,1,0,0,0,0,0ffe8,1,0,0,0,0,0,0ffe8,0,1,0,1,0
232,232,0,0,0,0,00,0,0,0,1,0,1,1,0,0,0,0,0ffe9,1,0,0,0,0,0,0ffe9,0,1,0,1,0
233,233,0,0,0,0,00,0,0,0,1,0,1,1,0,0,0,0,0ffea,1,0,0,0,0,0,0ffea,0,1,0,1,0
234,234,0,0,0,0,00,0,0,0,1,0,1,1,0,0,0,0,0ffeb,1,0,0,0,0,0,0ffeb,0,1,0,1,0
235,235,0,0,0,0,00,0,0,0,1,0,1,1,0,0,0,0,0ffec,1,0,0,0,0,0,0ffec,0,1,0,1,0
236,236,0,0,0,0,00,0,0,0,1,0,1,1,0,0,0,0,0ffed,1,0,0,0,0,0,0ffed,0,1,0,1,0
237,237,0,0,0,0,00,0,0,0,1,0,1,1,0,0,0,0,0ffee,1,0,0,0,0,0,0ffee,0,1,0,1,0
238,238,0,0,0,0,00,0,0,0,1,0,1,1,0,0,0,0,0ffef,1,0,0,0,0,0,0ffef,0,1,0,1,0
239,239,0,0,0,0,00,0,0,0,1,0,1,1,0,0,0,0,0fff0,1,0,0,0,0,0,0fff0,0,1,0,1,0
240,240,0,0,0,0,00,0,0,0,1,0,1,1,0,0,0,0,0fff1,1,0,0,0,0,0,0fff1,0,1,0,1,0
241,241,0,0,0,0,00,0,0,0,1,0,1,1,0,0,0,0,0fff2,1,0,0,0,0,0,0fff2,0,1,0,1,0
242,242,0,0,0,0,00,0,0,0,1,0,1,1,0,0,0,0,0fff3,1,0,0,0,0,0,0fff3,0,1,0,1,0
243,243,0,0,0,0,00,0,0,0,1,0,1,1,0,0,0,0,0fff4,1,0,0,0,0,0,0fff4,0,1,0,1,0
244,244,0,0,0,0,00,0,0,0,1,0,1,1,0,0,0,0,0fff5,1,0,0,0,0,0,0fff5,0,1,0,1,0
245,245,0,0,0,0,00,0,0,0,1,0,1,1,0,0,0,0,0fff6,1,0,0,0,0,0,0fff6,0,1,0,1,0
246,246,0,0,0,0,00,0,0,0,1,0,1,1,0,0,0,0,0fff7,1,0,0,0,0,0,0fff7,0,1,0,1,0
247,247,0,0,0,0,00,0,0,0,1,0,1,1,0,0,0,0,0fff8,1,0,0,0,0,0,0fff8,0,1,0,1,0
248,248,0,0,0,0,00,0,0,0,1,0,1,1,0,0,0,0,0fff9,1,0,0,0,0,0,0fff9,0,1,0,1,0
249,249,0,0,0,0,00,0,0,0,1,0,1,1,0,0,0,0,0fffa,1,0,0,0,0,0,0fffa,0,1,0,1,0
250,250,0,0,0,0,00,0,0,0,1,0,1,1,0,0,0,0,0fffb,1,0,0,0,0,0,0fffb,0,1,0,1,0
251,251,0,0,0,0,00,0,0,0,1,0,1,1,0,0,0,0,0fffc,1,0,0,0,0,0,0fffc,0,1,0,1,0
252,252,0,0,0,0,00,0,0,0,1,0,1,1,0,0,0,0,0fffd,1,0,0,0,0,0,0fffd,0,1,0,1,0
253,253,0,0,0,0,00,0,0,0,1,0,1,1,0,0,0,0,0fffe,1,0,0,0,0,0,0fffe,0,1,0,1,0
254,254,0,0,0,0,00,0,0,0,1,0,1,1,0,0,0,0,0ffff,1,0,0,0,0,0,0ffff,0,1,0,1,0
255,255,0,0,0,1,00,0,0,0,1,0,1,1,0,0,0,0,10000,1,0,0,0,0,0,10000,0,1,0,1,0
256,256,1,0,0,0,00,0,0,0,1,1,0,0,0,0,0,0,00000,1,0,0,0,0,0,00000,0,1,1,0,0
257,257,0,0,0,0,00,0,0,0,1,1,0,0,0,1,0,0,00000,1,0,0,1,0,0,00000,0,1,0,0,1
258,258,0,0,0,0,00,0,0,0,1,0,0,1,0,0,0,0,00000,1,0,0,1,0,0,00000,0,1,0,0,0
259,259,0,0,0,0,00,0,0,0,1,0,0,1,0,0,0,0,00000,0,0,0,1,0,0,00001,0,1,0,0,0
260,260,0,0,0,0,00,0,0,0,1,0,0,1,0,0,0,0,00000,0,0,0,1,0,0,00002,0,1,0,0,0
261,261,0,0,0,0,00,0,0,0,1,0,0,1,0,0,0,0,00000,0,0,0,1,0,0,00003,0,1,0,0,0
262,262,0,0,0,0,00,0,0,0,1,0,0,1,0,0,0,0,00000,0,0,0,1,0,0,00004,0,1,0,0,0
263,263,0,0,0,0,00,0,0,0,1,0,0,1,0,0,0,0,00000,0,0,0,1,0,0,00005,0,1,0,0,0
264,264,0,0,0,0,00,0,0,0,1,0,0,1,0,0,0,0,00000,0,0,0,1,0,0,00006,0,1,0,0,0
265,265,0,0,0,0,00,0,0,0,1,0,0,1,0,0,0,0,00000,0,0,0,1,0,0,00007,0,1,0,0,0
266,266,0,0,0,0,00,0,0,0,1,0,0,1,0,0,0,0,00000,0,0,0,1,0,0,00008,0,1,0,0,0
267,267,0,0,0,0,00,0,0,0,1,0,0,1,0,0,0,0,00000,0,0,0,1,0,0,00009,0,1,0,0,0
268,268,0,0,0,0,00,0,0,0,1,0,0,1,0,0,0,0,00000,0,0,0,1,0,0,0000a,0,1,0,0,0
269,269,0,0,0,0,00,0,0,0,1,0,0,1,0,0,0,0,00000,0,0,0,1,0,0,0000b,0,1,0,0,0
270,270,0,0,0,0,00,0,0,0,1,0,0,1,0,0,0,0,00000,0,0,0,1,0,0,0000c,0,1,0,0,0
271,271,0,0,0,0,00,0,0,0,1,0,0,1,0,0,0,0,00000,0,0,0,1,0,0,0000d,0,1,0,0,0
272,272,0,0,0,0,00,0,0,0,1,0,0,1,0,0,0,0,00000,0,0,0,1,0,0,0000e,0,1,0,0,0
273,273,0,0,0,0,00,0,0,0,1,0,0,1,0,0,0,0,00000,0,0,0,1,0,0,0000f,0,1,0,0,0
274,274,0,0,0,0,00,0,0,0,1,0,0,1,0,0,0,0,00000,0,0,0,1,0,0,00010,0,1,0,0,0
275,275,0,0,0,0,00,0,0,0,1,0,0,1,0,0,0,0,00000,0,0,0,1,0,0,00011,0,1,0,0,0
276,276,0,0,0,0,00,0,0,0,1,0,0,1,0,0,0,0,00000,0,0,0,1,0,0,00012,0,1,0,0,0
277,277,0,0,0,0,00,0,0,0,1,0,0,1,0,0,0,0,00000,0,0,0,1,0,0,00013,0,1,0,0,0
278,278,0,0,0,0,00,0,0,0,1,0,0,1,0,0,0,0,00000,0,0,0,1,0,0,00014,0,1,0,0,0
279,279,0,0,0,0,00,0,0,0,1,0,0,1,0,0,0,0,00000,0,0,0,1,0,0,00015,0,1,0,0,0
280,280,0,0,0,0,00,0,0,0,1,0,0,1,0,0,0,0,00000,0,0,0,1,0,0,00016,0,1,0,0,0
281,281,0,0,0,0,00,0,0,0,1,0,0,1,0,0,0,0,00000,0,0,0,1,0,0,00017,0,1,0,0,0
282,282,0,0,0,0,00,0,0,0,1,0,0,1,0,0,0,0,00000,0,0,0,1,0,0,00018,0,1,0,0,0
283,283,0,0,0,0,00,0,0,0,1,0,0,1,0,0,0,0,00000,0,0,0,1,0,0,00019,0,1,0,0,0
284,284,0,0,0,0,00,0,0,0,1,0,0,1,0,0,0,0,00000,0,0,0,1,0,0,0001a,0,1,0,0,0
285,285,0,0,0,0,00,0,0,0,1,0,0,1,0,0,0,0,00000,0,0,0,1,0,0,0001b,0,1,0,0,0
286,286,0,0,0,0,00,0,0,0,1,0,0,1,0,0,0,0,00000,0,0,0,1,0,0,0001c,0,1,0,0,0
287,287,0,0,0,0,00,0,0,0,1,0,0,1,0,0,0,0,00000,0,0,0,1,0,0,0001d,0,1,0,0,0
288,288,0,0,0,0,00,0,0,0,1,0,0,1,0,0,0,0,00000,0,0,0,1,0,0,0001e,0,1,0,0,0
289,289,0,0,0,0,00,0,0,0,1,0,0,1,0,0,0,0,00000,0,0,0,1,0,0,0001f,0,1,0,0,0
290,290,0,0,0,0,00,0,0,0,1,0,0,1,0,0,0,0,00000,0,0,0,1,0,0,00020,0,1,0,0,0
291,291,0,0,0,0,00,0,0,0,1,0,0,1,0,0,0,0,00000,0,0,0,1,0,0,00021,0,1,0,0,0
292,292,0,0,0,0,00,0,0,0,1,0,0,1,0,0,0,0,00000,0,0,0,1,0,0,00022,0,1,0,0,0
293,293,0,0,0,0,00,0,0,0,1,0,0,1,0,0,0,0,00000,0,0,0,1,0,0,00023,0,1,0,0,0
294,294,0,0,0,0,00,0,0,0,1,0,0,1,0,0,0,0,00000,0,0,0,1,0,0,00024,0,1,0,0,0
295,295,0,0,0,0,00,0,0,0,1,0,0,1,0,0,0,0,00000,0,0,0,1,0,0,00025,0,1,0,0,0
296,296,0,0,0,0,00,0,0,0,1,0,0,1,0,0,0,0,00000,0,0,0,1,0,0,00026,0,1,0,0,0
297,297,0,0,0,0,00,0,0,0,1,0,0,1,0,0,0,0,00000,0,0,0,1,0,0,00027,0,1,0,0,0
298,298,0,0,0,0,00,0,0,0,1,0,0,1,0,0,0,0,00000,0,0,0,1,0,0,00028,0,1,0,0,0
299,299,0,0,0,0,00,0,0,0,1,0,0,1,0,0,0,0,00000,0,0,0,1,0,0,00029,0,1,0,0,0
300,300,0,0,0,0,00,0,0,0,1,0,0,1,0,0,0,0,00000,0,0,0,1,0,0,0002a,0,1,0,0,0
301,301,0,0,0,0,00,0,0,0,1,0,0,1,0,0,0,0,00000,0,0,0,1,0,0,0002b,0,1,0,0,0
302,302,0,0,0,0,00,0,0,0,1,0,0,1,0,0,0,0,00000,0,0,0,1,0,0,0002c,0,1,0,0,0
303,303,0,0,0,0,00,0,0,0,1,0,0,1,0,0,0,0,00000,0,0,0,1,0,0,0002d,0,1,0,0,0
304,304,0,0,0,0,00,0,0,0,1,0,0,1,0,0,0,0,00000,0,0,0,1,0,0,0002e,0,1,0,0,0
305,305,0,0,0,0,00,0,0,0,1,0,0,1,0,0,0,0,00000,0,0,0,1,0,0,0002f,0,1,0,0,0
306,306,0,0,0,0,00,0,0,0,1,0,0,1,0,0,0,0,00000,0,0,0,1,0,0,00030,0,1,0,0,0
307,307,0,0,0,0,00,0,0,0,1,0,0,1,0,0,0,0,00000,0,0,0,1,0,0,00031,0,1,0,0,0
308,308,0,0,0,0,00,0,0,0,1,0,0,1,0,0,0,0,00000,0,0,0,1,0,0,00032,0,1,0,0,0
309,309,0,0,0,0,00,0,0,0,1,0,0,1,0,0,0,0,00000,0,0,0,1,0,0,00033,0,1,0,0,0
310,310,0,0,0,0,00,0,0,0,1,0,0,1,0,0,0,0,00000,0,0,0,1,0,0,00034,0,1,0,0,0
311,311,0,0,0,0,00,0,0,0,1,0,0,1,0,0,0,0,00000,0,0,0,1,0,0,00035,0,1,0,0,0
312,312,0,0,0,0,00,0,0,0,1,0,0,1,0,0,0,0,00000,0,0,0,1,0,0,00036,0,1,0,0,0
313,313,0,0,0,0,00,0,0,0,1,0,0,1,0,0,0,0,00000,0,0,0,1,0,0,00037,0,1,0,0,0
314,314,0,0,0,0,00,0,0,0,1,0,0,1,0,0,0,0,00000,0,0,0,1,0,0,00038,0,1,0,0,0
315,315,0,0,0,0,00,0,0,0,1,0,0,1,0,0,0,0,00000,0,0,0,1,0,0,00039,0,1,0,0,0
316,316,0,0,0,0,00,0,0,0,1,0,0,1,0,0,0,0,00000,0,0,0,1,0,0,0003a,0,1,0,0,0
317,317,0,0,0,0,00,0,0,0,1,0,0,1,0,0,0,0,00000,0,0,0,1,0,0,0003b,0,1,0,0,0
318,318,0,0,0,0,00,0,0,0,1,0,0,1,0,0,0,0,00000,0,0,0,1,0,0,0003c,0,1,0,0,0
319,319,0,0,0,0,00,0,0,0,1,0,0,1,0,0,0,0,00000,0,0,0,1,0,0,0003d,0,1,0,0,0
320,320,0,0,0,0,00,0,0,0,1,0,0,1,0,0,0,0,00000,0,0,0,1,0,0,0003e,0,1,0,0,0
321,321,0,0,0,0,00,0,0,0,1,0,0,1,0,0,0,0,00000,0,0,0,1,0,0,0003f,0,1,0,0,0
322,322,0,0,0,0,00,0,0,0,1,0,0,1,0,0,0,0,00000,0,0,0,1,0,0,00040,0,1,0,0,0
323,323,0,0,0,0,00,0,0,0,1,0,0,1,0,0,0,0,00000,0,0,0,1,0,0,00041,0,1,0,0,0
324,324,0,0,0,0,00,0,0,0,1,0,0,1,0,0,0,0,00000,0,0,0,1,0,0,00042,0,1,0,0,0
325,325,0,0,0,0,00,0,0,0,1,0,0,1,0,0,0,0,00000,0,0,0,1,0,0,00043,0,1,0,0,0
326,326,0,0,0,0,00,0,0,0,1,0,0,1,0,0,0,0,00000,0,0,0,1,0,0,00044,0,1,0,0,0
327,327,0,0,0,0,00,0,0,0,1,0,0,1,0,0,0,0,00000,0,0,0,1,0,0,00045,0,1,0,0,0
328,328,0,0,0,0,00,0,0,0,1,0,0,1,0,0,0,0,00000,0,0,0,1,0,0,00046,0,1,0,0,0
329,329,0,0,0,0,00,0,0,0,1,0,0,1,0,0,0,0,00000,0,0,0,1,0,0,00047,0,1,0,0,0
330,330,0,0,0,0,00,0,0,0,1,0,0,1,0,0,0,0,00000,0,0,0,1,0,0,00048,0,1,0,0,0
331,331,0,0,0,0,00,0,0,0,1,0,0,1,0,0,0,0,00000,0,0,0,1,0,0,00049,0,1,0,0,0
332,332,0,0,0,0,00,0,0,0,1,0,0,1,0,0,0,0,00000,0,0,0,1,0,0,0004a,0,1,0,0,0
333,333,0,0,0,0,00,0,0,0,1,0,0,1,0,0,0,0,00000,0,0,0,1,0,0,0004b,0,1,0,0,0
334,334,0,0,0,0,00,0,0,0,1,0,0,1,0,0,0,0,00000,0,0,0,1,0,0,0004c,0,1,0,0,0
335,335,0,0,0,0,00,0,0,0,1,0,0,1,0,0,0,0,00000,0,0,0,1,0,0,0004d,0,1,0,0,0
336,336,0,0,0,0,00,0,0,0,1,0,0,1,0,0,0,0,00000,0,0,0,1,0,0,0004e,0,1,0,0,0
337,337,0,0,0,0,00,0,0,0,1,0,0,1,0,0,0,0,00000,0,0,0,1,0,0,0004f,0,1,0,0,0
338,338,0,0,0,0,00,0,0,0,1,0,0,1,0,0,0,0,00000,0,0,0,1,0,0,00050,0,1,0,0,0
339,339,0,0,0,0,00,0,0,0,1,0,0,1,0,0,0,0,00000,0,0,0,1,0,0,00051,0,1,0,0,0
340,340,0,0,0,0,00,0,0,0,1,0,0,1,0,0,0,0,00000,0,0,0,1,0,0,00052,0,1,0,0,0
341,341,0,0,0,0,00,0,0,0,1,0,0,1,0,0,0,0,00000,0,0,0,1,0,0,00053,0,1,0,0,0
342,342,0,0,0,0,00,0,0,0,1,0,0,1,0,0,0,0,00000,0,0,0,1,0,0,00054,0,1,0,0,0
343,343,0,0,0,0,00,0,0,0,1,0,0,1,0,0,0,0,00000,0,0,0,1,0,0,00055,0,1,0,0,0
344,344,0,0,0,0,00,0,0,0,1,0,0,1,0,0,0,0,00000,0,0,0,1,0,0,00056,0,1,0,0,0
345,345,0,0,0,0,00,0,0,0,1,0,0,1,0,0,0,0,00000,0,0,0,1,0,0,00057,0,1,0,0,0
346,346,0,0,0,0,00,0,0,0,1,0,0,1,0,0,0,0,00000,0,0,0,1,0,0,00058,0,1,0,0,0
347,347,0,0,0,0,00,0,0,0,1,0,0,1,0,0,0,0,00000,0,0,0,1,0,0,00059,0,1,0,0,0
348,348,0,0,0,0,00,0,0,0,1,0,0,1,0,0,0,0,00000,0,0,0,1,0,0,0005a,0,1,0,0,0
349,349,0,0,0,0,00,0,0,0,1,0,0,1,0,0,0,0,00000,0,0,0,1,0,0,0005b,0,1,0,0,0
350,350,0,0,0,0,00,0,0,0,1,0,0,1,0,0,0,0,00000,0,0,0,1,0,0,0005c,0,1,0,0,0
351,351,0,0,0,0,00,0,0,0,1,0,0,1,0,0,0,0,00000,0,0,0,1,0,0,0005d,0,1,0,0,0
352,352,0,0,0,0,00,0,0,0,1,0,0,1,0,0,0,0,00000,0,0,0,1,0,0,0005e,0,1,0,0,0
353,353,0,0,0,0,00,0,0,0,1,0,0,1,0,0,0,0,00000,0,0,0,1,0,0,0005f,0,1,0,0,0
354,354,0,0,0,0,00,0,0,0,1,0,0,1,0,0,0,0,00000,0,0,0,1,0,0,00060,0,1,0,0,0
355,355,0,0,0,0,00,0,0,0,1,0,0,1,0,0,0,0,00000,0,0,0,1,0,0,00061,0,1,0,0,0
356,356,0,0,0,0,00,0,0,0,1,0,0,1,0,0,0,0,00000,0,0,0,1,0,0,00062,0,1,0,0,0
357,357,0,0,0,0,00,0,0,0,1,0,0,1,0,0,0,0,00000,0,0,0,1,0,0,00063,0,1,0,0,0
358,358,0,0,0,0,00,0,0,0,1,0,0,1,0,0,0,0,00000,0,0,0,1,0,0,00064,0,1,0,0,0
359,359,0,0,0,0,00,0,0,0,1,0,0,1,0,0,0,0,00000,0,0,0,1,0,0,00065,0,1,0,0,0
360,360,0,0,0,0,00,0,0,0,1,0,0,1,0,0,0,0,00000,0,0,0,1,0,0,00066,0,1,0,0,0
361,361,0,0,0,0,00,0,0,0,1,0,0,1,0,0,0,0,00000,0,0,0,1,0,0,00067,0,1,0,0,0
362,362,0,0,0,0,00,0,0,0,1,0,0,1,0,0,0,0,00000,0,0,0,1,0,0,00068,0,1,0,0,0
363,363,0,0,0,0,00,0,0,0,1,0,0,1,0,0,0,0,00000,0,0,0,1,0,0,00069,0,1,0,0,0
364,364,0,0,0,0,00,0,0,0,1,0,0,1,0,0,0,0,00000,0,0,0,1,0,0,0006a,0,1,0,0,0
365,365,0,0,0,0,00,0,0,0,1,0,0,1,0,0,0,0,00000,0,0,0,1,0,0,0006b,0,1,0,0,0
366,366,0,0,0,0,00,0,0,0,1,0,0,1,0,0,0,0,00000,0,0,0,1,0,0,0006c,0,1,0,0,0
367,367,0,0,0,0,00,0,0,0,1,0,0,1,0,0,0,0,00000,0,0,0,1,0,0,0006d,0,1,0,0,0
368,368,0,0,0,0,00,0,0,0,1,0,0,1,0,0,0,0,00000,0,0,0,1,0,0,0006e,0,1,0,0,0
369,369,0,0,0,0,00,0,0,0,1,0,0,1,0,0,0,0,00000,0,0,0,1,0,0,0006f,0,1,0,0,0
370,370,0,0,0,0,00,0,0,0,1,0,0,1,0,0,0,0,00000,0,0,0,1,0,0,00070,0,1,0,0,0
371,371,0,0,0,0,00,0,0,0,1,0,0,1,0,0,0,0,00000,0,0,0,1,0,0,00071,0,1,0,0,0
372,372,0,0,0,0,00,0,0,0,1,0,0,1,0,0,0,0,00000,0,0,0,1,0,0,00072,0,1,0,0,0
373,373,0,0,0,0,00,0,0,0,1,0,0,1,0,0,0,0,00000,0,0,0,1,0,0,00073,0,1,0,0,0
374,374,0,0,0,0,00,0,0,0,1,0,0,1,0,0,0,0,00000,0,0,0,1,0,0,00074,0,1,0,0,0
375,375,0,0,0,0,00,0,0,0,1,0,0,1,0,0,0,0,00000,0,0,0,1,0,0,00075,0,1,0,0,0
376,376,0,0,0,0,00,0,0,0,1,0,0,1,0,0,0,0,00000,0,0,0,1,0,0,00076,0,1,0,0,0
377,377,0,0,0,0,00,0,0,0,1,0,0,1,0,0,0,0,00000,0,0,0,1,0,0,00077,0,1,0,0,0
378,378,0,0,0,0,00,0,0,0,1,0,0,1,0,0,0,0,00000,0,0,0,1,0,0,00078,0,1,0,0,0
379,379,0,0,0,0,00,0,0,0,1,0,0,1,0,0,0,0,00000,0,0,0,1,0,0,00079,0,1,0,0,0
380,380,0,0,0,0,00,0,0,0,1,0,0,1,0,0,0,0,00000,0,0,0,1,0,0,0007a,0,1,0,0,0
381,381,0,0,0,0,00,0,0,0,1,0,0,1,0,0,0,0,00000,0,0,0,1,0,0,0007b,0,1,0,0,0
382,382,0,0,0,0,00,0,0,0,1,0,0,1,0,0,0,0,00000,0,0,0,1,0,0,0007c,0,1,0,0,0
383,383,0,0,0,0,00,0,0,0,1,0,0,1,0,0,0,0,00000,0,0,0,1,0,0,0007d,0,1,0,0,0
384,384,0,0,0,0,00,0,0,0,1,0,0,1,0,0,0,0,00000,0,0,0,1,0,0,0007e,0,1,0,0,0
385,385,0,0,0,0,00,0,0,0,1,0,0,1,0,0,0,0,00000,0,0,0,1,0,0,0007f,0,1,0,0,0
386,386,0,0,0,0,00,0,0,0,1,0,0,1,0,0,0,0,00000,0,0,0,1,0,0,00080,0,1,0,0,0
387,387,0,0,0,0,00,0,0,0,1,0,0,1,0,0,0,0,00000,0,0,0,1,0,0,00081,0,1,0,0,0
388,388,0,0,0,0,00,0,0,0,1,0,0,1,0,0,0,0,00000,0,0,0,1,0,0,00082,0,1,0,0,0
389,389,0,0,0,0,00,0,0,0,1,0,0,1,0,0,0,0,00000,0,0,0,1,0,0,00083,0,1,0,0,0
390,390,0,0,0,0,00,0,0,0,1,0,0,1,0,0,0,0,00000,0,0,0,1,0,0,00084,0,1,0,0,0
391,391,0,0,0,0,00,0,0,0,1,0,0,1,0,0,0,0,00000,0,0,0,1,0,0,00085,0,1,0,0,0
392,392,0,0,0,0,00,0,0,0,1,0,0,1,0,0,0,0,00000,0,0,0,1,0,0,00086,0,1,0,0,0
393,393,0,0,0,0,00,0,0,0,1,0,0,1,0,0,0,0,00000,0,0,0,1,0,0,00087,0,1,0,0,0
394,394,0,0,0,0,00,0,0,0,1,0,0,1,0,0,0,0,00000,0,0,0,1,0,0,00088,0,1,0,0,0
395,395,0,0,0,0,00,0,0,0,1,0,0,1,0,0,0,0,00000,0,0,0,1,0,0,00089,0,1,0,0,0
396,396,0,0,0,0,00,0,0,0,1,0,0,1,0,0,0,0,00000,0,0,0,1,0,0,0008a,0,1,0,0,0
397,397,0,0,0,0,00,0,0,0,1,0,0,1,0,0,0,0,00000,0,0,0,1,0,0,0008b,0,1,0,0,0
398,398,0,0,0,0,00,0,0,0,1,0,0,1,0,0,0,0,00000,0,0,0,1,0,0,0008c,0,1,0,0,0
399,399,0,0,0,0,00,0,0,0,1,0,0,1,0,0,0,0,00000,0,0,0,1,0,0,0008d,0,1,0,0,0
400,400,0,0,0,0,00,0,0,0,1,0,0,1,0,0,0,0,00000,0,0,0,1,0,0,0008e,0,1,0,0,0
401,401,0,0,0,0,00,0,0,0,1,0,0,1,0,0,0,0,00000,0,0,0,1,0,0,0008f,0,1,0,0,0
402,402,0,0,0,0,00,0,0,0,1,0,0,1,0,0,0,0,00000,0,0,0,1,0,0,00090,0,1,0,0,0
403,403,0,0,0,0,00,0,0,0,1,0,0,1,0,0,0,0,00000,0,0,0,1,0,0,00091,0,1,0,0,0
404,404,0,0,0,0,00,0,0,0,1,0,0,1,0,0,0,0,00000,0,0,0,1,0,0,00092,0,1,0,0,0
405,405,0,0,0,0,00,0,0,0,1,0,0,1,0,0,0,0,00000,0,0,0,1,0,0,00093,0,1,0,0,0
406,406,0,0,0,0,00,0,0,0,1,0,0,1,0,0,0,0,00000,0,0,0,1,0,0,00094,0,1,0,0,0
407,407,0,0,0,0,00,0,0,0,1,0,0,1,0,0,0,0,00000,0,0,0,1,0,0,00095,0,1,0,0,0
408,408,0,0,0,0,00,0,0,0,1,0,0,1,0,0,0,0,00000,0,0,0,1,0,0,00096,0,1,0,0,0
409,409,0,0,0,0,00,0,0,0,1,0,0,1,0,0,0,0,00000,0,0,0,1,0,0,00097,0,1,0,0,0
410,410,0,0,0,0,00,0,0,0,1,0,0,1,0,0,0,0,00000,0,0,0,1,0,0,00098,0,1,0,0,0
411,411,0,0,0,0,00,0,0,0,1,0,0,1,0,0,0,0,00000,0,0,0,1,0,0,00099,0,1,0,0,0
412,412,0,0,0,0,00,0,0,0,1,0,0,1,0,0,0,0,00000,0,0,0,1,0,0,0009a,0,1,0,0,0
413,413,0,0,0,0,00,0,0,0,1,0,0,1,0,0,0,0,00000,0,0,0,1,0,0,0009b,0,1,0,0,0
414,414,0,0,0,0,00,0,0,0,1,0,0,1,0,0,0,0,00000,0,0,0,1,0,0,0009c,0,1,0,0,0
415,415,0,0,0,0,00,0,0,0,1,0,0,1,0,0,0,0,00000,0,0,0,1,0,0,0009d,0,1,0,0,0
416,416,0,0,0,0,00,0,0,0,1,0,0,1,0,0,0,0,00000,0,0,0,1,0,0,0009e,0,1,0,0,0
417,417,0,0,0,0,00,0,0,0,1,0,0,1,0,0,0,0,00000,0,0,0,1,0,0,0009f,0,1,0,0,0
418,418,0,0,0,0,00,0,0,0,1,0,0,1,0,0,0,0,00000,0,0,0,1,0,0,000a0,0,1,0,0,0
419,419,0,0,0,0,00,0,0,0,1,0,0,1,0,0,0,0,00000,0,0,0,1,0,0,000a1,0,1,0,0,0
420,420,0,0,0,0,00,0,0,0,1,0,0,1,0,0,0,0,00000,0,0,0,1,0,0,000a2,0,1,0,0,0
421,421,0,0,0,0,00,0,0,0,1,0,0,1,0,0,0,0,00000,0,0,0,1,0,0,000a3,0,1,0,0,0
422,422,0,0,0,0,00,0,0,0,1,0,0,1,0,0,0,0,00000,0,0,0,1,0,0,000a4,0,1,0,0,0
423,423,0,0,0,0,00,0,0,0,1,0,0,1,0,0,0,0,00000,0,0,0,1,0,0,000a5,0,1,0,0,0
424,424,0,0,0,0,00,0,0,0,1,0,0,1,0,0,0,0,00000,0,0,0,1,0,0,000a6,0,1,0,0,0
425,425,0,0,0,0,00,0,0,0,1,0,0,1,0,0,0,0,00000,0,0,0,1,0,0,000a7,0,1,0,0,0
426,426,0,0,0,0,00,0,0,0,1,0,0,1,0,0,0,0,00000,0,0,0,1,0,0,000a8,0,1,0,0,0
427,427,0,0,0,0,00,0,0,0,1,0,0,1,0,0,0,0,00000,0,0,0,1,0,0,000a9,0,1,0,0,0
428,428,0,0,0,0,00,0,0,0,1,0,0,1,0,0,0,0,00000,0,0,0,1,0,0,000aa,0,1,0,0,0
429,429,0,0,0,0,00,0,0,0,1,0,0,1,0,0,0,0,00000,0,0,0,1,0,0,000ab,0,1,0,0,0
430,430,0,0,0,0,00,0,0,0,1,0,0,1,0,0,0,0,00000,0,0,0,1,0,0,000ac,0,1,0,0,0
431,431,0,0,0,0,00,0,0,0,1,0,0,1,0,0,0,0,00000,0,0,0,1,0,0,000ad,0,1,0,0,0
432,432,0,0,0,0,00,0,0,0,1,0,0,1,0,0,0,0,00000,0,0,0,1,0,0,000ae,0,1,0,0,0
433,433,0,0,0,0,00,0,0,0,1,0,0,1,0,0,0,0,00000,0,0,0,1,0,0,000af,0,1,0,0,0
434,434,0,0,0,0,00,0,0,0,1,0,0,1,0,0,0,0,00000,0,0,0,1,0,0,000b0,0,1,0,0,0
435,435,0,0,0,0,00,0,0,0,1,0,0,1,0,0,0,0,00000,0,0,0,1,0,0,000b1,0,1,0,0,0
436,436,0,0,0,0,00,0,0,0,1,0,0,1,0,0,0,0,00000,0,0,0,1,0,0,000b2,0,1,0,0,0
437,437,0,0,0,0,00,0,0,0,1,0,0,1,0,0,0,0,00000,0,0,0,1,0,0,000b3,0,1,0,0,0
438,438,0,0,0,0,00,0,0,0,1,0,0,1,0,0,0,0,00000,0,0,0,1,0,0,000b4,0,1,0,0,0
439,439,0,0,0,0,00,0,0,0,1,0,0,1,0,0,0,0,00000,0,0,0,1,0,0,000b5,0,1,0,0,0
440,440,0,0,0,0,00,0,0,0,1,0,0,1,0,0,0,0,00000,0,0,0,1,0,0,000b6,0,1,0,0,0
441,441,0,0,0,0,00,0,0,0,1,0,0,1,0,0,0,0,00000,0,0,0,1,0,0,000b7,0,1,0,0,0
442,442,0,0,0,0,00,0,0,0,1,0,0,1,0,0,0,0,00000,0,0,0,1,0,0,000b8,0,1,0,0,0
443,443,0,0,0,0,00,0,0,0,1,0,0,1,0,0,0,0,00000,0,0,0,1,0,0,000b9,0,1,0,0,0
444,444,0,0,0,0,00,0,0,0,1,0,0,1,0,0,0,0,00000,0,0,0,1,0,0,000ba,0,1,0,0,0
445,445,0,0,0,0,00,0,0,0,1,0,0,1,0,0,0,0,00000,0,0,0,1,0,0,000bb,0,1,0,0,0
446,446,0,0,0,0,00,0,0,0,1,0,0,1,0,0,0,0,00000,0,0,0,1,0,0,000bc,0,1,0,0,0
447,447,0,0,0,0,00,0,0,0,1,0,0,1,0,0,0,0,00000,0,0,0,1,0,0,000bd,0,1,0,0,0
448,448,0,0,0,0,00,0,0,0,1,0,0,1,0,0,0,0,00000,0,0,0,1,0,0,000be,0,1,0,0,0
449,449,0,0,0,0,00,0,0,0,1,0,0,1,0,0,0,0,00000,0,0,0,1,0,0,000bf,0,1,0,0,0
450,450,0,0,0,0,00,0,0,0,1,0,0,1,0,0,0,0,00000,0,0,0,1,0,0,000c0,0,1,0,0,0
451,451,0,0,0,0,00,0,0,0,1,0,0,1,0,0,0,0,00000,0,0,0,1,0,0,000c1,0,1,0,0,0
452,452,0,0,0,0,00,0,0,0,1,0,0,1,0,0,0,0,00000,0,0,0,1,0,0,000c2,0,1,0,0,0
453,453,0,0,0,0,00,0,0,0,1,0,0,1,0,0,0,0,00000,0,0,0,1,0,0,000c3,0,1,0,0,0
454,454,0,0,0,0,00,0,0,0,1,0,0,1,0,0,0,0,00000,0,0,0,1,0,0,000c4,0,1,0,0,0
455,455,0,0,0,0,00,0,0,0,1,0,0,1,0,0,0,0,00000,0,0,0,1,0,0,000c5,0,1,0,0,0
456,456,0,0,0,0,00,0,0,0,1,0,0,1,0,0,0,0,00000,0,0,0,1,0,0,000c6,0,1,0,0,0
457,457,0,0,0,0,00,0,0,0,1,0,0,1,0,0,0,0,00000,0,0,0,1,0,0,000c7,0,1,0,0,0
458,458,0,0,0,0,00,0,0,0,1,0,0,1,0,0,0,0,00000,0,0,0,1,0,0,000c8,0,1,0,0,0
459,459,0,0,0,0,00,0,0,0,1,0,0,1,0,0,0,0,00000,0,0,0,1,0,0,000c9,0,1,0,0,0
460,460,0,0,0,0,00,0,0,0,1,0,0,1,0,0,0,0,00000,0,0,0,1,0,0,000ca,0,1,0,0,0
461,461,0,0,0,0,00,0,0,0,1,0,0,1,0,0,0,0,00000,0,0,0,1,0,0,000cb,0,1,0,0,0
462,462,0,0,0,0,00,0,0,0,1,0,0,1,0,0,0,0,00000,0,0,0,1,0,0,000cc,0,1,0,0,0
463,463,0,0,0,0,00,0,0,0,1,0,0,1,0,0,0,0,00000,0,0,0,1,0,0,000cd,0,1,0,0,0
464,464,0,0,0,0,00,0,0,0,1,0,0,1,0,0,0,0,00000,0,0,0,1,0,0,000ce,0,1,0,0,0
465,465,0,0,0,0,00,0,0,0,1,0,0,1,0,0,0,0,00000,0,0,0,1,0,0,000cf,0,1,0,0,0
466,466,0,0,0,0,00,0,0,0,1,0,0,1,0,0,0,0,00000,0,0,0,1,0,0,000d0,0,1,0,0,0
467,467,0,0,0,0,00,0,0,0,1,0,0,1,0,0,0,0,00000,0,0,0,1,0,0,000d1,0,1,0,0,0
468,468,0,0,0,0,00,0,0,0,1,0,0,1,0,0,0,0,00000,0,0,0,1,0,0,000d2,0,1,0,0,0
469,469,0,0,0,0,00,0,0,0,1,0,0,1,0,0,0,0,00000,0,0,0,1,0,0,000d3,0,1,0,0,0
470,470,0,0,0,0,00,0,0,0,1,0,0,1,0,0,0,0,00000,0,0,0,1,0,0,000d4,0,1,0,0,0
471,471,0,0,0,0,00,0,0,0,1,0,0,1,0,0,0,0,00000,0,0,0,1,0,0,000d5,0,1,0,0,0
472,472,0,0,0,0,00,0,0,0,1,0,0,1,0,0,0,0,00000,0,0,0,1,0,0,000d6,0,1,0,0,0
473,473,0,0,0,0,00,0,0,0,1,0,0,1,0,0,0,0,00000,0,0,0,1,0,0,000d7,0,1,0,0,0
474,474,0,0,0,0,00,0,0,0,1,0,0,1,0,0,0,0,00000,0,0,0,1,0,0,000d8,0,1,0,0,0
475,475,0,0,0,0,00,0,0,0,1,0,0,1,0,0,0,0,00000,0,0,0,1,0,0,000d9,0,1,0,0,0
476,476,0,0,0,0,00,0,0,0,1,0,0,1,0,0,0,0,00000,0,0,0,1,0,0,000da,0,1,0,0,0
477,477,0,0,0,0,00,0,0,0,1,0,0,1,0,0,0,0,00000,0,0,0,1,0,0,000db,0,1,0,0,0
478,478,0,0,0,0,00,0,0,0,1,0,0,1,0,0,0,0,00000,0,0,0,1,0,0,000dc,0,1,0,0,0
479,479,0,0,0,0,00,0,0,0,1,0,0,1,0,0,0,0,00000,0,0,0,1,0,0,000dd,0,1,0,0,0
480,480,0,0,0,0,00,0,0,0,1,0,0,1,0,0,0,0,00000,0,0,0,1,0,0,000de,0,1,0,0,0
481,481,0,0,0,0,00,0,0,0,1,0,0,1,0,0,0,0,00000,0,0,0,1,0,0,000df,0,1,0,0,0
482,482,0,0,0,0,00,0,0,0,1,0,0,1,0,0,0,0,00000,0,0,0,1,0,0,000e0,0,1,0,0,0
483,483,0,0,0,0,00,0,0,0,1,0,0,1,0,0,0,0,00000,0,0,0,1,0,0,000e1,0,1,0,0,0
484,484,0,0,0,0,00,0,0,0,1,0,0,1,0,0,0,0,00000,0,0,0,1,0,0,000e2,0,1,0,0,0
485,485,0,0,0,0,00,0,0,0,1,0,0,1,0,0,0,0,00000,0,0,0,1,0,0,000e3,0,1,0,0,0
486,486,0,0,0,0,00,0,0,0,1,0,0,1,0,0,0,0,00000,0,0,0,1,0,0,000e4,0,1,0,0,0
487,487,0,0,0,0,00,0,0,0,1,0,0,1,0,0,0,0,00000,0,0,0,1,0,0,000e5,0,1,0,0,0
488,488,0,0,0,0,00,0,0,0,1,0,0,1,0,0,0,0,00000,0,0,0,1,0,0,000e6,0,1,0,0,0
489,489,0,0,0,0,00,0,0,0,1,0,0,1,0,0,0,0,00000,0,0,0,1,0,0,000e7,0,1,0,0,0
490,490,0,0,0,0,00,0,0,0,1,0,0,1,0,0,0,0,00000,0,0,0,1,0,0,000e8,0,1,0,0,0
491,491,0,0,0,0,00,0,0,0,1,0,0,1,0,0,0,0,00000,0,0,0,1,0,0,000e9,0,1,0,0,0
492,492,0,0,0,0,00,0,0,0,1,0,0,1,0,0,0,0,00000,0,0,0,1,0,0,000ea,0,1,0,0,0
493,493,0,0,0,0,00,0,0,0,1,0,0,1,0,0,0,0,00000,0,0,0,1,0,0,000eb,0,1,0,0,0
494,494,0,0,0,0,00,0,0,0,1,0,0,1,0,0,0,0,00000,0,0,0,1,0,0,000ec,0,1,0,0,0
495,495,0,0,0,0,00,0,0,0,1,0,0,1,0,0,0,0,00000,0,0,0,1,0,0,000ed,0,1,0,0,0
496,496,0,0,0,0,00,0,0,0,1,0,0,1,0,0,0,0,00000,0,0,0,1,0,0,000ee,0,1,0,0,0
497,497,0,0,0,0,00,0,0,0,1,0,0,1,0,0,0,0,00000,0,0,0,1,0,0,000ef,0,1,0,0,0
498,498,0,0,0,0,00,0,0,0,1,0,0,1,0,0,0,0,00000,0,0,0,1,0,0,000f0,0,1,0,0,0
499,499,0,0,0,0,00,0,0,0,1,0,0,1,0,0,0,0,00000,0,0,0,1,0,0,000f1,0,1,0,0,0
500,500,0,0,0,0,00,0,0,0,1,0,0,1,0,0,0,0,00000,0,0,0,1,0,0,000f2,0,1,0,0,0
501,501,0,0,0,0,00,0,0,0,1,0,0,1,0,0,0,0,00000,0,0,0,1,0,0,000f3,0,1,0,0,0
502,502,0,0,0,0,00,0,0,0,1,0,0,1,0,0,0,0,00000,0,0,0,1,0,0,000f4,0,1,0,0,0
503,503,0,0,0,0,00,0,0,0,1,0,0,1,0,0,0,0,00000,0,0,0,1,0,0,000f5,0,1,0,0,0
504,504,0,0,0,0,00,0,0,0,1,0,0,1,0,0,0,0,00000,0,0,0,1,0,0,000f6,0,1,0,0,0
505,505,0,0,0,0,00,0,0,0,1,0,0,1,0,0,0,0,00000,0,0,0,1,0,0,000f7,0,1,0,0,0
506,506,0,0,0,0,00,0,0,0,1,0,0,1,0,0,0,0,00000,0,0,0,1,0,0,000f8,0,1,0,0,0
507,507,0,0,0,0,00,0,0,0,1,0,0,1,0,0,0,0,00000,0,0,0,1,0,0,000f9,0,1,0,0,0
508,508,0,0,0,0,00,0,0,0,1,0,0,1,0,0,0,0,00000,0,0,0,1,0,0,000fa,0,1,0,0,0
509,509,0,0,0,0,00,0,0,0,1,0,0,1,0,0,0,0,00000,0,0,0,1,0,0,000fb,0,1,0,0,0
510,510,0,0,0,0,00,0,0,0,1,0,0,1,0,0,0,0,00000,0,0,0,1,0,0,000fc,0,1,0,0,0
511,511,0,0,0,0,00,0,0,0,1,0,0,1,0,0,0,0,00000,0,0,0,1,0,0,000fd,0,1,0,0,0
512,512,0,0,0,0,00,0,0,0,1,0,0,1,0,0,0,0,00000,0,0,0,1,0,0,000fe,0,1,0,0,0
513,513,0,0,0,0,00,0,0,0,1,0,0,1,0,0,0,0,00000,0,0,0,1,0,0,000ff,0,1,0,0,0
514,514,0,0,0,0,00,0,0,0,1,0,0,1,0,0,0,0,00000,0,0,0,1,0,0,00100,0,1,0,0,0
515,515,0,0,0,0,00,0,0,0,1,0,0,1,0,0,0,0,00000,0,0,0,1,0,0,00101,0,1,0,0,0
516,516,0,0,0,0,00,0,0,0,1,0,0,1,0,0,0,0,00000,0,0,0,1,0,0,00102,0,1,0,0,0
517,517,0,0,0,0,00,0,0,0,1,0,0,1,0,0,0,0,00000,0,0,0,1,0,0,00103,0,1,0,0,0
518,518,0,0,0,0,00,0,0,0,1,0,0,1,0,0,0,0,00000,0,0,0,1,0,0,00104,0,1,0,0,0
519,519,0,0,0,0,00,0,0,0,1,0,0,1,0,0,0,0,00000,0,0,0,1,0,0,00105,0,1,0,0,0
520,520,0,0,0,0,00,0,0,0,1,0,0,1,0,0,0,0,00000,0,0,0,1,0,0,00106,0,1,0,0,0
521,521,0,0,0,0,00,0,0,0,1,0,0,1,0,0,0,0,00000,0,0,0,1,0,0,00107,0,1,0,0,0
522,522,0,0,0,0,00,0,0,0,1,0,0,1,0,0,0,0,00000,0,0,0,1,0,0,00108,0,1,0,0,0
523,523,0,0,0,0,00,0,0,0,1,0,0,1,0,0,0,0,00000,0,0,0,1,0,0,00109,0,1,0,0,0
524,524,0,0,0,0,00,0,0,0,1,0,0,1,0,0,0,0,00000,0,0,0,1,0,0,0010a,0,1,0,0,0
525,525,0,0,0,0,00,0,0,0,1,0,0,1,0,0,0,0,00000,0,0,0,1,0,0,0010b,0,1,0,0,0
526,526,0,0,0,0,00,0,0,0,1,0,0,1,0,0,0,0,00000,0,0,0,1,0,0,0010c,0,1,0,0,0
527,527,0,0,0,0,00,0,0,0,1,0,0,1,0,0,0,0,00000,0,0,0,1,0,0,0010d,0,1,0,0,0
528,528,0,0,0,0,00,0,0,0,1,0,0,1,0,0,0,0,00000,0,0,0,1,0,0,0010e,0,1,0,0,0
529,529,0,0,0,0,00,0,0,0,1,0,0,1,0,0,0,0,00000,0,0,0,1,0,0,0010f,0,1,0,0,0
530,530,0,0,0,0,00,0,0,0,1,0,0,1,0,0,0,0,00000,0,0,0,1,0,0,00110,0,1,0,0,0
531,531,0,0,0,0,00,0,0,0,1,0,0,1,0,0,0,0,00000,0,0,0,1,0,0,00111,0,1,0,0,0
532,532,0,0,0,0,00,0,0,0,1,0,0,1,0,0,0,0,00000,0,0,0,1,0,0,00112,0,1,0,0,0
533,533,0,0,0,0,00,0,0,0,1,0,0,1,0,0,0,0,00000,0,0,0,1,0,0,00113,0,1,0,0,0
534,534,0,0,0,0,00,0,0,0,1,0,0,1,0,0,0,0,00000,0,0,0,1,0,0,00114,0,1,0,0,0
535,535,0,0,0,0,00,0,0,0,1,0,0,1,0,0,0,0,00000,0,0,0,1,0,0,00115,0,1,0,0,0
536,536,0,0,0,0,00,0,0,0,1,0,0,1,0,0,0,0,00000,0,0,0,1,0,0,00116,0,1,0,0,0
537,537,0,0,0,0,00,0,0,0,1,0,0,1,0,0,0,0,00000,0,0,0,1,0,0,00117,0,1,0,0,0
538,538,0,0,0,0,00,0,0,0,1,0,0,1,0,0,0,0,00000,0,0,0,1,0,0,00118,0,1,0,0,0
539,539,0,0,0,0,00,0,0,0,1,0,0,1,0,0,0,0,00000,0,0,0,1,0,0,00119,0,1,0,0,0
540,540,0,0,0,0,00,0,0,0,1,0,0,1,0,0,0,0,00000,0,0,0,1,0,0,0011a,0,1,0,0,0
541,541,0,0,0,0,00,0,0,0,1,0,0,1,0,0,0,0,00000,0,0,0,1,0,0,0011b,0,1,0,0,0
542,542,0,0,0,0,00,0,0,0,1,0,0,1,0,0,0,0,00000,0,0,0,1,0,0,0011c,0,1,0,0,0
543,543,0,0,0,0,00,0,0,0,1,0,0,1,0,0,0,0,00000,0,0,0,1,0,0,0011d,0,1,0,0,0
544,544,0,0,0,0,00,0,0,0,1,0,0,1,0,0,0,0,00000,0,0,0,1,0,0,0011e,0,1,0,0,0
545,545,0,0,0,0,00,0,0,0,1,0,0,1,0,0,0,0,00000,0,0,0,1,0,0,0011f,0,1,0,0,0
546,546,0,0,0,0,00,0,0,0,1,0,0,1,0,0,0,0,00000,0,0,0,1,0,0,00120,0,1,0,0,0
547,547,0,0,0,0,00,0,0,0,1,0,0,1,0,0,0,0,00000,0,0,0,1,0,0,00121,0,1,0,0,0
548,548,0,0,0,0,00,0,0,0,1,0,0,1,0,0,0,0,00000,0,0,0,1,0,0,00122,0,1,0,0,0
549,549,0,0,0,0,00,0,0,0,1,0,0,1,0,0,0,0,00000,0,0,0,1,0,0,00123,0,1,0,0,0
550,550,0,0,0,0,00,0,0,0,1,0,0,1,0,0,0,0,00000,0,0,0,1,0,0,00124,0,1,0,0,0
551,551,0,0,0,0,00,0,0,0,1,0,0,1,0,0,0,0,00000,0,0,0,1,0,0,00125,0,1,0,0,0
552,552,0,0,0,0,00,0,0,0,1,0,0,1,0,0,0,0,00000,0,0,0,1,0,0,00126,0,1,0,0,0
553,553,0,0,0,0,00,0,0,0,1,0,0,1,0,0,0,0,00000,0,0,0,1,0,0,00127,0,1,0,0,0
554,554,0,0,0,0,00,0,0,0,1,0,0,1,0,0,0,0,00000,0,0,0,1,0,0,00128,0,1,0,0,0
555,555,0,0,0,0,00,0,0,0,1,0,0,1,0,0,0,0,00000,0,0,0,1,0,0,00129,0,1,0,0,0
556,556,0,0,0,0,00,0,0,0,1,0,0,1,0,0,0,0,00000,0,0,0,1,0,0,0012a,0,1,0,0,0
557,557,0,0,0,0,00,0,0,0,1,0,0,1,0,0,0,0,00000,0,0,0,1,0,0,0012b,0,1,0,0,0
558,558,0,0,0,0,00,0,0,0,1,0,0,1,0,0,0,0,00000,0,0,0,1,0,0,0012c,0,1,0,0,0
559,559,0,0,0,0,00,0,0,0,1,0,0,1,0,0,0,0,00000,0,0,0,1,0,0,0012d,0,1,0,0,0
560,560,0,0,0,0,00,0,0,0,1,0,0,1,0,0,0,0,00000,0,0,0,1,0,0,0012e,0,1,0,0,0
561,561,0,0,0,0,00,0,0,0,1,0,0,1,0,0,0,0,00000,0,0,0,1,0,0,0012f,0,1,0,0,0
562,562,0,0,0,0,00,0,0,0,1,0,0,1,0,0,0,0,00000,0,0,0,1,0,0,00130,0,1,0,0,0
563,563,0,0,0,0,00,0,0,0,1,0,0,1,0,0,0,0,00000,0,0,0,1,0,0,00131,0,1,0,0,0
564,564,0,0,0,0,00,0,0,0,1,0,0,1,0,0,0,0,00000,0,0,0,1,0,0,00132,0,1,0,0,0
565,565,0,0,0,0,00,0,0,0,1,0,0,1,0,0,0,0,00000,0,0,0,1,0,0,00133,0,1,0,0,0
566,566,0,0,0,0,00,0,0,0,1,0,0,1,0,0,0,0,00000,0,0,0,1,0,0,00134,0,1,0,0,0
567,567,0,0,0,0,00,0,0,0,1,0,0,1,0,0,0,0,00000,0,0,0,1,0,0,00135,0,1,0,0,0
568,568,0,0,0,0,00,0,0,0,1,0,0,1,0,0,0,0,00000,0,0,0,1,0,0,00136,0,1,0,0,0
569,569,0,0,0,0,00,0,0,0,1,0,0,1,0,0,0,0,00000,0,0,0,1,0,0,00137,0,1,0,0,0
570,570,0,0,0,0,00,0,0,0,1,0,0,1,0,0,0,0,00000,0,0,0,1,0,0,00138,0,1,0,0,0
571,571,0,0,0,0,00,0,0,0,1,0,0,1,0,0,0,0,00000,0,0,0,1,0,0,00139,0,1,0,0,0
572,572,0,0,0,0,00,0,0,0,1,0,0,1,0,0,0,0,00000,0,0,0,1,0,0,0013a,0,1,0,0,0
573,573,0,0,0,0,00,0,0,0,1,0,0,1,0,0,0,0,00000,0,0,0,1,0,0,0013b,0,1,0,0,0
574,574,0,0,0,0,00,0,0,0,1,0,0,1,0,0,0,0,00000,0,0,0,1,0,0,0013c,0,1,0,0,0
575,575,0,0,0,0,00,0,0,0,1,0,0,1,0,0,0,0,00000,0,0,0,1,0,0,0013d,0,1,0,0,0
576,576,0,0,0,0,00,0,0,0,1,0,0,1,0,0,0,0,00000,0,0,0,1,0,0,0013e,0,1,0,0,0
577,577,0,0,0,0,00,0,0,0,1,0,0,1,0,0,0,0,00000,0,0,0,1,0,0,0013f,0,1,0,0,0
578,578,0,0,0,0,00,0,0,0,1,0,0,1,0,0,0,0,00000,0,0,0,1,0,0,00140,0,1,0,0,0
579,579,0,0,0,0,00,0,0,0,1,0,0,1,0,0,0,0,00000,0,0,0,1,0,0,00141,0,1,0,0,0
580,580,0,0,0,0,00,0,0,0,1,0,0,1,0,0,0,0,00000,0,0,0,1,0,0,00142,0,1,0,0,0
581,581,0,0,0,0,00,0,0,0,1,0,0,1,0,0,0,0,00000,0,0,0,1,0,0,00143,0,1,0,0,0
582,582,0,0,0,0,00,0,0,0,1,0,0,1,0,0,0,0,00000,0,0,0,1,0,0,00144,0,1,0,0,0
583,583,0,0,0,0,00,0,0,0,1,0,0,1,0,0,0,0,00000,0,0,0,1,0,0,00145,0,1,0,0,0
584,584,0,0,0,0,00,0,0,0,1,0,0,1,0,0,0,0,00000,0,0,0,1,0,0,00146,0,1,0,0,0
585,585,0,0,0,0,00,0,0,0,1,0,0,1,0,0,0,0,00000,0,0,0,1,0,0,00147,0,1,0,0,0
586,586,0,0,0,0,00,0,0,0,1,0,0,1,0,0,0,0,00000,0,0,0,1,0,0,00148,0,1,0,0,0
587,587,0,0,0,0,00,0,0,0,1,0,0,1,0,0,0,0,00000,0,0,0,1,0,0,00149,0,1,0,0,0
588,588,0,0,0,0,00,0,0,0,1,0,0,1,0,0,0,0,00000,0,0,0,1,0,0,0014a,0,1,0,0,0
589,589,0,0,0,0,00,0,0,0,1,0,0,1,0,0,0,0,00000,0,0,0,1,0,0,0014b,0,1,0,0,0
590,590,0,0,0,0,00,0,0,0,1,0,0,1,0,0,0,0,00000,0,0,0,1,0,0,0014c,0,1,0,0,0
591,591,0,0,0,0,00,0,0,0,1,0,0,1,0,0,0,0,00000,0,0,0,1,0,0,0014d,0,1,0,0,0
592,592,0,0,0,0,00,0,0,0,1,0,0,1,0,0,0,0,00000,0,0,0,1,0,0,0014e,0,1,0,0,0
593,593,0,0,0,0,00,0,0,0,1,0,0,1,0,0,0,0,00000,0,0,0,1,0,0,0014f,0,1,0,0,0
594,594,0,0,0,0,00,0,0,0,1,0,0,1,0,0,0,0,00000,0,0,0,1,0,0,00150,0,1,0,0,0
595,595,0,0,0,0,00,0,0,0,1,0,0,1,0,0,0,0,00000,0,0,0,1,0,0,00151,0,1,0,0,0
596,596,0,0,0,0,00,0,0,0,1,0,0,1,0,0,0,0,00000,0,0,0,1,0,0,00152,0,1,0,0,0
597,597,0,0,0,0,00,0,0,0,1,0,0,1,0,0,0,0,00000,0,0,0,1,0,0,00153,0,1,0,0,0
598,598,0,0,0,0,00,0,0,0,1,0,0,1,0,0,0,0,00000,0,0,0,1,0,0,00154,0,1,0,0,0
599,599,0,0,0,0,00,0,0,0,1,0,0,1,0,0,0,0,00000,0,0,0,1,0,0,00155,0,1,0,0,0
600,600,0,0,0,0,00,0,0,0,1,0,0,1,0,0,0,0,00000,0,0,0,1,0,0,00156,0,1,0,0,0
601,601,0,0,0,0,00,0,0,0,1,0,0,1,0,0,0,0,00000,0,0,0,1,0,0,00157,0,1,0,0,0
602,602,0,0,0,0,00,0,0,0,1,0,0,1,0,0,0,0,00000,0,0,0,1,0,0,00158,0,1,0,0,0
603,603,0,0,0,0,00,0,0,0,1,0,0,1,0,0,0,0,00000,0,0,0,1,0,0,00159,0,1,0,0,0
604,604,0,0,0,0,00,0,0,0,1,0,0,1,0,0,0,0,00000,0,0,0,1,0,0,0015a,0,1,0,0,0
605,605,0,0,0,0,00,0,0,0,1,0,0,1,0,0,0,0,00000,0,0,0,1,0,0,0015b,0,1,0,0,0
606,606,0,0,0,0,00,0,0,0,1,0,0,1,0,0,0,0,00000,0,0,0,1,0,0,0015c,0,1,0,0,0
607,607,0,0,0,0,00,0,0,0,1,0,0,1,0,0,0,0,00000,0,0,0,1,0,0,0015d,0,1,0,0,0
608,608,0,0,0,0,00,0,0,0,1,0,0,1,0,0,0,0,00000,0,0,0,1,0,0,0015e,0,1,0,0,0
609,609,0,0,0,0,00,0,0,0,1,0,0,1,0,0,0,0,00000,0,0,0,1,0,0,0015f,0,1,0,0,0
610,610,0,0,0,0,00,0,0,0,1,0,0,1,0,0,0,0,00000,0,0,0,1,0,0,00160,0,1,0,0,0
611,611,0,0,0,0,00,0,0,0,1,0,0,1,0,0,0,0,00000,0,0,0,1,0,0,00161,0,1,0,0,0
612,612,0,0,0,0,00,0,0,0,1,0,0,1,0,0,0,0,00000,0,0,0,1,0,0,00162,0,1,0,0,0
613,613,0,0,0,0,00,0,0,0,1,0,0,1,0,0,0,0,00000,0,0,0,1,0,0,00163,0,1,0,0,0
614,614,0,0,0,0,00,0,0,0,1,0,0,1,0,0,0,0,00000,0,0,0,1,0,0,00164,0,1,0,0,0
615,615,0,0,0,0,00,0,0,0,1,0,0,1,0,0,0,0,00000,0,0,0,1,0,0,00165,0,1,0,0,0
616,616,0,0,0,0,00,0,0,0,1,0,0,1,0,0,0,0,00000,0,0,0,1,0,0,00166,0,1,0,0,0
617,617,0,0,0,0,00,0,0,0,1,0,0,1,0,0,0,0,00000,0,0,0,1,0,0,00167,0,1,0,0,0
618,618,0,0,0,0,00,0,0,0,1,0,0,1,0,0,0,0,00000,0,0,0,1,0,0,00168,0,1,0,0,0
619,619,0,0,0,0,00,0,0,0,1,0,0,1,0,0,0,0,00000,0,0,0,1,0,0,00169,0,1,0,0,0
620,620,0,0,0,0,00,0,0,0,1,0,0,1,0,0,0,0,00000,0,0,0,1,0,0,0016a,0,1,0,0,0
621,621,0,0,0,0,00,0,0,0,1,0,0,1,0,0,0,0,00000,0,0,0,1,0,0,0016b,0,1,0,0,0
622,622,0,0,0,0,00,0,0,0,1,0,0,1,0,0,0,0,00000,0,0,0,1,0,0,0016c,0,1,0,0,0
623,623,0,0,0,0,00,0,0,0,1,0,0,1,0,0,0,0,00000,0,0,0,1,0,0,0016d,0,1,0,0,0
624,624,0,0,0,0,00,0,0,0,1,0,0,1,0,0,0,0,00000,0,0,0,1,0,0,0016e,0,1,0,0,0
625,625,0,0,0,0,00,0,0,0,1,0,0,1,0,0,0,0,00000,0,0,0,1,0,0,0016f,0,1,0,0,0
626,626,0,0,0,0,00,0,0,0,1,0,0,1,0,0,0,0,00000,0,0,0,1,0,0,00170,0,1,0,0,0
627,627,0,0,0,0,00,0,0,0,1,0,0,1,0,0,0,0,00000,0,0,0,1,0,0,00171,0,1,0,0,0
628,628,0,0,0,0,00,0,0,0,1,0,0,1,0,0,0,0,00000,0,0,0,1,0,0,00172,0,1,0,0,0
629,629,0,0,0,0,00,0,0,0,1,0,0,1,0,0,0,0,00000,0,0,0,1,0,0,00173,0,1,0,0,0
630,630,0,0,0,0,00,0,0,0,1,0,0,1,0,0,0,0,00000,0,0,0,1,0,0,00174,0,1,0,0,0
631,631,0,0,0,0,00,0,0,0,1,0,0,1,0,0,0,0,00000,0,0,0,1,0,0,00175,0,1,0,0,0
632,632,0,0,0,0,00,0,0,0,1,0,0,1,0,0,0,0,00000,0,0,0,1,0,0,00176,0,1,0,0,0
633,633,0,0,0,0,00,0,0,0,1,0,0,1,0,0,0,0,00000,0,0,0,1,0,0,00177,0,1,0,0,0
634,634,0,0,0,0,00,0,0,0,1,0,0,1,0,0,0,0,00000,0,0,0,1,0,0,00178,0,1,0,0,0
635,635,0,0,0,0,00,0,0,0,1,0,0,1,0,0,0,0,00000,0,0,0,1,0,0,00179,0,1,0,0,0
636,636,0,0,0,0,00,0,0,0,1,0,0,1,0,0,0,0,00000,0,0,0,1,0,0,0017a,0,1,0,0,0
637,637,0,0,0,0,00,0,0,0,1,0,0,1,0,0,0,0,00000,0,0,0,1,0,0,0017b,0,1,0,0,0
638,638,0,0,0,0,00,0,0,0,1,0,0,1,0,0,0,0,00000,0,0,0,1,0,0,0017c,0,1,0,0,0
639,639,0,0,0,0,00,0,0,0,1,0,0,1,0,0,0,0,00000,0,0,0,1,0,0,0017d,0,1,0,0,0
640,640,0,0,0,0,00,0,0,0,1,0,0,1,0,0,0,0,00000,0,0,0,1,0,0,0017e,0,1,0,0,0
641,641,0,0,0,0,00,0,0,0,1,0,0,1,0,0,0,0,00000,0,0,0,1,0,0,0017f,0,1,0,0,0
642,642,0,0,0,0,00,0,0,0,1,0,0,1,0,0,0,0,00000,0,0,0,1,0,0,00180,0,1,0,0,0
643,643,0,0,0,0,00,0,0,0,1,0,0,1,0,0,0,0,00000,0,0,0,1,0,0,00181,0,1,0,0,0
644,644,0,0,0,0,00,0,0,0,1,0,0,1,0,0,0,0,00000,0,0,0,1,0,0,00182,0,1,0,0,0
645,645,0,0,0,0,00,0,0,0,1,0,0,1,0,0,0,0,00000,0,0,0,1,0,0,00183,0,1,0,0,0
646,646,0,0,0,0,00,0,0,0,1,0,0,1,0,0,0,0,00000,0,0,0,1,0,0,00184,0,1,0,0,0
647,647,0,0,0,0,00,0,0,0,1,0,0,1,0,0,0,0,00000,0,0,0,1,0,0,00185,0,1,0,0,0
648,648,0,0,0,0,00,0,0,0,1,0,0,1,0,0,0,0,00000,0,0,0,1,0,0,00186,0,1,0,0,0
649,649,0,0,0,0,00,0,0,0,1,0,0,1,0,0,0,0,00000,0,0,0,1,0,0,00187,0,1,0,0,0
650,650,0,0,0,0,00,0,0,0,1,0,0,1,0,0,0,0,00000,0,0,0,1,0,0,00188,0,1,0,0,0
651,651,0,0,0,0,00,0,0,0,1,0,0,1,0,0,0,0,00000,0,0,0,1,0,0,00189,0,1,0,0,0
652,652,0,0,0,0,00,0,0,0,1,0,0,1,0,0,0,0,00000,0,0,0,1,0,0,0018a,0,1,0,0,0
653,653,0,0,0,0,00,0,0,0,1,0,0,1,0,0,0,0,00000,0,0,0,1,0,0,0018b,0,1,0,0,0
654,654,0,0,0,0,00,0,0,0,1,0,0,1,0,0,0,0,00000,0,0,0,1,0,0,0018c,0,1,0,0,0
655,655,0,0,0,0,00,0,0,0,1,0,0,1,0,0,0,0,00000,0,0,0,1,0,0,0018d,0,1,0,0,0
656,656,0,0,0,0,00,0,0,0,1,0,0,1,0,0,0,0,00000,0,0,0,1,0,0,0018e,0,1,0,0,0
657,657,0,0,0,0,00,0,0,0,1,0,0,1,0,0,0,0,00000,0,0,0,1,0,0,0018f,0,1,0,0,0
658,658,0,0,0,0,00,0,0,0,1,0,0,1,0,0,0,0,00000,0,0,0,1,0,0,00190,0,1,0,0,0
659,659,0,0,0,0,00,0,0,0,1,0,0,1,0,0,0,0,00000,0,0,0,1,0,0,00191,0,1,0,0,0
660,660,0,0,0,0,00,0,0,0,1,0,0,1,0,0,0,0,00000,0,0,0,1,0,0,00192,0,1,0,0,0
661,661,0,0,0,0,00,0,0,0,1,0,0,1,0,0,0,0,00000,0,0,0,1,0,0,00193,0,1,0,0,0
662,662,0,0,0,0,00,0,0,0,1,0,0,1,0,0,0,0,00000,0,0,0,1,0,0,00194,0,1,0,0,0
663,663,0,0,0,0,00,0,0,0,1,0,0,1,0,0,0,0,00000,0,0,0,1,0,0,00195,0,1,0,0,0
664,664,0,0,0,0,00,0,0,0,1,0,0,1,0,0,0,0,00000,0,0,0,1,0,0,00196,0,1,0,0,0
665,665,0,0,0,0,00,0,0,0,1,0,0,1,0,0,0,0,00000,0,0,0,1,0,0,00197,0,1,0,0,0
666,666,0,0,0,0,00,0,0,0,1,0,0,1,0,0,0,0,00000,0,0,0,1,0,0,00198,0,1,0,0,0
667,667,0,0,0,0,00,0,0,0,1,0,0,1,0,0,0,0,00000,0,0,0,1,0,0,00199,0,1,0,0,0
668,668,0,0,0,0,00,0,0,0,1,0,0,1,0,0,0,0,00000,0,0,0,1,0,0,0019a,0,1,0,0,0
669,669,0,0,0,0,00,0,0,0,1,0,0,1,0,0,0,0,00000,0,0,0,1,0,0,0019b,0,1,0,0,0
670,670,0,0,0,0,00,0,0,0,1,0,0,1,0,0,0,0,00000,0,0,0,1,0,0,0019c,0,1,0,0,0
671,671,0,0,0,0,00,0,0,0,1,0,0,1,0,0,0,0,00000,0,0,0,1,0,0,0019d,0,1,0,0,0
672,672,0,0,0,0,00,0,0,0,1,0,0,1,0,0,0,0,00000,0,0,0,1,0,0,0019e,0,1,0,0,0
673,673,0,0,0,0,00,0,0,0,1,0,0,1,0,0,0,0,00000,0,0,0,1,0,0,0019f,0,1,0,0,0
674,674,0,0,0,0,00,0,0,0,1,0,0,1,0,0,0,0,00000,0,0,0,1,0,0,001a0,0,1,0,0,0
675,675,0,0,0,0,00,0,0,0,1,0,0,1,0,0,0,0,00000,0,0,0,1,0,0,001a1,0,1,0,0,0
676,676,0,0,0,0,00,0,0,0,1,0,0,1,0,0,0,0,00000,0,0,0,1,0,0,001a2,0,1,0,0,0
677,677,0,0,0,0,00,0,0,0,1,0,0,1,0,0,0,0,00000,0,0,0,1,0,0,001a3,0,1,0,0,0
678,678,0,0,0,0,00,0,0,0,1,0,0,1,0,0,0,0,00000,0,0,0,1,0,0,001a4,0,1,0,0,0
679,679,0,0,0,0,00,0,0,0,1,0,0,1,0,0,0,0,00000,0,0,0,1,0,0,001a5,0,1,0,0,0
680,680,0,0,0,0,00,0,0,0,1,0,0,1,0,0,0,0,00000,0,0,0,1,0,0,001a6,0,1,0,0,0
681,681,0,0,0,0,00,0,0,0,1,0,0,1,0,0,0,0,00000,0,0,0,1,0,0,001a7,0,1,0,0,0
682,682,0,0,0,0,00,0,0,0,1,0,0,1,0,0,0,0,00000,0,0,0,1,0,0,001a8,0,1,0,0,0
683,683,0,0,0,0,00,0,0,0,1,0,0,1,0,0,0,0,00000,0,0,0,1,0,0,001a9,0,1,0,0,0
684,684,0,0,0,0,00,0,0,0,1,0,0,1,0,0,0,0,00000,0,0,0,1,0,0,001aa,0,1,0,0,0
685,685,0,0,0,0,00,0,0,0,1,0,0,1,0,0,0,0,00000,0,0,0,1,0,0,001ab,0,1,0,0,0
686,686,0,0,0,0,00,0,0,0,1,0,0,1,0,0,0,0,00000,0,0,0,1,0,0,001ac,0,1,0,0,0
687,687,0,0,0,0,00,0,0,0,1,0,0,1,0,0,0,0,00000,0,0,0,1,0,0,001ad,0,1,0,0,0
688,688,0,0,0,0,00,0,0,0,1,0,0,1,0,0,0,0,00000,0,0,0,1,0,0,001ae,0,1,0,0,0
689,689,0,0,0,0,00,0,0,0,1,0,0,1,0,0,0,0,00000,0,0,0,1,0,0,001af,0,1,0,0,0
690,690,0,0,0,0,00,0,0,0,1,0,0,1,0,0,0,0,00000,0,0,0,1,0,0,001b0,0,1,0,0,0
691,691,0,0,0,0,00,0,0,0,1,0,0,1,0,0,0,0,00000,0,0,0,1,0,0,001b1,0,1,0,0,0
692,692,0,0,0,0,00,0,0,0,1,0,0,1,0,0,0,0,00000,0,0,0,1,0,0,001b2,0,1,0,0,0
693,693,0,0,0,0,00,0,0,0,1,0,0,1,0,0,0,0,00000,0,0,0,1,0,0,001b3,0,1,0,0,0
694,694,0,0,0,0,00,0,0,0,1,0,0,1,0,0,0,0,00000,0,0,0,1,0,0,001b4,0,1,0,0,0
695,695,0,0,0,0,00,0,0,0,1,0,0,1,0,0,0,0,00000,0,0,0,1,0,0,001b5,0,1,0,0,0
696,696,0,0,0,0,00,0,0,0,1,0,0,1,0,0,0,0,00000,0,0,0,1,0,0,001b6,0,1,0,0,0
697,697,0,0,0,0,00,0,0,0,1,0,0,1,0,0,0,0,00000,0,0,0,1,0,0,001b7,0,1,0,0,0
698,698,0,0,0,0,00,0,0,0,1,0,0,1,0,0,0,0,00000,0,0,0,1,0,0,001b8,0,1,0,0,0
699,699,0,0,0,0,00,0,0,0,1,0,0,1,0,0,0,0,00000,0,0,0,1,0,0,001b9,0,1,0,0,0
700,700,0,0,0,0,00,0,0,0,1,0,0,1,0,0,0,0,00000,0,0,0,1,0,0,001ba,0,1,0,0,0
701,701,0,0,0,0,00,0,0,0,1,0,0,1,0,0,0,0,00000,0,0,0,1,0,0,001bb,0,1,0,0,0
702,702,0,0,0,0,00,0,0,0,1,0,0,1,0,0,0,0,00000,0,0,0,1,0,0,001bc,0,1,0,0,0
703,703,0,0,0,0,00,0,0,0,1,0,0,1,0,0,0,0,00000,0,0,0,1,0,0,001bd,0,1,0,0,0
704,704,0,0,0,0,00,0,0,0,1,0,0,1,0,0,0,0,00000,0,0,0,1,0,0,001be,0,1,0,0,0
705,705,0,0,0,0,00,0,0,0,1,0,0,1,0,0,0,0,00000,0,0,0,1,0,0,001bf,0,1,0,0,0
706,706,0,0,0,0,00,0,0,0,1,0,0,1,0,0,0,0,00000,0,0,0,1,0,0,001c0,0,1,0,0,0
707,707,0,0,0,0,00,0,0,0,1,0,0,1,0,0,0,0,00000,0,0,0,1,0,0,001c1,0,1,0,0,0
708,708,0,0,0,0,00,0,0,0,1,0,0,1,0,0,0,0,00000,0,0,0,1,0,0,001c2,0,1,0,0,0
709,709,0,0,0,0,00,0,0,0,1,0,0,1,0,0,0,0,00000,0,0,0,1,0,0,001c3,0,1,0,0,0
710,710,0,0,0,0,00,0,0,0,1,0,0,1,0,0,0,0,00000,0,0,0,1,0,0,001c4,0,1,0,0,0
711,711,0,0,0,0,00,0,0,0,1,0,0,1,0,0,0,0,00000,0,0,0,1,0,0,001c5,0,1,0,0,0
712,712,0,0,0,0,00,0,0,0,1,0,0,1,0,0,0,0,00000,0,0,0,1,0,0,001c6,0,1,0,0,0
713,713,0,0,0,0,00,0,0,0,1,0,0,1,0,0,0,0,00000,0,0,0,1,0,0,001c7,0,1,0,0,0
714,714,0,0,0,0,00,0,0,0,1,0,0,1,0,0,0,0,00000,0,0,0,1,0,0,001c8,0,1,0,0,0
715,715,0,0,0,0,00,0,0,0,1,0,0,1,0,0,0,0,00000,0,0,0,1,0,0,001c9,0,1,0,0,0
716,716,0,0,0,0,00,0,0,0,1,0,0,1,0,0,0,0,00000,0,0,0,1,0,0,001ca,0,1,0,0,0
717,717,0,0,0,0,00,0,0,0,1,0,0,1,0,0,0,0,00000,0,0,0,1,0,0,001cb,0,1,0,0,0
718,718,0,0,0,0,00,0,0,0,1,0,0,1,0,0,0,0,00000,0,0,0,1,0,0,001cc,0,1,0,0,0
719,719,0,0,0,0,00,0,0,0,1,0,0,1,0,0,0,0,00000,0,0,0,1,0,0,001cd,0,1,0,0,0
720,720,0,0,0,0,00,0,0,0,1,0,0,1,0,0,0,0,00000,0,0,0,1,0,0,001ce,0,1,0,0,0
721,721,0,0,0,0,00,0,0,0,1,0,0,1,0,0,0,0,00000,0,0,0,1,0,0,001cf,0,1,0,0,0
722,722,0,0,0,0,00,0,0,0,1,0,0,1,0,0,0,0,00000,0,0,0,1,0,0,001d0,0,1,0,0,0
723,723,0,0,0,0,00,0,0,0,1,0,0,1,0,0,0,0,00000,0,0,0,1,0,0,001d1,0,1,0,0,0
724,724,0,0,0,0,00,0,0,0,1,0,0,1,0,0,0,0,00000,0,0,0,1,0,0,001d2,0,1,0,0,0
725,725,0,0,0,0,00,0,0,0,1,0,0,1,0,0,0,0,00000,0,0,0,1,0,0,001d3,0,1,0,0,0
726,726,0,0,0,0,00,0,0,0,1,0,0,1,0,0,0,0,00000,0,0,0,1,0,0,001d4,0,1,0,0,0
727,727,0,0,0,0,00,0,0,0,1,0,0,1,0,0,0,0,00000,0,0,0,1,0,0,001d5,0,1,0,0,0
728,728,0,0,0,0,00,0,0,0,1,0,0,1,0,0,0,0,00000,0,0,0,1,0,0,001d6,0,1,0,0,0
729,729,0,0,0,0,00,0,0,0,1,0,0,1,0,0,0,0,00000,0,0,0,1,0,0,001d7,0,1,0,0,0
730,730,0,0,0,0,00,0,0,0,1,0,0,1,0,0,0,0,00000,0,0,0,1,0,0,001d8,0,1,0,0,0
731,731,0,0,0,0,00,0,0,0,1,0,0,1,0,0,0,0,00000,0,0,0,1,0,0,001d9,0,1,0,0,0
732,732,0,0,0,0,00,0,0,0,1,0,0,1,0,0,0,0,00000,0,0,0,1,0,0,001da,0,1,0,0,0
733,733,0,0,0,0,00,0,0,0,1,0,0,1,0,0,0,0,00000,0,0,0,1,0,0,001db,0,1,0,0,0
734,734,0,0,0,0,00,0,0,0,1,0,0,1,0,0,0,0,00000,0,0,0,1,0,0,001dc,0,1,0,0,0
735,735,0,0,0,0,00,0,0,0,1,0,0,1,0,0,0,0,00000,0,0,0,1,0,0,001dd,0,1,0,0,0
736,736,0,0,0,0,00,0,0,0,1,0,0,1,0,0,0,0,00000,0,0,0,1,0,0,001de,0,1,0,0,0
737,737,0,0,0,0,00,0,0,0,1,0,0,1,0,0,0,0,00000,0,0,0,1,0,0,001df,0,1,0,0,0
738,738,0,0,0,0,00,0,0,0,1,0,0,1,0,0,0,0,00000,0,0,0,1,0,0,001e0,0,1,0,0,0
739,739,0,0,0,0,00,0,0,0,1,0,0,1,0,0,0,0,00000,0,0,0,1,0,0,001e1,0,1,0,0,0
740,740,0,0,0,0,00,0,0,0,1,0,0,1,0,0,0,0,00000,0,0,0,1,0,0,001e2,0,1,0,0,0
741,741,0,0,0,0,00,0,0,0,1,0,0,1,0,0,0,0,00000,0,0,0,1,0,0,001e3,0,1,0,0,0
742,742,0,0,0,0,00,0,0,0,1,0,0,1,0,0,0,0,00000,0,0,0,1,0,0,001e4,0,1,0,0,0
743,743,0,0,0,0,00,0,0,0,1,0,0,1,0,0,0,0,00000,0,0,0,1,0,0,001e5,0,1,0,0,0
744,744,0,0,0,0,00,0,0,0,1,0,0,1,0,0,0,0,00000,0,0,0,1,0,0,001e6,0,1,0,0,0
745,745,0,0,0,0,00,0,0,0,1,0,0,1,0,0,0,0,00000,0,0,0,1,0,0,001e7,0,1,0,0,0
746,746,0,0,0,0,00,0,0,0,1,0,0,1,0,0,0,0,00000,0,0,0,1,0,0,001e8,0,1,0,0,0
747,747,0,0,0,0,00,0,0,0,1,0,0,1,0,0,0,0,00000,0,0,0,1,0,0,001e9,0,1,0,0,0
748,748,0,0,0,0,00,0,0,0,1,0,0,1,0,0,0,0,00000,0,0,0,1,0,0,001ea,0,1,0,0,0
749,749,0,0,0,0,00,0,0,0,1,0,0,1,0,0,0,0,00000,0,0,0,1,0,0,001eb,0,1,0,0,0
750,750,0,0,0,0,00,0,0,0,1,0,0,1,0,0,0,0,00000,0,0,0,1,0,0,001ec,0,1,0,0,0
751,751,0,0,0,0,00,0,0,0,1,0,0,1,0,0,0,0,00000,0,0,0,1,0,0,001ed,0,1,0,0,0
752,752,0,0,0,0,00,0,0,0,1,0,0,1,0,0,0,0,00000,0,0,0,1,0,0,001ee,0,1,0,0,0
753,753,0,0,0,0,00,0,0,0,1,0,0,1,0,0,0,0,00000,0,0,0,1,0,0,001ef,0,1,0,0,0
754,754,0,0,0,0,00,0,0,0,1,0,0,1,0,0,0,0,00000,0,0,0,1,0,0,001f0,0,1,0,0,0
755,755,0,0,0,0,00,0,0,0,1,0,0,1,0,0,0,0,00000,0,0,0,1,0,0,001f1,0,1,0,0,0
756,756,0,0,0,0,00,0,0,0,1,0,0,1,0,0,0,0,00000,0,0,0,1,0,0,001f2,0,1,0,0,0
757,757,0,0,0,0,00,0,0,0,1,0,0,1,0,0,0,0,00000,0,0,0,1,0,0,001f3,0,1,0,0,0
758,758,0,0,0,0,00,0,0,0,1,0,0,1,0,0,0,0,00000,0,0,0,1,0,0,001f4,0,1,0,0,0
759,759,0,0,0,0,00,0,0,0,1,0,0,1,0,0,0,0,00000,0,0,0,1,0,0,001f5,0,1,0,0,0
760,760,0,0,0,0,00,0,0,0,1,0,0,1,0,0,0,0,00000,0,0,0,1,0,0,001f6,0,1,0,0,0
761,761,0,0,0,0,00,0,0,0,1,0,0,1,0,0,0,0,00000,0,0,0,1,0,0,001f7,0,1,0,0,0
762,762,0,0,0,0,00,0,0,0,1,0,0,1,0,0,0,0,00000,0,0,0,1,0,0,001f8,0,1,0,0,0
763,763,0,0,0,0,00,0,0,0,1,0,0,1,0,0,0,0,00000,0,0,0,1,0,0,001f9,0,1,0,0,0
764,764,0,0,0,0,00,0,0,0,1,0,0,1,0,0,0,0,00000,0,0,0,1,0,0,001fa,0,1,0,0,0
765,765,0,0,0,0,00,0,0,0,1,0,0,1,0,0,0,0,00000,0,0,0,1,0,0,001fb,0,1,0,0,0
766,766,0,0,0,0,00,0,0,0,1,0,0,1,0,0,0,0,00000,0,0,0,1,0,0,001fc,0,1,0,0,0
767,767,0,0,0,0,00,0,0,0,1,0,0,1,0,0,0,0,00000,0,0,0,1,0,0,001fd,0,1,0,0,0
768,768,0,0,0,0,00,0,0,0,1,0,0,1,0,0,0,0,00000,0,0,0,1,0,0,001fe,0,1,0,0,0
769,769,0,0,0,0,00,0,0,0,1,0,0,1,0,0,0,0,00000,0,0,0,1,0,0,001ff,0,1,0,0,0
770,770,0,0,0,0,00,0,0,0,1,0,0,1,0,0,0,0,00000,0,0,0,1,0,0,00200,0,1,0,0,0
771,771,0,0,0,0,00,0,0,0,1,0,0,1,0,0,0,0,00000,0,0,0,1,0,0,00201,0,1,0,0,0
772,772,0,0,0,0,00,0,0,0,1,0,0,1,0,0,0,0,00000,0,0,0,1,0,0,00202,0,1,0,0,0
773,773,0,0,0,0,00,0,0,0,1,0,0,1,0,0,0,0,00000,0,0,0,1,0,0,00203,0,1,0,0,0
774,774,0,0,0,0,00,0,0,0,1,0,0,1,0,0,0,0,00000,0,0,0,1,0,0,00204,0,1,0,0,0
775,775,0,0,0,0,00,0,0,0,1,0,0,1,0,0,0,0,00000,0,0,0,1,0,0,00205,0,1,0,0,0
776,776,0,0,0,0,00,0,0,0,1,0,0,1,0,0,0,0,00000,0,0,0,1,0,0,00206,0,1,0,0,0
777,777,0,0,0,0,00,0,0,0,1,0,0,1,0,0,0,0,00000,0,0,0,1,0,0,00207,0,1,0,0,0
778,778,0,0,0,0,00,0,0,0,1,0,0,1,0,0,0,0,00000,0,0,0,1,0,0,00208,0,1,0,0,0
779,779,0,0,0,0,00,0,0,0,1,0,0,1,0,0,0,0,00000,0,0,0,1,0,0,00209,0,1,0,0,0
780,780,0,0,0,0,00,0,0,0,1,0,0,1,0,0,0,0,00000,0,0,0,1,0,0,0020a,0,1,0,0,0
781,781,0,0,0,0,00,0,0,0,1,0,0,1,0,0,0,0,00000,0,0,0,1,0,0,0020b,0,1,0,0,0
782,782,0,0,0,0,00,0,0,0,1,0,0,1,0,0,0,0,00000,0,0,0,1,0,0,0020c,0,1,0,0,0
783,783,0,0,0,0,00,0,0,0,1,0,0,1,0,0,0,0,00000,0,0,0,1,0,0,0020d,0,1,0,0,0
784,784,0,0,0,0,00,0,0,0,1,0,0,1,0,0,0,0,00000,0,0,0,1,0,0,0020e,0,1,0,0,0
785,785,0,0,0,0,00,0,0,0,1,0,0,1,0,0,0,0,00000,0,0,0,1,0,0,0020f,0,1,0,0,0
786,786,0,0,0,0,00,0,0,0,1,0,0,1,0,0,0,0,00000,0,0,0,1,0,0,00210,0,1,0,0,0
787,787,0,0,0,0,00,0,0,0,1,0,0,1,0,0,0,0,00000,0,0,0,1,0,0,00211,0,1,0,0,0
788,788,0,0,0,0,00,0,0,0,1,0,0,1,0,0,0,0,00000,0,0,0,1,0,0,00212,0,1,0,0,0
789,789,0,0,0,0,00,0,0,0,1,0,0,1,0,0,0,0,00000,0,0,0,1,0,0,00213,0,1,0,0,0
790,790,0,0,0,0,00,0,0,0,1,0,0,1,0,0,0,0,00000,0,0,0,1,0,0,00214,0,1,0,0,0
791,791,0,0,0,0,00,0,0,0,1,0,0,1,0,0,0,0,00000,0,0,0,1,0,0,00215,0,1,0,0,0
792,792,0,0,0,0,00,0,0,0,1,0,0,1,0,0,0,0,00000,0,0,0,1,0,0,00216,0,1,0,0,0
793,793,0,0,0,0,00,0,0,0,1,0,0,1,0,0,0,0,00000,0,0,0,1,0,0,00217,0,1,0,0,0
794,794,0,0,0,0,00,0,0,0,1,0,0,1,0,0,0,0,00000,0,0,0,1,0,0,00218,0,1,0,0,0
795,795,0,0,0,0,00,0,0,0,1,0,0,1,0,0,0,0,00000,0,0,0,1,0,0,00219,0,1,0,0,0
796,796,0,0,0,0,00,0,0,0,1,0,0,1,0,0,0,0,00000,0,0,0,1,0,0,0021a,0,1,0,0,0
797,797,0,0,0,0,00,0,0,0,1,0,0,1,0,0,0,0,00000,0,0,0,1,0,0,0021b,0,1,0,0,0
798,798,0,0,0,0,00,0,0,0,1,0,0,1,0,0,0,0,00000,0,0,0,1,0,0,0021c,0,1,0,0,0
799,799,0,0,0,0,00,0,0,0,1,0,0,1,0,0,0,0,00000,0,0,0,1,0,0,0021d,0,1,0,0,0
800,800,0,0,0,0,00,0,0,0,1,0,0,1,0,0,0,0,00000,0,0,0,1,0,0,0021e,0,1,0,0,0
801,801,0,0,0,0,00,0,0,0,1,0,0,1,0,0,0,0,00000,0,0,0,1,0,0,0021f,0,1,0,0,0
802,802,0,0,0,0,00,0,0,0,1,0,0,1,0,0,0,0,00000,0,0,0,1,0,0,00220,0,1,0,0,0
803,803,0,0,0,0,00,0,0,0,1,0,0,1,0,0,0,0,00000,0,0,0,1,0,0,00221,0,1,0,0,0
804,804,0,0,0,0,00,0,0,0,1,0,0,1,0,0,0,0,00000,0,0,0,1,0,0,00222,0,1,0,0,0
805,805,0,0,0,0,00,0,0,0,1,0,0,1,0,0,0,0,00000,0,0,0,1,0,0,00223,0,1,0,0,0
806,806,0,0,0,0,00,0,0,0,1,0,0,1,0,0,0,0,00000,0,0,0,1,0,0,00224,0,1,0,0,0
807,807,0,0,0,0,00,0,0,0,1,0,0,1,0,0,0,0,00000,0,0,0,1,0,0,00225,0,1,0,0,0
808,808,0,0,0,0,00,0,0,0,1,0,0,1,0,0,0,0,00000,0,0,0,1,0,0,00226,0,1,0,0,0
809,809,0,0,0,0,00,0,0,0,1,0,0,1,0,0,0,0,00000,0,0,0,1,0,0,00227,0,1,0,0,0
810,810,0,0,0,0,00,0,0,0,1,0,0,1,0,0,0,0,00000,0,0,0,1,0,0,00228,0,1,0,0,0
811,811,0,0,0,0,00,0,0,0,1,0,0,1,0,0,0,0,00000,0,0,0,1,0,0,00229,0,1,0,0,0
812,812,0,0,0,0,00,0,0,0,1,0,0,1,0,0,0,0,00000,0,0,0,1,0,0,0022a,0,1,0,0,0
813,813,0,0,0,0,00,0,0,0,1,0,0,1,0,0,0,0,00000,0,0,0,1,0,0,0022b,0,1,0,0,0
814,814,0,0,0,0,00,0,0,0,1,0,0,1,0,0,0,0,00000,0,0,0,1,0,0,0022c,0,1,0,0,0
815,815,0,0,0,0,00,0,0,0,1,0,0,1,0,0,0,0,00000,0,0,0,1,0,0,0022d,0,1,0,0,0
816,816,0,0,0,0,00,0,0,0,1,0,0,1,0,0,0,0,00000,0,0,0,1,0,0,0022e,0,1,0,0,0
817,817,0,0,0,0,00,0,0,0,1,0,0,1,0,0,0,0,00000,0,0,0,1,0,0,0022f,0,1,0,0,0
818,818,0,0,0,0,00,0,0,0,1,0,0,1,0,0,0,0,00000,0,0,0,1,0,0,00230,0,1,0,0,0
819,819,0,0,0,0,00,0,0,0,1,0,0,1,0,0,0,0,00000,0,0,0,1,0,0,00231,0,1,0,0,0
820,820,0,0,0,0,00,0,0,0,1,0,0,1,0,0,0,0,00000,0,0,0,1,0,0,00232,0,1,0,0,0
821,821,0,0,0,0,00,0,0,0,1,0,0,1,0,0,0,0,00000,0,0,0,1,0,0,00233,0,1,0,0,0
822,822,0,0,0,0,00,0,0,0,1,0,0,1,0,0,0,0,00000,0,0,0,1,0,0,00234,0,1,0,0,0
823,823,0,0,0,0,00,0,0,0,1,0,0,1,0,0,0,0,00000,0,0,0,1,0,0,00235,0,1,0,0,0
824,824,0,0,0,0,00,0,0,0,1,0,0,1,0,0,0,0,00000,0,0,0,1,0,0,00236,0,1,0,0,0
825,825,0,0,0,0,00,0,0,0,1,0,0,1,0,0,0,0,00000,0,0,0,1,0,0,00237,0,1,0,0,0
826,826,0,0,0,0,00,0,0,0,1,0,0,1,0,0,0,0,00000,0,0,0,1,0,0,00238,0,1,0,0,0
827,827,0,0,0,0,00,0,0,0,1,0,0,1,0,0,0,0,00000,0,0,0,1,0,0,00239,0,1,0,0,0
828,828,0,0,0,0,00,0,0,0,1,0,0,1,0,0,0,0,00000,0,0,0,1,0,0,0023a,0,1,0,0,0
829,829,0,0,0,0,00,0,0,0,1,0,0,1,0,0,0,0,00000,0,0,0,1,0,0,0023b,0,1,0,0,0
830,830,0,0,0,0,00,0,0,0,1,0,0,1,0,0,0,0,00000,0,0,0,1,0,0,0023c,0,1,0,0,0
831,831,0,0,0,0,00,0,0,0,1,0,0,1,0,0,0,0,00000,0,0,0,1,0,0,0023d,0,1,0,0,0
832,832,0,0,0,0,00,0,0,0,1,0,0,1,0,0,0,0,00000,0,0,0,1,0,0,0023e,0,1,0,0,0
833,833,0,0,0,0,00,0,0,0,1,0,0,1,0,0,0,0,00000,0,0,0,1,0,0,0023f,0,1,0,0,0
834,834,0,0,0,0,00,0,0,0,1,0,0,1,0,0,0,0,00000,0,0,0,1,0,0,00240,0,1,0,0,0
835,835,0,0,0,0,00,0,0,0,1,0,0,1,0,0,0,0,00000,0,0,0,1,0,0,00241,0,1,0,0,0
836,836,0,0,0,0,00,0,0,0,1,0,0,1,0,0,0,0,00000,0,0,0,1,0,0,00242,0,1,0,0,0
837,837,0,0,0,0,00,0,0,0,1,0,0,1,0,0,0,0,00000,0,0,0,1,0,0,00243,0,1,0,0,0
838,838,0,0,0,0,00,0,0,0,1,0,0,1,0,0,0,0,00000,0,0,0,1,0,0,00244,0,1,0,0,0
839,839,0,0,0,0,00,0,0,0,1,0,0,1,0,0,0,0,00000,0,0,0,1,0,0,00245,0,1,0,0,0
840,840,0,0,0,0,00,0,0,0,1,0,0,1,0,0,0,0,00000,0,0,0,1,0,0,00246,0,1,0,0,0
841,841,0,0,0,0,00,0,0,0,1,0,0,1,0,0,0,0,00000,0,0,0,1,0,0,00247,0,1,0,0,0
842,842,0,0,0,0,00,0,0,0,1,0,0,1,0,0,0,0,00000,0,0,0,1,0,0,00248,0,1,0,0,0
843,843,0,0,0,0,00,0,0,0,1,0,0,1,0,0,0,0,00000,0,0,0,1,0,0,00249,0,1,0,0,0
844,844,0,0,0,0,00,0,0,0,1,0,0,1,0,0,0,0,00000,0,0,0,1,0,0,0024a,0,1,0,0,0
845,845,0,0,0,0,00,0,0,0,1,0,0,1,0,0,0,0,00000,0,0,0,1,0,0,0024b,0,1,0,0,0
846,846,0,0,0,0,00,0,0,0,1,0,0,1,0,0,0,0,00000,0,0,0,1,0,0,0024c,0,1,0,0,0
847,847,0,0,0,0,00,0,0,0,1,0,0,1,0,0,0,0,00000,0,0,0,1,0,0,0024d,0,1,0,0,0
848,848,0,0,0,0,00,0,0,0,1,0,0,1,0,0,0,0,00000,0,0,0,1,0,0,0024e,0,1,0,0,0
849,849,0,0,0,0,00,0,0,0,1,0,0,1,0,0,0,0,00000,0,0,0,1,0,0,0024f,0,1,0,0,0
850,850,0,0,0,0,00,0,0,0,1,0,0,1,0,0,0,0,00000,0,0,0,1,0,0,00250,0,1,0,0,0
851,851,0,0,0,0,00,0,0,0,1,0,0,1,0,0,0,0,00000,0,0,0,1,0,0,00251,0,1,0,0,0
852,852,0,0,0,0,00,0,0,0,1,0,0,1,0,0,0,0,00000,0,0,0,1,0,0,00252,0,1,0,0,0
853,853,0,0,0,0,00,0,0,0,1,0,0,1,0,0,0,0,00000,0,0,0,1,0,0,00253,0,1,0,0,0
854,854,0,0,0,0,00,0,0,0,1,0,0,1,0,0,0,0,00000,0,0,0,1,0,0,00254,0,1,0,0,0
855,855,0,0,0,0,00,0,0,0,1,0,0,1,0,0,0,0,00000,0,0,0,1,0,0,00255,0,1,0,0,0
856,856,0,0,0,0,00,0,0,0,1,0,0,1,0,0,0,0,00000,0,0,0,1,0,0,00256,0,1,0,0,0
857,857,0,0,0,0,00,0,0,0,1,0,0,1,0,0,0,0,00000,0,0,0,1,0,0,00257,0,1,0,0,0
858,858,0,0,0,0,00,0,0,0,1,0,0,1,0,0,0,0,00000,0,0,0,1,0,0,00258,0,1,0,0,0
859,859,0,0,0,0,00,0,0,0,1,0,0,1,0,0,0,0,00000,0,0,0,1,0,0,00259,0,1,0,0,0
860,860,0,0,0,0,00,0,0,0,1,0,0,1,0,0,0,0,00000,0,0,0,1,0,0,0025a,0,1,0,0,0
861,861,0,0,0,0,00,0,0,0,1,0,0,1,0,0,0,0,00000,0,0,0,1,0,0,0025b,0,1,0,0,0
862,862,0,0,0,0,00,0,0,0,1,0,0,1,0,0,0,0,00000,0,0,0,1,0,0,0025c,0,1,0,0,0
863,863,0,0,0,0,00,0,0,0,1,0,0,1,0,0,0,0,00000,0,0,0,1,0,0,0025d,0,1,0,0,0
864,864,0,0,0,0,00,0,0,0,1,0,0,1,0,0,0,0,00000,0,0,0,1,0,0,0025e,0,1,0,0,0
865,865,0,0,0,0,00,0,0,0,1,0,0,1,0,0,0,0,00000,0,0,0,1,0,0,0025f,0,1,0,0,0
866,866,0,0,0,0,00,0,0,0,1,0,0,1,0,0,0,0,00000,0,0,0,1,0,0,00260,0,1,0,0,0
867,867,0,0,0,0,00,0,0,0,1,0,0,1,0,0,0,0,00000,0,0,0,1,0,0,00261,0,1,0,0,0
868,868,0,0,0,0,00,0,0,0,1,0,0,1,0,0,0,0,00000,0,0,0,1,0,0,00262,0,1,0,0,0
869,869,0,0,0,0,00,0,0,0,1,0,0,1,0,0,0,0,00000,0,0,0,1,0,0,00263,0,1,0,0,0
870,870,0,0,0,0,00,0,0,0,1,0,0,1,0,0,0,0,00000,0,0,0,1,0,0,00264,0,1,0,0,0
871,871,0,0,0,0,00,0,0,0,1,0,0,1,0,0,0,0,00000,0,0,0,1,0,0,00265,0,1,0,0,0
872,872,0,0,0,0,00,0,0,0,1,0,0,1,0,0,0,0,00000,0,0,0,1,0,0,00266,0,1,0,0,0
873,873,0,0,0,0,00,0,0,0,1,0,0,1,0,0,0,0,00000,0,0,0,1,0,0,00267,0,1,0,0,0
874,874,0,0,0,0,00,0,0,0,1,0,0,1,0,0,0,0,00000,0,0,0,1,0,0,00268,0,1,0,0,0
875,875,0,0,0,0,00,0,0,0,1,0,0,1,0,0,0,0,00000,0,0,0,1,0,0,00269,0,1,0,0,0
876,876,0,0,0,0,00,0,0,0,1,0,0,1,0,0,0,0,00000,0,0,0,1,0,0,0026a,0,1,0,0,0
877,877,0,0,0,0,00,0,0,0,1,0,0,1,0,0,0,0,00000,0,0,0,1,0,0,0026b,0,1,0,0,0
878,878,0,0,0,0,00,0,0,0,1,0,0,1,0,0,0,0,00000,0,0,0,1,0,0,0026c,0,1,0,0,0
879,879,0,0,0,0,00,0,0,0,1,0,0,1,0,0,0,0,00000,0,0,0,1,0,0,0026d,0,1,0,0,0
880,880,0,0,0,0,00,0,0,0,1,0,0,1,0,0,0,0,00000,0,0,0,1,0,0,0026e,0,1,0,0,0
881,881,0,0,0,0,00,0,0,0,1,0,0,1,0,0,0,0,00000,0,0,0,1,0,0,0026f,0,1,0,0,0
882,882,0,0,0,0,00,0,0,0,1,0,0,1,0,0,0,0,00000,0,0,0,1,0,0,00270,0,1,0,0,0
883,883,0,0,0,0,00,0,0,0,1,0,0,1,0,0,0,0,00000,0,0,0,1,0,0,00271,0,1,0,0,0
884,884,0,0,0,0,00,0,0,0,1,0,0,1,0,0,0,0,00000,0,0,0,1,0,0,00272,0,1,0,0,0
885,885,0,0,0,0,00,0,0,0,1,0,0,1,0,0,0,0,00000,0,0,0,1,0,0,00273,0,1,0,0,0
886,886,0,0,0,0,00,0,0,0,1,0,0,1,0,0,0,0,00000,0,0,0,1,0,0,00274,0,1,0,0,0
887,887,0,0,0,0,00,0,0,0,1,0,0,1,0,0,0,0,00000,0,0,0,1,0,0,00275,0,1,0,0,0
888,888,0,0,0,0,00,0,0,0,1,0,0,1,0,0,0,0,00000,0,0,0,1,0,0,00276,0,1,0,0,0
889,889,0,0,0,0,00,0,0,0,1,0,0,1,0,0,0,0,00000,0,0,0,1,0,0,00277,0,1,0,0,0
890,890,0,0,0,0,00,0,0,0,1,0,0,1,0,0,0,0,00000,0,0,0,1,0,0,00278,0,1,0,0,0
891,891,0,0,0,0,00,0,0,0,1,0,0,1,0,0,0,0,00000,0,0,0,1,0,0,00279,0,1,0,0,0
892,892,0,0,0,0,00,0,0,0,1,0,0,1,0,0,0,0,00000,0,0,0,1,0,0,0027a,0,1,0,0,0
893,893,0,0,0,0,00,0,0,0,1,0,0,1,0,0,0,0,00000,0,0,0,1,0,0,0027b,0,1,0,0,0
894,894,0,0,0,0,00,0,0,0,1,0,0,1,0,0,0,0,00000,0,0,0,1,0,0,0027c,0,1,0,0,0
895,895,0,0,0,0,00,0,0,0,1,0,0,1,0,0,0,0,00000,0,0,0,1,0,0,0027d,0,1,0,0,0
896,896,0,0,0,0,00,0,0,0,1,0,0,1,0,0,0,0,00000,0,0,0,1,0,0,0027e,0,1,0,0,0
897,897,0,0,0,0,00,0,0,0,1,0,0,1,0,0,0,0,00000,0,0,0,1,0,0,0027f,0,1,0,0,0
898,898,0,0,0,0,00,0,0,0,1,0,0,1,0,0,0,0,00000,0,0,0,1,0,0,00280,0,1,0,0,0
899,899,0,0,0,0,00,0,0,0,1,0,0,1,0,0,0,0,00000,0,0,0,1,0,0,00281,0,1,0,0,0
900,900,0,0,0,0,00,0,0,0,1,0,0,1,0,0,0,0,00000,0,0,0,1,0,0,00282,0,1,0,0,0
901,901,0,0,0,0,00,0,0,0,1,0,0,1,0,0,0,0,00000,0,0,0,1,0,0,00283,0,1,0,0,0
902,902,0,0,0,0,00,0,0,0,1,0,0,1,0,0,0,0,00000,0,0,0,1,0,0,00284,0,1,0,0,0
903,903,0,0,0,0,00,0,0,0,1,0,0,1,0,0,0,0,00000,0,0,0,1,0,0,00285,0,1,0,0,0
904,904,0,0,0,0,00,0,0,0,1,0,0,1,0,0,0,0,00000,0,0,0,1,0,0,00286,0,1,0,0,0
905,905,0,0,0,0,00,0,0,0,1,0,0,1,0,0,0,0,00000,0,0,0,1,0,0,00287,0,1,0,0,0
906,906,0,0,0,0,00,0,0,0,1,0,0,1,0,0,0,0,00000,0,0,0,1,0,0,00288,0,1,0,0,0
907,907,0,0,0,0,00,0,0,0,1,0,0,1,0,0,0,0,00000,0,0,0,1,0,0,00289,0,1,0,0,0
908,908,0,0,0,0,00,0,0,0,1,0,0,1,0,0,0,0,00000,0,0,0,1,0,0,0028a,0,1,0,0,0
909,909,0,0,0,0,00,0,0,0,1,0,0,1,0,0,0,0,00000,0,0,0,1,0,0,0028b,0,1,0,0,0
910,910,0,0,0,0,00,0,0,0,1,0,0,1,0,0,0,0,00000,0,0,0,1,0,0,0028c,0,1,0,0,0
911,911,0,0,0,0,00,0,0,0,1,0,0,1,0,0,0,0,00000,0,0,0,1,0,0,0028d,0,1,0,0,0
912,912,0,0,0,0,00,0,0,0,1,0,0,1,0,0,0,0,00000,0,0,0,1,0,0,0028e,0,1,0,0,0
913,913,0,0,0,0,00,0,0,0,1,0,0,1,0,0,0,0,00000,0,0,0,1,0,0,0028f,0,1,0,0,0
914,914,0,0,0,0,00,0,0,0,1,0,0,1,0,0,0,0,00000,0,0,0,1,0,0,00290,0,1,0,0,0
915,915,0,0,0,0,00,0,0,0,1,0,0,1,0,0,0,0,00000,0,0,0,1,0,0,00291,0,1,0,0,0
916,916,0,0,0,0,00,0,0,0,1,0,0,1,0,0,0,0,00000,0,0,0,1,0,0,00292,0,1,0,0,0
917,917,0,0,0,0,00,0,0,0,1,0,0,1,0,0,0,0,00000,0,0,0,1,0,0,00293,0,1,0,0,0
918,918,0,0,0,0,00,0,0,0,1,0,0,1,0,0,0,0,00000,0,0,0,1,0,0,00294,0,1,0,0,0
919,919,0,0,0,0,00,0,0,0,1,0,0,1,0,0,0,0,00000,0,0,0,1,0,0,00295,0,1,0,0,0
920,920,0,0,0,0,00,0,0,0,1,0,0,1,0,0,0,0,00000,0,0,0,1,0,0,00296,0,1,0,0,0
921,921,0,0,0,0,00,0,0,0,1,0,0,1,0,0,0,0,00000,0,0,0,1,0,0,00297,0,1,0,0,0
922,922,0,0,0,0,00,0,0,0,1,0,0,1,0,0,0,0,00000,0,0,0,1,0,0,00298,0,1,0,0,0
923,923,0,0,0,0,00,0,0,0,1,0,0,1,0,0,0,0,00000,0,0,0,1,0,0,00299,0,1,0,0,0
924,924,0,0,0,0,00,0,0,0,1,0,0,1,0,0,0,0,00000,0,0,0,1,0,0,0029a,0,1,0,0,0
925,925,0,0,0,0,00,0,0,0,1,0,0,1,0,0,0,0,00000,0,0,0,1,0,0,0029b,0,1,0,0,0
926,926,0,0,0,0,00,0,0,0,1,0,0,1,0,0,0,0,00000,0,0,0,1,0,0,0029c,0,1,0,0,0
927,927,0,0,0,0,00,0,0,0,1,0,0,1,0,0,0,0,00000,0,0,0,1,0,0,0029d,0,1,0,0,0
928,928,0,0,0,0,00,0,0,0,1,0,0,1,0,0,0,0,00000,0,0,0,1,0,0,0029e,0,1,0,0,0
929,929,0,0,0,0,00,0,0,0,1,0,0,1,0,0,0,0,00000,0,0,0,1,0,0,0029f,0,1,0,0,0
930,930,0,0,0,0,00,0,0,0,1,0,0,1,0,0,0,0,00000,0,0,0,1,0,0,002a0,0,1,0,0,0
931,931,0,0,0,0,00,0,0,0,1,0,0,1,0,0,0,0,00000,0,0,0,1,0,0,002a1,0,1,0,0,0
932,932,0,0,0,0,00,0,0,0,1,0,0,1,0,0,0,0,00000,0,0,0,1,0,0,002a2,0,1,0,0,0
933,933,0,0,0,0,00,0,0,0,1,0,0,1,0,0,0,0,00000,0,0,0,1,0,0,002a3,0,1,0,0,0
934,934,0,0,0,0,00,0,0,0,1,0,0,1,0,0,0,0,00000,0,0,0,1,0,0,002a4,0,1,0,0,0
935,935,0,0,0,0,00,0,0,0,1,0,0,1,0,0,0,0,00000,0,0,0,1,0,0,002a5,0,1,0,0,0
936,936,0,0,0,0,00,0,0,0,1,0,0,1,0,0,0,0,00000,0,0,0,1,0,0,002a6,0,1,0,0,0
937,937,0,0,0,0,00,0,0,0,1,0,0,1,0,0,0,0,00000,0,0,0,1,0,0,002a7,0,1,0,0,0
938,938,0,0,0,0,00,0,0,0,1,0,0,1,0,0,0,0,00000,0,0,0,1,0,0,002a8,0,1,0,0,0
939,939,0,0,0,0,00,0,0,0,1,0,0,1,0,0,0,0,00000,0,0,0,1,0,0,002a9,0,1,0,0,0
940,940,0,0,0,0,00,0,0,0,1,0,0,1,0,0,0,0,00000,0,0,0,1,0,0,002aa,0,1,0,0,0
941,941,0,0,0,0,00,0,0,0,1,0,0,1,0,0,0,0,00000,0,0,0,1,0,0,002ab,0,1,0,0,0
942,942,0,0,0,0,00,0,0,0,1,0,0,1,0,0,0,0,00000,0,0,0,1,0,0,002ac,0,1,0,0,0
943,943,0,0,0,0,00,0,0,0,1,0,0,1,0,0,0,0,00000,0,0,0,1,0,0,002ad,0,1,0,0,0
944,944,0,0,0,0,00,0,0,0,1,0,0,1,0,0,0,0,00000,0,0,0,1,0,0,002ae,0,1,0,0,0
945,945,0,0,0,0,00,0,0,0,1,0,0,1,0,0,0,0,00000,0,0,0,1,0,0,002af,0,1,0,0,0
946,946,0,0,0,0,00,0,0,0,1,0,0,1,0,0,0,0,00000,0,0,0,1,0,0,002b0,0,1,0,0,0
947,947,0,0,0,0,00,0,0,0,1,0,0,1,0,0,0,0,00000,0,0,0,1,0,0,002b1,0,1,0,0,0
948,948,0,0,0,0,00,0,0,0,1,0,0,1,0,0,0,0,00000,0,0,0,1,0,0,002b2,0,1,0,0,0
949,949,0,0,0,0,00,0,0,0,1,0,0,1,0,0,0,0,00000,0,0,0,1,0,0,002b3,0,1,0,0,0
950,950,0,0,0,0,00,0,0,0,1,0,0,1,0,0,0,0,00000,0,0,0,1,0,0,002b4,0,1,0,0,0
951,951,0,0,0,0,00,0,0,0,1,0,0,1,0,0,0,0,00000,0,0,0,1,0,0,002b5,0,1,0,0,0
952,952,0,0,0,0,00,0,0,0,1,0,0,1,0,0,0,0,00000,0,0,0,1,0,0,002b6,0,1,0,0,0
953,953,0,0,0,0,00,0,0,0,1,0,0,1,0,0,0,0,00000,0,0,0,1,0,0,002b7,0,1,0,0,0
954,954,0,0,0,0,00,0,0,0,1,0,0,1,0,0,0,0,00000,0,0,0,1,0,0,002b8,0,1,0,0,0
955,955,0,0,0,0,00,0,0,0,1,0,0,1,0,0,0,0,00000,0,0,0,1,0,0,002b9,0,1,0,0,0
956,956,0,0,0,0,00,0,0,0,1,0,0,1,0,0,0,0,00000,0,0,0,1,0,0,002ba,0,1,0,0,0
957,957,0,0,0,0,00,0,0,0,1,0,0,1,0,0,0,0,00000,0,0,0,1,0,0,002bb,0,1,0,0,0
958,958,0,0,0,0,00,0,0,0,1,0,0,1,0,0,0,0,00000,0,0,0,1,0,0,002bc,0,1,0,0,0
959,959,0,0,0,0,00,0,0,0,1,0,0,1,0,0,0,0,00000,0,0,0,1,0,0,002bd,0,1,0,0,0
960,960,0,0,0,0,00,0,0,0,1,0,0,1,0,0,0,0,00000,0,0,0,1,0,0,002be,0,1,0,0,0
961,961,0,0,0,0,00,0,0,0,1,0,0,1,0,0,0,0,00000,0,0,0,1,0,0,002bf,0,1,0,0,0
962,962,0,0,0,0,00,0,0,0,1,0,0,1,0,0,0,0,00000,0,0,0,1,0,0,002c0,0,1,0,0,0
963,963,0,0,0,0,00,0,0,0,1,0,0,1,0,0,0,0,00000,0,0,0,1,0,0,002c1,0,1,0,0,0
964,964,0,0,0,0,00,0,0,0,1,0,0,1,0,0,0,0,00000,0,0,0,1,0,0,002c2,0,1,0,0,0
965,965,0,0,0,0,00,0,0,0,1,0,0,1,0,0,0,0,00000,0,0,0,1,0,0,002c3,0,1,0,0,0
966,966,0,0,0,0,00,0,0,0,1,0,0,1,0,0,0,0,00000,0,0,0,1,0,0,002c4,0,1,0,0,0
967,967,0,0,0,0,00,0,0,0,1,0,0,1,0,0,0,0,00000,0,0,0,1,0,0,002c5,0,1,0,0,0
968,968,0,0,0,0,00,0,0,0,1,0,0,1,0,0,0,0,00000,0,0,0,1,0,0,002c6,0,1,0,0,0
969,969,0,0,0,0,00,0,0,0,1,0,0,1,0,0,0,0,00000,0,0,0,1,0,0,002c7,0,1,0,0,0
970,970,0,0,0,0,00,0,0,0,1,0,0,1,0,0,0,0,00000,0,0,0,1,0,0,002c8,0,1,0,0,0
971,971,0,0,0,0,00,0,0,0,1,0,0,1,0,0,0,0,00000,0,0,0,1,0,0,002c9,0,1,0,0,0
972,972,0,0,0,0,00,0,0,0,1,0,0,1,0,0,0,0,00000,0,0,0,1,0,0,002ca,0,1,0,0,0
973,973,0,0,0,0,00,0,0,0,1,0,0,1,0,0,0,0,00000,0,0,0,1,0,0,002cb,0,1,0,0,0
974,974,0,0,0,0,00,0,0,0,1,0,0,1,0,0,0,0,00000,0,0,0,1,0,0,002cc,0,1,0,0,0
975,975,0,0,0,0,00,0,0,0,1,0,0,1,0,0,0,0,00000,0,0,0,1,0,0,002cd,0,1,0,0,0
976,976,0,0,0,0,00,0,0,0,1,0,0,1,0,0,0,0,00000,0,0,0,1,0,0,002ce,0,1,0,0,0
977,977,0,0,0,0,00,0,0,0,1,0,0,1,0,0,0,0,00000,0,0,0,1,0,0,002cf,0,1,0,0,0
978,978,0,0,0,0,00,0,0,0,1,0,0,1,0,0,0,0,00000,0,0,0,1,0,0,002d0,0,1,0,0,0
979,979,0,0,0,0,00,0,0,0,1,0,0,1,0,0,0,0,00000,0,0,0,1,0,0,002d1,0,1,0,0,0
980,980,0,0,0,0,00,0,0,0,1,0,0,1,0,0,0,0,00000,0,0,0,1,0,0,002d2,0,1,0,0,0
981,981,0,0,0,0,00,0,0,0,1,0,0,1,0,0,0,0,00000,0,0,0,1,0,0,002d3,0,1,0,0,0
982,982,0,0,0,0,00,0,0,0,1,0,0,1,0,0,0,0,00000,0,0,0,1,0,0,002d4,0,1,0,0,0
983,983,0,0,0,0,00,0,0,0,1,0,0,1,0,0,0,0,00000,0,0,0,1,0,0,002d5,0,1,0,0,0
984,984,0,0,0,0,00,0,0,0,1,0,0,1,0,0,0,0,00000,0,0,0,1,0,0,002d6,0,1,0,0,0
985,985,0,0,0,0,00,0,0,0,1,0,0,1,0,0,0,0,00000,0,0,0,1,0,0,002d7,0,1,0,0,0
986,986,0,0,0,0,00,0,0,0,1,0,0,1,0,0,0,0,00000,0,0,0,1,0,0,002d8,0,1,0,0,0
987,987,0,0,0,0,00,0,0,0,1,0,0,1,0,0,0,0,00000,0,0,0,1,0,0,002d9,0,1,0,0,0
988,988,0,0,0,0,00,0,0,0,1,0,0,1,0,0,0,0,00000,0,0,0,1,0,0,002da,0,1,0,0,0
989,989,0,0,0,0,00,0,0,0,1,0,0,1,0,0,0,0,00000,0,0,0,1,0,0,002db,0,1,0,0,0
990,990,0,0,0,0,00,0,0,0,1,0,0,1,0,0,0,0,00000,0,0,0,1,0,0,002dc,0,1,0,0,0
991,991,0,0,0,0,00,0,0,0,1,0,0,1,0,0,0,0,00000,0,0,0,1,0,0,002dd,0,1,0,0,0
992,992,0,0,0,0,00,0,0,0,1,0,0,1,0,0,0,0,00000,0,0,0,1,0,0,002de,0,1,0,0,0
993,993,0,0,0,0,00,0,0,0,1,0,0,1,0,0,0,0,00000,0,0,0,1,0,0,002df,0,1,0,0,0
994,994,0,0,0,0,00,0,0,0,1,0,0,1,0,0,0,0,00000,0,0,0,1,0,0,002e0,0,1,0,0,0
995,995,0,0,0,0,00,0,0,0,1,0,0,1,0,0,0,0,00000,0,0,0,1,0,0,002e1,0,1,0,0,0
996,996,0,0,0,0,00,0,0,0,1,0,0,1,0,0,0,0,00000,0,0,0,1,0,0,002e2,0,1,0,0,0
997,997,0,0,0,0,00,0,0,0,1,0,0,1,0,0,0,0,00000,0,0,0,1,0,0,002e3,0,1,0,0,0
998,998,0,0,0,0,00,0,0,0,1,0,0,1,0,0,0,0,00000,0,0,0,1,0,0,002e4,0,1,0,0,0
999,999,0,0,0,0,00,0,0,0,1,0,0,1,0,0,0,0,00000,0,0,0,1,0,0,002e5,0,1,0,0,0
1000,1000,0,0,0,0,00,0,0,0,1,0,0,1,0,0,0,0,00000,0,0,0,1,0,0,002e6,0,1,0,0,0
1001,1001,0,0,0,0,00,0,0,0,1,0,0,1,0,0,0,0,00000,0,0,0,1,0,0,002e7,0,1,0,0,0
1002,1002,0,0,0,0,00,0,0,0,1,0,0,1,0,0,0,0,00000,0,0,0,1,0,0,002e8,0,1,0,0,0
1003,1003,0,0,0,0,00,0,0,0,1,0,0,1,0,0,0,0,00000,0,0,0,1,0,0,002e9,0,1,0,0,0
1004,1004,0,0,0,0,00,0,0,0,1,0,0,1,0,0,0,0,00000,0,0,0,1,0,0,002ea,0,1,0,0,0
1005,1005,0,0,0,0,00,0,0,0,1,0,0,1,0,0,0,0,00000,0,0,0,1,0,0,002eb,0,1,0,0,0
1006,1006,0,0,0,0,00,0,0,0,1,0,0,1,0,0,0,0,00000,0,0,0,1,0,0,002ec,0,1,0,0,0
1007,1007,0,0,0,0,00,0,0,0,1,0,0,1,0,0,0,0,00000,0,0,0,1,0,0,002ed,0,1,0,0,0
1008,1008,0,0,0,0,00,0,0,0,1,0,0,1,0,0,0,0,00000,0,0,0,1,0,0,002ee,0,1,0,0,0
1009,1009,0,0,0,0,00,0,0,0,1,0,0,1,0,0,0,0,00000,0,0,0,1,0,0,002ef,0,1,0,0,0
1010,1010,0,0,0,0,00,0,0,0,1,0,0,1,0,0,0,0,00000,0,0,0,1,0,0,002f0,0,1,0,0,0
1011,1011,0,0,0,0,00,0,0,0,1,0,0,1,0,0,0,0,00000,0,0,0,1,0,0,002f1,0,1,0,0,0
1012,1012,0,0,0,0,00,0,0,0,1,0,0,1,0,0,0,0,00000,0,0,0,1,0,0,002f2,0,1,0,0,0
1013,1013,0,0,0,0,00,0,0,0,1,0,0,1,0,0,0,0,00000,0,0,0,1,0,0,002f3,0,1,0,0,0
1014,1014,0,0,0,0,00,0,0,0,1,0,0,1,0,0,0,0,00000,0,0,0,1,0,0,002f4,0,1,0,0,0
1015,1015,0,0,0,0,00,0,0,0,1,0,0,1,0,0,0,0,00000,0,0,0,1,0,0,002f5,0,1,0,0,0
1016,1016,0,0,0,0,00,0,0,0,1,0,0,1,0,0,0,0,00000,0,0,0,1,0,0,002f6,0,1,0,0,0
1017,1017,0,0,0,0,00,0,0,0,1,0,0,1,0,0,0,0,00000,0,0,0,1,0,0,002f7,0,1,0,0,0
1018,1018,0,0,0,0,00,0,0,0,1,0,0,1,0,0,0,0,00000,0,0,0,1,0,0,002f8,0,1,0,0,0
1019,1019,0,0,0,0,00,0,0,0,1,0,0,1,0,0,0,0,00000,0,0,0,1,0,0,002f9,0,1,0,0,0
1020,1020,0,0,0,0,00,0,0,0,1,0,0,1,0,0,0,0,00000,0,0,0,1,0,0,002fa,0,1,0,0,0
1021,1021,0,0,0,0,00,0,0,0,1,0,0,1,0,0,0,0,00000,0,0,0,1,0,0,002fb,0,1,0,0,0
1022,1022,0,0,0,0,00,0,0,0,1,0,0,1,0,0,0,0,00000,0,0,0,1,0,0,002fc,0,1,0,0,0
1023,1023,0,0,0,0,00,0,0,0,1,0,0,1,0,0,0,0,00000,0,0,0,1,0,0,002fd,0,1,0,0,0
1024,1024,0,0,0,0,00,0,0,0,1,0,0,1,0,0,0,0,00000,0,0,0,1,0,0,002fe,0,1,0,0,0
1025,1025,0,0,0,0,00,0,0,0,1,0,0,1,0,0,0,0,00000,0,0,0,1,0,0,002ff,0,1,0,0,0
1026,1026,0,0,0,0,00,0,0,0,1,0,0,1,0,0,0,0,00000,0,0,0,1,0,0,00300,0,1,0,0,0
1027,1027,0,0,0,0,00,0,0,0,1,0,0,1,0,0,0,0,00000,0,0,0,1,0,0,00301,0,1,0,0,0
1028,1028,0,0,0,0,00,0,0,0,1,0,0,1,0,0,0,0,00000,0,0,0,1,0,0,00302,0,1,0,0,0
1029,1029,0,0,0,0,00,0,0,0,1,0,0,1,0,0,0,0,00000,0,0,0,1,0,0,00303,0,1,0,0,0
1030,1030,0,0,0,0,00,0,0,0,1,0,0,1,0,0,0,0,00000,0,0,0,1,0,0,00304,0,1,0,0,0
1031,1031,0,0,0,0,00,0,0,0,1,0,0,1,0,0,0,0,00000,0,0,0,1,0,0,00305,0,1,0,0,0
1032,1032,0,0,0,0,00,0,0,0,1,0,0,1,0,0,0,0,00000,0,0,0,1,0,0,00306,0,1,0,0,0
1033,1033,0,0,0,0,00,0,0,0,1,0,0,1,0,0,0,0,00000,0,0,0,1,0,0,00307,0,1,0,0,0
1034,1034,0,0,0,0,00,0,0,0,1,0,0,1,0,0,0,0,00000,0,0,0,1,0,0,00308,0,1,0,0,0
1035,1035,0,0,0,0,00,0,0,0,1,0,0,1,0,0,0,0,00000,0,0,0,1,0,0,00309,0,1,0,0,0
1036,1036,0,0,0,0,00,0,0,0,1,0,0,1,0,0,0,0,00000,0,0,0,1,0,0,0030a,0,1,0,0,0
1037,1037,0,0,0,0,00,0,0,0,1,0,0,1,0,0,0,0,00000,0,0,0,1,0,0,0030b,0,1,0,0,0
1038,1038,0,0,0,0,00,0,0,0,1,0,0,1,0,0,0,0,00000,0,0,0,1,0,0,0030c,0,1,0,0,0
1039,1039,0,0,0,0,00,0,0,0,1,0,0,1,0,0,0,0,00000,0,0,0,1,0,0,0030d,0,1,0,0,0
1040,1040,0,0,0,0,00,0,0,0,1,0,0,1,0,0,0,0,00000,0,0,0,1,0,0,0030e,0,1,0,0,0
1041,1041,0,0,0,0,00,0,0,0,1,0,0,1,0,0,0,0,00000,0,0,0,1,0,0,0030f,0,1,0,0,0
1042,1042,0,0,0,0,00,0,0,0,1,0,0,1,0,0,0,0,00000,0,0,0,1,0,0,00310,0,1,0,0,0
1043,1043,0,0,0,0,00,0,0,0,1,0,0,1,0,0,0,0,00000,0,0,0,1,0,0,00311,0,1,0,0,0
1044,1044,0,0,0,0,00,0,0,0,1,0,0,1,0,0,0,0,00000,0,0,0,1,0,0,00312,0,1,0,0,0
1045,1045,0,0,0,0,00,0,0,0,1,0,0,1,0,0,0,0,00000,0,0,0,1,0,0,00313,0,1,0,0,0
1046,1046,0,0,0,0,00,0,0,0,1,0,0,1,0,0,0,0,00000,0,0,0,1,0,0,00314,0,1,0,0,0
1047,1047,0,0,0,0,00,0,0,0,1,0,0,1,0,0,0,0,00000,0,0,0,1,0,0,00315,0,1,0,0,0
1048,1048,0,0,0,0,00,0,0,0,1,0,0,1,0,0,0,0,00000,0,0,0,1,0,0,00316,0,1,0,0,0
1049,1049,0,0,0,0,00,0,0,0,1,0,0,1,0,0,0,0,00000,0,0,0,1,0,0,00317,0,1,0,0,0
1050,1050,0,0,0,0,00,0,0,0,1,0,0,1,0,0,0,0,00000,0,0,0,1,0,0,00318,0,1,0,0,0
1051,1051,0,0,0,0,00,0,0,0,1,0,0,1,0,0,0,0,00000,0,0,0,1,0,0,00319,0,1,0,0,0
1052,1052,0,0,0,0,00,0,0,0,1,0,0,1,0,0,0,0,00000,0,0,0,1,0,0,0031a,0,1,0,0,0
1053,1053,0,0,0,0,00,0,0,0,1,0,0,1,0,0,0,0,00000,0,0,0,1,0,0,0031b,0,1,0,0,0
1054,1054,0,0,0,0,00,0,0,0,1,0,0,1,0,0,0,0,00000,0,0,0,1,0,0,0031c,0,1,0,0,0
1055,1055,0,0,0,0,00,0,0,0,1,0,0,1,0,0,0,0,00000,0,0,0,1,0,0,0031d,0,1,0,0,0
1056,1056,0,0,0,0,00,0,0,0,1,0,0,1,0,0,0,0,00000,0,0,0,1,0,0,0031e,0,1,0,0,0
1057,1057,0,0,0,0,00,0,0,0,1,0,0,1,0,0,0,0,00000,0,0,0,1,0,0,0031f,0,1,0,0,0
1058,1058,0,0,0,0,00,0,0,0,1,0,0,1,0,0,0,0,00000,0,0,0,1,0,0,00320,0,1,0,0,0
1059,1059,0,0,0,0,00,0,0,0,1,0,0,1,0,0,0,0,00000,0,0,0,1,0,0,00321,0,1,0,0,0
1060,1060,0,0,0,0,00,0,0,0,1,0,0,1,0,0,0,0,00000,0,0,0,1,0,0,00322,0,1,0,0,0
1061,1061,0,0,0,0,00,0,0,0,1,0,0,1,0,0,0,0,00000,0,0,0,1,0,0,00323,0,1,0,0,0
1062,1062,0,0,0,0,00,0,0,0,1,0,0,1,0,0,0,0,00000,0,0,0,1,0,0,00324,0,1,0,0,0
1063,1063,0,0,0,0,00,0,0,0,1,0,0,1,0,0,0,0,00000,0,0,0,1,0,0,00325,0,1,0,0,0
1064,1064,0,0,0,0,00,0,0,0,1,0,0,1,0,0,0,0,00000,0,0,0,1,0,0,00326,0,1,0,0,0
1065,1065,0,0,0,0,00,0,0,0,1,0,0,1,0,0,0,0,00000,0,0,0,1,0,0,00327,0,1,0,0,0
1066,1066,0,0,0,0,00,0,0,0,1,0,0,1,0,0,0,0,00000,0,0,0,1,0,0,00328,0,1,0,0,0
1067,1067,0,0,0,0,00,0,0,0,1,0,0,1,0,0,0,0,00000,0,0,0,1,0,0,00329,0,1,0,0,0
1068,1068,0,0,0,0,00,0,0,0,1,0,0,1,0,0,0,0,00000,0,0,0,1,0,0,0032a,0,1,0,0,0
1069,1069,0,0,0,0,00,0,0,0,1,0,0,1,0,0,0,0,00000,0,0,0,1,0,0,0032b,0,1,0,0,0
1070,1070,0,0,0,0,00,0,0,0,1,0,0,1,0,0,0,0,00000,0,0,0,1,0,0,0032c,0,1,0,0,0
1071,1071,0,0,0,0,00,0,0,0,1,0,0,1,0,0,0,0,00000,0,0,0,1,0,0,0032d,0,1,0,0,0
1072,1072,0,0,0,0,00,0,0,0,1,0,0,1,0,0,0,0,00000,0,0,0,1,0,0,0032e,0,1,0,0,0
1073,1073,0,0,0,0,00,0,0,0,1,0,0,1,0,0,0,0,00000,0,0,0,1,0,0,0032f,0,1,0,0,0
1074,1074,0,0,0,0,00,0,0,0,1,0,0,1,0,0,0,0,00000,0,0,0,1,0,0,00330,0,1,0,0,0
1075,1075,0,0,0,0,00,0,0,0,1,0,0,1,0,0,0,0,00000,0,0,0,1,0,0,00331,0,1,0,0,0
1076,1076,0,0,0,0,00,0,0,0,1,0,0,1,0,0,0,0,00000,0,0,0,1,0,0,00332,0,1,0,0,0
1077,1077,0,0,0,0,00,0,0,0,1,0,0,1,0,0,0,0,00000,0,0,0,1,0,0,00333,0,1,0,0,0
1078,1078,0,0,0,0,00,0,0,0,1,0,0,1,0,0,0,0,00000,0,0,0,1,0,0,00334,0,1,0,0,0
1079,1079,0,0,0,0,00,0,0,0,1,0,0,1,0,0,0,0,00000,0,0,0,1,0,0,00335,0,1,0,0,0
1080,1080,0,0,0,0,00,0,0,0,1,0,0,1,0,0,0,0,00000,0,0,0,1,0,0,00336,0,1,0,0,0
1081,1081,0,0,0,0,00,0,0,0,1,0,0,1,0,0,0,0,00000,0,0,0,1,0,0,00337,0,1,0,0,0
1082,1082,0,0,0,0,00,0,0,0,1,0,0,1,0,0,0,0,00000,0,0,0,1,0,0,00338,0,1,0,0,0
1083,1083,0,0,0,0,00,0,0,0,1,0,0,1,0,0,0,0,00000,0,0,0,1,0,0,00339,0,1,0,0,0
1084,1084,0,0,0,0,00,0,0,0,1,0,0,1,0,0,0,0,00000,0,0,0,1,0,0,0033a,0,1,0,0,0
1085,1085,0,0,0,0,00,0,0,0,1,0,0,1,0,0,0,0,00000,0,0,0,1,0,0,0033b,0,1,0,0,0
1086,1086,0,0,0,0,00,0,0,0,1,0,0,1,0,0,0,0,00000,0,0,0,1,0,0,0033c,0,1,0,0,0
1087,1087,0,0,0,0,00,0,0,0,1,0,0,1,0,0,0,0,00000,0,0,0,1,0,0,0033d,0,1,0,0,0
1088,1088,0,0,0,0,00,0,0,0,1,0,0,1,0,0,0,0,00000,0,0,0,1,0,0,0033e,0,1,0,0,0
1089,1089,0,0,0,0,00,0,0,0,1,0,0,1,0,0,0,0,00000,0,0,0,1,0,0,0033f,0,1,0,0,0
1090,1090,0,0,0,0,00,0,0,0,1,0,0,1,0,0,0,0,00000,0,0,0,1,0,0,00340,0,1,0,0,0
1091,1091,0,0,0,0,00,0,0,0,1,0,0,1,0,0,0,0,00000,0,0,0,1,0,0,00341,0,1,0,0,0
1092,1092,0,0,0,0,00,0,0,0,1,0,0,1,0,0,0,0,00000,0,0,0,1,0,0,00342,0,1,0,0,0
1093,1093,0,0,0,0,00,0,0,0,1,0,0,1,0,0,0,0,00000,0,0,0,1,0,0,00343,0,1,0,0,0
1094,1094,0,0,0,0,00,0,0,0,1,0,0,1,0,0,0,0,00000,0,0,0,1,0,0,00344,0,1,0,0,0
1095,1095,0,0,0,0,00,0,0,0,1,0,0,1,0,0,0,0,00000,0,0,0,1,0,0,00345,0,1,0,0,0
1096,1096,0,0,0,0,00,0,0,0,1,0,0,1,0,0,0,0,00000,0,0,0,1,0,0,00346,0,1,0,0,0
1097,1097,0,0,0,0,00,0,0,0,1,0,0,1,0,0,0,0,00000,0,0,0,1,0,0,00347,0,1,0,0,0
1098,1098,0,0,0,0,00,0,0,0,1,0,0,1,0,0,0,0,00000,0,0,0,1,0,0,00348,0,1,0,0,0
1099,1099,0,0,0,0,00,0,0,0,1,0,0,1,0,0,0,0,00000,0,0,0,1,0,0,00349,0,1,0,0,0
1100,1100,0,0,0,0,00,0,0,0,1,0,0,1,0,0,0,0,00000,0,0,0,1,0,0,0034a,0,1,0,0,0
1101,1101,0,0,0,0,00,0,0,0,1,0,0,1,0,0,0,0,00000,0,0,0,1,0,0,0034b,0,1,0,0,0
1102,1102,0,0,0,0,00,0,0,0,1,0,0,1,0,0,0,0,00000,0,0,0,1,0,0,0034c,0,1,0,0,0
1103,1103,0,0,0,0,00,0,0,0,1,0,0,1,0,0,0,0,00000,0,0,0,1,0,0,0034d,0,1,0,0,0
1104,1104,0,0,0,0,00,0,0,0,1,0,0,1,0,0,0,0,00000,0,0,0,1,0,0,0034e,0,1,0,0,0
1105,1105,0,0,0,0,00,0,0,0,1,0,0,1,0,0,0,0,00000,0,0,0,1,0,0,0034f,0,1,0,0,0
1106,1106,0,0,0,0,00,0,0,0,1,0,0,1,0,0,0,0,00000,0,0,0,1,0,0,00350,0,1,0,0,0
1107,1107,0,0,0,0,00,0,0,0,1,0,0,1,0,0,0,0,00000,0,0,0,1,0,0,00351,0,1,0,0,0
1108,1108,0,0,0,0,00,0,0,0,1,0,0,1,0,0,0,0,00000,0,0,0,1,0,0,00352,0,1,0,0,0
1109,1109,0,0,0,0,00,0,0,0,1,0,0,1,0,0,0,0,00000,0,0,0,1,0,0,00353,0,1,0,0,0
1110,1110,0,0,0,0,00,0,0,0,1,0,0,1,0,0,0,0,00000,0,0,0,1,0,0,00354,0,1,0,0,0
1111,1111,0,0,0,0,00,0,0,0,1,0,0,1,0,0,0,0,00000,0,0,0,1,0,0,00355,0,1,0,0,0
1112,1112,0,0,0,0,00,0,0,0,1,0,0,1,0,0,0,0,00000,0,0,0,1,0,0,00356,0,1,0,0,0
1113,1113,0,0,0,0,00,0,0,0,1,0,0,1,0,0,0,0,00000,0,0,0,1,0,0,00357,0,1,0,0,0
1114,1114,0,0,0,0,00,0,0,0,1,0,0,1,0,0,0,0,00000,0,0,0,1,0,0,00358,0,1,0,0,0
1115,1115,0,0,0,0,00,0,0,0,1,0,0,1,0,0,0,0,00000,0,0,0,1,0,0,00359,0,1,0,0,0
1116,1116,0,0,0,0,00,0,0,0,1,0,0,1,0,0,0,0,00000,0,0,0,1,0,0,0035a,0,1,0,0,0
1117,1117,0,0,0,0,00,0,0,0,1,0,0,1,0,0,0,0,00000,0,0,0,1,0,0,0035b,0,1,0,0,0
1118,1118,0,0,0,0,00,0,0,0,1,0,0,1,0,0,0,0,00000,0,0,0,1,0,0,0035c,0,1,0,0,0
1119,1119,0,0,0,0,00,0,0,0,1,0,0,1,0,0,0,0,00000,0,0,0,1,0,0,0035d,0,1,0,0,0
1120,1120,0,0,0,0,00,0,0,0,1,0,0,1,0,0,0,0,00000,0,0,0,1,0,0,0035e,0,1,0,0,0
1121,1121,0,0,0,0,00,0,0,0,1,0,0,1,0,0,0,0,00000,0,0,0,1,0,0,0035f,0,1,0,0,0
1122,1122,0,0,0,0,00,0,0,0,1,0,0,1,0,0,0,0,00000,0,0,0,1,0,0,00360,0,1,0,0,0
1123,1123,0,0,0,0,00,0,0,0,1,0,0,1,0,0,0,0,00000,0,0,0,1,0,0,00361,0,1,0,0,0
1124,1124,0,0,0,0,00,0,0,0,1,0,0,1,0,0,0,0,00000,0,0,0,1,0,0,00362,0,1,0,0,0
1125,1125,0,0,0,0,00,0,0,0,1,0,0,1,0,0,0,0,00000,0,0,0,1,0,0,00363,0,1,0,0,0
1126,1126,0,0,0,0,00,0,0,0,1,0,0,1,0,0,0,0,00000,0,0,0,1,0,0,00364,0,1,0,0,0
1127,1127,0,0,0,0,00,0,0,0,1,0,0,1,0,0,0,0,00000,0,0,0,1,0,0,00365,0,1,0,0,0
1128,1128,0,0,0,0,00,0,0,0,1,0,0,1,0,0,0,0,00000,0,0,0,1,0,0,00366,0,1,0,0,0
1129,1129,0,0,0,0,00,0,0,0,1,0,0,1,0,0,0,0,00000,0,0,0,1,0,0,00367,0,1,0,0,0
1130,1130,0,0,0,0,00,0,0,0,1,0,0,1,0,0,0,0,00000,0,0,0,1,0,0,00368,0,1,0,0,0
1131,1131,0,0,0,0,00,0,0,0,1,0,0,1,0,0,0,0,00000,0,0,0,1,0,0,00369,0,1,0,0,0
1132,1132,0,0,0,0,00,0,0,0,1,0,0,1,0,0,0,0,00000,0,0,0,1,0,0,0036a,0,1,0,0,0
1133,1133,0,0,0,0,00,0,0,0,1,0,0,1,0,0,0,0,00000,0,0,0,1,0,0,0036b,0,1,0,0,0
1134,1134,0,0,0,0,00,0,0,0,1,0,0,1,0,0,0,0,00000,0,0,0,1,0,0,0036c,0,1,0,0,0
1135,1135,0,0,0,0,00,0,0,0,1,0,0,1,0,0,0,0,00000,0,0,0,1,0,0,0036d,0,1,0,0,0
1136,1136,0,0,0,0,00,0,0,0,1,0,0,1,0,0,0,0,00000,0,0,0,1,0,0,0036e,0,1,0,0,0
1137,1137,0,0,0,0,00,0,0,0,1,0,0,1,0,0,0,0,00000,0,0,0,1,0,0,0036f,0,1,0,0,0
1138,1138,0,0,0,0,00,0,0,0,1,0,0,1,0,0,0,0,00000,0,0,0,1,0,0,00370,0,1,0,0,0
1139,1139,0,0,0,0,00,0,0,0,1,0,0,1,0,0,0,0,00000,0,0,0,1,0,0,00371,0,1,0,0,0
1140,1140,0,0,0,0,00,0,0,0,1,0,0,1,0,0,0,0,00000,0,0,0,1,0,0,00372,0,1,0,0,0
1141,1141,0,0,0,0,00,0,0,0,1,0,0,1,0,0,0,0,00000,0,0,0,1,0,0,00373,0,1,0,0,0
1142,1142,0,0,0,0,00,0,0,0,1,0,0,1,0,0,0,0,00000,0,0,0,1,0,0,00374,0,1,0,0,0
1143,1143,0,0,0,0,00,0,0,0,1,0,0,1,0,0,0,0,00000,0,0,0,1,0,0,00375,0,1,0,0,0
1144,1144,0,0,0,0,00,0,0,0,1,0,0,1,0,0,0,0,00000,0,0,0,1,0,0,00376,0,1,0,0,0
1145,1145,0,0,0,0,00,0,0,0,1,0,0,1,0,0,0,0,00000,0,0,0,1,0,0,00377,0,1,0,0,0
1146,1146,0,0,0,0,00,0,0,0,1,0,0,1,0,0,0,0,00000,0,0,0,1,0,0,00378,0,1,0,0,0
1147,1147,0,0,0,0,00,0,0,0,1,0,0,1,0,0,0,0,00000,0,0,0,1,0,0,00379,0,1,0,0,0
1148,1148,0,0,0,0,00,0,0,0,1,0,0,1,0,0,0,0,00000,0,0,0,1,0,0,0037a,0,1,0,0,0
1149,1149,0,0,0,0,00,0,0,0,1,0,0,1,0,0,0,0,00000,0,0,0,1,0,0,0037b,0,1,0,0,0
1150,1150,0,0,0,0,00,0,0,0,1,0,0,1,0,0,0,0,00000,0,0,0,1,0,0,0037c,0,1,0,0,0
1151,1151,0,0,0,0,00,0,0,0,1,0,0,1,0,0,0,0,00000,0,0,0,1,0,0,0037d,0,1,0,0,0
1152,1152,0,0,0,0,00,0,0,0,1,0,0,1,0,0,0,0,00000,0,0,0,1,0,0,0037e,0,1,0,0,0
1153,1153,0,0,0,0,00,0,0,0,1,0,0,1,0,0,0,0,00000,0,0,0,1,0,0,0037f,0,1,0,0,0
1154,1154,0,0,0,0,00,0,0,0,1,0,0,1,0,0,0,0,00000,0,0,0,1,0,0,00380,0,1,0,0,0
1155,1155,0,0,0,0,00,0,0,0,1,0,0,1,0,0,0,0,00000,0,0,0,1,0,0,00381,0,1,0,0,0
1156,1156,0,0,0,0,00,0,0,0,1,0,0,1,0,0,0,0,00000,0,0,0,1,0,0,00382,0,1,0,0,0
1157,1157,0,0,0,0,00,0,0,0,1,0,0,1,0,0,0,0,00000,0,0,0,1,0,0,00383,0,1,0,0,0
1158,1158,0,0,0,0,00,0,0,0,1,0,0,1,0,0,0,0,00000,0,0,0,1,0,0,00384,0,1,0,0,0
1159,1159,0,0,0,0,00,0,0,0,1,0,0,1,0,0,0,0,00000,0,0,0,1,0,0,00385,0,1,0,0,0
1160,1160,0,0,0,0,00,0,0,0,1,0,0,1,0,0,0,0,00000,0,0,0,1,0,0,00386,0,1,0,0,0
1161,1161,0,0,0,0,00,0,0,0,1,0,0,1,0,0,0,0,00000,0,0,0,1,0,0,00387,0,1,0,0,0
1162,1162,0,0,0,0,00,0,0,0,1,0,0,1,0,0,0,0,00000,0,0,0,1,0,0,00388,0,1,0,0,0
1163,1163,0,0,0,0,00,0,0,0,1,0,0,1,0,0,0,0,00000,0,0,0,1,0,0,00389,0,1,0,0,0
1164,1164,0,0,0,0,00,0,0,0,1,0,0,1,0,0,0,0,00000,0,0,0,1,0,0,0038a,0,1,0,0,0
1165,1165,0,0,0,0,00,0,0,0,1,0,0,1,0,0,0,0,00000,0,0,0,1,0,0,0038b,0,1,0,0,0
1166,1166,0,0,0,0,00,0,0,0,1,0,0,1,0,0,0,0,00000,0,0,0,1,0,0,0038c,0,1,0,0,0
1167,1167,0,0,0,0,00,0,0,0,1,0,0,1,0,0,0,0,00000,0,0,0,1,0,0,0038d,0,1,0,0,0
1168,1168,0,0,0,0,00,0,0,0,1,0,0,1,0,0,0,0,00000,0,0,0,1,0,0,0038e,0,1,0,0,0
1169,1169,0,0,0,0,00,0,0,0,1,0,0,1,0,0,0,0,00000,0,0,0,1,0,0,0038f,0,1,0,0,0
1170,1170,0,0,0,0,00,0,0,0,1,0,0,1,0,0,0,0,00000,0,0,0,1,0,0,00390,0,1,0,0,0
1171,1171,0,0,0,0,00,0,0,0,1,0,0,1,0,0,0,0,00000,0,0,0,1,0,0,00391,0,1,0,0,0
1172,1172,0,0,0,0,00,0,0,0,1,0,0,1,0,0,0,0,00000,0,0,0,1,0,0,00392,0,1,0,0,0
1173,1173,0,0,0,0,00,0,0,0,1,0,0,1,0,0,0,0,00000,0,0,0,1,0,0,00393,0,1,0,0,0
1174,1174,0,0,0,0,00,0,0,0,1,0,0,1,0,0,0,0,00000,0,0,0,1,0,0,00394,0,1,0,0,0
1175,1175,0,0,0,0,00,0,0,0,1,0,0,1,0,0,0,0,00000,0,0,0,1,0,0,00395,0,1,0,0,0
1176,1176,0,0,0,0,00,0,0,0,1,0,0,1,0,0,0,0,00000,0,0,0,1,0,0,00396,0,1,0,0,0
1177,1177,0,0,0,0,00,0,0,0,1,0,0,1,0,0,0,0,00000,0,0,0,1,0,0,00397,0,1,0,0,0
1178,1178,0,0,0,0,00,0,0,0,1,0,0,1,0,0,0,0,00000,0,0,0,1,0,0,00398,0,1,0,0,0
1179,1179,0,0,0,0,00,0,0,0,1,0,0,1,0,0,0,0,00000,0,0,0,1,0,0,00399,0,1,0,0,0
1180,1180,0,0,0,0,00,0,0,0,1,0,0,1,0,0,0,0,00000,0,0,0,1,0,0,0039a,0,1,0,0,0
1181,1181,0,0,0,0,00,0,0,0,1,0,0,1,0,0,0,0,00000,0,0,0,1,0,0,0039b,0,1,0,0,0
1182,1182,0,0,0,0,00,0,0,0,1,0,0,1,0,0,0,0,00000,0,0,0,1,0,0,0039c,0,1,0,0,0
1183,1183,0,0,0,0,00,0,0,0,1,0,0,1,0,0,0,0,00000,0,0,0,1,0,0,0039d,0,1,0,0,0
1184,1184,0,0,0,0,00,0,0,0,1,0,0,1,0,0,0,0,00000,0,0,0,1,0,0,0039e,0,1,0,0,0
1185,1185,0,0,0,0,00,0,0,0,1,0,0,1,0,0,0,0,00000,0,0,0,1,0,0,0039f,0,1,0,0,0
1186,1186,0,0,0,0,00,0,0,0,1,0,0,1,0,0,0,0,00000,0,0,0,1,0,0,003a0,0,1,0,0,0
1187,1187,0,0,0,0,00,0,0,0,1,0,0,1,0,0,0,0,00000,0,0,0,1,0,0,003a1,0,1,0,0,0
1188,1188,0,0,0,0,00,0,0,0,1,0,0,1,0,0,0,0,00000,0,0,0,1,0,0,003a2,0,1,0,0,0
1189,1189,0,0,0,0,00,0,0,0,1,0,0,1,0,0,0,0,00000,0,0,0,1,0,0,003a3,0,1,0,0,0
1190,1190,0,0,0,0,00,0,0,0,1,0,0,1,0,0,0,0,00000,0,0,0,1,0,0,003a4,0,1,0,0,0
1191,1191,0,0,0,0,00,0,0,0,1,0,0,1,0,0,0,0,00000,0,0,0,1,0,0,003a5,0,1,0,0,0
1192,1192,0,0,0,0,00,0,0,0,1,0,0,1,0,0,0,0,00000,0,0,0,1,0,0,003a6,0,1,0,0,0
1193,1193,0,0,0,0,00,0,0,0,1,0,0,1,0,0,0,0,00000,0,0,0,1,0,0,003a7,0,1,0,0,0
1194,1194,0,0,0,0,00,0,0,0,1,0,0,1,0,0,0,0,00000,0,0,0,1,0,0,003a8,0,1,0,0,0
1195,1195,0,0,0,0,00,0,0,0,1,0,0,1,0,0,0,0,00000,0,0,0,1,0,0,003a9,0,1,0,0,0
1196,1196,0,0,0,0,00,0,0,0,1,0,0,1,0,0,0,0,00000,0,0,0,1,0,0,003aa,0,1,0,0,0
1197,1197,0,0,0,0,00,0,0,0,1,0,0,1,0,0,0,0,00000,0,0,0,1,0,0,003ab,0,1,0,0,0
1198,1198,0,0,0,0,00,0,0,0,1,0,0,1,0,0,0,0,00000,0,0,0,1,0,0,003ac,0,1,0,0,0
1199,1199,0,0,0,0,00,0,0,0,1,0,0,1,0,0,0,0,00000,0,0,0,1,0,0,003ad,0,1,0,0,0
1200,1200,0,0,0,0,00,0,0,0,1,0,0,1,0,0,0,0,00000,0,0,0,1,0,0,003ae,0,1,0,0,0
1201,1201,0,0,0,0,00,0,0,0,1,0,0,1,0,0,0,0,00000,0,0,0,1,0,0,003af,0,1,0,0,0
1202,1202,0,0,0,0,00,0,0,0,1,0,0,1,0,0,0,0,00000,0,0,0,1,0,0,003b0,0,1,0,0,0
1203,1203,0,0,0,0,00,0,0,0,1,0,0,1,0,0,0,0,00000,0,0,0,1,0,0,003b1,0,1,0,0,0
1204,1204,0,0,0,0,00,0,0,0,1,0,0,1,0,0,0,0,00000,0,0,0,1,0,0,003b2,0,1,0,0,0
1205,1205,0,0,0,0,00,0,0,0,1,0,0,1,0,0,0,0,00000,0,0,0,1,0,0,003b3,0,1,0,0,0
1206,1206,0,0,0,0,00,0,0,0,1,0,0,1,0,0,0,0,00000,0,0,0,1,0,0,003b4,0,1,0,0,0
1207,1207,0,0,0,0,00,0,0,0,1,0,0,1,0,0,0,0,00000,0,0,0,1,0,0,003b5,0,1,0,0,0
1208,1208,0,0,0,0,00,0,0,0,1,0,0,1,0,0,0,0,00000,0,0,0,1,0,0,003b6,0,1,0,0,0
1209,1209,0,0,0,0,00,0,0,0,1,0,0,1,0,0,0,0,00000,0,0,0,1,0,0,003b7,0,1,0,0,0
1210,1210,0,0,0,0,00,0,0,0,1,0,0,1,0,0,0,0,00000,0,0,0,1,0,0,003b8,0,1,0,0,0
1211,1211,0,0,0,0,00,0,0,0,1,0,0,1,0,0,0,0,00000,0,0,0,1,0,0,003b9,0,1,0,0,0
1212,1212,0,0,0,0,00,0,0,0,1,0,0,1,0,0,0,0,00000,0,0,0,1,0,0,003ba,0,1,0,0,0
1213,1213,0,0,0,0,00,0,0,0,1,0,0,1,0,0,0,0,00000,0,0,0,1,0,0,003bb,0,1,0,0,0
1214,1214,0,0,0,0,00,0,0,0,1,0,0,1,0,0,0,0,00000,0,0,0,1,0,0,003bc,0,1,0,0,0
1215,1215,0,0,0,0,00,0,0,0,1,0,0,1,0,0,0,0,00000,0,0,0,1,0,0,003bd,0,1,0,0,0
1216,1216,0,0,0,0,00,0,0,0,1,0,0,1,0,0,0,0,00000,0,0,0,1,0,0,003be,0,1,0,0,0
1217,1217,0,0,0,0,00,0,0,0,1,0,0,1,0,0,0,0,00000,0,0,0,1,0,0,003bf,0,1,0,0,0
1218,1218,0,0,0,0,00,0,0,0,1,0,0,1,0,0,0,0,00000,0,0,0,1,0,0,003c0,0,1,0,0,0
1219,1219,0,0,0,0,00,0,0,0,1,0,0,1,0,0,0,0,00000,0,0,0,1,0,0,003c1,0,1,0,0,0
1220,1220,0,0,0,0,00,0,0,0,1,0,0,1,0,0,0,0,00000,0,0,0,1,0,0,003c2,0,1,0,0,0
1221,1221,0,0,0,0,00,0,0,0,1,0,0,1,0,0,0,0,00000,0,0,0,1,0,0,003c3,0,1,0,0,0
1222,1222,0,0,0,0,00,0,0,0,1,0,0,1,0,0,0,0,00000,0,0,0,1,0,0,003c4,0,1,0,0,0
1223,1223,0,0,0,0,00,0,0,0,1,0,0,1,0,0,0,0,00000,0,0,0,1,0,0,003c5,0,1,0,0,0
1224,1224,0,0,0,0,00,0,0,0,1,0,0,1,0,0,0,0,00000,0,0,0,1,0,0,003c6,0,1,0,0,0
1225,1225,0,0,0,0,00,0,0,0,1,0,0,1,0,0,0,0,00000,0,0,0,1,0,0,003c7,0,1,0,0,0
1226,1226,0,0,0,0,00,0,0,0,1,0,0,1,0,0,0,0,00000,0,0,0,1,0,0,003c8,0,1,0,0,0
1227,1227,0,0,0,0,00,0,0,0,1,0,0,1,0,0,0,0,00000,0,0,0,1,0,0,003c9,0,1,0,0,0
1228,1228,0,0,0,0,00,0,0,0,1,0,0,1,0,0,0,0,00000,0,0,0,1,0,0,003ca,0,1,0,0,0
1229,1229,0,0,0,0,00,0,0,0,1,0,0,1,0,0,0,0,00000,0,0,0,1,0,0,003cb,0,1,0,0,0
1230,1230,0,0,0,0,00,0,0,0,1,0,0,1,0,0,0,0,00000,0,0,0,1,0,0,003cc,0,1,0,0,0
1231,1231,0,0,0,0,00,0,0,0,1,0,0,1,0,0,0,0,00000,0,0,0,1,0,0,003cd,0,1,0,0,0
1232,1232,0,0,0,0,00,0,0,0,1,0,0,1,0,0,0,0,00000,0,0,0,1,0,0,003ce,0,1,0,0,0
1233,1233,0,0,0,0,00,0,0,0,1,0,0,1,0,0,0,0,00000,0,0,0,1,0,0,003cf,0,1,0,0,0
1234,1234,0,0,0,0,00,0,0,0,1,0,0,1,0,0,0,0,00000,0,0,0,1,0,0,003d0,0,1,0,0,0
1235,1235,0,0,0,0,00,0,0,0,1,0,0,1,0,0,0,0,00000,0,0,0,1,0,0,003d1,0,1,0,0,0
1236,1236,0,0,0,0,00,0,0,0,1,0,0,1,0,0,0,0,00000,0,0,0,1,0,0,003d2,0,1,0,0,0
1237,1237,0,0,0,0,00,0,0,0,1,0,0,1,0,0,0,0,00000,0,0,0,1,0,0,003d3,0,1,0,0,0
1238,1238,0,0,0,0,00,0,0,0,1,0,0,1,0,0,0,0,00000,0,0,0,1,0,0,003d4,0,1,0,0,0
1239,1239,0,0,0,0,00,0,0,0,1,0,0,1,0,0,0,0,00000,0,0,0,1,0,0,003d5,0,1,0,0,0
1240,1240,0,0,0,0,00,0,0,0,1,0,0,1,0,0,0,0,00000,0,0,0,1,0,0,003d6,0,1,0,0,0
1241,1241,0,0,0,0,00,0,0,0,1,0,0,1,0,0,0,0,00000,0,0,0,1,0,0,003d7,0,1,0,0,0
1242,1242,0,0,0,0,00,0,0,0,1,0,0,1,0,0,0,0,00000,0,0,0,1,0,0,003d8,0,1,0,0,0
1243,1243,0,0,0,0,00,0,0,0,1,0,0,1,0,0,0,0,00000,0,0,0,1,0,0,003d9,0,1,0,0,0
1244,1244,0,0,0,0,00,0,0,0,1,0,0,1,0,0,0,0,00000,0,0,0,1,0,0,003da,0,1,0,0,0
1245,1245,0,0,0,0,00,0,0,0,1,0,0,1,0,0,0,0,00000,0,0,0,1,0,0,003db,0,1,0,0,0
1246,1246,0,0,0,0,00,0,0,0,1,0,0,1,0,0,0,0,00000,0,0,0,1,0,0,003dc,0,1,0,0,0
1247,1247,0,0,0,0,00,0,0,0,1,0,0,1,0,0,0,0,00000,0,0,0,1,0,0,003dd,0,1,0,0,0
1248,1248,0,0,0,0,00,0,0,0,1,0,0,1,0,0,0,0,00000,0,0,0,1,0,0,003de,0,1,0,0,0
1249,1249,0,0,0,0,00,0,0,0,1,0,0,1,0,0,0,0,00000,0,0,0,1,0,0,003df,0,1,0,0,0
1250,1250,0,0,0,0,00,0,0,0,1,0,0,1,0,0,0,0,00000,0,0,0,1,0,0,003e0,0,1,0,0,0
1251,1251,0,0,0,0,00,0,0,0,1,0,0,1,0,0,0,0,00000,0,0,0,1,0,0,003e1,0,1,0,0,0
1252,1252,0,0,0,0,00,0,0,0,1,0,0,1,0,0,0,0,00000,0,0,0,1,0,0,003e2,0,1,0,0,0
1253,1253,0,0,0,0,00,0,0,0,1,0,0,1,0,0,0,0,00000,0,0,0,1,0,0,003e3,0,1,0,0,0
1254,1254,0,0,0,0,00,0,0,0,1,0,0,1,0,0,0,0,00000,0,0,0,1,0,0,003e4,0,1,0,0,0
1255,1255,0,0,0,0,00,0,0,0,1,0,0,1,0,0,0,0,00000,0,0,0,1,0,0,003e5,0,1,0,0,0
1256,1256,0,0,0,0,00,0,0,0,1,0,0,1,0,0,0,0,00000,0,0,0,1,0,0,003e6,0,1,0,0,0
1257,1257,0,0,0,0,00,0,0,0,1,0,0,1,0,0,0,0,00000,0,0,0,1,0,0,003e7,0,1,0,0,0
1258,1258,0,0,0,0,00,0,0,0,1,0,0,1,0,0,0,0,00000,0,0,0,1,0,0,003e8,0,1,0,0,0
1259,1259,0,0,0,0,00,0,0,0,1,0,0,1,0,0,0,0,00000,0,0,0,1,0,0,003e9,0,1,0,0,0
1260,1260,0,0,0,0,00,0,0,0,1,0,0,1,0,0,0,0,00000,0,0,0,1,0,0,003ea,0,1,0,0,0
1261,1261,0,0,0,0,00,0,0,0,1,0,0,1,0,0,0,0,00000,0,0,0,1,0,0,003eb,0,1,0,0,0
1262,1262,0,0,0,0,00,0,0,0,1,0,0,1,0,0,0,0,00000,0,0,0,1,0,0,003ec,0,1,0,0,0
1263,1263,0,0,0,0,00,0,0,0,1,0,0,1,0,0,0,0,00000,0,0,0,1,0,0,003ed,0,1,0,0,0
1264,1264,0,0,0,0,00,0,0,0,1,0,0,1,0,0,0,0,00000,0,0,0,1,0,0,003ee,0,1,0,0,0
1265,1265,0,0,0,0,00,0,0,0,1,0,0,1,0,0,0,0,00000,0,0,0,1,0,0,003ef,0,1,0,0,0
1266,1266,0,0,0,0,00,0,0,0,1,0,0,1,0,0,0,0,00000,0,0,0,1,0,0,003f0,0,1,0,0,0
1267,1267,0,0,0,0,00,0,0,0,1,0,0,1,0,0,0,0,00000,0,0,0,1,0,0,003f1,0,1,0,0,0
1268,1268,0,0,0,0,00,0,0,0,1,0,0,1,0,0,0,0,00000,0,0,0,1,0,0,003f2,0,1,0,0,0
1269,1269,0,0,0,0,00,0,0,0,1,0,0,1,0,0,0,0,00000,0,0,0,1,0,0,003f3,0,1,0,0,0
1270,1270,0,0,0,0,00,0,0,0,1,0,0,1,0,0,0,0,00000,0,0,0,1,0,0,003f4,0,1,0,0,0
1271,1271,0,0,0,0,00,0,0,0,1,0,0,1,0,0,0,0,00000,0,0,0,1,0,0,003f5,0,1,0,0,0
1272,1272,0,0,0,0,00,0,0,0,1,0,0,1,0,0,0,0,00000,0,0,0,1,0,0,003f6,0,1,0,0,0
1273,1273,0,0,0,0,00,0,0,0,1,0,0,1,0,0,0,0,00000,0,0,0,1,0,0,003f7,0,1,0,0,0
1274,1274,0,0,0,0,00,0,0,0,1,0,0,1,0,0,0,0,00000,0,0,0,1,0,0,003f8,0,1,0,0,0
1275,1275,0,0,0,0,00,0,0,0,1,0,0,1,0,0,0,0,00000,0,0,0,1,0,0,003f9,0,1,0,0,0
1276,1276,0,0,0,0,00,0,0,0,1,0,0,1,0,0,0,0,00000,0,0,0,1,0,0,003fa,0,1,0,0,0
1277,1277,0,0,0,0,00,0,0,0,1,0,0,1,0,0,0,0,00000,0,0,0,1,0,0,003fb,0,1,0,0,0
1278,1278,0,0,0,0,00,0,0,0,1,0,0,1,0,0,0,0,00000,0,0,0,1,0,0,003fc,0,1,0,0,0
1279,1279,0,0,0,0,00,0,0,0,1,0,0,1,0,0,0,0,00000,0,0,0,1,0,0,003fd,0,1,0,0,0
1280,1280,0,0,0,0,00,0,0,0,1,0,0,1,0,0,0,0,00000,0,0,0,1,0,0,003fe,0,1,0,0,0
1281,1281,0,0,0,0,00,0,0,0,1,0,0,1,0,0,0,0,00000,0,0,0,1,0,0,003ff,0,1,0,0,0
1282,1282,0,0,0,0,00,0,0,0,1,0,0,1,0,0,0,0,00000,0,0,0,1,0,0,00400,0,1,0,0,0
1283,1283,0,0,0,0,00,0,0,0,1,0,0,1,0,0,0,0,00000,0,0,0,1,0,0,00401,0,1,0,0,0
1284,1284,0,0,0,0,00,0,0,0,1,0,0,1,0,0,0,0,00000,0,0,0,1,0,0,00402,0,1,0,0,0
1285,1285,0,0,0,0,00,0,0,0,1,0,0,1,0,0,0,0,00000,0,0,0,1,0,0,00403,0,1,0,0,0
1286,1286,0,0,0,0,00,0,0,0,1,0,0,1,0,0,0,0,00000,0,0,0,1,0,0,00404,0,1,0,0,0
1287,1287,0,0,0,0,00,0,0,0,1,0,0,1,0,0,0,0,00000,0,0,0,1,0,0,00405,0,1,0,0,0
1288,1288,0,0,0,0,00,0,0,0,1,0,0,1,0,0,0,0,00000,0,0,0,1,0,0,00406,0,1,0,0,0
1289,1289,0,0,0,0,00,0,0,0,1,0,0,1,0,0,0,0,00000,0,0,0,1,0,0,00407,0,1,0,0,0
1290,1290,0,0,0,0,00,0,0,0,1,0,0,1,0,0,0,0,00000,0,0,0,1,0,0,00408,0,1,0,0,0
1291,1291,0,0,0,0,00,0,0,0,1,0,0,1,0,0,0,0,00000,0,0,0,1,0,0,00409,0,1,0,0,0
1292,1292,0,0,0,0,00,0,0,0,1,0,0,1,0,0,0,0,00000,0,0,0,1,0,0,0040a,0,1,0,0,0
1293,1293,0,0,0,0,00,0,0,0,1,0,0,1,0,0,0,0,00000,0,0,0,1,0,0,0040b,0,1,0,0,0
1294,1294,0,0,0,0,00,0,0,0,1,0,0,1,0,0,0,0,00000,0,0,0,1,0,0,0040c,0,1,0,0,0
1295,1295,0,0,0,0,00,0,0,0,1,0,0,1,0,0,0,0,00000,0,0,0,1,0,0,0040d,0,1,0,0,0
1296,1296,0,0,0,0,00,0,0,0,1,0,0,1,0,0,0,0,00000,0,0,0,1,0,0,0040e,0,1,0,0,0
1297,1297,0,0,0,0,00,0,0,0,1,0,0,1,0,0,0,0,00000,0,0,0,1,0,0,0040f,0,1,0,0,0
1298,1298,0,0,0,0,00,0,0,0,1,0,0,1,0,0,0,0,00000,0,0,0,1,0,0,00410,0,1,0,0,0
1299,1299,0,0,0,0,00,0,0,0,1,0,0,1,0,0,0,0,00000,0,0,0,1,0,0,00411,0,1,0,0,0
1300,1300,0,0,0,0,00,0,0,0,1,0,0,1,0,0,0,0,00000,0,0,0,1,0,0,00412,0,1,0,0,0
1301,1301,0,0,0,0,00,0,0,0,1,0,0,1,0,0,0,0,00000,0,0,0,1,0,0,00413,0,1,0,0,0
1302,1302,0,0,0,0,00,0,0,0,1,0,0,1,0,0,0,0,00000,0,0,0,1,0,0,00414,0,1,0,0,0
1303,1303,0,0,0,0,00,0,0,0,1,0,0,1,0,0,0,0,00000,0,0,0,1,0,0,00415,0,1,0,0,0
1304,1304,0,0,0,0,00,0,0,0,1,0,0,1,0,0,0,0,00000,0,0,0,1,0,0,00416,0,1,0,0,0
1305,1305,0,0,0,0,00,0,0,0,1,0,0,1,0,0,0,0,00000,0,0,0,1,0,0,00417,0,1,0,0,0
1306,1306,0,0,0,0,00,0,0,0,1,0,0,1,0,0,0,0,00000,0,0,0,1,0,0,00418,0,1,0,0,0
1307,1307,0,0,0,0,00,0,0,0,1,0,0,1,0,0,0,0,00000,0,0,0,1,0,0,00419,0,1,0,0,0
1308,1308,0,0,0,0,00,0,0,0,1,0,0,1,0,0,0,0,00000,0,0,0,1,0,0,0041a,0,1,0,0,0
1309,1309,0,0,0,0,00,0,0,0,1,0,0,1,0,0,0,0,00000,0,0,0,1,0,0,0041b,0,1,0,0,0
1310,1310,0,0,0,0,00,0,0,0,1,0,0,1,0,0,0,0,00000,0,0,0,1,0,0,0041c,0,1,0,0,0
1311,1311,0,0,0,0,00,0,0,0,1,0,0,1,0,0,0,0,00000,0,0,0,1,0,0,0041d,0,1,0,0,0
1312,1312,0,0,0,0,00,0,0,0,1,0,0,1,0,0,0,0,00000,0,0,0,1,0,0,0041e,0,1,0,0,0
1313,1313,0,0,0,0,00,0,0,0,1,0,0,1,0,0,0,0,00000,0,0,0,1,0,0,0041f,0,1,0,0,0
1314,1314,0,0,0,0,00,0,0,0,1,0,0,1,0,0,0,0,00000,0,0,0,1,0,0,00420,0,1,0,0,0
1315,1315,0,0,0,0,00,0,0,0,1,0,0,1,0,0,0,0,00000,0,0,0,1,0,0,00421,0,1,0,0,0
1316,1316,0,0,0,0,00,0,0,0,1,0,0,1,0,0,0,0,00000,0,0,0,1,0,0,00422,0,1,0,0,0
1317,1317,0,0,0,0,00,0,0,0,1,0,0,1,0,0,0,0,00000,0,0,0,1,0,0,00423,0,1,0,0,0
1318,1318,0,0,0,0,00,0,0,0,1,0,0,1,0,0,0,0,00000,0,0,0,1,0,0,00424,0,1,0,0,0
1319,1319,0,0,0,0,00,0,0,0,1,0,0,1,0,0,0,0,00000,0,0,0,1,0,0,00425,0,1,0,0,0
1320,1320,0,0,0,0,00,0,0,0,1,0,0,1,0,0,0,0,00000,0,0,0,1,0,0,00426,0,1,0,0,0
1321,1321,0,0,0,0,00,0,0,0,1,0,0,1,0,0,0,0,00000,0,0,0,1,0,0,00427,0,1,0,0,0
1322,1322,0,0,0,0,00,0,0,0,1,0,0,1,0,0,0,0,00000,0,0,0,1,0,0,00428,0,1,0,0,0
1323,1323,0,0,0,0,00,0,0,0,1,0,0,1,0,0,0,0,00000,0,0,0,1,0,0,00429,0,1,0,0,0
1324,1324,0,0,0,0,00,0,0,0,1,0,0,1,0,0,0,0,00000,0,0,0,1,0,0,0042a,0,1,0,0,0
1325,1325,0,0,0,0,00,0,0,0,1,0,0,1,0,0,0,0,00000,0,0,0,1,0,0,0042b,0,1,0,0,0
1326,1326,0,0,0,0,00,0,0,0,1,0,0,1,0,0,0,0,00000,0,0,0,1,0,0,0042c,0,1,0,0,0
1327,1327,0,0,0,0,00,0,0,0,1,0,0,1,0,0,0,0,00000,0,0,0,1,0,0,0042d,0,1,0,0,0
1328,1328,0,0,0,0,00,0,0,0,1,0,0,1,0,0,0,0,00000,0,0,0,1,0,0,0042e,0,1,0,0,0
1329,1329,0,0,0,0,00,0,0,0,1,0,0,1,0,0,0,0,00000,0,0,0,1,0,0,0042f,0,1,0,0,0
1330,1330,0,0,0,0,00,0,0,0,1,0,0,1,0,0,0,0,00000,0,0,0,1,0,0,00430,0,1,0,0,0
1331,1331,0,0,0,0,00,0,0,0,1,0,0,1,0,0,0,0,00000,0,0,0,1,0,0,00431,0,1,0,0,0
1332,1332,0,0,0,0,00,0,0,0,1,0,0,1,0,0,0,0,00000,0,0,0,1,0,0,00432,0,1,0,0,0
1333,1333,0,0,0,0,00,0,0,0,1,0,0,1,0,0,0,0,00000,0,0,0,1,0,0,00433,0,1,0,0,0
1334,1334,0,0,0,0,00,0,0,0,1,0,0,1,0,0,0,0,00000,0,0,0,1,0,0,00434,0,1,0,0,0
1335,1335,0,0,0,0,00,0,0,0,1,0,0,1,0,0,0,0,00000,0,0,0,1,0,0,00435,0,1,0,0,0
1336,1336,0,0,0,0,00,0,0,0,1,0,0,1,0,0,0,0,00000,0,0,0,1,0,0,00436,0,1,0,0,0
1337,1337,0,0,0,0,00,0,0,0,1,0,0,1,0,0,0,0,00000,0,0,0,1,0,0,00437,0,1,0,0,0
1338,1338,0,0,0,0,00,0,0,0,1,0,0,1,0,0,0,0,00000,0,0,0,1,0,0,00438,0,1,0,0,0
1339,1339,0,0,0,0,00,0,0,0,1,0,0,1,0,0,0,0,00000,0,0,0,1,0,0,00439,0,1,0,0,0
1340,1340,0,0,0,0,00,0,0,0,1,0,0,1,0,0,0,0,00000,0,0,0,1,0,0,0043a,0,1,0,0,0
1341,1341,0,0,0,0,00,0,0,0,1,0,0,1,0,0,0,0,00000,0,0,0,1,0,0,0043b,0,1,0,0,0
1342,1342,0,0,0,0,00,0,0,0,1,0,0,1,0,0,0,0,00000,0,0,0,1,0,0,0043c,0,1,0,0,0
1343,1343,0,0,0,0,00,0,0,0,1,0,0,1,0,0,0,0,00000,0,0,0,1,0,0,0043d,0,1,0,0,0
1344,1344,0,0,0,0,00,0,0,0,1,0,0,1,0,0,0,0,00000,0,0,0,1,0,0,0043e,0,1,0,0,0
1345,1345,0,0,0,0,00,0,0,0,1,0,0,1,0,0,0,0,00000,0,0,0,1,0,0,0043f,0,1,0,0,0
1346,1346,0,0,0,0,00,0,0,0,1,0,0,1,0,0,0,0,00000,0,0,0,1,0,0,00440,0,1,0,0,0
1347,1347,0,0,0,0,00,0,0,0,1,0,0,1,0,0,0,0,00000,0,0,0,1,0,0,00441,0,1,0,0,0
1348,1348,0,0,0,0,00,0,0,0,1,0,0,1,0,0,0,0,00000,0,0,0,1,0,0,00442,0,1,0,0,0
1349,1349,0,0,0,0,00,0,0,0,1,0,0,1,0,0,0,0,00000,0,0,0,1,0,0,00443,0,1,0,0,0
1350,1350,0,0,0,0,00,0,0,0,1,0,0,1,0,0,0,0,00000,0,0,0,1,0,0,00444,0,1,0,0,0
1351,1351,0,0,0,0,00,0,0,0,1,0,0,1,0,0,0,0,00000,0,0,0,1,0,0,00445,0,1,0,0,0
1352,1352,0,0,0,0,00,0,0,0,1,0,0,1,0,0,0,0,00000,0,0,0,1,0,0,00446,0,1,0,0,0
1353,1353,0,0,0,0,00,0,0,0,1,0,0,1,0,0,0,0,00000,0,0,0,1,0,0,00447,0,1,0,0,0
1354,1354,0,0,0,0,00,0,0,0,1,0,0,1,0,0,0,0,00000,0,0,0,1,0,0,00448,0,1,0,0,0
1355,1355,0,0,0,0,00,0,0,0,1,0,0,1,0,0,0,0,00000,0,0,0,1,0,0,00449,0,1,0,0,0
1356,1356,0,0,0,0,00,0,0,0,1,0,0,1,0,0,0,0,00000,0,0,0,1,0,0,0044a,0,1,0,0,0
1357,1357,0,0,0,0,00,0,0,0,1,0,0,1,0,0,0,0,00000,0,0,0,1,0,0,0044b,0,1,0,0,0
1358,1358,0,0,0,0,00,0,0,0,1,0,0,1,0,0,0,0,00000,0,0,0,1,0,0,0044c,0,1,0,0,0
1359,1359,0,0,0,0,00,0,0,0,1,0,0,1,0,0,0,0,00000,0,0,0,1,0,0,0044d,0,1,0,0,0
1360,1360,0,0,0,0,00,0,0,0,1,0,0,1,0,0,0,0,00000,0,0,0,1,0,0,0044e,0,1,0,0,0
1361,1361,0,0,0,0,00,0,0,0,1,0,0,1,0,0,0,0,00000,0,0,0,1,0,0,0044f,0,1,0,0,0
1362,1362,0,0,0,0,00,0,0,0,1,0,0,1,0,0,0,0,00000,0,0,0,1,0,0,00450,0,1,0,0,0
1363,1363,0,0,0,0,00,0,0,0,1,0,0,1,0,0,0,0,00000,0,0,0,1,0,0,00451,0,1,0,0,0
1364,1364,0,0,0,0,00,0,0,0,1,0,0,1,0,0,0,0,00000,0,0,0,1,0,0,00452,0,1,0,0,0
1365,1365,0,0,0,0,00,0,0,0,1,0,0,1,0,0,0,0,00000,0,0,0,1,0,0,00453,0,1,0,0,0
1366,1366,0,0,0,0,00,0,0,0,1,0,0,1,0,0,0,0,00000,0,0,0,1,0,0,00454,0,1,0,0,0
1367,1367,0,0,0,0,00,0,0,0,1,0,0,1,0,0,0,0,00000,0,0,0,1,0,0,00455,0,1,0,0,0
1368,1368,0,0,0,0,00,0,0,0,1,0,0,1,0,0,0,0,00000,0,0,0,1,0,0,00456,0,1,0,0,0
1369,1369,0,0,0,0,00,0,0,0,1,0,0,1,0,0,0,0,00000,0,0,0,1,0,0,00457,0,1,0,0,0
1370,1370,0,0,0,0,00,0,0,0,1,0,0,1,0,0,0,0,00000,0,0,0,1,0,0,00458,0,1,0,0,0
1371,1371,0,0,0,0,00,0,0,0,1,0,0,1,0,0,0,0,00000,0,0,0,1,0,0,00459,0,1,0,0,0
1372,1372,0,0,0,0,00,0,0,0,1,0,0,1,0,0,0,0,00000,0,0,0,1,0,0,0045a,0,1,0,0,0
1373,1373,0,0,0,0,00,0,0,0,1,0,0,1,0,0,0,0,00000,0,0,0,1,0,0,0045b,0,1,0,0,0
1374,1374,0,0,0,0,00,0,0,0,1,0,0,1,0,0,0,0,00000,0,0,0,1,0,0,0045c,0,1,0,0,0
1375,1375,0,0,0,0,00,0,0,0,1,0,0,1,0,0,0,0,00000,0,0,0,1,0,0,0045d,0,1,0,0,0
1376,1376,0,0,0,0,00,0,0,0,1,0,0,1,0,0,0,0,00000,0,0,0,1,0,0,0045e,0,1,0,0,0
1377,1377,0,0,0,0,00,0,0,0,1,0,0,1,0,0,0,0,00000,0,0,0,1,0,0,0045f,0,1,0,0,0
1378,1378,0,0,0,0,00,0,0,0,1,0,0,1,0,0,0,0,00000,0,0,0,1,0,0,00460,0,1,0,0,0
1379,1379,0,0,0,0,00,0,0,0,1,0,0,1,0,0,0,0,00000,0,0,0,1,0,0,00461,0,1,0,0,0
1380,1380,0,0,0,0,00,0,0,0,1,0,0,1,0,0,0,0,00000,0,0,0,1,0,0,00462,0,1,0,0,0
1381,1381,0,0,0,0,00,0,0,0,1,0,0,1,0,0,0,0,00000,0,0,0,1,0,0,00463,0,1,0,0,0
1382,1382,0,0,0,0,00,0,0,0,1,0,0,1,0,0,0,0,00000,0,0,0,1,0,0,00464,0,1,0,0,0
1383,1383,0,0,0,0,00,0,0,0,1,0,0,1,0,0,0,0,00000,0,0,0,1,0,0,00465,0,1,0,0,0
1384,1384,0,0,0,0,00,0,0,0,1,0,0,1,0,0,0,0,00000,0,0,0,1,0,0,00466,0,1,0,0,0
1385,1385,0,0,0,0,00,0,0,0,1,0,0,1,0,0,0,0,00000,0,0,0,1,0,0,00467,0,1,0,0,0
1386,1386,0,0,0,0,00,0,0,0,1,0,0,1,0,0,0,0,00000,0,0,0,1,0,0,00468,0,1,0,0,0
1387,1387,0,0,0,0,00,0,0,0,1,0,0,1,0,0,0,0,00000,0,0,0,1,0,0,00469,0,1,0,0,0
1388,1388,0,0,0,0,00,0,0,0,1,0,0,1,0,0,0,0,00000,0,0,0,1,0,0,0046a,0,1,0,0,0
1389,1389,0,0,0,0,00,0,0,0,1,0,0,1,0,0,0,0,00000,0,0,0,1,0,0,0046b,0,1,0,0,0
1390,1390,0,0,0,0,00,0,0,0,1,0,0,1,0,0,0,0,00000,0,0,0,1,0,0,0046c,0,1,0,0,0
1391,1391,0,0,0,0,00,0,0,0,1,0,0,1,0,0,0,0,00000,0,0,0,1,0,0,0046d,0,1,0,0,0
1392,1392,0,0,0,0,00,0,0,0,1,0,0,1,0,0,0,0,00000,0,0,0,1,0,0,0046e,0,1,0,0,0
1393,1393,0,0,0,0,00,0,0,0,1,0,0,1,0,0,0,0,00000,0,0,0,1,0,0,0046f,0,1,0,0,0
1394,1394,0,0,0,0,00,0,0,0,1,0,0,1,0,0,0,0,00000,0,0,0,1,0,0,00470,0,1,0,0,0
1395,1395,0,0,0,0,00,0,0,0,1,0,0,1,0,0,0,0,00000,0,0,0,1,0,0,00471,0,1,0,0,0
1396,1396,0,0,0,0,00,0,0,0,1,0,0,1,0,0,0,0,00000,0,0,0,1,0,0,00472,0,1,0,0,0
1397,1397,0,0,0,0,00,0,0,0,1,0,0,1,0,0,0,0,00000,0,0,0,1,0,0,00473,0,1,0,0,0
1398,1398,0,0,0,0,00,0,0,0,1,0,0,1,0,0,0,0,00000,0,0,0,1,0,0,00474,0,1,0,0,0
1399,1399,0,0,0,0,00,0,0,0,1,0,0,1,0,0,0,0,00000,0,0,0,1,0,0,00475,0,1,0,0,0
1400,1400,0,0,0,0,00,0,0,0,1,0,0,1,0,0,0,0,00000,0,0,0,1,0,0,00476,0,1,0,0,0
1401,1401,0,0,0,0,00,0,0,0,1,0,0,1,0,0,0,0,00000,0,0,0,1,0,0,00477,0,1,0,0,0
1402,1402,0,0,0,0,00,0,0,0,1,0,0,1,0,0,0,0,00000,0,0,0,1,0,0,00478,0,1,0,0,0
1403,1403,0,0,0,0,00,0,0,0,1,0,0,1,0,0,0,0,00000,0,0,0,1,0,0,00479,0,1,0,0,0
1404,1404,0,0,0,0,00,0,0,0,1,0,0,1,0,0,0,0,00000,0,0,0,1,0,0,0047a,0,1,0,0,0
1405,1405,0,0,0,0,00,0,0,0,1,0,0,1,0,0,0,0,00000,0,0,0,1,0,0,0047b,0,1,0,0,0
1406,1406,0,0,0,0,00,0,0,0,1,0,0,1,0,0,0,0,00000,0,0,0,1,0,0,0047c,0,1,0,0,0
1407,1407,0,0,0,0,00,0,0,0,1,0,0,1,0,0,0,0,00000,0,0,0,1,0,0,0047d,0,1,0,0,0
1408,1408,0,0,0,0,00,0,0,0,1,0,0,1,0,0,0,0,00000,0,0,0,1,0,0,0047e,0,1,0,0,0
1409,1409,0,0,0,0,00,0,0,0,1,0,0,1,0,0,0,0,00000,0,0,0,1,0,0,0047f,0,1,0,0,0
1410,1410,0,0,0,0,00,0,0,0,1,0,0,1,0,0,0,0,00000,0,0,0,1,0,0,00480,0,1,0,0,0
1411,1411,0,0,0,0,00,0,0,0,1,0,0,1,0,0,0,0,00000,0,0,0,1,0,0,00481,0,1,0,0,0
1412,1412,0,0,0,0,00,0,0,0,1,0,0,1,0,0,0,0,00000,0,0,0,1,0,0,00482,0,1,0,0,0
1413,1413,0,0,0,0,00,0,0,0,1,0,0,1,0,0,0,0,00000,0,0,0,1,0,0,00483,0,1,0,0,0
1414,1414,0,0,0,0,00,0,0,0,1,0,0,1,0,0,0,0,00000,0,0,0,1,0,0,00484,0,1,0,0,0
1415,1415,0,0,0,0,00,0,0,0,1,0,0,1,0,0,0,0,00000,0,0,0,1,0,0,00485,0,1,0,0,0
1416,1416,0,0,0,0,00,0,0,0,1,0,0,1,0,0,0,0,00000,0,0,0,1,0,0,00486,0,1,0,0,0
1417,1417,0,0,0,0,00,0,0,0,1,0,0,1,0,0,0,0,00000,0,0,0,1,0,0,00487,0,1,0,0,0
1418,1418,0,0,0,0,00,0,0,0,1,0,0,1,0,0,0,0,00000,0,0,0,1,0,0,00488,0,1,0,0,0
1419,1419,0,0,0,0,00,0,0,0,1,0,0,1,0,0,0,0,00000,0,0,0,1,0,0,00489,0,1,0,0,0
1420,1420,0,0,0,0,00,0,0,0,1,0,0,1,0,0,0,0,00000,0,0,0,1,0,0,0048a,0,1,0,0,0
1421,1421,0,0,0,0,00,0,0,0,1,0,0,1,0,0,0,0,00000,0,0,0,1,0,0,0048b,0,1,0,0,0
1422,1422,0,0,0,0,00,0,0,0,1,0,0,1,0,0,0,0,00000,0,0,0,1,0,0,0048c,0,1,0,0,0
1423,1423,0,0,0,0,00,0,0,0,1,0,0,1,0,0,0,0,00000,0,0,0,1,0,0,0048d,0,1,0,0,0
1424,1424,0,0,0,0,00,0,0,0,1,0,0,1,0,0,0,0,00000,0,0,0,1,0,0,0048e,0,1,0,0,0
1425,1425,0,0,0,0,00,0,0,0,1,0,0,1,0,0,0,0,00000,0,0,0,1,0,0,0048f,0,1,0,0,0
1426,1426,0,0,0,0,00,0,0,0,1,0,0,1,0,0,0,0,00000,0,0,0,1,0,0,00490,0,1,0,0,0
1427,1427,0,0,0,0,00,0,0,0,1,0,0,1,0,0,0,0,00000,0,0,0,1,0,0,00491,0,1,0,0,0
1428,1428,0,0,0,0,00,0,0,0,1,0,0,1,0,0,0,0,00000,0,0,0,1,0,0,00492,0,1,0,0,0
1429,1429,0,0,0,0,00,0,0,0,1,0,0,1,0,0,0,0,00000,0,0,0,1,0,0,00493,0,1,0,0,0
1430,1430,0,0,0,0,00,0,0,0,1,0,0,1,0,0,0,0,00000,0,0,0,1,0,0,00494,0,1,0,0,0
1431,1431,0,0,0,0,00,0,0,0,1,0,0,1,0,0,0,0,00000,0,0,0,1,0,0,00495,0,1,0,0,0
1432,1432,0,0,0,0,00,0,0,0,1,0,0,1,0,0,0,0,00000,0,0,0,1,0,0,00496,0,1,0,0,0
1433,1433,0,0,0,0,00,0,0,0,1,0,0,1,0,0,0,0,00000,0,0,0,1,0,0,00497,0,1,0,0,0
1434,1434,0,0,0,0,00,0,0,0,1,0,0,1,0,0,0,0,00000,0,0,0,1,0,0,00498,0,1,0,0,0
1435,1435,0,0,0,0,00,0,0,0,1,0,0,1,0,0,0,0,00000,0,0,0,1,0,0,00499,0,1,0,0,0
1436,1436,0,0,0,0,00,0,0,0,1,0,0,1,0,0,0,0,00000,0,0,0,1,0,0,0049a,0,1,0,0,0
1437,1437,0,0,0,0,00,0,0,0,1,0,0,1,0,0,0,0,00000,0,0,0,1,0,0,0049b,0,1,0,0,0
1438,1438,0,0,0,0,00,0,0,0,1,0,0,1,0,0,0,0,00000,0,0,0,1,0,0,0049c,0,1,0,0,0
1439,1439,0,0,0,0,00,0,0,0,1,0,0,1,0,0,0,0,00000,0,0,0,1,0,0,0049d,0,1,0,0,0
1440,1440,0,0,0,0,00,0,0,0,1,0,0,1,0,0,0,0,00000,0,0,0,1,0,0,0049e,0,1,0,0,0
1441,1441,0,0,0,0,00,0,0,0,1,0,0,1,0,0,0,0,00000,0,0,0,1,0,0,0049f,0,1,0,0,0
1442,1442,0,0,0,0,00,0,0,0,1,0,0,1,0,0,0,0,00000,0,0,0,1,0,0,004a0,0,1,0,0,0
1443,1443,0,0,0,0,00,0,0,0,1,0,0,1,0,0,0,0,00000,0,0,0,1,0,0,004a1,0,1,0,0,0
1444,1444,0,0,0,0,00,0,0,0,1,0,0,1,0,0,0,0,00000,0,0,0,1,0,0,004a2,0,1,0,0,0
1445,1445,0,0,0,0,00,0,0,0,1,0,0,1,0,0,0,0,00000,0,0,0,1,0,0,004a3,0,1,0,0,0
1446,1446,0,0,0,0,00,0,0,0,1,0,0,1,0,0,0,0,00000,0,0,0,1,0,0,004a4,0,1,0,0,0
1447,1447,0,0,0,0,00,0,0,0,1,0,0,1,0,0,0,0,00000,0,0,0,1,0,0,004a5,0,1,0,0,0
1448,1448,0,0,0,0,00,0,0,0,1,0,0,1,0,0,0,0,00000,0,0,0,1,0,0,004a6,0,1,0,0,0
1449,1449,0,0,0,0,00,0,0,0,1,0,0,1,0,0,0,0,00000,0,0,0,1,0,0,004a7,0,1,0,0,0
1450,1450,0,0,0,0,00,0,0,0,1,0,0,1,0,0,0,0,00000,0,0,0,1,0,0,004a8,0,1,0,0,0
1451,1451,0,0,0,0,00,0,0,0,1,0,0,1,0,0,0,0,00000,0,0,0,1,0,0,004a9,0,1,0,0,0
1452,1452,0,0,0,0,00,0,0,0,1,0,0,1,0,0,0,0,00000,0,0,0,1,0,0,004aa,0,1,0,0,0
1453,1453,0,0,0,0,00,0,0,0,1,0,0,1,0,0,0,0,00000,0,0,0,1,0,0,004ab,0,1,0,0,0
1454,1454,0,0,0,0,00,0,0,0,1,0,0,1,0,0,0,0,00000,0,0,0,1,0,0,004ac,0,1,0,0,0
1455,1455,0,0,0,0,00,0,0,0,1,0,0,1,0,0,0,0,00000,0,0,0,1,0,0,004ad,0,1,0,0,0
1456,1456,0,0,0,0,00,0,0,0,1,0,0,1,0,0,0,0,00000,0,0,0,1,0,0,004ae,0,1,0,0,0
1457,1457,0,0,0,0,00,0,0,0,1,0,0,1,0,0,0,0,00000,0,0,0,1,0,0,004af,0,1,0,0,0
1458,1458,0,0,0,0,00,0,0,0,1,0,0,1,0,0,0,0,00000,0,0,0,1,0,0,004b0,0,1,0,0,0
1459,1459,0,0,0,0,00,0,0,0,1,0,0,1,0,0,0,0,00000,0,0,0,1,0,0,004b1,0,1,0,0,0
1460,1460,0,0,0,0,00,0,0,0,1,0,0,1,0,0,0,0,00000,0,0,0,1,0,0,004b2,0,1,0,0,0
1461,1461,0,0,0,0,00,0,0,0,1,0,0,1,0,0,0,0,00000,0,0,0,1,0,0,004b3,0,1,0,0,0
1462,1462,0,0,0,0,00,0,0,0,1,0,0,1,0,0,0,0,00000,0,0,0,1,0,0,004b4,0,1,0,0,0
1463,1463,0,0,0,0,00,0,0,0,1,0,0,1,0,0,0,0,00000,0,0,0,1,0,0,004b5,0,1,0,0,0
1464,1464,0,0,0,0,00,0,0,0,1,0,0,1,0,0,0,0,00000,0,0,0,1,0,0,004b6,0,1,0,0,0
1465,1465,0,0,0,0,00,0,0,0,1,0,0,1,0,0,0,0,00000,0,0,0,1,0,0,004b7,0,1,0,0,0
1466,1466,0,0,0,0,00,0,0,0,1,0,0,1,0,0,0,0,00000,0,0,0,1,0,0,004b8,0,1,0,0,0
1467,1467,0,0,0,0,00,0,0,0,1,0,0,1,0,0,0,0,00000,0,0,0,1,0,0,004b9,0,1,0,0,0
1468,1468,0,0,0,0,00,0,0,0,1,0,0,1,0,0,0,0,00000,0,0,0,1,0,0,004ba,0,1,0,0,0
1469,1469,0,0,0,0,00,0,0,0,1,0,0,1,0,0,0,0,00000,0,0,0,1,0,0,004bb,0,1,0,0,0
1470,1470,0,0,0,0,00,0,0,0,1,0,0,1,0,0,0,0,00000,0,0,0,1,0,0,004bc,0,1,0,0,0
1471,1471,0,0,0,0,00,0,0,0,1,0,0,1,0,0,0,0,00000,0,0,0,1,0,0,004bd,0,1,0,0,0
1472,1472,0,0,0,0,00,0,0,0,1,0,0,1,0,0,0,0,00000,0,0,0,1,0,0,004be,0,1,0,0,0
1473,1473,0,0,0,0,00,0,0,0,1,0,0,1,0,0,0,0,00000,0,0,0,1,0,0,004bf,0,1,0,0,0
1474,1474,0,0,0,0,00,0,0,0,1,0,0,1,0,0,0,0,00000,0,0,0,1,0,0,004c0,0,1,0,0,0
1475,1475,0,0,0,0,00,0,0,0,1,0,0,1,0,0,0,0,00000,0,0,0,1,0,0,004c1,0,1,0,0,0
1476,1476,0,0,0,0,00,0,0,0,1,0,0,1,0,0,0,0,00000,0,0,0,1,0,0,004c2,0,1,0,0,0
1477,1477,0,0,0,0,00,0,0,0,1,0,0,1,0,0,0,0,00000,0,0,0,1,0,0,004c3,0,1,0,0,0
1478,1478,0,0,0,0,00,0,0,0,1,0,0,1,0,0,0,0,00000,0,0,0,1,0,0,004c4,0,1,0,0,0
1479,1479,0,0,0,0,00,0,0,0,1,0,0,1,0,0,0,0,00000,0,0,0,1,0,0,004c5,0,1,0,0,0
1480,1480,0,0,0,0,00,0,0,0,1,0,0,1,0,0,0,0,00000,0,0,0,1,0,0,004c6,0,1,0,0,0
1481,1481,0,0,0,0,00,0,0,0,1,0,0,1,0,0,0,0,00000,0,0,0,1,0,0,004c7,0,1,0,0,0
1482,1482,0,0,0,0,00,0,0,0,1,0,0,1,0,0,0,0,00000,0,0,0,1,0,0,004c8,0,1,0,0,0
1483,1483,0,0,0,0,00,0,0,0,1,0,0,1,0,0,0,0,00000,0,0,0,1,0,0,004c9,0,1,0,0,0
1484,1484,0,0,0,0,00,0,0,0,1,0,0,1,0,0,0,0,00000,0,0,0,1,0,0,004ca,0,1,0,0,0
1485,1485,0,0,0,0,00,0,0,0,1,0,0,1,0,0,0,0,00000,0,0,0,1,0,0,004cb,0,1,0,0,0
1486,1486,0,0,0,0,00,0,0,0,1,0,0,1,0,0,0,0,00000,0,0,0,1,0,0,004cc,0,1,0,0,0
1487,1487,0,0,0,0,00,0,0,0,1,0,0,1,0,0,0,0,00000,0,0,0,1,0,0,004cd,0,1,0,0,0
1488,1488,0,0,0,0,00,0,0,0,1,0,0,1,0,0,0,0,00000,0,0,0,1,0,0,004ce,0,1,0,0,0
1489,1489,0,0,0,0,00,0,0,0,1,0,0,1,0,0,0,0,00000,0,0,0,1,0,0,004cf,0,1,0,0,0
1490,1490,0,0,0,0,00,0,0,0,1,0,0,1,0,0,0,0,00000,0,0,0,1,0,0,004d0,0,1,0,0,0
1491,1491,0,0,0,0,00,0,0,0,1,0,0,1,0,0,0,0,00000,0,0,0,1,0,0,004d1,0,1,0,0,0
1492,1492,0,0,0,0,00,0,0,0,1,0,0,1,0,0,0,0,00000,0,0,0,1,0,0,004d2,0,1,0,0,0
1493,1493,0,0,0,0,00,0,0,0,1,0,0,1,0,0,0,0,00000,0,0,0,1,0,0,004d3,0,1,0,0,0
1494,1494,0,0,0,0,00,0,0,0,1,0,0,1,0,0,0,0,00000,0,0,0,1,0,0,004d4,0,1,0,0,0
1495,1495,0,0,0,0,00,0,0,0,1,0,0,1,0,0,0,0,00000,0,0,0,1,0,0,004d5,0,1,0,0,0
1496,1496,0,0,0,0,00,0,0,0,1,0,0,1,0,0,0,0,00000,0,0,0,1,0,0,004d6,0,1,0,0,0
1497,1497,0,0,0,0,00,0,0,0,1,0,0,1,0,0,0,0,00000,0,0,0,1,0,0,004d7,0,1,0,0,0
1498,1498,0,0,0,0,00,0,0,0,1,0,0,1,0,0,0,0,00000,0,0,0,1,0,0,004d8,0,1,0,0,0
1499,1499,0,0,0,0,00,0,0,0,1,0,0,1,0,0,0,0,00000,0,0,0,1,0,0,004d9,0,1,0,0,0
1500,1500,0,0,0,0,00,0,0,0,1,0,0,1,0,0,0,0,00000,0,0,0,1,0,0,004da,0,1,0,0,0
1501,1501,0,0,0,0,00,0,0,0,1,0,0,1,0,0,0,0,00000,0,0,0,1,0,0,004db,0,1,0,0,0
1502,1502,0,0,0,0,00,0,0,0,1,0,0,1,0,0,0,0,00000,0,0,0,1,0,0,004dc,0,1,0,0,0
1503,1503,0,0,0,0,00,0,0,0,1,0,0,1,0,0,0,0,00000,0,0,0,1,0,0,004dd,0,1,0,0,0
1504,1504,0,0,0,0,00,0,0,0,1,0,0,1,0,0,0,0,00000,0,0,0,1,0,0,004de,0,1,0,0,0
1505,1505,0,0,0,0,00,0,0,0,1,0,0,1,0,0,0,0,00000,0,0,0,1,0,0,004df,0,1,0,0,0
1506,1506,0,0,0,0,00,0,0,0,1,0,0,1,0,0,0,0,00000,0,0,0,1,0,0,004e0,0,1,0,0,0
1507,1507,0,0,0,0,00,0,0,0,1,0,0,1,0,0,0,0,00000,0,0,0,1,0,0,004e1,0,1,0,0,0
1508,1508,0,0,0,0,00,0,0,0,1,0,0,1,0,0,0,0,00000,0,0,0,1,0,0,004e2,0,1,0,0,0
1509,1509,0,0,0,0,00,0,0,0,1,0,0,1,0,0,0,0,00000,0,0,0,1,0,0,004e3,0,1,0,0,0
1510,1510,0,0,0,0,00,0,0,0,1,0,0,1,0,0,0,0,00000,0,0,0,1,0,0,004e4,0,1,0,0,0
1511,1511,0,0,0,0,00,0,0,0,1,0,0,1,0,0,0,0,00000,0,0,0,1,0,0,004e5,0,1,0,0,0
1512,1512,0,0,0,0,00,0,0,0,1,0,0,1,0,0,0,0,00000,0,0,0,1,0,0,004e6,0,1,0,0,0
1513,1513,0,0,0,0,00,0,0,0,1,0,0,1,0,0,0,0,00000,0,0,0,1,0,0,004e7,0,1,0,0,0
1514,1514,0,0,0,0,00,0,0,0,1,0,0,1,0,0,0,0,00000,0,0,0,1,0,0,004e8,0,1,0,0,0
1515,1515,0,0,0,0,00,0,0,0,1,0,0,1,0,0,0,0,00000,0,0,0,1,0,0,004e9,0,1,0,0,0
1516,1516,0,0,0,0,00,0,0,0,1,0,0,1,0,0,0,0,00000,0,0,0,1,0,0,004ea,0,1,0,0,0
1517,1517,0,0,0,0,00,0,0,0,1,0,0,1,0,0,0,0,00000,0,0,0,1,0,0,004eb,0,1,0,0,0
1518,1518,0,0,0,0,00,0,0,0,1,0,0,1,0,0,0,0,00000,0,0,0,1,0,0,004ec,0,1,0,0,0
1519,1519,0,0,0,0,00,0,0,0,1,0,0,1,0,0,0,0,00000,0,0,0,1,0,0,004ed,0,1,0,0,0
1520,1520,0,0,0,0,00,0,0,0,1,0,0,1,0,0,0,0,00000,0,0,0,1,0,0,004ee,0,1,0,0,0
1521,1521,0,0,0,0,00,0,0,0,1,0,0,1,0,0,0,0,00000,0,0,0,1,0,0,004ef,0,1,0,0,0
1522,1522,0,0,0,0,00,0,0,0,1,0,0,1,0,0,0,0,00000,0,0,0,1,0,0,004f0,0,1,0,0,0
1523,1523,0,0,0,0,00,0,0,0,1,0,0,1,0,0,0,0,00000,0,0,0,1,0,0,004f1,0,1,0,0,0
1524,1524,0,0,0,0,00,0,0,0,1,0,0,1,0,0,0,0,00000,0,0,0,1,0,0,004f2,0,1,0,0,0
1525,1525,0,0,0,0,00,0,0,0,1,0,0,1,0,0,0,0,00000,0,0,0,1,0,0,004f3,0,1,0,0,0
1526,1526,0,0,0,0,00,0,0,0,1,0,0,1,0,0,0,0,00000,0,0,0,1,0,0,004f4,0,1,0,0,0
1527,1527,0,0,0,0,00,0,0,0,1,0,0,1,0,0,0,0,00000,0,0,0,1,0,0,004f5,0,1,0,0,0
1528,1528,0,0,0,0,00,0,0,0,1,0,0,1,0,0,0,0,00000,0,0,0,1,0,0,004f6,0,1,0,0,0
1529,1529,0,0,0,0,00,0,0,0,1,0,0,1,0,0,0,0,00000,0,0,0,1,0,0,004f7,0,1,0,0,0
1530,1530,0,0,0,0,00,0,0,0,1,0,0,1,0,0,0,0,00000,0,0,0,1,0,0,004f8,0,1,0,0,0
1531,1531,0,0,0,0,00,0,0,0,1,0,0,1,0,0,0,0,00000,0,0,0,1,0,0,004f9,0,1,0,0,0
1532,1532,0,0,0,0,00,0,0,0,1,0,0,1,0,0,0,0,00000,0,0,0,1,0,0,004fa,0,1,0,0,0
1533,1533,0,0,0,0,00,0,0,0,1,0,0,1,0,0,0,0,00000,0,0,0,1,0,0,004fb,0,1,0,0,0
1534,1534,0,0,0,0,00,0,0,0,1,0,0,1,0,0,0,0,00000,0,0,0,1,0,0,004fc,0,1,0,0,0
1535,1535,0,0,0,0,00,0,0,0,1,0,0,1,0,0,0,0,00000,0,0,0,1,0,0,004fd,0,1,0,0,0
1536,1536,0,0,0,0,00,0,0,0,1,0,0,1,0,0,0,0,00000,0,0,0,1,0,0,004fe,0,1,0,0,0
1537,1537,0,0,0,0,00,0,0,0,1,0,0,1,0,0,0,0,00000,0,0,0,1,0,0,004ff,0,1,0,0,0
1538,1538,0,0,0,0,00,0,0,0,1,0,0,1,0,0,0,0,00000,0,0,0,1,0,0,00500,0,1,0,0,0
1539,1539,0,0,0,0,00,0,0,0,1,0,0,1,0,0,0,0,00000,0,0,0,1,0,0,00501,0,1,0,0,0
1540,1540,0,0,0,0,00,0,0,0,1,0,0,1,0,0,0,0,00000,0,0,0,1,0,0,00502,0,1,0,0,0
1541,1541,0,0,0,0,00,0,0,0,1,0,0,1,0,0,0,0,00000,0,0,0,1,0,0,00503,0,1,0,0,0
1542,1542,0,0,0,0,00,0,0,0,1,0,0,1,0,0,0,0,00000,0,0,0,1,0,0,00504,0,1,0,0,0
1543,1543,0,0,0,0,00,0,0,0,1,0,0,1,0,0,0,0,00000,0,0,0,1,0,0,00505,0,1,0,0,0
1544,1544,0,0,0,0,00,0,0,0,1,0,0,1,0,0,0,0,00000,0,0,0,1,0,0,00506,0,1,0,0,0
1545,1545,0,0,0,0,00,0,0,0,1,0,0,1,0,0,0,0,00000,0,0,0,1,0,0,00507,0,1,0,0,0
1546,1546,0,0,0,0,00,0,0,0,1,0,0,1,0,0,0,0,00000,0,0,0,1,0,0,00508,0,1,0,0,0
1547,1547,0,0,0,0,00,0,0,0,1,0,0,1,0,0,0,0,00000,0,0,0,1,0,0,00509,0,1,0,0,0
1548,1548,0,0,0,0,00,0,0,0,1,0,0,1,0,0,0,0,00000,0,0,0,1,0,0,0050a,0,1,0,0,0
1549,1549,0,0,0,0,00,0,0,0,1,0,0,1,0,0,0,0,00000,0,0,0,1,0,0,0050b,0,1,0,0,0
1550,1550,0,0,0,0,00,0,0,0,1,0,0,1,0,0,0,0,00000,0,0,0,1,0,0,0050c,0,1,0,0,0
1551,1551,0,0,0,0,00,0,0,0,1,0,0,1,0,0,0,0,00000,0,0,0,1,0,0,0050d,0,1,0,0,0
1552,1552,0,0,0,0,00,0,0,0,1,0,0,1,0,0,0,0,00000,0,0,0,1,0,0,0050e,0,1,0,0,0
1553,1553,0,0,0,0,00,0,0,0,1,0,0,1,0,0,0,0,00000,0,0,0,1,0,0,0050f,0,1,0,0,0
1554,1554,0,0,0,0,00,0,0,0,1,0,0,1,0,0,0,0,00000,0,0,0,1,0,0,00510,0,1,0,0,0
1555,1555,0,0,0,0,00,0,0,0,1,0,0,1,0,0,0,0,00000,0,0,0,1,0,0,00511,0,1,0,0,0
1556,1556,0,0,0,0,00,0,0,0,1,0,0,1,0,0,0,0,00000,0,0,0,1,0,0,00512,0,1,0,0,0
1557,1557,0,0,0,0,00,0,0,0,1,0,0,1,0,0,0,0,00000,0,0,0,1,0,0,00513,0,1,0,0,0
1558,1558,0,0,0,0,00,0,0,0,1,0,0,1,0,0,0,0,00000,0,0,0,1,0,0,00514,0,1,0,0,0
1559,1559,0,0,0,0,00,0,0,0,1,0,0,1,0,0,0,0,00000,0,0,0,1,0,0,00515,0,1,0,0,0
1560,1560,0,0,0,0,00,0,0,0,1,0,0,1,0,0,0,0,00000,0,0,0,1,0,0,00516,0,1,0,0,0
1561,1561,0,0,0,0,00,0,0,0,1,0,0,1,0,0,0,0,00000,0,0,0,1,0,0,00517,0,1,0,0,0
1562,1562,0,0,0,0,00,0,0,0,1,0,0,1,0,0,0,0,00000,0,0,0,1,0,0,00518,0,1,0,0,0
1563,1563,0,0,0,0,00,0,0,0,1,0,0,1,0,0,0,0,00000,0,0,0,1,0,0,00519,0,1,0,0,0
1564,1564,0,0,0,0,00,0,0,0,1,0,0,1,0,0,0,0,00000,0,0,0,1,0,0,0051a,0,1,0,0,0
1565,1565,0,0,0,0,00,0,0,0,1,0,0,1,0,0,0,0,00000,0,0,0,1,0,0,0051b,0,1,0,0,0
1566,1566,0,0,0,0,00,0,0,0,1,0,0,1,0,0,0,0,00000,0,0,0,1,0,0,0051c,0,1,0,0,0
1567,1567,0,0,0,0,00,0,0,0,1,0,0,1,0,0,0,0,00000,0,0,0,1,0,0,0051d,0,1,0,0,0
1568,1568,0,0,0,0,00,0,0,0,1,0,0,1,0,0,0,0,00000,0,0,0,1,0,0,0051e,0,1,0,0,0
1569,1569,0,0,0,0,00,0,0,0,1,0,0,1,0,0,0,0,00000,0,0,0,1,0,0,0051f,0,1,0,0,0
1570,1570,0,0,0,0,00,0,0,0,1,0,0,1,0,0,0,0,00000,0,0,0,1,0,0,00520,0,1,0,0,0
1571,1571,0,0,0,0,00,0,0,0,1,0,0,1,0,0,0,0,00000,0,0,0,1,0,0,00521,0,1,0,0,0
1572,1572,0,0,0,0,00,0,0,0,1,0,0,1,0,0,0,0,00000,0,0,0,1,0,0,00522,0,1,0,0,0
1573,1573,0,0,0,0,00,0,0,0,1,0,0,1,0,0,0,0,00000,0,0,0,1,0,0,00523,0,1,0,0,0
1574,1574,0,0,0,0,00,0,0,0,1,0,0,1,0,0,0,0,00000,0,0,0,1,0,0,00524,0,1,0,0,0
1575,1575,0,0,0,0,00,0,0,0,1,0,0,1,0,0,0,0,00000,0,0,0,1,0,0,00525,0,1,0,0,0
1576,1576,0,0,0,0,00,0,0,0,1,0,0,1,0,0,0,0,00000,0,0,0,1,0,0,00526,0,1,0,0,0
1577,1577,0,0,0,0,00,0,0,0,1,0,0,1,0,0,0,0,00000,0,0,0,1,0,0,00527,0,1,0,0,0
1578,1578,0,0,0,0,00,0,0,0,1,0,0,1,0,0,0,0,00000,0,0,0,1,0,0,00528,0,1,0,0,0
1579,1579,0,0,0,0,00,0,0,0,1,0,0,1,0,0,0,0,00000,0,0,0,1,0,0,00529,0,1,0,0,0
1580,1580,0,0,0,0,00,0,0,0,1,0,0,1,0,0,0,0,00000,0,0,0,1,0,0,0052a,0,1,0,0,0
1581,1581,0,0,0,0,00,0,0,0,1,0,0,1,0,0,0,0,00000,0,0,0,1,0,0,0052b,0,1,0,0,0
1582,1582,0,0,0,0,00,0,0,0,1,0,0,1,0,0,0,0,00000,0,0,0,1,0,0,0052c,0,1,0,0,0
1583,1583,0,0,0,0,00,0,0,0,1,0,0,1,0,0,0,0,00000,0,0,0,1,0,0,0052d,0,1,0,0,0
1584,1584,0,0,0,0,00,0,0,0,1,0,0,1,0,0,0,0,00000,0,0,0,1,0,0,0052e,0,1,0,0,0
1585,1585,0,0,0,0,00,0,0,0,1,0,0,1,0,0,0,0,00000,0,0,0,1,0,0,0052f,0,1,0,0,0
1586,1586,0,0,0,0,00,0,0,0,1,0,0,1,0,0,0,0,00000,0,0,0,1,0,0,00530,0,1,0,0,0
1587,1587,0,0,0,0,00,0,0,0,1,0,0,1,0,0,0,0,00000,0,0,0,1,0,0,00531,0,1,0,0,0
1588,1588,0,0,0,0,00,0,0,0,1,0,0,1,0,0,0,0,00000,0,0,0,1,0,0,00532,0,1,0,0,0
1589,1589,0,0,0,0,00,0,0,0,1,0,0,1,0,0,0,0,00000,0,0,0,1,0,0,00533,0,1,0,0,0
1590,1590,0,0,0,0,00,0,0,0,1,0,0,1,0,0,0,0,00000,0,0,0,1,0,0,00534,0,1,0,0,0
1591,1591,0,0,0,0,00,0,0,0,1,0,0,1,0,0,0,0,00000,0,0,0,1,0,0,00535,0,1,0,0,0
1592,1592,0,0,0,0,00,0,0,0,1,0,0,1,0,0,0,0,00000,0,0,0,1,0,0,00536,0,1,0,0,0
1593,1593,0,0,0,0,00,0,0,0,1,0,0,1,0,0,0,0,00000,0,0,0,1,0,0,00537,0,1,0,0,0
1594,1594,0,0,0,0,00,0,0,0,1,0,0,1,0,0,0,0,00000,0,0,0,1,0,0,00538,0,1,0,0,0
1595,1595,0,0,0,0,00,0,0,0,1,0,0,1,0,0,0,0,00000,0,0,0,1,0,0,00539,0,1,0,0,0
1596,1596,0,0,0,0,00,0,0,0,1,0,0,1,0,0,0,0,00000,0,0,0,1,0,0,0053a,0,1,0,0,0
1597,1597,0,0,0,0,00,0,0,0,1,0,0,1,0,0,0,0,00000,0,0,0,1,0,0,0053b,0,1,0,0,0
1598,1598,0,0,0,0,00,0,0,0,1,0,0,1,0,0,0,0,00000,0,0,0,1,0,0,0053c,0,1,0,0,0
1599,1599,0,0,0,0,00,0,0,0,1,0,0,1,0,0,0,0,00000,0,0,0,1,0,0,0053d,0,1,0,0,0
1600,1600,0,0,0,0,00,0,0,0,1,0,0,1,0,0,0,0,00000,0,0,0,1,0,0,0053e,0,1,0,0,0
1601,1601,0,0,0,0,00,0,0,0,1,0,0,1,0,0,0,0,00000,0,0,0,1,0,0,0053f,0,1,0,0,0
1602,1602,0,0,0,0,00,0,0,0,1,0,0,1,0,0,0,0,00000,0,0,0,1,0,0,00540,0,1,0,0,0
1603,1603,0,0,0,0,00,0,0,0,1,0,0,1,0,0,0,0,00000,0,0,0,1,0,0,00541,0,1,0,0,0
1604,1604,0,0,0,0,00,0,0,0,1,0,0,1,0,0,0,0,00000,0,0,0,1,0,0,00542,0,1,0,0,0
1605,1605,0,0,0,0,00,0,0,0,1,0,0,1,0,0,0,0,00000,0,0,0,1,0,0,00543,0,1,0,0,0
1606,1606,0,0,0,0,00,0,0,0,1,0,0,1,0,0,0,0,00000,0,0,0,1,0,0,00544,0,1,0,0,0
1607,1607,0,0,0,0,00,0,0,0,1,0,0,1,0,0,0,0,00000,0,0,0,1,0,0,00545,0,1,0,0,0
1608,1608,0,0,0,0,00,0,0,0,1,0,0,1,0,0,0,0,00000,0,0,0,1,0,0,00546,0,1,0,0,0
1609,1609,0,0,0,0,00,0,0,0,1,0,0,1,0,0,0,0,00000,0,0,0,1,0,0,00547,0,1,0,0,0
1610,1610,0,0,0,0,00,0,0,0,1,0,0,1,0,0,0,0,00000,0,0,0,1,0,0,00548,0,1,0,0,0
1611,1611,0,0,0,0,00,0,0,0,1,0,0,1,0,0,0,0,00000,0,0,0,1,0,0,00549,0,1,0,0,0
1612,1612,0,0,0,0,00,0,0,0,1,0,0,1,0,0,0,0,00000,0,0,0,1,0,0,0054a,0,1,0,0,0
1613,1613,0,0,0,0,00,0,0,0,1,0,0,1,0,0,0,0,00000,0,0,0,1,0,0,0054b,0,1,0,0,0
1614,1614,0,0,0,0,00,0,0,0,1,0,0,1,0,0,0,0,00000,0,0,0,1,0,0,0054c,0,1,0,0,0
1615,1615,0,0,0,0,00,0,0,0,1,0,0,1,0,0,0,0,00000,0,0,0,1,0,0,0054d,0,1,0,0,0
1616,1616,0,0,0,0,00,0,0,0,1,0,0,1,0,0,0,0,00000,0,0,0,1,0,0,0054e,0,1,0,0,0
1617,1617,0,0,0,0,00,0,0,0,1,0,0,1,0,0,0,0,00000,0,0,0,1,0,0,0054f,0,1,0,0,0
1618,1618,0,0,0,0,00,0,0,0,1,0,0,1,0,0,0,0,00000,0,0,0,1,0,0,00550,0,1,0,0,0
1619,1619,0,0,0,0,00,0,0,0,1,0,0,1,0,0,0,0,00000,0,0,0,1,0,0,00551,0,1,0,0,0
1620,1620,0,0,0,0,00,0,0,0,1,0,0,1,0,0,0,0,00000,0,0,0,1,0,0,00552,0,1,0,0,0
1621,1621,0,0,0,0,00,0,0,0,1,0,0,1,0,0,0,0,00000,0,0,0,1,0,0,00553,0,1,0,0,0
1622,1622,0,0,0,0,00,0,0,0,1,0,0,1,0,0,0,0,00000,0,0,0,1,0,0,00554,0,1,0,0,0
1623,1623,0,0,0,0,00,0,0,0,1,0,0,1,0,0,0,0,00000,0,0,0,1,0,0,00555,0,1,0,0,0
1624,1624,0,0,0,0,00,0,0,0,1,0,0,1,0,0,0,0,00000,0,0,0,1,0,0,00556,0,1,0,0,0
1625,1625,0,0,0,0,00,0,0,0,1,0,0,1,0,0,0,0,00000,0,0,0,1,0,0,00557,0,1,0,0,0
1626,1626,0,0,0,0,00,0,0,0,1,0,0,1,0,0,0,0,00000,0,0,0,1,0,0,00558,0,1,0,0,0
1627,1627,0,0,0,0,00,0,0,0,1,0,0,1,0,0,0,0,00000,0,0,0,1,0,0,00559,0,1,0,0,0
1628,1628,0,0,0,0,00,0,0,0,1,0,0,1,0,0,0,0,00000,0,0,0,1,0,0,0055a,0,1,0,0,0
1629,1629,0,0,0,0,00,0,0,0,1,0,0,1,0,0,0,0,00000,0,0,0,1,0,0,0055b,0,1,0,0,0
1630,1630,0,0,0,0,00,0,0,0,1,0,0,1,0,0,0,0,00000,0,0,0,1,0,0,0055c,0,1,0,0,0
1631,1631,0,0,0,0,00,0,0,0,1,0,0,1,0,0,0,0,00000,0,0,0,1,0,0,0055d,0,1,0,0,0
1632,1632,0,0,0,0,00,0,0,0,1,0,0,1,0,0,0,0,00000,0,0,0,1,0,0,0055e,0,1,0,0,0
1633,1633,0,0,0,0,00,0,0,0,1,0,0,1,0,0,0,0,00000,0,0,0,1,0,0,0055f,0,1,0,0,0
1634,1634,0,0,0,0,00,0,0,0,1,0,0,1,0,0,0,0,00000,0,0,0,1,0,0,00560,0,1,0,0,0
1635,1635,0,0,0,0,00,0,0,0,1,0,0,1,0,0,0,0,00000,0,0,0,1,0,0,00561,0,1,0,0,0
1636,1636,0,0,0,0,00,0,0,0,1,0,0,1,0,0,0,0,00000,0,0,0,1,0,0,00562,0,1,0,0,0
1637,1637,0,0,0,0,00,0,0,0,1,0,0,1,0,0,0,0,00000,0,0,0,1,0,0,00563,0,1,0,0,0
1638,1638,0,0,0,0,00,0,0,0,1,0,0,1,0,0,0,0,00000,0,0,0,1,0,0,00564,0,1,0,0,0
1639,1639,0,0,0,0,00,0,0,0,1,0,0,1,0,0,0,0,00000,0,0,0,1,0,0,00565,0,1,0,0,0
1640,1640,0,0,0,0,00,0,0,0,1,0,0,1,0,0,0,0,00000,0,0,0,1,0,0,00566,0,1,0,0,0
1641,1641,0,0,0,0,00,0,0,0,1,0,0,1,0,0,0,0,00000,0,0,0,1,0,0,00567,0,1,0,0,0
1642,1642,0,0,0,0,00,0,0,0,1,0,0,1,0,0,0,0,00000,0,0,0,1,0,0,00568,0,1,0,0,0
1643,1643,0,0,0,0,00,0,0,0,1,0,0,1,0,0,0,0,00000,0,0,0,1,0,0,00569,0,1,0,0,0
1644,1644,0,0,0,0,00,0,0,0,1,0,0,1,0,0,0,0,00000,0,0,0,1,0,0,0056a,0,1,0,0,0
1645,1645,0,0,0,0,00,0,0,0,1,0,0,1,0,0,0,0,00000,0,0,0,1,0,0,0056b,0,1,0,0,0
1646,1646,0,0,0,0,00,0,0,0,1,0,0,1,0,0,0,0,00000,0,0,0,1,0,0,0056c,0,1,0,0,0
1647,1647,0,0,0,0,00,0,0,0,1,0,0,1,0,0,0,0,00000,0,0,0,1,0,0,0056d,0,1,0,0,0
1648,1648,0,0,0,0,00,0,0,0,1,0,0,1,0,0,0,0,00000,0,0,0,1,0,0,0056e,0,1,0,0,0
1649,1649,0,0,0,0,00,0,0,0,1,0,0,1,0,0,0,0,00000,0,0,0,1,0,0,0056f,0,1,0,0,0
1650,1650,0,0,0,0,00,0,0,0,1,0,0,1,0,0,0,0,00000,0,0,0,1,0,0,00570,0,1,0,0,0
1651,1651,0,0,0,0,00,0,0,0,1,0,0,1,0,0,0,0,00000,0,0,0,1,0,0,00571,0,1,0,0,0
1652,1652,0,0,0,0,00,0,0,0,1,0,0,1,0,0,0,0,00000,0,0,0,1,0,0,00572,0,1,0,0,0
1653,1653,0,0,0,0,00,0,0,0,1,0,0,1,0,0,0,0,00000,0,0,0,1,0,0,00573,0,1,0,0,0
1654,1654,0,0,0,0,00,0,0,0,1,0,0,1,0,0,0,0,00000,0,0,0,1,0,0,00574,0,1,0,0,0
1655,1655,0,0,0,0,00,0,0,0,1,0,0,1,0,0,0,0,00000,0,0,0,1,0,0,00575,0,1,0,0,0
1656,1656,0,0,0,0,00,0,0,0,1,0,0,1,0,0,0,0,00000,0,0,0,1,0,0,00576,0,1,0,0,0
1657,1657,0,0,0,0,00,0,0,0,1,0,0,1,0,0,0,0,00000,0,0,0,1,0,0,00577,0,1,0,0,0
1658,1658,0,0,0,0,00,0,0,0,1,0,0,1,0,0,0,0,00000,0,0,0,1,0,0,00578,0,1,0,0,0
1659,1659,0,0,0,0,00,0,0,0,1,0,0,1,0,0,0,0,00000,0,0,0,1,0,0,00579,0,1,0,0,0
1660,1660,0,0,0,0,00,0,0,0,1,0,0,1,0,0,0,0,00000,0,0,0,1,0,0,0057a,0,1,0,0,0
1661,1661,0,0,0,0,00,0,0,0,1,0,0,1,0,0,0,0,00000,0,0,0,1,0,0,0057b,0,1,0,0,0
1662,1662,0,0,0,0,00,0,0,0,1,0,0,1,0,0,0,0,00000,0,0,0,1,0,0,0057c,0,1,0,0,0
1663,1663,0,0,0,0,00,0,0,0,1,0,0,1,0,0,0,0,00000,0,0,0,1,0,0,0057d,0,1,0,0,0
1664,1664,0,0,0,0,00,0,0,0,1,0,0,1,0,0,0,0,00000,0,0,0,1,0,0,0057e,0,1,0,0,0
1665,1665,0,0,0,0,00,0,0,0,1,0,0,1,0,0,0,0,00000,0,0,0,1,0,0,0057f,0,1,0,0,0
1666,1666,0,0,0,0,00,0,0,0,1,0,0,1,0,0,0,0,00000,0,0,0,1,0,0,00580,0,1,0,0,0
1667,1667,0,0,0,0,00,0,0,0,1,0,0,1,0,0,0,0,00000,0,0,0,1,0,0,00581,0,1,0,0,0
1668,1668,0,0,0,0,00,0,0,0,1,0,0,1,0,0,0,0,00000,0,0,0,1,0,0,00582,0,1,0,0,0
1669,1669,0,0,0,0,00,0,0,0,1,0,0,1,0,0,0,0,00000,0,0,0,1,0,0,00583,0,1,0,0,0
1670,1670,0,0,0,0,00,0,0,0,1,0,0,1,0,0,0,0,00000,0,0,0,1,0,0,00584,0,1,0,0,0
1671,1671,0,0,0,0,00,0,0,0,1,0,0,1,0,0,0,0,00000,0,0,0,1,0,0,00585,0,1,0,0,0
1672,1672,0,0,0,0,00,0,0,0,1,0,0,1,0,0,0,0,00000,0,0,0,1,0,0,00586,0,1,0,0,0
1673,1673,0,0,0,0,00,0,0,0,1,0,0,1,0,0,0,0,00000,0,0,0,1,0,0,00587,0,1,0,0,0
1674,1674,0,0,0,0,00,0,0,0,1,0,0,1,0,0,0,0,00000,0,0,0,1,0,0,00588,0,1,0,0,0
1675,1675,0,0,0,0,00,0,0,0,1,0,0,1,0,0,0,0,00000,0,0,0,1,0,0,00589,0,1,0,0,0
1676,1676,0,0,0,0,00,0,0,0,1,0,0,1,0,0,0,0,00000,0,0,0,1,0,0,0058a,0,1,0,0,0
1677,1677,0,0,0,0,00,0,0,0,1,0,0,1,0,0,0,0,00000,0,0,0,1,0,0,0058b,0,1,0,0,0
1678,1678,0,0,0,0,00,0,0,0,1,0,0,1,0,0,0,0,00000,0,0,0,1,0,0,0058c,0,1,0,0,0
1679,1679,0,0,0,0,00,0,0,0,1,0,0,1,0,0,0,0,00000,0,0,0,1,0,0,0058d,0,1,0,0,0
1680,1680,0,0,0,0,00,0,0,0,1,0,0,1,0,0,0,0,00000,0,0,0,1,0,0,0058e,0,1,0,0,0
1681,1681,0,0,0,0,00,0,0,0,1,0,0,1,0,0,0,0,00000,0,0,0,1,0,0,0058f,0,1,0,0,0
1682,1682,0,0,0,0,00,0,0,0,1,0,0,1,0,0,0,0,00000,0,0,0,1,0,0,00590,0,1,0,0,0
1683,1683,0,0,0,0,00,0,0,0,1,0,0,1,0,0,0,0,00000,0,0,0,1,0,0,00591,0,1,0,0,0
1684,1684,0,0,0,0,00,0,0,0,1,0,0,1,0,0,0,0,00000,0,0,0,1,0,0,00592,0,1,0,0,0
1685,1685,0,0,0,0,00,0,0,0,1,0,0,1,0,0,0,0,00000,0,0,0,1,0,0,00593,0,1,0,0,0
1686,1686,0,0,0,0,00,0,0,0,1,0,0,1,0,0,0,0,00000,0,0,0,1,0,0,00594,0,1,0,0,0
1687,1687,0,0,0,0,00,0,0,0,1,0,0,1,0,0,0,0,00000,0,0,0,1,0,0,00595,0,1,0,0,0
1688,1688,0,0,0,0,00,0,0,0,1,0,0,1,0,0,0,0,00000,0,0,0,1,0,0,00596,0,1,0,0,0
1689,1689,0,0,0,0,00,0,0,0,1,0,0,1,0,0,0,0,00000,0,0,0,1,0,0,00597,0,1,0,0,0
1690,1690,0,0,0,0,00,0,0,0,1,0,0,1,0,0,0,0,00000,0,0,0,1,0,0,00598,0,1,0,0,0
1691,1691,0,0,0,0,00,0,0,0,1,0,0,1,0,0,0,0,00000,0,0,0,1,0,0,00599,0,1,0,0,0
1692,1692,0,0,0,0,00,0,0,0,1,0,0,1,0,0,0,0,00000,0,0,0,1,0,0,0059a,0,1,0,0,0
1693,1693,0,0,0,0,00,0,0,0,1,0,0,1,0,0,0,0,00000,0,0,0,1,0,0,0059b,0,1,0,0,0
1694,1694,0,0,0,0,00,0,0,0,1,0,0,1,0,0,0,0,00000,0,0,0,1,0,0,0059c,0,1,0,0,0
1695,1695,0,0,0,0,00,0,0,0,1,0,0,1,0,0,0,0,00000,0,0,0,1,0,0,0059d,0,1,0,0,0
1696,1696,0,0,0,0,00,0,0,0,1,0,0,1,0,0,0,0,00000,0,0,0,1,0,0,0059e,0,1,0,0,0
1697,1697,0,0,0,0,00,0,0,0,1,0,0,1,0,0,0,0,00000,0,0,0,1,0,0,0059f,0,1,0,0,0
1698,1698,0,0,0,0,00,0,0,0,1,0,0,1,0,0,0,0,00000,0,0,0,1,0,0,005a0,0,1,0,0,0
1699,1699,0,0,0,0,00,0,0,0,1,0,0,1,0,0,0,0,00000,0,0,0,1,0,0,005a1,0,1,0,0,0
1700,1700,0,0,0,0,00,0,0,0,1,0,0,1,0,0,0,0,00000,0,0,0,1,0,0,005a2,0,1,0,0,0
1701,1701,0,0,0,0,00,0,0,0,1,0,0,1,0,0,0,0,00000,0,0,0,1,0,0,005a3,0,1,0,0,0
1702,1702,0,0,0,0,00,0,0,0,1,0,0,1,0,0,0,0,00000,0,0,0,1,0,0,005a4,0,1,0,0,0
1703,1703,0,0,0,0,00,0,0,0,1,0,0,1,0,0,0,0,00000,0,0,0,1,0,0,005a5,0,1,0,0,0
1704,1704,0,0,0,0,00,0,0,0,1,0,0,1,0,0,0,0,00000,0,0,0,1,0,0,005a6,0,1,0,0,0
1705,1705,0,0,0,0,00,0,0,0,1,0,0,1,0,0,0,0,00000,0,0,0,1,0,0,005a7,0,1,0,0,0
1706,1706,0,0,0,0,00,0,0,0,1,0,0,1,0,0,0,0,00000,0,0,0,1,0,0,005a8,0,1,0,0,0
1707,1707,0,0,0,0,00,0,0,0,1,0,0,1,0,0,0,0,00000,0,0,0,1,0,0,005a9,0,1,0,0,0
1708,1708,0,0,0,0,00,0,0,0,1,0,0,1,0,0,0,0,00000,0,0,0,1,0,0,005aa,0,1,0,0,0
1709,1709,0,0,0,0,00,0,0,0,1,0,0,1,0,0,0,0,00000,0,0,0,1,0,0,005ab,0,1,0,0,0
1710,1710,0,0,0,0,00,0,0,0,1,0,0,1,0,0,0,0,00000,0,0,0,1,0,0,005ac,0,1,0,0,0
1711,1711,0,0,0,0,00,0,0,0,1,0,0,1,0,0,0,0,00000,0,0,0,1,0,0,005ad,0,1,0,0,0
1712,1712,0,0,0,0,00,0,0,0,1,0,0,1,0,0,0,0,00000,0,0,0,1,0,0,005ae,0,1,0,0,0
1713,1713,0,0,0,0,00,0,0,0,1,0,0,1,0,0,0,0,00000,0,0,0,1,0,0,005af,0,1,0,0,0
1714,1714,0,0,0,0,00,0,0,0,1,0,0,1,0,0,0,0,00000,0,0,0,1,0,0,005b0,0,1,0,0,0
1715,1715,0,0,0,0,00,0,0,0,1,0,0,1,0,0,0,0,00000,0,0,0,1,0,0,005b1,0,1,0,0,0
1716,1716,0,0,0,0,00,0,0,0,1,0,0,1,0,0,0,0,00000,0,0,0,1,0,0,005b2,0,1,0,0,0
1717,1717,0,0,0,0,00,0,0,0,1,0,0,1,0,0,0,0,00000,0,0,0,1,0,0,005b3,0,1,0,0,0
1718,1718,0,0,0,0,00,0,0,0,1,0,0,1,0,0,0,0,00000,0,0,0,1,0,0,005b4,0,1,0,0,0
1719,1719,0,0,0,0,00,0,0,0,1,0,0,1,0,0,0,0,00000,0,0,0,1,0,0,005b5,0,1,0,0,0
1720,1720,0,0,0,0,00,0,0,0,1,0,0,1,0,0,0,0,00000,0,0,0,1,0,0,005b6,0,1,0,0,0
1721,1721,0,0,0,0,00,0,0,0,1,0,0,1,0,0,0,0,00000,0,0,0,1,0,0,005b7,0,1,0,0,0
1722,1722,0,0,0,0,00,0,0,0,1,0,0,1,0,0,0,0,00000,0,0,0,1,0,0,005b8,0,1,0,0,0
1723,1723,0,0,0,0,00,0,0,0,1,0,0,1,0,0,0,0,00000,0,0,0,1,0,0,005b9,0,1,0,0,0
1724,1724,0,0,0,0,00,0,0,0,1,0,0,1,0,0,0,0,00000,0,0,0,1,0,0,005ba,0,1,0,0,0
1725,1725,0,0,0,0,00,0,0,0,1,0,0,1,0,0,0,0,00000,0,0,0,1,0,0,005bb,0,1,0,0,0
1726,1726,0,0,0,0,00,0,0,0,1,0,0,1,0,0,0,0,00000,0,0,0,1,0,0,005bc,0,1,0,0,0
1727,1727,0,0,0,0,00,0,0,0,1,0,0,1,0,0,0,0,00000,0,0,0,1,0,0,005bd,0,1,0,0,0
1728,1728,0,0,0,0,00,0,0,0,1,0,0,1,0,0,0,0,00000,0,0,0,1,0,0,005be,0,1,0,0,0
1729,1729,0,0,0,0,00,0,0,0,1,0,0,1,0,0,0,0,00000,0,0,0,1,0,0,005bf,0,1,0,0,0
1730,1730,0,0,0,0,00,0,0,0,1,0,0,1,0,0,0,0,00000,0,0,0,1,0,0,005c0,0,1,0,0,0
1731,1731,0,0,0,0,00,0,0,0,1,0,0,1,0,0,0,0,00000,0,0,0,1,0,0,005c1,0,1,0,0,0
1732,1732,0,0,0,0,00,0,0,0,1,0,0,1,0,0,0,0,00000,0,0,0,1,0,0,005c2,0,1,0,0,0
1733,1733,0,0,0,0,00,0,0,0,1,0,0,1,0,0,0,0,00000,0,0,0,1,0,0,005c3,0,1,0,0,0
1734,1734,0,0,0,0,00,0,0,0,1,0,0,1,0,0,0,0,00000,0,0,0,1,0,0,005c4,0,1,0,0,0
1735,1735,0,0,0,0,00,0,0,0,1,0,0,1,0,0,0,0,00000,0,0,0,1,0,0,005c5,0,1,0,0,0
1736,1736,0,0,0,0,00,0,0,0,1,0,0,1,0,0,0,0,00000,0,0,0,1,0,0,005c6,0,1,0,0,0
1737,1737,0,0,0,0,00,0,0,0,1,0,0,1,0,0,0,0,00000,0,0,0,1,0,0,005c7,0,1,0,0,0
1738,1738,0,0,0,0,00,0,0,0,1,0,0,1,0,0,0,0,00000,0,0,0,1,0,0,005c8,0,1,0,0,0
1739,1739,0,0,0,0,00,0,0,0,1,0,0,1,0,0,0,0,00000,0,0,0,1,0,0,005c9,0,1,0,0,0
1740,1740,0,0,0,0,00,0,0,0,1,0,0,1,0,0,0,0,00000,0,0,0,1,0,0,005ca,0,1,0,0,0
1741,1741,0,0,0,0,00,0,0,0,1,0,0,1,0,0,0,0,00000,0,0,0,1,0,0,005cb,0,1,0,0,0
1742,1742,0,0,0,0,00,0,0,0,1,0,0,1,0,0,0,0,00000,0,0,0,1,0,0,005cc,0,1,0,0,0
1743,1743,0,0,0,0,00,0,0,0,1,0,0,1,0,0,0,0,00000,0,0,0,1,0,0,005cd,0,1,0,0,0
1744,1744,0,0,0,0,00,0,0,0,1,0,0,1,0,0,0,0,00000,0,0,0,1,0,0,005ce,0,1,0,0,0
1745,1745,0,0,0,0,00,0,0,0,1,0,0,1,0,0,0,0,00000,0,0,0,1,0,0,005cf,0,1,0,0,0
1746,1746,0,0,0,0,00,0,0,0,1,0,0,1,0,0,0,0,00000,0,0,0,1,0,0,005d0,0,1,0,0,0
1747,1747,0,0,0,0,00,0,0,0,1,0,0,1,0,0,0,0,00000,0,0,0,1,0,0,005d1,0,1,0,0,0
1748,1748,0,0,0,0,00,0,0,0,1,0,0,1,0,0,0,0,00000,0,0,0,1,0,0,005d2,0,1,0,0,0
1749,1749,0,0,0,0,00,0,0,0,1,0,0,1,0,0,0,0,00000,0,0,0,1,0,0,005d3,0,1,0,0,0
1750,1750,0,0,0,0,00,0,0,0,1,0,0,1,0,0,0,0,00000,0,0,0,1,0,0,005d4,0,1,0,0,0
1751,1751,0,0,0,0,00,0,0,0,1,0,0,1,0,0,0,0,00000,0,0,0,1,0,0,005d5,0,1,0,0,0
1752,1752,0,0,0,0,00,0,0,0,1,0,0,1,0,0,0,0,00000,0,0,0,1,0,0,005d6,0,1,0,0,0
1753,1753,0,0,0,0,00,0,0,0,1,0,0,1,0,0,0,0,00000,0,0,0,1,0,0,005d7,0,1,0,0,0
1754,1754,0,0,0,0,00,0,0,0,1,0,0,1,0,0,0,0,00000,0,0,0,1,0,0,005d8,0,1,0,0,0
1755,1755,0,0,0,0,00,0,0,0,1,0,0,1,0,0,0,0,00000,0,0,0,1,0,0,005d9,0,1,0,0,0
1756,1756,0,0,0,0,00,0,0,0,1,0,0,1,0,0,0,0,00000,0,0,0,1,0,0,005da,0,1,0,0,0
1757,1757,0,0,0,0,00,0,0,0,1,0,0,1,0,0,0,0,00000,0,0,0,1,0,0,005db,0,1,0,0,0
1758,1758,0,0,0,0,00,0,0,0,1,0,0,1,0,0,0,0,00000,0,0,0,1,0,0,005dc,0,1,0,0,0
1759,1759,0,0,0,0,00,0,0,0,1,0,0,1,0,0,0,0,00000,0,0,0,1,0,0,005dd,0,1,0,0,0
1760,1760,0,0,0,0,00,0,0,0,1,0,0,1,0,0,0,0,00000,0,0,0,1,0,0,005de,0,1,0,0,0
1761,1761,0,0,0,0,00,0,0,0,1,0,0,1,0,0,0,0,00000,0,0,0,1,0,0,005df,0,1,0,0,0
1762,1762,0,0,0,0,00,0,0,0,1,0,0,1,0,0,0,0,00000,0,0,0,1,0,0,005e0,0,1,0,0,0
1763,1763,0,0,0,0,00,0,0,0,1,0,0,1,0,0,0,0,00000,0,0,0,1,0,0,005e1,0,1,0,0,0
1764,1764,0,0,0,0,00,0,0,0,1,0,0,1,0,0,0,0,00000,0,0,0,1,0,0,005e2,0,1,0,0,0
1765,1765,0,0,0,0,00,0,0,0,1,0,0,1,0,0,0,0,00000,0,0,0,1,0,0,005e3,0,1,0,0,0
1766,1766,0,0,0,0,00,0,0,0,1,0,0,1,0,0,0,0,00000,0,0,0,1,0,0,005e4,0,1,0,0,0
1767,1767,0,0,0,0,00,0,0,0,1,0,0,1,0,0,0,0,00000,0,0,0,1,0,0,005e5,0,1,0,0,0
1768,1768,0,0,0,0,00,0,0,0,1,0,0,1,0,0,0,0,00000,0,0,0,1,0,0,005e6,0,1,0,0,0
1769,1769,0,0,0,0,00,0,0,0,1,0,0,1,0,0,0,0,00000,0,0,0,1,0,0,005e7,0,1,0,0,0
1770,1770,0,0,0,0,00,0,0,0,1,0,0,1,0,0,0,0,00000,0,0,0,1,0,0,005e8,0,1,0,0,0
1771,1771,0,0,0,0,00,0,0,0,1,0,0,1,0,0,0,0,00000,0,0,0,1,0,0,005e9,0,1,0,0,0
1772,1772,0,0,0,0,00,0,0,0,1,0,0,1,0,0,0,0,00000,0,0,0,1,0,0,005ea,0,1,0,0,0
1773,1773,0,0,0,0,00,0,0,0,1,0,0,1,0,0,0,0,00000,0,0,0,1,0,0,005eb,0,1,0,0,0
1774,1774,0,0,0,0,00,0,0,0,1,0,0,1,0,0,0,0,00000,0,0,0,1,0,0,005ec,0,1,0,0,0
1775,1775,0,0,0,0,00,0,0,0,1,0,0,1,0,0,0,0,00000,0,0,0,1,0,0,005ed,0,1,0,0,0
1776,1776,0,0,0,0,00,0,0,0,1,0,0,1,0,0,0,0,00000,0,0,0,1,0,0,005ee,0,1,0,0,0
1777,1777,0,0,0,0,00,0,0,0,1,0,0,1,0,0,0,0,00000,0,0,0,1,0,0,005ef,0,1,0,0,0
1778,1778,0,0,0,0,00,0,0,0,1,0,0,1,0,0,0,0,00000,0,0,0,1,0,0,005f0,0,1,0,0,0
1779,1779,0,0,0,0,00,0,0,0,1,0,0,1,0,0,0,0,00000,0,0,0,1,0,0,005f1,0,1,0,0,0
1780,1780,0,0,0,0,00,0,0,0,1,0,0,1,0,0,0,0,00000,0,0,0,1,0,0,005f2,0,1,0,0,0
1781,1781,0,0,0,0,00,0,0,0,1,0,0,1,0,0,0,0,00000,0,0,0,1,0,0,005f3,0,1,0,0,0
1782,1782,0,0,0,0,00,0,0,0,1,0,0,1,0,0,0,0,00000,0,0,0,1,0,0,005f4,0,1,0,0,0
1783,1783,0,0,0,0,00,0,0,0,1,0,0,1,0,0,0,0,00000,0,0,0,1,0,0,005f5,0,1,0,0,0
1784,1784,0,0,0,0,00,0,0,0,1,0,0,1,0,0,0,0,00000,0,0,0,1,0,0,005f6,0,1,0,0,0
1785,1785,0,0,0,0,00,0,0,0,1,0,0,1,0,0,0,0,00000,0,0,0,1,0,0,005f7,0,1,0,0,0
1786,1786,0,0,0,0,00,0,0,0,1,0,0,1,0,0,0,0,00000,0,0,0,1,0,0,005f8,0,1,0,0,0
1787,1787,0,0,0,0,00,0,0,0,1,0,0,1,0,0,0,0,00000,0,0,0,1,0,0,005f9,0,1,0,0,0
1788,1788,0,0,0,0,00,0,0,0,1,0,0,1,0,0,0,0,00000,0,0,0,1,0,0,005fa,0,1,0,0,0
1789,1789,0,0,0,0,00,0,0,0,1,0,0,1,0,0,0,0,00000,0,0,0,1,0,0,005fb,0,1,0,0,0
1790,1790,0,0,0,0,00,0,0,0,1,0,0,1,0,0,0,0,00000,0,0,0,1,0,0,005fc,0,1,0,0,0
1791,1791,0,0,0,0,00,0,0,0,1,0,0,1,0,0,0,0,00000,0,0,0,1,0,0,005fd,0,1,0,0,0
1792,1792,0,0,0,0,00,0,0,0,1,0,0,1,0,0,0,0,00000,0,0,0,1,0,0,005fe,0,1,0,0,0
1793,1793,0,0,0,0,00,0,0,0,1,0,0,1,0,0,0,0,00000,0,0,0,1,0,0,005ff,0,1,0,0,0
1794,1794,0,0,0,0,00,0,0,0,1,0,0,1,0,0,0,0,00000,0,0,0,1,0,0,00600,0,1,0,0,0
1795,1795,0,0,0,0,00,0,0,0,1,0,0,1,0,0,0,0,00000,0,0,0,1,0,0,00601,0,1,0,0,0
1796,1796,0,0,0,0,00,0,0,0,1,0,0,1,0,0,0,0,00000,0,0,0,1,0,0,00602,0,1,0,0,0
1797,1797,0,0,0,0,00,0,0,0,1,0,0,1,0,0,0,0,00000,0,0,0,1,0,0,00603,0,1,0,0,0
1798,1798,0,0,0,0,00,0,0,0,1,0,0,1,0,0,0,0,00000,0,0,0,1,0,0,00604,0,1,0,0,0
1799,1799,0,0,0,0,00,0,0,0,1,0,0,1,0,0,0,0,00000,0,0,0,1,0,0,00605,0,1,0,0,0
1800,1800,0,0,0,0,00,0,0,0,1,0,0,1,0,0,0,0,00000,0,0,0,1,0,0,00606,0,1,0,0,0
1801,1801,0,0,0,0,00,0,0,0,1,0,0,1,0,0,0,0,00000,0,0,0,1,0,0,00607,0,1,0,0,0
1802,1802,0,0,0,0,00,0,0,0,1,0,0,1,0,0,0,0,00000,0,0,0,1,0,0,00608,0,1,0,0,0
1803,1803,0,0,0,0,00,0,0,0,1,0,0,1,0,0,0,0,00000,0,0,0,1,0,0,00609,0,1,0,0,0
1804,1804,0,0,0,0,00,0,0,0,1,0,0,1,0,0,0,0,00000,0,0,0,1,0,0,0060a,0,1,0,0,0
1805,1805,0,0,0,0,00,0,0,0,1,0,0,1,0,0,0,0,00000,0,0,0,1,0,0,0060b,0,1,0,0,0
1806,1806,0,0,0,0,00,0,0,0,1,0,0,1,0,0,0,0,00000,0,0,0,1,0,0,0060c,0,1,0,0,0
1807,1807,0,0,0,0,00,0,0,0,1,0,0,1,0,0,0,0,00000,0,0,0,1,0,0,0060d,0,1,0,0,0
1808,1808,0,0,0,0,00,0,0,0,1,0,0,1,0,0,0,0,00000,0,0,0,1,0,0,0060e,0,1,0,0,0
1809,1809,0,0,0,0,00,0,0,0,1,0,0,1,0,0,0,0,00000,0,0,0,1,0,0,0060f,0,1,0,0,0
1810,1810,0,0,0,0,00,0,0,0,1,0,0,1,0,0,0,0,00000,0,0,0,1,0,0,00610,0,1,0,0,0
1811,1811,0,0,0,0,00,0,0,0,1,0,0,1,0,0,0,0,00000,0,0,0,1,0,0,00611,0,1,0,0,0
1812,1812,0,0,0,0,00,0,0,0,1,0,0,1,0,0,0,0,00000,0,0,0,1,0,0,00612,0,1,0,0,0
1813,1813,0,0,0,0,00,0,0,0,1,0,0,1,0,0,0,0,00000,0,0,0,1,0,0,00613,0,1,0,0,0
1814,1814,0,0,0,0,00,0,0,0,1,0,0,1,0,0,0,0,00000,0,0,0,1,0,0,00614,0,1,0,0,0
1815,1815,0,0,0,0,00,0,0,0,1,0,0,1,0,0,0,0,00000,0,0,0,1,0,0,00615,0,1,0,0,0
1816,1816,0,0,0,0,00,0,0,0,1,0,0,1,0,0,0,0,00000,0,0,0,1,0,0,00616,0,1,0,0,0
1817,1817,0,0,0,0,00,0,0,0,1,0,0,1,0,0,0,0,00000,0,0,0,1,0,0,00617,0,1,0,0,0
1818,1818,0,0,0,0,00,0,0,0,1,0,0,1,0,0,0,0,00000,0,0,0,1,0,0,00618,0,1,0,0,0
1819,1819,0,0,0,0,00,0,0,0,1,0,0,1,0,0,0,0,00000,0,0,0,1,0,0,00619,0,1,0,0,0
1820,1820,0,0,0,0,00,0,0,0,1,0,0,1,0,0,0,0,00000,0,0,0,1,0,0,0061a,0,1,0,0,0
1821,1821,0,0,0,0,00,0,0,0,1,0,0,1,0,0,0,0,00000,0,0,0,1,0,0,0061b,0,1,0,0,0
1822,1822,0,0,0,0,00,0,0,0,1,0,0,1,0,0,0,0,00000,0,0,0,1,0,0,0061c,0,1,0,0,0
1823,1823,0,0,0,0,00,0,0,0,1,0,0,1,0,0,0,0,00000,0,0,0,1,0,0,0061d,0,1,0,0,0
1824,1824,0,0,0,0,00,0,0,0,1,0,0,1,0,0,0,0,00000,0,0,0,1,0,0,0061e,0,1,0,0,0
1825,1825,0,0,0,0,00,0,0,0,1,0,0,1,0,0,0,0,00000,0,0,0,1,0,0,0061f,0,1,0,0,0
1826,1826,0,0,0,0,00,0,0,0,1,0,0,1,0,0,0,0,00000,0,0,0,1,0,0,00620,0,1,0,0,0
1827,1827,0,0,0,0,00,0,0,0,1,0,0,1,0,0,0,0,00000,0,0,0,1,0,0,00621,0,1,0,0,0
1828,1828,0,0,0,0,00,0,0,0,1,0,0,1,0,0,0,0,00000,0,0,0,1,0,0,00622,0,1,0,0,0
1829,1829,0,0,0,0,00,0,0,0,1,0,0,1,0,0,0,0,00000,0,0,0,1,0,0,00623,0,1,0,0,0
1830,1830,0,0,0,0,00,0,0,0,1,0,0,1,0,0,0,0,00000,0,0,0,1,0,0,00624,0,1,0,0,0
1831,1831,0,0,0,0,00,0,0,0,1,0,0,1,0,0,0,0,00000,0,0,0,1,0,0,00625,0,1,0,0,0
1832,1832,0,0,0,0,00,0,0,0,1,0,0,1,0,0,0,0,00000,0,0,0,1,0,0,00626,0,1,0,0,0
1833,1833,0,0,0,0,00,0,0,0,1,0,0,1,0,0,0,0,00000,0,0,0,1,0,0,00627,0,1,0,0,0
1834,1834,0,0,0,0,00,0,0,0,1,0,0,1,0,0,0,0,00000,0,0,0,1,0,0,00628,0,1,0,0,0
1835,1835,0,0,0,0,00,0,0,0,1,0,0,1,0,0,0,0,00000,0,0,0,1,0,0,00629,0,1,0,0,0
1836,1836,0,0,0,0,00,0,0,0,1,0,0,1,0,0,0,0,00000,0,0,0,1,0,0,0062a,0,1,0,0,0
1837,1837,0,0,0,0,00,0,0,0,1,0,0,1,0,0,0,0,00000,0,0,0,1,0,0,0062b,0,1,0,0,0
1838,1838,0,0,0,0,00,0,0,0,1,0,0,1,0,0,0,0,00000,0,0,0,1,0,0,0062c,0,1,0,0,0
1839,1839,0,0,0,0,00,0,0,0,1,0,0,1,0,0,0,0,00000,0,0,0,1,0,0,0062d,0,1,0,0,0
1840,1840,0,0,0,0,00,0,0,0,1,0,0,1,0,0,0,0,00000,0,0,0,1,0,0,0062e,0,1,0,0,0
1841,1841,0,0,0,0,00,0,0,0,1,0,0,1,0,0,0,0,00000,0,0,0,1,0,0,0062f,0,1,0,0,0
1842,1842,0,0,0,0,00,0,0,0,1,0,0,1,0,0,0,0,00000,0,0,0,1,0,0,00630,0,1,0,0,0
1843,1843,0,0,0,0,00,0,0,0,1,0,0,1,0,0,0,0,00000,0,0,0,1,0,0,00631,0,1,0,0,0
1844,1844,0,0,0,0,00,0,0,0,1,0,0,1,0,0,0,0,00000,0,0,0,1,0,0,00632,0,1,0,0,0
1845,1845,0,0,0,0,00,0,0,0,1,0,0,1,0,0,0,0,00000,0,0,0,1,0,0,00633,0,1,0,0,0
1846,1846,0,0,0,0,00,0,0,0,1,0,0,1,0,0,0,0,00000,0,0,0,1,0,0,00634,0,1,0,0,0
1847,1847,0,0,0,0,00,0,0,0,1,0,0,1,0,0,0,0,00000,0,0,0,1,0,0,00635,0,1,0,0,0
1848,1848,0,0,0,0,00,0,0,0,1,0,0,1,0,0,0,0,00000,0,0,0,1,0,0,00636,0,1,0,0,0
1849,1849,0,0,0,0,00,0,0,0,1,0,0,1,0,0,0,0,00000,0,0,0,1,0,0,00637,0,1,0,0,0
1850,1850,0,0,0,0,00,0,0,0,1,0,0,1,0,0,0,0,00000,0,0,0,1,0,0,00638,0,1,0,0,0
1851,1851,0,0,0,0,00,0,0,0,1,0,0,1,0,0,0,0,00000,0,0,0,1,0,0,00639,0,1,0,0,0
1852,1852,0,0,0,0,00,0,0,0,1,0,0,1,0,0,0,0,00000,0,0,0,1,0,0,0063a,0,1,0,0,0
1853,1853,0,0,0,0,00,0,0,0,1,0,0,1,0,0,0,0,00000,0,0,0,1,0,0,0063b,0,1,0,0,0
1854,1854,0,0,0,0,00,0,0,0,1,0,0,1,0,0,0,0,00000,0,0,0,1,0,0,0063c,0,1,0,0,0
1855,1855,0,0,0,0,00,0,0,0,1,0,0,1,0,0,0,0,00000,0,0,0,1,0,0,0063d,0,1,0,0,0
1856,1856,0,0,0,0,00,0,0,0,1,0,0,1,0,0,0,0,00000,0,0,0,1,0,0,0063e,0,1,0,0,0
1857,1857,0,0,0,0,00,0,0,0,1,0,0,1,0,0,0,0,00000,0,0,0,1,0,0,0063f,0,1,0,0,0
1858,1858,0,0,0,0,00,0,0,0,1,0,0,1,0,0,0,0,00000,0,0,0,1,0,0,00640,0,1,0,0,0
1859,1859,0,0,0,0,00,0,0,0,1,0,0,1,0,0,0,0,00000,0,0,0,1,0,0,00641,0,1,0,0,0
1860,1860,0,0,0,0,00,0,0,0,1,0,0,1,0,0,0,0,00000,0,0,0,1,0,0,00642,0,1,0,0,0
1861,1861,0,0,0,0,00,0,0,0,1,0,0,1,0,0,0,0,00000,0,0,0,1,0,0,00643,0,1,0,0,0
1862,1862,0,0,0,0,00,0,0,0,1,0,0,1,0,0,0,0,00000,0,0,0,1,0,0,00644,0,1,0,0,0
1863,1863,0,0,0,0,00,0,0,0,1,0,0,1,0,0,0,0,00000,0,0,0,1,0,0,00645,0,1,0,0,0
1864,1864,0,0,0,0,00,0,0,0,1,0,0,1,0,0,0,0,00000,0,0,0,1,0,0,00646,0,1,0,0,0
1865,1865,0,0,0,0,00,0,0,0,1,0,0,1,0,0,0,0,00000,0,0,0,1,0,0,00647,0,1,0,0,0
1866,1866,0,0,0,0,00,0,0,0,1,0,0,1,0,0,0,0,00000,0,0,0,1,0,0,00648,0,1,0,0,0
1867,1867,0,0,0,0,00,0,0,0,1,0,0,1,0,0,0,0,00000,0,0,0,1,0,0,00649,0,1,0,0,0
1868,1868,0,0,0,0,00,0,0,0,1,0,0,1,0,0,0,0,00000,0,0,0,1,0,0,0064a,0,1,0,0,0
1869,1869,0,0,0,0,00,0,0,0,1,0,0,1,0,0,0,0,00000,0,0,0,1,0,0,0064b,0,1,0,0,0
1870,1870,0,0,0,0,00,0,0,0,1,0,0,1,0,0,0,0,00000,0,0,0,1,0,0,0064c,0,1,0,0,0
1871,1871,0,0,0,0,00,0,0,0,1,0,0,1,0,0,0,0,00000,0,0,0,1,0,0,0064d,0,1,0,0,0
1872,1872,0,0,0,0,00,0,0,0,1,0,0,1,0,0,0,0,00000,0,0,0,1,0,0,0064e,0,1,0,0,0
1873,1873,0,0,0,0,00,0,0,0,1,0,0,1,0,0,0,0,00000,0,0,0,1,0,0,0064f,0,1,0,0,0
1874,1874,0,0,0,0,00,0,0,0,1,0,0,1,0,0,0,0,00000,0,0,0,1,0,0,00650,0,1,0,0,0
1875,1875,0,0,0,0,00,0,0,0,1,0,0,1,0,0,0,0,00000,0,0,0,1,0,0,00651,0,1,0,0,0
1876,1876,0,0,0,0,00,0,0,0,1,0,0,1,0,0,0,0,00000,0,0,0,1,0,0,00652,0,1,0,0,0
1877,1877,0,0,0,0,00,0,0,0,1,0,0,1,0,0,0,0,00000,0,0,0,1,0,0,00653,0,1,0,0,0
1878,1878,0,0,0,0,00,0,0,0,1,0,0,1,0,0,0,0,00000,0,0,0,1,0,0,00654,0,1,0,0,0
1879,1879,0,0,0,0,00,0,0,0,1,0,0,1,0,0,0,0,00000,0,0,0,1,0,0,00655,0,1,0,0,0
1880,1880,0,0,0,0,00,0,0,0,1,0,0,1,0,0,0,0,00000,0,0,0,1,0,0,00656,0,1,0,0,0
1881,1881,0,0,0,0,00,0,0,0,1,0,0,1,0,0,0,0,00000,0,0,0,1,0,0,00657,0,1,0,0,0
1882,1882,0,0,0,0,00,0,0,0,1,0,0,1,0,0,0,0,00000,0,0,0,1,0,0,00658,0,1,0,0,0
1883,1883,0,0,0,0,00,0,0,0,1,0,0,1,0,0,0,0,00000,0,0,0,1,0,0,00659,0,1,0,0,0
1884,1884,0,0,0,0,00,0,0,0,1,0,0,1,0,0,0,0,00000,0,0,0,1,0,0,0065a,0,1,0,0,0
1885,1885,0,0,0,0,00,0,0,0,1,0,0,1,0,0,0,0,00000,0,0,0,1,0,0,0065b,0,1,0,0,0
1886,1886,0,0,0,0,00,0,0,0,1,0,0,1,0,0,0,0,00000,0,0,0,1,0,0,0065c,0,1,0,0,0
1887,1887,0,0,0,0,00,0,0,0,1,0,0,1,0,0,0,0,00000,0,0,0,1,0,0,0065d,0,1,0,0,0
1888,1888,0,0,0,0,00,0,0,0,1,0,0,1,0,0,0,0,00000,0,0,0,1,0,0,0065e,0,1,0,0,0
1889,1889,0,0,0,0,00,0,0,0,1,0,0,1,0,0,0,0,00000,0,0,0,1,0,0,0065f,0,1,0,0,0
1890,1890,0,0,0,0,00,0,0,0,1,0,0,1,0,0,0,0,00000,0,0,0,1,0,0,00660,0,1,0,0,0
1891,1891,0,0,0,0,00,0,0,0,1,0,0,1,0,0,0,0,00000,0,0,0,1,0,0,00661,0,1,0,0,0
1892,1892,0,0,0,0,00,0,0,0,1,0,0,1,0,0,0,0,00000,0,0,0,1,0,0,00662,0,1,0,0,0
1893,1893,0,0,0,0,00,0,0,0,1,0,0,1,0,0,0,0,00000,0,0,0,1,0,0,00663,0,1,0,0,0
1894,1894,0,0,0,0,00,0,0,0,1,0,0,1,0,0,0,0,00000,0,0,0,1,0,0,00664,0,1,0,0,0
1895,1895,0,0,0,0,00,0,0,0,1,0,0,1,0,0,0,0,00000,0,0,0,1,0,0,00665,0,1,0,0,0
1896,1896,0,0,0,0,00,0,0,0,1,0,0,1,0,0,0,0,00000,0,0,0,1,0,0,00666,0,1,0,0,0
1897,1897,0,0,0,0,00,0,0,0,1,0,0,1,0,0,0,0,00000,0,0,0,1,0,0,00667,0,1,0,0,0
1898,1898,0,0,0,0,00,0,0,0,1,0,0,1,0,0,0,0,00000,0,0,0,1,0,0,00668,0,1,0,0,0
1899,1899,0,0,0,0,00,0,0,0,1,0,0,1,0,0,0,0,00000,0,0,0,1,0,0,00669,0,1,0,0,0
1900,1900,0,0,0,0,00,0,0,0,1,0,0,1,0,0,0,0,00000,0,0,0,1,0,0,0066a,0,1,0,0,0
1901,1901,0,0,0,0,00,0,0,0,1,0,0,1,0,0,0,0,00000,0,0,0,1,0,0,0066b,0,1,0,0,0
1902,1902,0,0,0,0,00,0,0,0,1,0,0,1,0,0,0,0,00000,0,0,0,1,0,0,0066c,0,1,0,0,0
1903,1903,0,0,0,0,00,0,0,0,1,0,0,1,0,0,0,0,00000,0,0,0,1,0,0,0066d,0,1,0,0,0
1904,1904,0,0,0,0,00,0,0,0,1,0,0,1,0,0,0,0,00000,0,0,0,1,0,0,0066e,0,1,0,0,0
1905,1905,0,0,0,0,00,0,0,0,1,0,0,1,0,0,0,0,00000,0,0,0,1,0,0,0066f,0,1,0,0,0
1906,1906,0,0,0,0,00,0,0,0,1,0,0,1,0,0,0,0,00000,0,0,0,1,0,0,00670,0,1,0,0,0
1907,1907,0,0,0,0,00,0,0,0,1,0,0,1,0,0,0,0,00000,0,0,0,1,0,0,00671,0,1,0,0,0
1908,1908,0,0,0,0,00,0,0,0,1,0,0,1,0,0,0,0,00000,0,0,0,1,0,0,00672,0,1,0,0,0
1909,1909,0,0,0,0,00,0,0,0,1,0,0,1,0,0,0,0,00000,0,0,0,1,0,0,00673,0,1,0,0,0
1910,1910,0,0,0,0,00,0,0,0,1,0,0,1,0,0,0,0,00000,0,0,0,1,0,0,00674,0,1,0,0,0
1911,1911,0,0,0,0,00,0,0,0,1,0,0,1,0,0,0,0,00000,0,0,0,1,0,0,00675,0,1,0,0,0
1912,1912,0,0,0,0,00,0,0,0,1,0,0,1,0,0,0,0,00000,0,0,0,1,0,0,00676,0,1,0,0,0
1913,1913,0,0,0,0,00,0,0,0,1,0,0,1,0,0,0,0,00000,0,0,0,1,0,0,00677,0,1,0,0,0
1914,1914,0,0,0,0,00,0,0,0,1,0,0,1,0,0,0,0,00000,0,0,0,1,0,0,00678,0,1,0,0,0
1915,1915,0,0,0,0,00,0,0,0,1,0,0,1,0,0,0,0,00000,0,0,0,1,0,0,00679,0,1,0,0,0
1916,1916,0,0,0,0,00,0,0,0,1,0,0,1,0,0,0,0,00000,0,0,0,1,0,0,0067a,0,1,0,0,0
1917,1917,0,0,0,0,00,0,0,0,1,0,0,1,0,0,0,0,00000,0,0,0,1,0,0,0067b,0,1,0,0,0
1918,1918,0,0,0,0,00,0,0,0,1,0,0,1,0,0,0,0,00000,0,0,0,1,0,0,0067c,0,1,0,0,0
1919,1919,0,0,0,0,00,0,0,0,1,0,0,1,0,0,0,0,00000,0,0,0,1,0,0,0067d,0,1,0,0,0
1920,1920,0,0,0,0,00,0,0,0,1,0,0,1,0,0,0,0,00000,0,0,0,1,0,0,0067e,0,1,0,0,0
1921,1921,0,0,0,0,00,0,0,0,1,0,0,1,0,0,0,0,00000,0,0,0,1,0,0,0067f,0,1,0,0,0
1922,1922,0,0,0,0,00,0,0,0,1,0,0,1,0,0,0,0,00000,0,0,0,1,0,0,00680,0,1,0,0,0
1923,1923,0,0,0,0,00,0,0,0,1,0,0,1,0,0,0,0,00000,0,0,0,1,0,0,00681,0,1,0,0,0
1924,1924,0,0,0,0,00,0,0,0,1,0,0,1,0,0,0,0,00000,0,0,0,1,0,0,00682,0,1,0,0,0
1925,1925,0,0,0,0,00,0,0,0,1,0,0,1,0,0,0,0,00000,0,0,0,1,0,0,00683,0,1,0,0,0
1926,1926,0,0,0,0,00,0,0,0,1,0,0,1,0,0,0,0,00000,0,0,0,1,0,0,00684,0,1,0,0,0
1927,1927,0,0,0,0,00,0,0,0,1,0,0,1,0,0,0,0,00000,0,0,0,1,0,0,00685,0,1,0,0,0
1928,1928,0,0,0,0,00,0,0,0,1,0,0,1,0,0,0,0,00000,0,0,0,1,0,0,00686,0,1,0,0,0
1929,1929,0,0,0,0,00,0,0,0,1,0,0,1,0,0,0,0,00000,0,0,0,1,0,0,00687,0,1,0,0,0
1930,1930,0,0,0,0,00,0,0,0,1,0,0,1,0,0,0,0,00000,0,0,0,1,0,0,00688,0,1,0,0,0
1931,1931,0,0,0,0,00,0,0,0,1,0,0,1,0,0,0,0,00000,0,0,0,1,0,0,00689,0,1,0,0,0
1932,1932,0,0,0,0,00,0,0,0,1,0,0,1,0,0,0,0,00000,0,0,0,1,0,0,0068a,0,1,0,0,0
1933,1933,0,0,0,0,00,0,0,0,1,0,0,1,0,0,0,0,00000,0,0,0,1,0,0,0068b,0,1,0,0,0
1934,1934,0,0,0,0,00,0,0,0,1,0,0,1,0,0,0,0,00000,0,0,0,1,0,0,0068c,0,1,0,0,0
1935,1935,0,0,0,0,00,0,0,0,1,0,0,1,0,0,0,0,00000,0,0,0,1,0,0,0068d,0,1,0,0,0
1936,1936,0,0,0,0,00,0,0,0,1,0,0,1,0,0,0,0,00000,0,0,0,1,0,0,0068e,0,1,0,0,0
1937,1937,0,0,0,0,00,0,0,0,1,0,0,1,0,0,0,0,00000,0,0,0,1,0,0,0068f,0,1,0,0,0
1938,1938,0,0,0,0,00,0,0,0,1,0,0,1,0,0,0,0,00000,0,0,0,1,0,0,00690,0,1,0,0,0
1939,1939,0,0,0,0,00,0,0,0,1,0,0,1,0,0,0,0,00000,0,0,0,1,0,0,00691,0,1,0,0,0
1940,1940,0,0,0,0,00,0,0,0,1,0,0,1,0,0,0,0,00000,0,0,0,1,0,0,00692,0,1,0,0,0
1941,1941,0,0,0,0,00,0,0,0,1,0,0,1,0,0,0,0,00000,0,0,0,1,0,0,00693,0,1,0,0,0
1942,1942,0,0,0,0,00,0,0,0,1,0,0,1,0,0,0,0,00000,0,0,0,1,0,0,00694,0,1,0,0,0
1943,1943,0,0,0,0,00,0,0,0,1,0,0,1,0,0,0,0,00000,0,0,0,1,0,0,00695,0,1,0,0,0
1944,1944,0,0,0,0,00,0,0,0,1,0,0,1,0,0,0,0,00000,0,0,0,1,0,0,00696,0,1,0,0,0
1945,1945,0,0,0,0,00,0,0,0,1,0,0,1,0,0,0,0,00000,0,0,0,1,0,0,00697,0,1,0,0,0
1946,1946,0,0,0,0,00,0,0,0,1,0,0,1,0,0,0,0,00000,0,0,0,1,0,0,00698,0,1,0,0,0
1947,1947,0,0,0,0,00,0,0,0,1,0,0,1,0,0,0,0,00000,0,0,0,1,0,0,00699,0,1,0,0,0
1948,1948,0,0,0,0,00,0,0,0,1,0,0,1,0,0,0,0,00000,0,0,0,1,0,0,0069a,0,1,0,0,0
1949,1949,0,0,0,0,00,0,0,0,1,0,0,1,0,0,0,0,00000,0,0,0,1,0,0,0069b,0,1,0,0,0
1950,1950,0,0,0,0,00,0,0,0,1,0,0,1,0,0,0,0,00000,0,0,0,1,0,0,0069c,0,1,0,0,0
1951,1951,0,0,0,0,00,0,0,0,1,0,0,1,0,0,0,0,00000,0,0,0,1,0,0,0069d,0,1,0,0,0
1952,1952,0,0,0,0,00,0,0,0,1,0,0,1,0,0,0,0,00000,0,0,0,1,0,0,0069e,0,1,0,0,0
1953,1953,0,0,0,0,00,0,0,0,1,0,0,1,0,0,0,0,00000,0,0,0,1,0,0,0069f,0,1,0,0,0
1954,1954,0,0,0,0,00,0,0,0,1,0,0,1,0,0,0,0,00000,0,0,0,1,0,0,006a0,0,1,0,0,0
1955,1955,0,0,0,0,00,0,0,0,1,0,0,1,0,0,0,0,00000,0,0,0,1,0,0,006a1,0,1,0,0,0
1956,1956,0,0,0,0,00,0,0,0,1,0,0,1,0,0,0,0,00000,0,0,0,1,0,0,006a2,0,1,0,0,0
1957,1957,0,0,0,0,00,0,0,0,1,0,0,1,0,0,0,0,00000,0,0,0,1,0,0,006a3,0,1,0,0,0
1958,1958,0,0,0,0,00,0,0,0,1,0,0,1,0,0,0,0,00000,0,0,0,1,0,0,006a4,0,1,0,0,0
1959,1959,0,0,0,0,00,0,0,0,1,0,0,1,0,0,0,0,00000,0,0,0,1,0,0,006a5,0,1,0,0,0
1960,1960,0,0,0,0,00,0,0,0,1,0,0,1,0,0,0,0,00000,0,0,0,1,0,0,006a6,0,1,0,0,0
1961,1961,0,0,0,0,00,0,0,0,1,0,0,1,0,0,0,0,00000,0,0,0,1,0,0,006a7,0,1,0,0,0
1962,1962,0,0,0,0,00,0,0,0,1,0,0,1,0,0,0,0,00000,0,0,0,1,0,0,006a8,0,1,0,0,0
1963,1963,0,0,0,0,00,0,0,0,1,0,0,1,0,0,0,0,00000,0,0,0,1,0,0,006a9,0,1,0,0,0
1964,1964,0,0,0,0,00,0,0,0,1,0,0,1,0,0,0,0,00000,0,0,0,1,0,0,006aa,0,1,0,0,0
1965,1965,0,0,0,0,00,0,0,0,1,0,0,1,0,0,0,0,00000,0,0,0,1,0,0,006ab,0,1,0,0,0
1966,1966,0,0,0,0,00,0,0,0,1,0,0,1,0,0,0,0,00000,0,0,0,1,0,0,006ac,0,1,0,0,0
1967,1967,0,0,0,0,00,0,0,0,1,0,0,1,0,0,0,0,00000,0,0,0,1,0,0,006ad,0,1,0,0,0
1968,1968,0,0,0,0,00,0,0,0,1,0,0,1,0,0,0,0,00000,0,0,0,1,0,0,006ae,0,1,0,0,0
1969,1969,0,0,0,0,00,0,0,0,1,0,0,1,0,0,0,0,00000,0,0,0,1,0,0,006af,0,1,0,0,0
1970,1970,0,0,0,0,00,0,0,0,1,0,0,1,0,0,0,0,00000,0,0,0,1,0,0,006b0,0,1,0,0,0
1971,1971,0,0,0,0,00,0,0,0,1,0,0,1,0,0,0,0,00000,0,0,0,1,0,0,006b1,0,1,0,0,0
1972,1972,0,0,0,0,00,0,0,0,1,0,0,1,0,0,0,0,00000,0,0,0,1,0,0,006b2,0,1,0,0,0
1973,1973,0,0,0,0,00,0,0,0,1,0,0,1,0,0,0,0,00000,0,0,0,1,0,0,006b3,0,1,0,0,0
1974,1974,0,0,0,0,00,0,0,0,1,0,0,1,0,0,0,0,00000,0,0,0,1,0,0,006b4,0,1,0,0,0
1975,1975,0,0,0,0,00,0,0,0,1,0,0,1,0,0,0,0,00000,0,0,0,1,0,0,006b5,0,1,0,0,0
1976,1976,0,0,0,0,00,0,0,0,1,0,0,1,0,0,0,0,00000,0,0,0,1,0,0,006b6,0,1,0,0,0
1977,1977,0,0,0,0,00,0,0,0,1,0,0,1,0,0,0,0,00000,0,0,0,1,0,0,006b7,0,1,0,0,0
1978,1978,0,0,0,0,00,0,0,0,1,0,0,1,0,0,0,0,00000,0,0,0,1,0,0,006b8,0,1,0,0,0
1979,1979,0,0,0,0,00,0,0,0,1,0,0,1,0,0,0,0,00000,0,0,0,1,0,0,006b9,0,1,0,0,0
1980,1980,0,0,0,0,00,0,0,0,1,0,0,1,0,0,0,0,00000,0,0,0,1,0,0,006ba,0,1,0,0,0
1981,1981,0,0,0,0,00,0,0,0,1,0,0,1,0,0,0,0,00000,0,0,0,1,0,0,006bb,0,1,0,0,0
1982,1982,0,0,0,0,00,0,0,0,1,0,0,1,0,0,0,0,00000,0,0,0,1,0,0,006bc,0,1,0,0,0
1983,1983,0,0,0,0,00,0,0,0,1,0,0,1,0,0,0,0,00000,0,0,0,1,0,0,006bd,0,1,0,0,0
1984,1984,0,0,0,0,00,0,0,0,1,0,0,1,0,0,0,0,00000,0,0,0,1,0,0,006be,0,1,0,0,0
1985,1985,0,0,0,0,00,0,0,0,1,0,0,1,0,0,0,0,00000,0,0,0,1,0,0,006bf,0,1,0,0,0
1986,1986,0,0,0,0,00,0,0,0,1,0,0,1,0,0,0,0,00000,0,0,0,1,0,0,006c0,0,1,0,0,0
1987,1987,0,0,0,0,00,0,0,0,1,0,0,1,0,0,0,0,00000,0,0,0,1,0,0,006c1,0,1,0,0,0
1988,1988,0,0,0,0,00,0,0,0,1,0,0,1,0,0,0,0,00000,0,0,0,1,0,0,006c2,0,1,0,0,0
1989,1989,0,0,0,0,00,0,0,0,1,0,0,1,0,0,0,0,00000,0,0,0,1,0,0,006c3,0,1,0,0,0
1990,1990,0,0,0,0,00,0,0,0,1,0,0,1,0,0,0,0,00000,0,0,0,1,0,0,006c4,0,1,0,0,0
1991,1991,0,0,0,0,00,0,0,0,1,0,0,1,0,0,0,0,00000,0,0,0,1,0,0,006c5,0,1,0,0,0
1992,1992,0,0,0,0,00,0,0,0,1,0,0,1,0,0,0,0,00000,0,0,0,1,0,0,006c6,0,1,0,0,0
1993,1993,0,0,0,0,00,0,0,0,1,0,0,1,0,0,0,0,00000,0,0,0,1,0,0,006c7,0,1,0,0,0
1994,1994,0,0,0,0,00,0,0,0,1,0,0,1,0,0,0,0,00000,0,0,0,1,0,0,006c8,0,1,0,0,0
1995,1995,0,0,0,0,00,0,0,0,1,0,0,1,0,0,0,0,00000,0,0,0,1,0,0,006c9,0,1,0,0,0
1996,1996,0,0,0,0,00,0,0,0,1,0,0,1,0,0,0,0,00000,0,0,0,1,0,0,006ca,0,1,0,0,0
1997,1997,0,0,0,0,00,0,0,0,1,0,0,1,0,0,0,0,00000,0,0,0,1,0,0,006cb,0,1,0,0,0
1998,1998,0,0,0,0,00,0,0,0,1,0,0,1,0,0,0,0,00000,0,0,0,1,0,0,006cc,0,1,0,0,0
1999,1999,0,0,0,0,00,0,0,0,1,0,0,1,0,0,0,0,00000,0,0,0,1,0,0,006cd,0,1,0,0,0
2000,2000,0,0,0,0,00,0,0,0,1,0,0,1,0,0,0,0,00000,0,0,0,1,0,0,006ce,0,1,0,0,0
2001,2001,0,0,0,0,00,0,0,0,1,0,0,1,0,0,0,0,00000,0,0,0,1,0,0,006cf,0,1,0,0,0
2002,2002,0,0,0,0,00,0,0,0,1,0,0,1,0,0,0,0,00000,0,0,0,1,0,0,006d0,0,1,0,0,0
2003,2003,0,0,0,0,00,0,0,0,1,0,0,1,0,0,0,0,00000,0,0,0,1,0,0,006d1,0,1,0,0,0
2004,2004,0,0,0,0,00,0,0,0,1,0,0,1,0,0,0,0,00000,0,0,0,1,0,0,006d2,0,1,0,0,0
2005,2005,0,0,0,0,00,0,0,0,1,0,0,1,0,0,0,0,00000,0,0,0,1,0,0,006d3,0,1,0,0,0
2006,2006,0,0,0,0,00,0,0,0,1,0,0,1,0,0,0,0,00000,0,0,0,1,0,0,006d4,0,1,0,0,0
2007,2007,0,0,0,0,00,0,0,0,1,0,0,1,0,0,0,0,00000,0,0,0,1,0,0,006d5,0,1,0,0,0
2008,2008,0,0,0,0,00,0,0,0,1,0,0,1,0,0,0,0,00000,0,0,0,1,0,0,006d6,0,1,0,0,0
2009,2009,0,0,0,0,00,0,0,0,1,0,0,1,0,0,0,0,00000,0,0,0,1,0,0,006d7,0,1,0,0,0
2010,2010,0,0,0,0,00,0,0,0,1,0,0,1,0,0,0,0,00000,0,0,0,1,0,0,006d8,0,1,0,0,0
2011,2011,0,0,0,0,00,0,0,0,1,0,0,1,0,0,0,0,00000,0,0,0,1,0,0,006d9,0,1,0,0,0
2012,2012,0,0,0,0,00,0,0,0,1,0,0,1,0,0,0,0,00000,0,0,0,1,0,0,006da,0,1,0,0,0
2013,2013,0,0,0,0,00,0,0,0,1,0,0,1,0,0,0,0,00000,0,0,0,1,0,0,006db,0,1,0,0,0
2014,2014,0,0,0,0,00,0,0,0,1,0,0,1,0,0,0,0,00000,0,0,0,1,0,0,006dc,0,1,0,0,0
2015,2015,0,0,0,0,00,0,0,0,1,0,0,1,0,0,0,0,00000,0,0,0,1,0,0,006dd,0,1,0,0,0
2016,2016,0,0,0,0,00,0,0,0,1,0,0,1,0,0,0,0,00000,0,0,0,1,0,0,006de,0,1,0,0,0
2017,2017,0,0,0,0,00,0,0,0,1,0,0,1,0,0,0,0,00000,0,0,0,1,0,0,006df,0,1,0,0,0
2018,2018,0,0,0,0,00,0,0,0,1,0,0,1,0,0,0,0,00000,0,0,0,1,0,0,006e0,0,1,0,0,0
2019,2019,0,0,0,0,00,0,0,0,1,0,0,1,0,0,0,0,00000,0,0,0,1,0,0,006e1,0,1,0,0,0
2020,2020,0,0,0,0,00,0,0,0,1,0,0,1,0,0,0,0,00000,0,0,0,1,0,0,006e2,0,1,0,0,0
2021,2021,0,0,0,0,00,0,0,0,1,0,0,1,0,0,0,0,00000,0,0,0,1,0,0,006e3,0,1,0,0,0
2022,2022,0,0,0,0,00,0,0,0,1,0,0,1,0,0,0,0,00000,0,0,0,1,0,0,006e4,0,1,0,0,0
2023,2023,0,0,0,0,00,0,0,0,1,0,0,1,0,0,0,0,00000,0,0,0,1,0,0,006e5,0,1,0,0,0
2024,2024,0,0,0,0,00,0,0,0,1,0,0,1,0,0,0,0,00000,0,0,0,1,0,0,006e6,0,1,0,0,0
2025,2025,0,0,0,0,00,0,0,0,1,0,0,1,0,0,0,0,00000,0,0,0,1,0,0,006e7,0,1,0,0,0
2026,2026,0,0,0,0,00,0,0,0,1,0,0,1,0,0,0,0,00000,0,0,0,1,0,0,006e8,0,1,0,0,0
2027,2027,0,0,0,0,00,0,0,0,1,0,0,1,0,0,0,0,00000,0,0,0,1,0,0,006e9,0,1,0,0,0
2028,2028,0,0,0,0,00,0,0,0,1,0,0,1,0,0,0,0,00000,0,0,0,1,0,0,006ea,0,1,0,0,0
2029,2029,0,0,0,0,00,0,0,0,1,0,0,1,0,0,0,0,00000,0,0,0,1,0,0,006eb,0,1,0,0,0
2030,2030,0,0,0,0,00,0,0,0,1,0,0,1,0,0,0,0,00000,0,0,0,1,0,0,006ec,0,1,0,0,0
2031,2031,0,0,0,0,00,0,0,0,1,0,0,1,0,0,0,0,00000,0,0,0,1,0,0,006ed,0,1,0,0,0
2032,2032,0,0,0,0,00,0,0,0,1,0,0,1,0,0,0,0,00000,0,0,0,1,0,0,006ee,0,1,0,0,0
2033,2033,0,0,0,0,00,0,0,0,1,0,0,1,0,0,0,0,00000,0,0,0,1,0,0,006ef,0,1,0,0,0
2034,2034,0,0,0,0,00,0,0,0,1,0,0,1,0,0,0,0,00000,0,0,0,1,0,0,006f0,0,1,0,0,0
2035,2035,0,0,0,0,00,0,0,0,1,0,0,1,0,0,0,0,00000,0,0,0,1,0,0,006f1,0,1,0,0,0
2036,2036,0,0,0,0,00,0,0,0,1,0,0,1,0,0,0,0,00000,0,0,0,1,0,0,006f2,0,1,0,0,0
2037,2037,0,0,0,0,00,0,0,0,1,0,0,1,0,0,0,0,00000,0,0,0,1,0,0,006f3,0,1,0,0,0
2038,2038,0,0,0,0,00,0,0,0,1,0,0,1,0,0,0,0,00000,0,0,0,1,0,0,006f4,0,1,0,0,0
2039,2039,0,0,0,0,00,0,0,0,1,0,0,1,0,0,0,0,00000,0,0,0,1,0,0,006f5,0,1,0,0,0
2040,2040,0,0,0,0,00,0,0,0,1,0,0,1,0,0,0,0,00000,0,0,0,1,0,0,006f6,0,1,0,0,0
2041,2041,0,0,0,0,00,0,0,0,1,0,0,1,0,0,0,0,00000,0,0,0,1,0,0,006f7,0,1,0,0,0
2042,2042,0,0,0,0,00,0,0,0,1,0,0,1,0,0,0,0,00000,0,0,0,1,0,0,006f8,0,1,0,0,0
2043,2043,0,0,0,0,00,0,0,0,1,0,0,1,0,0,0,0,00000,0,0,0,1,0,0,006f9,0,1,0,0,0
2044,2044,0,0,0,0,00,0,0,0,1,0,0,1,0,0,0,0,00000,0,0,0,1,0,0,006fa,0,1,0,0,0
2045,2045,0,0,0,0,00,0,0,0,1,0,0,1,0,0,0,0,00000,0,0,0,1,0,0,006fb,0,1,0,0,0
2046,2046,0,0,0,0,00,0,0,0,1,0,0,1,0,0,0,0,00000,0,0,0,1,0,0,006fc,0,1,0,0,0
2047,2047,0,0,0,0,00,0,0,0,1,0,0,1,0,0,0,0,00000,0,0,0,1,0,0,006fd,0,1,0,0,0
2048,2048,0,0,0,0,00,0,0,0,1,0,0,1,0,0,0,0,00000,0,0,0,1,0,0,006fe,0,1,0,0,0
2049,2049,0,0,0,0,00,0,0,0,1,0,0,1,0,0,0,0,00000,0,0,0,1,0,0,006ff,0,1,0,0,0
2050,2050,0,0,0,0,00,0,0,0,1,0,0,1,0,0,0,0,00000,0,0,0,1,0,0,00700,0,1,0,0,0
2051,2051,0,0,0,0,00,0,0,0,1,0,0,1,0,0,0,0,00000,0,0,0,1,0,0,00701,0,1,0,0,0
2052,2052,0,0,0,0,00,0,0,0,1,0,0,1,0,0,0,0,00000,0,0,0,1,0,0,00702,0,1,0,0,0
2053,2053,0,0,0,0,00,0,0,0,1,0,0,1,0,0,0,0,00000,0,0,0,1,0,0,00703,0,1,0,0,0
2054,2054,0,0,0,0,00,0,0,0,1,0,0,1,0,0,0,0,00000,0,0,0,1,0,0,00704,0,1,0,0,0
2055,2055,0,0,0,0,00,0,0,0,1,0,0,1,0,0,0,0,00000,0,0,0,1,0,0,00705,0,1,0,0,0
2056,2056,0,0,0,0,00,0,0,0,1,0,0,1,0,0,0,0,00000,0,0,0,1,0,0,00706,0,1,0,0,0
2057,2057,0,0,0,0,00,0,0,0,1,0,0,1,0,0,0,0,00000,0,0,0,1,0,0,00707,0,1,0,0,0
2058,2058,0,0,0,0,00,0,0,0,1,0,0,1,0,0,0,0,00000,0,0,0,1,0,0,00708,0,1,0,0,0
2059,2059,0,0,0,0,00,0,0,0,1,0,0,1,0,0,0,0,00000,0,0,0,1,0,0,00709,0,1,0,0,0
2060,2060,0,0,0,0,00,0,0,0,1,0,0,1,0,0,0,0,00000,0,0,0,1,0,0,0070a,0,1,0,0,0
2061,2061,0,0,0,0,00,0,0,0,1,0,0,1,0,0,0,0,00000,0,0,0,1,0,0,0070b,0,1,0,0,0
2062,2062,0,0,0,0,00,0,0,0,1,0,0,1,0,0,0,0,00000,0,0,0,1,0,0,0070c,0,1,0,0,0
2063,2063,0,0,0,0,00,0,0,0,1,0,0,1,0,0,0,0,00000,0,0,0,1,0,0,0070d,0,1,0,0,0
2064,2064,0,0,0,0,00,0,0,0,1,0,0,1,0,0,0,0,00000,0,0,0,1,0,0,0070e,0,1,0,0,0
2065,2065,0,0,0,0,00,0,0,0,1,0,0,1,0,0,0,0,00000,0,0,0,1,0,0,0070f,0,1,0,0,0
2066,2066,0,0,0,0,00,0,0,0,1,0,0,1,0,0,0,0,00000,0,0,0,1,0,0,00710,0,1,0,0,0
2067,2067,0,0,0,0,00,0,0,0,1,0,0,1,0,0,0,0,00000,0,0,0,1,0,0,00711,0,1,0,0,0
2068,2068,0,0,0,0,00,0,0,0,1,0,0,1,0,0,0,0,00000,0,0,0,1,0,0,00712,0,1,0,0,0
2069,2069,0,0,0,0,00,0,0,0,1,0,0,1,0,0,0,0,00000,0,0,0,1,0,0,00713,0,1,0,0,0
2070,2070,0,0,0,0,00,0,0,0,1,0,0,1,0,0,0,0,00000,0,0,0,1,0,0,00714,0,1,0,0,0
2071,2071,0,0,0,0,00,0,0,0,1,0,0,1,0,0,0,0,00000,0,0,0,1,0,0,00715,0,1,0,0,0
2072,2072,0,0,0,0,00,0,0,0,1,0,0,1,0,0,0,0,00000,0,0,0,1,0,0,00716,0,1,0,0,0
2073,2073,0,0,0,0,00,0,0,0,1,0,0,1,0,0,0,0,00000,0,0,0,1,0,0,00717,0,1,0,0,0
2074,2074,0,0,0,0,00,0,0,0,1,0,0,1,0,0,0,0,00000,0,0,0,1,0,0,00718,0,1,0,0,0
2075,2075,0,0,0,0,00,0,0,0,1,0,0,1,0,0,0,0,00000,0,0,0,1,0,0,00719,0,1,0,0,0
2076,2076,0,0,0,0,00,0,0,0,1,0,0,1,0,0,0,0,00000,0,0,0,1,0,0,0071a,0,1,0,0,0
2077,2077,0,0,0,0,00,0,0,0,1,0,0,1,0,0,0,0,00000,0,0,0,1,0,0,0071b,0,1,0,0,0
2078,2078,0,0,0,0,00,0,0,0,1,0,0,1,0,0,0,0,00000,0,0,0,1,0,0,0071c,0,1,0,0,0
2079,2079,0,0,0,0,00,0,0,0,1,0,0,1,0,0,0,0,00000,0,0,0,1,0,0,0071d,0,1,0,0,0
2080,2080,0,0,0,0,00,0,0,0,1,0,0,1,0,0,0,0,00000,0,0,0,1,0,0,0071e,0,1,0,0,0
2081,2081,0,0,0,0,00,0,0,0,1,0,0,1,0,0,0,0,00000,0,0,0,1,0,0,0071f,0,1,0,0,0
2082,2082,0,0,0,0,00,0,0,0,1,0,0,1,0,0,0,0,00000,0,0,0,1,0,0,00720,0,1,0,0,0
2083,2083,0,0,0,0,00,0,0,0,1,0,0,1,0,0,0,0,00000,0,0,0,1,0,0,00721,0,1,0,0,0
2084,2084,0,0,0,0,00,0,0,0,1,0,0,1,0,0,0,0,00000,0,0,0,1,0,0,00722,0,1,0,0,0
2085,2085,0,0,0,0,00,0,0,0,1,0,0,1,0,0,0,0,00000,0,0,0,1,0,0,00723,0,1,0,0,0
2086,2086,0,0,0,0,00,0,0,0,1,0,0,1,0,0,0,0,00000,0,0,0,1,0,0,00724,0,1,0,0,0
2087,2087,0,0,0,0,00,0,0,0,1,0,0,1,0,0,0,0,00000,0,0,0,1,0,0,00725,0,1,0,0,0
2088,2088,0,0,0,0,00,0,0,0,1,0,0,1,0,0,0,0,00000,0,0,0,1,0,0,00726,0,1,0,0,0
2089,2089,0,0,0,0,00,0,0,0,1,0,0,1,0,0,0,0,00000,0,0,0,1,0,0,00727,0,1,0,0,0
2090,2090,0,0,0,0,00,0,0,0,1,0,0,1,0,0,0,0,00000,0,0,0,1,0,0,00728,0,1,0,0,0
2091,2091,0,0,0,0,00,0,0,0,1,0,0,1,0,0,0,0,00000,0,0,0,1,0,0,00729,0,1,0,0,0
2092,2092,0,0,0,0,00,0,0,0,1,0,0,1,0,0,0,0,00000,0,0,0,1,0,0,0072a,0,1,0,0,0
2093,2093,0,0,0,0,00,0,0,0,1,0,0,1,0,0,0,0,00000,0,0,0,1,0,0,0072b,0,1,0,0,0
2094,2094,0,0,0,0,00,0,0,0,1,0,0,1,0,0,0,0,00000,0,0,0,1,0,0,0072c,0,1,0,0,0
2095,2095,0,0,0,0,00,0,0,0,1,0,0,1,0,0,0,0,00000,0,0,0,1,0,0,0072d,0,1,0,0,0
2096,2096,0,0,0,0,00,0,0,0,1,0,0,1,0,0,0,0,00000,0,0,0,1,0,0,0072e,0,1,0,0,0
2097,2097,0,0,0,0,00,0,0,0,1,0,0,1,0,0,0,0,00000,0,0,0,1,0,0,0072f,0,1,0,0,0
2098,2098,0,0,0,0,00,0,0,0,1,0,0,1,0,0,0,0,00000,0,0,0,1,0,0,00730,0,1,0,0,0
2099,2099,0,0,0,0,00,0,0,0,1,0,0,1,0,0,0,0,00000,0,0,0,1,0,0,00731,0,1,0,0,0
2100,2100,0,0,0,0,00,0,0,0,1,0,0,1,0,0,0,0,00000,0,0,0,1,0,0,00732,0,1,0,0,0
2101,2101,0,0,0,0,00,0,0,0,1,0,0,1,0,0,0,0,00000,0,0,0,1,0,0,00733,0,1,0,0,0
2102,2102,0,0,0,0,00,0,0,0,1,0,0,1,0,0,0,0,00000,0,0,0,1,0,0,00734,0,1,0,0,0
2103,2103,0,0,0,0,00,0,0,0,1,0,0,1,0,0,0,0,00000,0,0,0,1,0,0,00735,0,1,0,0,0
2104,2104,0,0,0,0,00,0,0,0,1,0,0,1,0,0,0,0,00000,0,0,0,1,0,0,00736,0,1,0,0,0
2105,2105,0,0,0,0,00,0,0,0,1,0,0,1,0,0,0,0,00000,0,0,0,1,0,0,00737,0,1,0,0,0
2106,2106,0,0,0,0,00,0,0,0,1,0,0,1,0,0,0,0,00000,0,0,0,1,0,0,00738,0,1,0,0,0
2107,2107,0,0,0,0,00,0,0,0,1,0,0,1,0,0,0,0,00000,0,0,0,1,0,0,00739,0,1,0,0,0
2108,2108,0,0,0,0,00,0,0,0,1,0,0,1,0,0,0,0,00000,0,0,0,1,0,0,0073a,0,1,0,0,0
2109,2109,0,0,0,0,00,0,0,0,1,0,0,1,0,0,0,0,00000,0,0,0,1,0,0,0073b,0,1,0,0,0
2110,2110,0,0,0,0,00,0,0,0,1,0,0,1,0,0,0,0,00000,0,0,0,1,0,0,0073c,0,1,0,0,0
2111,2111,0,0,0,0,00,0,0,0,1,0,0,1,0,0,0,0,00000,0,0,0,1,0,0,0073d,0,1,0,0,0
2112,2112,0,0,0,0,00,0,0,0,1,0,0,1,0,0,0,0,00000,0,0,0,1,0,0,0073e,0,1,0,0,0
2113,2113,0,0,0,0,00,0,0,0,1,0,0,1,0,0,0,0,00000,0,0,0,1,0,0,0073f,0,1,0,0,0
2114,2114,0,0,0,0,00,0,0,0,1,0,0,1,0,0,0,0,00000,0,0,0,1,0,0,00740,0,1,0,0,0
2115,2115,0,0,0,0,00,0,0,0,1,0,0,1,0,0,0,0,00000,0,0,0,1,0,0,00741,0,1,0,0,0
2116,2116,0,0,0,0,00,0,0,0,1,0,0,1,0,0,0,0,00000,0,0,0,1,0,0,00742,0,1,0,0,0
2117,2117,0,0,0,0,00,0,0,0,1,0,0,1,0,0,0,0,00000,0,0,0,1,0,0,00743,0,1,0,0,0
2118,2118,0,0,0,0,00,0,0,0,1,0,0,1,0,0,0,0,00000,0,0,0,1,0,0,00744,0,1,0,0,0
2119,2119,0,0,0,0,00,0,0,0,1,0,0,1,0,0,0,0,00000,0,0,0,1,0,0,00745,0,1,0,0,0
2120,2120,0,0,0,0,00,0,0,0,1,0,0,1,0,0,0,0,00000,0,0,0,1,0,0,00746,0,1,0,0,0
2121,2121,0,0,0,0,00,0,0,0,1,0,0,1,0,0,0,0,00000,0,0,0,1,0,0,00747,0,1,0,0,0
2122,2122,0,0,0,0,00,0,0,0,1,0,0,1,0,0,0,0,00000,0,0,0,1,0,0,00748,0,1,0,0,0
2123,2123,0,0,0,0,00,0,0,0,1,0,0,1,0,0,0,0,00000,0,0,0,1,0,0,00749,0,1,0,0,0
2124,2124,0,0,0,0,00,0,0,0,1,0,0,1,0,0,0,0,00000,0,0,0,1,0,0,0074a,0,1,0,0,0
2125,2125,0,0,0,0,00,0,0,0,1,0,0,1,0,0,0,0,00000,0,0,0,1,0,0,0074b,0,1,0,0,0
2126,2126,0,0,0,0,00,0,0,0,1,0,0,1,0,0,0,0,00000,0,0,0,1,0,0,0074c,0,1,0,0,0
2127,2127,0,0,0,0,00,0,0,0,1,0,0,1,0,0,0,0,00000,0,0,0,1,0,0,0074d,0,1,0,0,0
2128,2128,0,0,0,0,00,0,0,0,1,0,0,1,0,0,0,0,00000,0,0,0,1,0,0,0074e,0,1,0,0,0
2129,2129,0,0,0,0,00,0,0,0,1,0,0,1,0,0,0,0,00000,0,0,0,1,0,0,0074f,0,1,0,0,0
2130,2130,0,0,0,0,00,0,0,0,1,0,0,1,0,0,0,0,00000,0,0,0,1,0,0,00750,0,1,0,0,0
2131,2131,0,0,0,0,00,0,0,0,1,0,0,1,0,0,0,0,00000,0,0,0,1,0,0,00751,0,1,0,0,0
2132,2132,0,0,0,0,00,0,0,0,1,0,0,1,0,0,0,0,00000,0,0,0,1,0,0,00752,0,1,0,0,0
2133,2133,0,0,0,0,00,0,0,0,1,0,0,1,0,0,0,0,00000,0,0,0,1,0,0,00753,0,1,0,0,0
2134,2134,0,0,0,0,00,0,0,0,1,0,0,1,0,0,0,0,00000,0,0,0,1,0,0,00754,0,1,0,0,0
2135,2135,0,0,0,0,00,0,0,0,1,0,0,1,0,0,0,0,00000,0,0,0,1,0,0,00755,0,1,0,0,0
2136,2136,0,0,0,0,00,0,0,0,1,0,0,1,0,0,0,0,00000,0,0,0,1,0,0,00756,0,1,0,0,0
2137,2137,0,0,0,0,00,0,0,0,1,0,0,1,0,0,0,0,00000,0,0,0,1,0,0,00757,0,1,0,0,0
2138,2138,0,0,0,0,00,0,0,0,1,0,0,1,0,0,0,0,00000,0,0,0,1,0,0,00758,0,1,0,0,0
2139,2139,0,0,0,0,00,0,0,0,1,0,0,1,0,0,0,0,00000,0,0,0,1,0,0,00759,0,1,0,0,0
2140,2140,0,0,0,0,00,0,0,0,1,0,0,1,0,0,0,0,00000,0,0,0,1,0,0,0075a,0,1,0,0,0
2141,2141,0,0,0,0,00,0,0,0,1,0,0,1,0,0,0,0,00000,0,0,0,1,0,0,0075b,0,1,0,0,0
2142,2142,0,0,0,0,00,0,0,0,1,0,0,1,0,0,0,0,00000,0,0,0,1,0,0,0075c,0,1,0,0,0
2143,2143,0,0,0,0,00,0,0,0,1,0,0,1,0,0,0,0,00000,0,0,0,1,0,0,0075d,0,1,0,0,0
2144,2144,0,0,0,0,00,0,0,0,1,0,0,1,0,0,0,0,00000,0,0,0,1,0,0,0075e,0,1,0,0,0
2145,2145,0,0,0,0,00,0,0,0,1,0,0,1,0,0,0,0,00000,0,0,0,1,0,0,0075f,0,1,0,0,0
2146,2146,0,0,0,0,00,0,0,0,1,0,0,1,0,0,0,0,00000,0,0,0,1,0,0,00760,0,1,0,0,0
2147,2147,0,0,0,0,00,0,0,0,1,0,0,1,0,0,0,0,00000,0,0,0,1,0,0,00761,0,1,0,0,0
2148,2148,0,0,0,0,00,0,0,0,1,0,0,1,0,0,0,0,00000,0,0,0,1,0,0,00762,0,1,0,0,0
2149,2149,0,0,0,0,00,0,0,0,1,0,0,1,0,0,0,0,00000,0,0,0,1,0,0,00763,0,1,0,0,0
2150,2150,0,0,0,0,00,0,0,0,1,0,0,1,0,0,0,0,00000,0,0,0,1,0,0,00764,0,1,0,0,0
2151,2151,0,0,0,0,00,0,0,0,1,0,0,1,0,0,0,0,00000,0,0,0,1,0,0,00765,0,1,0,0,0
2152,2152,0,0,0,0,00,0,0,0,1,0,0,1,0,0,0,0,00000,0,0,0,1,0,0,00766,0,1,0,0,0
2153,2153,0,0,0,0,00,0,0,0,1,0,0,1,0,0,0,0,00000,0,0,0,1,0,0,00767,0,1,0,0,0
2154,2154,0,0,0,0,00,0,0,0,1,0,0,1,0,0,0,0,00000,0,0,0,1,0,0,00768,0,1,0,0,0
2155,2155,0,0,0,0,00,0,0,0,1,0,0,1,0,0,0,0,00000,0,0,0,1,0,0,00769,0,1,0,0,0
2156,2156,0,0,0,0,00,0,0,0,1,0,0,1,0,0,0,0,00000,0,0,0,1,0,0,0076a,0,1,0,0,0
2157,2157,0,0,0,0,00,0,0,0,1,0,0,1,0,0,0,0,00000,0,0,0,1,0,0,0076b,0,1,0,0,0
2158,2158,0,0,0,0,00,0,0,0,1,0,0,1,0,0,0,0,00000,0,0,0,1,0,0,0076c,0,1,0,0,0
2159,2159,0,0,0,0,00,0,0,0,1,0,0,1,0,0,0,0,00000,0,0,0,1,0,0,0076d,0,1,0,0,0
2160,2160,0,0,0,0,00,0,0,0,1,0,0,1,0,0,0,0,00000,0,0,0,1,0,0,0076e,0,1,0,0,0
2161,2161,0,0,0,0,00,0,0,0,1,0,0,1,0,0,0,0,00000,0,0,0,1,0,0,0076f,0,1,0,0,0
2162,2162,0,0,0,0,00,0,0,0,1,0,0,1,0,0,0,0,00000,0,0,0,1,0,0,00770,0,1,0,0,0
2163,2163,0,0,0,0,00,0,0,0,1,0,0,1,0,0,0,0,00000,0,0,0,1,0,0,00771,0,1,0,0,0
2164,2164,0,0,0,0,00,0,0,0,1,0,0,1,0,0,0,0,00000,0,0,0,1,0,0,00772,0,1,0,0,0
2165,2165,0,0,0,0,00,0,0,0,1,0,0,1,0,0,0,0,00000,0,0,0,1,0,0,00773,0,1,0,0,0
2166,2166,0,0,0,0,00,0,0,0,1,0,0,1,0,0,0,0,00000,0,0,0,1,0,0,00774,0,1,0,0,0
2167,2167,0,0,0,0,00,0,0,0,1,0,0,1,0,0,0,0,00000,0,0,0,1,0,0,00775,0,1,0,0,0
2168,2168,0,0,0,0,00,0,0,0,1,0,0,1,0,0,0,0,00000,0,0,0,1,0,0,00776,0,1,0,0,0
2169,2169,0,0,0,0,00,0,0,0,1,0,0,1,0,0,0,0,00000,0,0,0,1,0,0,00777,0,1,0,0,0
2170,2170,0,0,0,0,00,0,0,0,1,0,0,1,0,0,0,0,00000,0,0,0,1,0,0,00778,0,1,0,0,0
2171,2171,0,0,0,0,00,0,0,0,1,0,0,1,0,0,0,0,00000,0,0,0,1,0,0,00779,0,1,0,0,0
2172,2172,0,0,0,0,00,0,0,0,1,0,0,1,0,0,0,0,00000,0,0,0,1,0,0,0077a,0,1,0,0,0
2173,2173,0,0,0,0,00,0,0,0,1,0,0,1,0,0,0,0,00000,0,0,0,1,0,0,0077b,0,1,0,0,0
2174,2174,0,0,0,0,00,0,0,0,1,0,0,1,0,0,0,0,00000,0,0,0,1,0,0,0077c,0,1,0,0,0
2175,2175,0,0,0,0,00,0,0,0,1,0,0,1,0,0,0,0,00000,0,0,0,1,0,0,0077d,0,1,0,0,0
2176,2176,0,0,0,0,00,0,0,0,1,0,0,1,0,0,0,0,00000,0,0,0,1,0,0,0077e,0,1,0,0,0
2177,2177,0,0,0,0,00,0,0,0,1,0,0,1,0,0,0,0,00000,0,0,0,1,0,0,0077f,0,1,0,0,0
2178,2178,0,0,0,0,00,0,0,0,1,0,0,1,0,0,0,0,00000,0,0,0,1,0,0,00780,0,1,0,0,0
2179,2179,0,0,0,0,00,0,0,0,1,0,0,1,0,0,0,0,00000,0,0,0,1,0,0,00781,0,1,0,0,0
2180,2180,0,0,0,0,00,0,0,0,1,0,0,1,0,0,0,0,00000,0,0,0,1,0,0,00782,0,1,0,0,0
2181,2181,0,0,0,0,00,0,0,0,1,0,0,1,0,0,0,0,00000,0,0,0,1,0,0,00783,0,1,0,0,0
2182,2182,0,0,0,0,00,0,0,0,1,0,0,1,0,0,0,0,00000,0,0,0,1,0,0,00784,0,1,0,0,0
2183,2183,0,0,0,0,00,0,0,0,1,0,0,1,0,0,0,0,00000,0,0,0,1,0,0,00785,0,1,0,0,0
2184,2184,0,0,0,0,00,0,0,0,1,0,0,1,0,0,0,0,00000,0,0,0,1,0,0,00786,0,1,0,0,0
2185,2185,0,0,0,0,00,0,0,0,1,0,0,1,0,0,0,0,00000,0,0,0,1,0,0,00787,0,1,0,0,0
2186,2186,0,0,0,0,00,0,0,0,1,0,0,1,0,0,0,0,00000,0,0,0,1,0,0,00788,0,1,0,0,0
2187,2187,0,0,0,0,00,0,0,0,1,0,0,1,0,0,0,0,00000,0,0,0,1,0,0,00789,0,1,0,0,0
2188,2188,0,0,0,0,00,0,0,0,1,0,0,1,0,0,0,0,00000,0,0,0,1,0,0,0078a,0,1,0,0,0
2189,2189,0,0,0,0,00,0,0,0,1,0,0,1,0,0,0,0,00000,0,0,0,1,0,0,0078b,0,1,0,0,0
2190,2190,0,0,0,0,00,0,0,0,1,0,0,1,0,0,0,0,00000,0,0,0,1,0,0,0078c,0,1,0,0,0
2191,2191,0,0,0,0,00,0,0,0,1,0,0,1,0,0,0,0,00000,0,0,0,1,0,0,0078d,0,1,0,0,0
2192,2192,0,0,0,0,00,0,0,0,1,0,0,1,0,0,0,0,00000,0,0,0,1,0,0,0078e,0,1,0,0,0
2193,2193,0,0,0,0,00,0,0,0,1,0,0,1,0,0,0,0,00000,0,0,0,1,0,0,0078f,0,1,0,0,0
2194,2194,0,0,0,0,00,0,0,0,1,0,0,1,0,0,0,0,00000,0,0,0,1,0,0,00790,0,1,0,0,0
2195,2195,0,0,0,0,00,0,0,0,1,0,0,1,0,0,0,0,00000,0,0,0,1,0,0,00791,0,1,0,0,0
2196,2196,0,0,0,0,00,0,0,0,1,0,0,1,0,0,0,0,00000,0,0,0,1,0,0,00792,0,1,0,0,0
2197,2197,0,0,0,0,00,0,0,0,1,0,0,1,0,0,0,0,00000,0,0,0,1,0,0,00793,0,1,0,0,0
2198,2198,0,0,0,0,00,0,0,0,1,0,0,1,0,0,0,0,00000,0,0,0,1,0,0,00794,0,1,0,0,0
2199,2199,0,0,0,0,00,0,0,0,1,0,0,1,0,0,0,0,00000,0,0,0,1,0,0,00795,0,1,0,0,0
2200,2200,0,0,0,0,00,0,0,0,1,0,0,1,0,0,0,0,00000,0,0,0,1,0,0,00796,0,1,0,0,0
2201,2201,0,0,0,0,00,0,0,0,1,0,0,1,0,0,0,0,00000,0,0,0,1,0,0,00797,0,1,0,0,0
2202,2202,0,0,0,0,00,0,0,0,1,0,0,1,0,0,0,0,00000,0,0,0,1,0,0,00798,0,1,0,0,0
2203,2203,0,0,0,0,00,0,0,0,1,0,0,1,0,0,0,0,00000,0,0,0,1,0,0,00799,0,1,0,0,0
2204,2204,0,0,0,0,00,0,0,0,1,0,0,1,0,0,0,0,00000,0,0,0,1,0,0,0079a,0,1,0,0,0
2205,2205,0,0,0,0,00,0,0,0,1,0,0,1,0,0,0,0,00000,0,0,0,1,0,0,0079b,0,1,0,0,0
2206,2206,0,0,0,0,00,0,0,0,1,0,0,1,0,0,0,0,00000,0,0,0,1,0,0,0079c,0,1,0,0,0
2207,2207,0,0,0,0,00,0,0,0,1,0,0,1,0,0,0,0,00000,0,0,0,1,0,0,0079d,0,1,0,0,0
2208,2208,0,0,0,0,00,0,0,0,1,0,0,1,0,0,0,0,00000,0,0,0,1,0,0,0079e,0,1,0,0,0
2209,2209,0,0,0,0,00,0,0,0,1,0,0,1,0,0,0,0,00000,0,0,0,1,0,0,0079f,0,1,0,0,0
2210,2210,0,0,0,0,00,0,0,0,1,0,0,1,0,0,0,0,00000,0,0,0,1,0,0,007a0,0,1,0,0,0
2211,2211,0,0,0,0,00,0,0,0,1,0,0,1,0,0,0,0,00000,0,0,0,1,0,0,007a1,0,1,0,0,0
2212,2212,0,0,0,0,00,0,0,0,1,0,0,1,0,0,0,0,00000,0,0,0,1,0,0,007a2,0,1,0,0,0
2213,2213,0,0,0,0,00,0,0,0,1,0,0,1,0,0,0,0,00000,0,0,0,1,0,0,007a3,0,1,0,0,0
2214,2214,0,0,0,0,00,0,0,0,1,0,0,1,0,0,0,0,00000,0,0,0,1,0,0,007a4,0,1,0,0,0
2215,2215,0,0,0,0,00,0,0,0,1,0,0,1,0,0,0,0,00000,0,0,0,1,0,0,007a5,0,1,0,0,0
2216,2216,0,0,0,0,00,0,0,0,1,0,0,1,0,0,0,0,00000,0,0,0,1,0,0,007a6,0,1,0,0,0
2217,2217,0,0,0,0,00,0,0,0,1,0,0,1,0,0,0,0,00000,0,0,0,1,0,0,007a7,0,1,0,0,0
2218,2218,0,0,0,0,00,0,0,0,1,0,0,1,0,0,0,0,00000,0,0,0,1,0,0,007a8,0,1,0,0,0
2219,2219,0,0,0,0,00,0,0,0,1,0,0,1,0,0,0,0,00000,0,0,0,1,0,0,007a9,0,1,0,0,0
2220,2220,0,0,0,0,00,0,0,0,1,0,0,1,0,0,0,0,00000,0,0,0,1,0,0,007aa,0,1,0,0,0
2221,2221,0,0,0,0,00,0,0,0,1,0,0,1,0,0,0,0,00000,0,0,0,1,0,0,007ab,0,1,0,0,0
2222,2222,0,0,0,0,00,0,0,0,1,0,0,1,0,0,0,0,00000,0,0,0,1,0,0,007ac,0,1,0,0,0
2223,2223,0,0,0,0,00,0,0,0,1,0,0,1,0,0,0,0,00000,0,0,0,1,0,0,007ad,0,1,0,0,0
2224,2224,0,0,0,0,00,0,0,0,1,0,0,1,0,0,0,0,00000,0,0,0,1,0,0,007ae,0,1,0,0,0
2225,2225,0,0,0,0,00,0,0,0,1,0,0,1,0,0,0,0,00000,0,0,0,1,0,0,007af,0,1,0,0,0
2226,2226,0,0,0,0,00,0,0,0,1,0,0,1,0,0,0,0,00000,0,0,0,1,0,0,007b0,0,1,0,0,0
2227,2227,0,0,0,0,00,0,0,0,1,0,0,1,0,0,0,0,00000,0,0,0,1,0,0,007b1,0,1,0,0,0
2228,2228,0,0,0,0,00,0,0,0,1,0,0,1,0,0,0,0,00000,0,0,0,1,0,0,007b2,0,1,0,0,0
2229,2229,0,0,0,0,00,0,0,0,1,0,0,1,0,0,0,0,00000,0,0,0,1,0,0,007b3,0,1,0,0,0
2230,2230,0,0,0,0,00,0,0,0,1,0,0,1,0,0,0,0,00000,0,0,0,1,0,0,007b4,0,1,0,0,0
2231,2231,0,0,0,0,00,0,0,0,1,0,0,1,0,0,0,0,00000,0,0,0,1,0,0,007b5,0,1,0,0,0
2232,2232,0,0,0,0,00,0,0,0,1,0,0,1,0,0,0,0,00000,0,0,0,1,0,0,007b6,0,1,0,0,0
2233,2233,0,0,0,0,00,0,0,0,1,0,0,1,0,0,0,0,00000,0,0,0,1,0,0,007b7,0,1,0,0,0
2234,2234,0,0,0,0,00,0,0,0,1,0,0,1,0,0,0,0,00000,0,0,0,1,0,0,007b8,0,1,0,0,0
2235,2235,0,0,0,0,00,0,0,0,1,0,0,1,0,0,0,0,00000,0,0,0,1,0,0,007b9,0,1,0,0,0
2236,2236,0,0,0,0,00,0,0,0,1,0,0,1,0,0,0,0,00000,0,0,0,1,0,0,007ba,0,1,0,0,0
2237,2237,0,0,0,0,00,0,0,0,1,0,0,1,0,0,0,0,00000,0,0,0,1,0,0,007bb,0,1,0,0,0
2238,2238,0,0,0,0,00,0,0,0,1,0,0,1,0,0,0,0,00000,0,0,0,1,0,0,007bc,0,1,0,0,0
2239,2239,0,0,0,0,00,0,0,0,1,0,0,1,0,0,0,0,00000,0,0,0,1,0,0,007bd,0,1,0,0,0
2240,2240,0,0,0,0,00,0,0,0,1,0,0,1,0,0,0,0,00000,0,0,0,1,0,0,007be,0,1,0,0,0
2241,2241,0,0,0,0,00,0,0,0,1,0,0,1,0,0,0,0,00000,0,0,0,1,0,0,007bf,0,1,0,0,0
2242,2242,0,0,0,0,00,0,0,0,1,0,0,1,0,0,0,0,00000,0,0,0,1,0,0,007c0,0,1,0,0,0
2243,2243,0,0,0,0,00,0,0,0,1,0,0,1,0,0,0,0,00000,0,0,0,1,0,0,007c1,0,1,0,0,0
2244,2244,0,0,0,0,00,0,0,0,1,0,0,1,0,0,0,0,00000,0,0,0,1,0,0,007c2,0,1,0,0,0
2245,2245,0,0,0,0,00,0,0,0,1,0,0,1,0,0,0,0,00000,0,0,0,1,0,0,007c3,0,1,0,0,0
2246,2246,0,0,0,0,00,0,0,0,1,0,0,1,0,0,0,0,00000,0,0,0,1,0,0,007c4,0,1,0,0,0
2247,2247,0,0,0,0,00,0,0,0,1,0,0,1,0,0,0,0,00000,0,0,0,1,0,0,007c5,0,1,0,0,0
2248,2248,0,0,0,0,00,0,0,0,1,0,0,1,0,0,0,0,00000,0,0,0,1,0,0,007c6,0,1,0,0,0
2249,2249,0,0,0,0,00,0,0,0,1,0,0,1,0,0,0,0,00000,0,0,0,1,0,0,007c7,0,1,0,0,0
2250,2250,0,0,0,0,00,0,0,0,1,0,0,1,0,0,0,0,00000,0,0,0,1,0,0,007c8,0,1,0,0,0
2251,2251,0,0,0,0,00,0,0,0,1,0,0,1,0,0,0,0,00000,0,0,0,1,0,0,007c9,0,1,0,0,0
2252,2252,0,0,0,0,00,0,0,0,1,0,0,1,0,0,0,0,00000,0,0,0,1,0,0,007ca,0,1,0,0,0
2253,2253,0,0,0,0,00,0,0,0,1,0,0,1,0,0,0,0,00000,0,0,0,1,0,0,007cb,0,1,0,0,0
2254,2254,0,0,0,0,00,0,0,0,1,0,0,1,0,0,0,0,00000,0,0,0,1,0,0,007cc,0,1,0,0,0
2255,2255,0,0,0,0,00,0,0,0,1,0,0,1,0,0,0,0,00000,0,0,0,1,0,0,007cd,0,1,0,0,0
2256,2256,0,0,0,0,00,0,0,0,1,0,0,1,0,0,0,0,00000,0,0,0,1,0,0,007ce,0,1,0,0,0
2257,2257,0,0,0,0,00,0,0,0,1,0,0,1,0,0,0,0,00000,0,0,0,1,0,0,007cf,0,1,0,0,0
2258,2258,0,0,0,0,00,0,0,0,1,0,0,1,0,0,0,0,00000,0,0,0,1,0,0,007d0,0,1,0,0,0
2259,2259,0,0,0,0,00,0,0,0,1,0,0,1,0,0,0,0,00000,0,0,0,1,0,0,007d1,0,1,0,0,0
2260,2260,0,0,0,0,00,0,0,0,1,0,0,1,0,0,0,0,00000,0,0,0,1,0,0,007d2,0,1,0,0,0
2261,2261,0,0,0,0,00,0,0,0,1,0,0,1,0,0,0,0,00000,0,0,0,1,0,0,007d3,0,1,0,0,0
2262,2262,0,0,0,0,00,0,0,0,1,0,0,1,0,0,0,0,00000,0,0,0,1,0,0,007d4,0,1,0,0,0
2263,2263,0,0,0,0,00,0,0,0,1,0,0,1,0,0,0,0,00000,0,0,0,1,0,0,007d5,0,1,0,0,0
2264,2264,0,0,0,0,00,0,0,0,1,0,0,1,0,0,0,0,00000,0,0,0,1,0,0,007d6,0,1,0,0,0
2265,2265,0,0,0,0,00,0,0,0,1,0,0,1,0,0,0,0,00000,0,0,0,1,0,0,007d7,0,1,0,0,0
2266,2266,0,0,0,0,00,0,0,0,1,0,0,1,0,0,0,0,00000,0,0,0,1,0,0,007d8,0,1,0,0,0
2267,2267,0,0,0,0,00,0,0,0,1,0,0,1,0,0,0,0,00000,0,0,0,1,0,0,007d9,0,1,0,0,0
2268,2268,0,0,0,0,00,0,0,0,1,0,0,1,0,0,0,0,00000,0,0,0,1,0,0,007da,0,1,0,0,0
2269,2269,0,0,0,0,00,0,0,0,1,0,0,1,0,0,0,0,00000,0,0,0,1,0,0,007db,0,1,0,0,0
2270,2270,0,0,0,0,00,0,0,0,1,0,0,1,0,0,0,0,00000,0,0,0,1,0,0,007dc,0,1,0,0,0
2271,2271,0,0,0,0,00,0,0,0,1,0,0,1,0,0,0,0,00000,0,0,0,1,0,0,007dd,0,1,0,0,0
2272,2272,0,0,0,0,00,0,0,0,1,0,0,1,0,0,0,0,00000,0,0,0,1,0,0,007de,0,1,0,0,0
2273,2273,0,0,0,0,00,0,0,0,1,0,0,1,0,0,0,0,00000,0,0,0,1,0,0,007df,0,1,0,0,0
2274,2274,0,0,0,0,00,0,0,0,1,0,0,1,0,0,0,0,00000,0,0,0,1,0,0,007e0,0,1,0,0,0
2275,2275,0,0,0,0,00,0,0,0,1,0,0,1,0,0,0,0,00000,0,0,0,1,0,0,007e1,0,1,0,0,0
2276,2276,0,0,0,0,00,0,0,0,1,0,0,1,0,0,0,0,00000,0,0,0,1,0,0,007e2,0,1,0,0,0
2277,2277,0,0,0,0,00,0,0,0,1,0,0,1,0,0,0,0,00000,0,0,0,1,0,0,007e3,0,1,0,0,0
2278,2278,0,0,0,0,00,0,0,0,1,0,0,1,0,0,0,0,00000,0,0,0,1,0,0,007e4,0,1,0,0,0
2279,2279,0,0,0,0,00,0,0,0,1,0,0,1,0,0,0,0,00000,0,0,0,1,0,0,007e5,0,1,0,0,0
2280,2280,0,0,0,0,00,0,0,0,1,0,0,1,0,0,0,0,00000,0,0,0,1,0,0,007e6,0,1,0,0,0
2281,2281,0,0,0,0,00,0,0,0,1,0,0,1,0,0,0,0,00000,0,0,0,1,0,0,007e7,0,1,0,0,0
2282,2282,0,0,0,0,00,0,0,0,1,0,0,1,0,0,0,0,00000,0,0,0,1,0,0,007e8,0,1,0,0,0
2283,2283,0,0,0,0,00,0,0,0,1,0,0,1,0,0,0,0,00000,0,0,0,1,0,0,007e9,0,1,0,0,0
2284,2284,0,0,0,0,00,0,0,0,1,0,0,1,0,0,0,0,00000,0,0,0,1,0,0,007ea,0,1,0,0,0
2285,2285,0,0,0,0,00,0,0,0,1,0,0,1,0,0,0,0,00000,0,0,0,1,0,0,007eb,0,1,0,0,0
2286,2286,0,0,0,0,00,0,0,0,1,0,0,1,0,0,0,0,00000,0,0,0,1,0,0,007ec,0,1,0,0,0
2287,2287,0,0,0,0,00,0,0,0,1,0,0,1,0,0,0,0,00000,0,0,0,1,0,0,007ed,0,1,0,0,0
2288,2288,0,0,0,0,00,0,0,0,1,0,0,1,0,0,0,0,00000,0,0,0,1,0,0,007ee,0,1,0,0,0
2289,2289,0,0,0,0,00,0,0,0,1,0,0,1,0,0,0,0,00000,0,0,0,1,0,0,007ef,0,1,0,0,0
2290,2290,0,0,0,0,00,0,0,0,1,0,0,1,0,0,0,0,00000,0,0,0,1,0,0,007f0,0,1,0,0,0
2291,2291,0,0,0,0,00,0,0,0,1,0,0,1,0,0,0,0,00000,0,0,0,1,0,0,007f1,0,1,0,0,0
2292,2292,0,0,0,0,00,0,0,0,1,0,0,1,0,0,0,0,00000,0,0,0,1,0,0,007f2,0,1,0,0,0
2293,2293,0,0,0,0,00,0,0,0,1,0,0,1,0,0,0,0,00000,0,0,0,1,0,0,007f3,0,1,0,0,0
2294,2294,0,0,0,0,00,0,0,0,1,0,0,1,0,0,0,0,00000,0,0,0,1,0,0,007f4,0,1,0,0,0
2295,2295,0,0,0,0,00,0,0,0,1,0,0,1,0,0,0,0,00000,0,0,0,1,0,0,007f5,0,1,0,0,0
2296,2296,0,0,0,0,00,0,0,0,1,0,0,1,0,0,0,0,00000,0,0,0,1,0,0,007f6,0,1,0,0,0
2297,2297,0,0,0,0,00,0,0,0,1,0,0,1,0,0,0,0,00000,0,0,0,1,0,0,007f7,0,1,0,0,0
2298,2298,0,0,0,0,00,0,0,0,1,0,0,1,0,0,0,0,00000,0,0,0,1,0,0,007f8,0,1,0,0,0
2299,2299,0,0,0,0,00,0,0,0,1,0,0,1,0,0,0,0,00000,0,0,0,1,0,0,007f9,0,1,0,0,0
2300,2300,0,0,0,0,00,0,0,0,1,0,0,1,0,0,0,0,00000,0,0,0,1,0,0,007fa,0,1,0,0,0
2301,2301,0,0,0,0,00,0,0,0,1,0,0,1,0,0,0,0,00000,0,0,0,1,0,0,007fb,0,1,0,0,0
2302,2302,0,0,0,0,00,0,0,0,1,0,0,1,0,0,0,0,00000,0,0,0,1,0,0,007fc,0,1,0,0,0
2303,2303,0,0,0,0,00,0,0,0,1,0,0,1,0,0,0,0,00000,0,0,0,1,0,0,007fd,0,1,0,0,0
2304,2304,0,0,0,0,00,0,0,0,1,0,0,1,0,0,0,0,00000,0,0,0,1,0,0,007fe,0,1,0,0,0
2305,2305,0,0,0,0,00,0,0,0,1,0,0,1,0,0,0,0,00000,0,0,0,1,0,0,007ff,0,1,0,0,0
2306,2306,0,0,0,0,00,0,0,0,1,0,0,1,0,0,0,0,00000,0,0,0,1,0,0,00800,0,1,0,0,0
2307,2307,0,0,0,0,00,0,0,0,1,0,0,1,0,0,0,0,00000,0,0,0,1,0,0,00801,0,1,0,0,0
2308,2308,0,0,0,0,00,0,0,0,1,0,0,1,0,0,0,0,00000,0,0,0,1,0,0,00802,0,1,0,0,0
2309,2309,0,0,0,0,00,0,0,0,1,0,0,1,0,0,0,0,00000,0,0,0,1,0,0,00803,0,1,0,0,0
2310,2310,0,0,0,0,00,0,0,0,1,0,0,1,0,0,0,0,00000,0,0,0,1,0,0,00804,0,1,0,0,0
2311,2311,0,0,0,0,00,0,0,0,1,0,0,1,0,0,0,0,00000,0,0,0,1,0,0,00805,0,1,0,0,0
2312,2312,0,0,0,0,00,0,0,0,1,0,0,1,0,0,0,0,00000,0,0,0,1,0,0,00806,0,1,0,0,0
2313,2313,0,0,0,0,00,0,0,0,1,0,0,1,0,0,0,0,00000,0,0,0,1,0,0,00807,0,1,0,0,0
2314,2314,0,0,0,0,00,0,0,0,1,0,0,1,0,0,0,0,00000,0,0,0,1,0,0,00808,0,1,0,0,0
2315,2315,0,0,0,0,00,0,0,0,1,0,0,1,0,0,0,0,00000,0,0,0,1,0,0,00809,0,1,0,0,0
2316,2316,0,0,0,0,00,0,0,0,1,0,0,1,0,0,0,0,00000,0,0,0,1,0,0,0080a,0,1,0,0,0
2317,2317,0,0,0,0,00,0,0,0,1,0,0,1,0,0,0,0,00000,0,0,0,1,0,0,0080b,0,1,0,0,0
2318,2318,0,0,0,0,00,0,0,0,1,0,0,1,0,0,0,0,00000,0,0,0,1,0,0,0080c,0,1,0,0,0
2319,2319,0,0,0,0,00,0,0,0,1,0,0,1,0,0,0,0,00000,0,0,0,1,0,0,0080d,0,1,0,0,0
2320,2320,0,0,0,0,00,0,0,0,1,0,0,1,0,0,0,0,00000,0,0,0,1,0,0,0080e,0,1,0,0,0
2321,2321,0,0,0,0,00,0,0,0,1,0,0,1,0,0,0,0,00000,0,0,0,1,0,0,0080f,0,1,0,0,0
2322,2322,0,0,0,0,00,0,0,0,1,0,0,1,0,0,0,0,00000,0,0,0,1,0,0,00810,0,1,0,0,0
2323,2323,0,0,0,0,00,0,0,0,1,0,0,1,0,0,0,0,00000,0,0,0,1,0,0,00811,0,1,0,0,0
2324,2324,0,0,0,0,00,0,0,0,1,0,0,1,0,0,0,0,00000,0,0,0,1,0,0,00812,0,1,0,0,0
2325,2325,0,0,0,0,00,0,0,0,1,0,0,1,0,0,0,0,00000,0,0,0,1,0,0,00813,0,1,0,0,0
2326,2326,0,0,0,0,00,0,0,0,1,0,0,1,0,0,0,0,00000,0,0,0,1,0,0,00814,0,1,0,0,0
2327,2327,0,0,0,0,00,0,0,0,1,0,0,1,0,0,0,0,00000,0,0,0,1,0,0,00815,0,1,0,0,0
2328,2328,0,0,0,0,00,0,0,0,1,0,0,1,0,0,0,0,00000,0,0,0,1,0,0,00816,0,1,0,0,0
2329,2329,0,0,0,0,00,0,0,0,1,0,0,1,0,0,0,0,00000,0,0,0,1,0,0,00817,0,1,0,0,0
2330,2330,0,0,0,0,00,0,0,0,1,0,0,1,0,0,0,0,00000,0,0,0,1,0,0,00818,0,1,0,0,0
2331,2331,0,0,0,0,00,0,0,0,1,0,0,1,0,0,0,0,00000,0,0,0,1,0,0,00819,0,1,0,0,0
2332,2332,0,0,0,0,00,0,0,0,1,0,0,1,0,0,0,0,00000,0,0,0,1,0,0,0081a,0,1,0,0,0
2333,2333,0,0,0,0,00,0,0,0,1,0,0,1,0,0,0,0,00000,0,0,0,1,0,0,0081b,0,1,0,0,0
2334,2334,0,0,0,0,00,0,0,0,1,0,0,1,0,0,0,0,00000,0,0,0,1,0,0,0081c,0,1,0,0,0
2335,2335,0,0,0,0,00,0,0,0,1,0,0,1,0,0,0,0,00000,0,0,0,1,0,0,0081d,0,1,0,0,0
2336,2336,0,0,0,0,00,0,0,0,1,0,0,1,0,0,0,0,00000,0,0,0,1,0,0,0081e,0,1,0,0,0
2337,2337,0,0,0,0,00,0,0,0,1,0,0,1,0,0,0,0,00000,0,0,0,1,0,0,0081f,0,1,0,0,0
2338,2338,0,0,0,0,00,0,0,0,1,0,0,1,0,0,0,0,00000,0,0,0,1,0,0,00820,0,1,0,0,0
2339,2339,0,0,0,0,00,0,0,0,1,0,0,1,0,0,0,0,00000,0,0,0,1,0,0,00821,0,1,0,0,0
2340,2340,0,0,0,0,00,0,0,0,1,0,0,1,0,0,0,0,00000,0,0,0,1,0,0,00822,0,1,0,0,0
2341,2341,0,0,0,0,00,0,0,0,1,0,0,1,0,0,0,0,00000,0,0,0,1,0,0,00823,0,1,0,0,0
2342,2342,0,0,0,0,00,0,0,0,1,0,0,1,0,0,0,0,00000,0,0,0,1,0,0,00824,0,1,0,0,0
2343,2343,0,0,0,0,00,0,0,0,1,0,0,1,0,0,0,0,00000,0,0,0,1,0,0,00825,0,1,0,0,0
2344,2344,0,0,0,0,00,0,0,0,1,0,0,1,0,0,0,0,00000,0,0,0,1,0,0,00826,0,1,0,0,0
2345,2345,0,0,0,0,00,0,0,0,1,0,0,1,0,0,0,0,00000,0,0,0,1,0,0,00827,0,1,0,0,0
2346,2346,0,0,0,0,00,0,0,0,1,0,0,1,0,0,0,0,00000,0,0,0,1,0,0,00828,0,1,0,0,0
2347,2347,0,0,0,0,00,0,0,0,1,0,0,1,0,0,0,0,00000,0,0,0,1,0,0,00829,0,1,0,0,0
2348,2348,0,0,0,0,00,0,0,0,1,0,0,1,0,0,0,0,00000,0,0,0,1,0,0,0082a,0,1,0,0,0
2349,2349,0,0,0,0,00,0,0,0,1,0,0,1,0,0,0,0,00000,0,0,0,1,0,0,0082b,0,1,0,0,0
2350,2350,0,0,0,0,00,0,0,0,1,0,0,1,0,0,0,0,00000,0,0,0,1,0,0,0082c,0,1,0,0,0
2351,2351,0,0,0,0,00,0,0,0,1,0,0,1,0,0,0,0,00000,0,0,0,1,0,0,0082d,0,1,0,0,0
2352,2352,0,0,0,0,00,0,0,0,1,0,0,1,0,0,0,0,00000,0,0,0,1,0,0,0082e,0,1,0,0,0
2353,2353,0,0,0,0,00,0,0,0,1,0,0,1,0,0,0,0,00000,0,0,0,1,0,0,0082f,0,1,0,0,0
2354,2354,0,0,0,0,00,0,0,0,1,0,0,1,0,0,0,0,00000,0,0,0,1,0,0,00830,0,1,0,0,0
2355,2355,0,0,0,0,00,0,0,0,1,0,0,1,0,0,0,0,00000,0,0,0,1,0,0,00831,0,1,0,0,0
2356,2356,0,0,0,0,00,0,0,0,1,0,0,1,0,0,0,0,00000,0,0,0,1,0,0,00832,0,1,0,0,0
2357,2357,0,0,0,0,00,0,0,0,1,0,0,1,0,0,0,0,00000,0,0,0,1,0,0,00833,0,1,0,0,0
2358,2358,0,0,0,0,00,0,0,0,1,0,0,1,0,0,0,0,00000,0,0,0,1,0,0,00834,0,1,0,0,0
2359,2359,0,0,0,0,00,0,0,0,1,0,0,1,0,0,0,0,00000,0,0,0,1,0,0,00835,0,1,0,0,0
2360,2360,0,0,0,0,00,0,0,0,1,0,0,1,0,0,0,0,00000,0,0,0,1,0,0,00836,0,1,0,0,0
2361,2361,0,0,0,0,00,0,0,0,1,0,0,1,0,0,0,0,00000,0,0,0,1,0,0,00837,0,1,0,0,0
2362,2362,0,0,0,0,00,0,0,0,1,0,0,1,0,0,0,0,00000,0,0,0,1,0,0,00838,0,1,0,0,0
2363,2363,0,0,0,0,00,0,0,0,1,0,0,1,0,0,0,0,00000,0,0,0,1,0,0,00839,0,1,0,0,0
2364,2364,0,0,0,0,00,0,0,0,1,0,0,1,0,0,0,0,00000,0,0,0,1,0,0,0083a,0,1,0,0,0
2365,2365,0,0,0,0,00,0,0,0,1,0,0,1,0,0,0,0,00000,0,0,0,1,0,0,0083b,0,1,0,0,0
2366,2366,0,0,0,0,00,0,0,0,1,0,0,1,0,0,0,0,00000,0,0,0,1,0,0,0083c,0,1,0,0,0
2367,2367,0,0,0,0,00,0,0,0,1,0,0,1,0,0,0,0,00000,0,0,0,1,0,0,0083d,0,1,0,0,0
2368,2368,0,0,0,0,00,0,0,0,1,0,0,1,0,0,0,0,00000,0,0,0,1,0,0,0083e,0,1,0,0,0
2369,2369,0,0,0,0,00,0,0,0,1,0,0,1,0,0,0,0,00000,0,0,0,1,0,0,0083f,0,1,0,0,0
2370,2370,0,0,0,0,00,0,0,0,1,0,0,1,0,0,0,0,00000,0,0,0,1,0,0,00840,0,1,0,0,0
2371,2371,0,0,0,0,00,0,0,0,1,0,0,1,0,0,0,0,00000,0,0,0,1,0,0,00841,0,1,0,0,0
2372,2372,0,0,0,0,00,0,0,0,1,0,0,1,0,0,0,0,00000,0,0,0,1,0,0,00842,0,1,0,0,0
2373,2373,0,0,0,0,00,0,0,0,1,0,0,1,0,0,0,0,00000,0,0,0,1,0,0,00843,0,1,0,0,0
2374,2374,0,0,0,0,00,0,0,0,1,0,0,1,0,0,0,0,00000,0,0,0,1,0,0,00844,0,1,0,0,0
2375,2375,0,0,0,0,00,0,0,0,1,0,0,1,0,0,0,0,00000,0,0,0,1,0,0,00845,0,1,0,0,0
2376,2376,0,0,0,0,00,0,0,0,1,0,0,1,0,0,0,0,00000,0,0,0,1,0,0,00846,0,1,0,0,0
2377,2377,0,0,0,0,00,0,0,0,1,0,0,1,0,0,0,0,00000,0,0,0,1,0,0,00847,0,1,0,0,0
2378,2378,0,0,0,0,00,0,0,0,1,0,0,1,0,0,0,0,00000,0,0,0,1,0,0,00848,0,1,0,0,0
2379,2379,0,0,0,0,00,0,0,0,1,0,0,1,0,0,0,0,00000,0,0,0,1,0,0,00849,0,1,0,0,0
2380,2380,0,0,0,0,00,0,0,0,1,0,0,1,0,0,0,0,00000,0,0,0,1,0,0,0084a,0,1,0,0,0
2381,2381,0,0,0,0,00,0,0,0,1,0,0,1,0,0,0,0,00000,0,0,0,1,0,0,0084b,0,1,0,0,0
2382,2382,0,0,0,0,00,0,0,0,1,0,0,1,0,0,0,0,00000,0,0,0,1,0,0,0084c,0,1,0,0,0
2383,2383,0,0,0,0,00,0,0,0,1,0,0,1,0,0,0,0,00000,0,0,0,1,0,0,0084d,0,1,0,0,0
2384,2384,0,0,0,0,00,0,0,0,1,0,0,1,0,0,0,0,00000,0,0,0,1,0,0,0084e,0,1,0,0,0
2385,2385,0,0,0,0,00,0,0,0,1,0,0,1,0,0,0,0,00000,0,0,0,1,0,0,0084f,0,1,0,0,0
2386,2386,0,0,0,0,00,0,0,0,1,0,0,1,0,0,0,0,00000,0,0,0,1,0,0,00850,0,1,0,0,0
2387,2387,0,0,0,0,00,0,0,0,1,0,0,1,0,0,0,0,00000,0,0,0,1,0,0,00851,0,1,0,0,0
2388,2388,0,0,0,0,00,0,0,0,1,0,0,1,0,0,0,0,00000,0,0,0,1,0,0,00852,0,1,0,0,0
2389,2389,0,0,0,0,00,0,0,0,1,0,0,1,0,0,0,0,00000,0,0,0,1,0,0,00853,0,1,0,0,0
2390,2390,0,0,0,0,00,0,0,0,1,0,0,1,0,0,0,0,00000,0,0,0,1,0,0,00854,0,1,0,0,0
2391,2391,0,0,0,0,00,0,0,0,1,0,0,1,0,0,0,0,00000,0,0,0,1,0,0,00855,0,1,0,0,0
2392,2392,0,0,0,0,00,0,0,0,1,0,0,1,0,0,0,0,00000,0,0,0,1,0,0,00856,0,1,0,0,0
2393,2393,0,0,0,0,00,0,0,0,1,0,0,1,0,0,0,0,00000,0,0,0,1,0,0,00857,0,1,0,0,0
2394,2394,0,0,0,0,00,0,0,0,1,0,0,1,0,0,0,0,00000,0,0,0,1,0,0,00858,0,1,0,0,0
2395,2395,0,0,0,0,00,0,0,0,1,0,0,1,0,0,0,0,00000,0,0,0,1,0,0,00859,0,1,0,0,0
2396,2396,0,0,0,0,00,0,0,0,1,0,0,1,0,0,0,0,00000,0,0,0,1,0,0,0085a,0,1,0,0,0
2397,2397,0,0,0,0,00,0,0,0,1,0,0,1,0,0,0,0,00000,0,0,0,1,0,0,0085b,0,1,0,0,0
2398,2398,0,0,0,0,00,0,0,0,1,0,0,1,0,0,0,0,00000,0,0,0,1,0,0,0085c,0,1,0,0,0
2399,2399,0,0,0,0,00,0,0,0,1,0,0,1,0,0,0,0,00000,0,0,0,1,0,0,0085d,0,1,0,0,0
2400,2400,0,0,0,0,00,0,0,0,1,0,0,1,0,0,0,0,00000,0,0,0,1,0,0,0085e,0,1,0,0,0
2401,2401,0,0,0,0,00,0,0,0,1,0,0,1,0,0,0,0,00000,0,0,0,1,0,0,0085f,0,1,0,0,0
2402,2402,0,0,0,0,00,0,0,0,1,0,0,1,0,0,0,0,00000,0,0,0,1,0,0,00860,0,1,0,0,0
2403,2403,0,0,0,0,00,0,0,0,1,0,0,1,0,0,0,0,00000,0,0,0,1,0,0,00861,0,1,0,0,0
2404,2404,0,0,0,0,00,0,0,0,1,0,0,1,0,0,0,0,00000,0,0,0,1,0,0,00862,0,1,0,0,0
2405,2405,0,0,0,0,00,0,0,0,1,0,0,1,0,0,0,0,00000,0,0,0,1,0,0,00863,0,1,0,0,0
2406,2406,0,0,0,0,00,0,0,0,1,0,0,1,0,0,0,0,00000,0,0,0,1,0,0,00864,0,1,0,0,0
2407,2407,0,0,0,0,00,0,0,0,1,0,0,1,0,0,0,0,00000,0,0,0,1,0,0,00865,0,1,0,0,0
2408,2408,0,0,0,0,00,0,0,0,1,0,0,1,0,0,0,0,00000,0,0,0,1,0,0,00866,0,1,0,0,0
2409,2409,0,0,0,0,00,0,0,0,1,0,0,1,0,0,0,0,00000,0,0,0,1,0,0,00867,0,1,0,0,0
2410,2410,0,0,0,0,00,0,0,0,1,0,0,1,0,0,0,0,00000,0,0,0,1,0,0,00868,0,1,0,0,0
2411,2411,0,0,0,0,00,0,0,0,1,0,0,1,0,0,0,0,00000,0,0,0,1,0,0,00869,0,1,0,0,0
2412,2412,0,0,0,0,00,0,0,0,1,0,0,1,0,0,0,0,00000,0,0,0,1,0,0,0086a,0,1,0,0,0
2413,2413,0,0,0,0,00,0,0,0,1,0,0,1,0,0,0,0,00000,0,0,0,1,0,0,0086b,0,1,0,0,0
2414,2414,0,0,0,0,00,0,0,0,1,0,0,1,0,0,0,0,00000,0,0,0,1,0,0,0086c,0,1,0,0,0
2415,2415,0,0,0,0,00,0,0,0,1,0,0,1,0,0,0,0,00000,0,0,0,1,0,0,0086d,0,1,0,0,0
2416,2416,0,0,0,0,00,0,0,0,1,0,0,1,0,0,0,0,00000,0,0,0,1,0,0,0086e,0,1,0,0,0
2417,2417,0,0,0,0,00,0,0,0,1,0,0,1,0,0,0,0,00000,0,0,0,1,0,0,0086f,0,1,0,0,0
2418,2418,0,0,0,0,00,0,0,0,1,0,0,1,0,0,0,0,00000,0,0,0,1,0,0,00870,0,1,0,0,0
2419,2419,0,0,0,0,00,0,0,0,1,0,0,1,0,0,0,0,00000,0,0,0,1,0,0,00871,0,1,0,0,0
2420,2420,0,0,0,0,00,0,0,0,1,0,0,1,0,0,0,0,00000,0,0,0,1,0,0,00872,0,1,0,0,0
2421,2421,0,0,0,0,00,0,0,0,1,0,0,1,0,0,0,0,00000,0,0,0,1,0,0,00873,0,1,0,0,0
2422,2422,0,0,0,0,00,0,0,0,1,0,0,1,0,0,0,0,00000,0,0,0,1,0,0,00874,0,1,0,0,0
2423,2423,0,0,0,0,00,0,0,0,1,0,0,1,0,0,0,0,00000,0,0,0,1,0,0,00875,0,1,0,0,0
2424,2424,0,0,0,0,00,0,0,0,1,0,0,1,0,0,0,0,00000,0,0,0,1,0,0,00876,0,1,0,0,0
2425,2425,0,0,0,0,00,0,0,0,1,0,0,1,0,0,0,0,00000,0,0,0,1,0,0,00877,0,1,0,0,0
2426,2426,0,0,0,0,00,0,0,0,1,0,0,1,0,0,0,0,00000,0,0,0,1,0,0,00878,0,1,0,0,0
2427,2427,0,0,0,0,00,0,0,0,1,0,0,1,0,0,0,0,00000,0,0,0,1,0,0,00879,0,1,0,0,0
2428,2428,0,0,0,0,00,0,0,0,1,0,0,1,0,0,0,0,00000,0,0,0,1,0,0,0087a,0,1,0,0,0
2429,2429,0,0,0,0,00,0,0,0,1,0,0,1,0,0,0,0,00000,0,0,0,1,0,0,0087b,0,1,0,0,0
2430,2430,0,0,0,0,00,0,0,0,1,0,0,1,0,0,0,0,00000,0,0,0,1,0,0,0087c,0,1,0,0,0
2431,2431,0,0,0,0,00,0,0,0,1,0,0,1,0,0,0,0,00000,0,0,0,1,0,0,0087d,0,1,0,0,0
2432,2432,0,0,0,0,00,0,0,0,1,0,0,1,0,0,0,0,00000,0,0,0,1,0,0,0087e,0,1,0,0,0
2433,2433,0,0,0,0,00,0,0,0,1,0,0,1,0,0,0,0,00000,0,0,0,1,0,0,0087f,0,1,0,0,0
2434,2434,0,0,0,0,00,0,0,0,1,0,0,1,0,0,0,0,00000,0,0,0,1,0,0,00880,0,1,0,0,0
2435,2435,0,0,0,0,00,0,0,0,1,0,0,1,0,0,0,0,00000,0,0,0,1,0,0,00881,0,1,0,0,0
2436,2436,0,0,0,0,00,0,0,0,1,0,0,1,0,0,0,0,00000,0,0,0,1,0,0,00882,0,1,0,0,0
2437,2437,0,0,0,0,00,0,0,0,1,0,0,1,0,0,0,0,00000,0,0,0,1,0,0,00883,0,1,0,0,0
2438,2438,0,0,0,0,00,0,0,0,1,0,0,1,0,0,0,0,00000,0,0,0,1,0,0,00884,0,1,0,0,0
2439,2439,0,0,0,0,00,0,0,0,1,0,0,1,0,0,0,0,00000,0,0,0,1,0,0,00885,0,1,0,0,0
2440,2440,0,0,0,0,00,0,0,0,1,0,0,1,0,0,0,0,00000,0,0,0,1,0,0,00886,0,1,0,0,0
2441,2441,0,0,0,0,00,0,0,0,1,0,0,1,0,0,0,0,00000,0,0,0,1,0,0,00887,0,1,0,0,0
2442,2442,0,0,0,0,00,0,0,0,1,0,0,1,0,0,0,0,00000,0,0,0,1,0,0,00888,0,1,0,0,0
2443,2443,0,0,0,0,00,0,0,0,1,0,0,1,0,0,0,0,00000,0,0,0,1,0,0,00889,0,1,0,0,0
2444,2444,0,0,0,0,00,0,0,0,1,0,0,1,0,0,0,0,00000,0,0,0,1,0,0,0088a,0,1,0,0,0
2445,2445,0,0,0,0,00,0,0,0,1,0,0,1,0,0,0,0,00000,0,0,0,1,0,0,0088b,0,1,0,0,0
2446,2446,0,0,0,0,00,0,0,0,1,0,0,1,0,0,0,0,00000,0,0,0,1,0,0,0088c,0,1,0,0,0
2447,2447,0,0,0,0,00,0,0,0,1,0,0,1,0,0,0,0,00000,0,0,0,1,0,0,0088d,0,1,0,0,0
2448,2448,0,0,0,0,00,0,0,0,1,0,0,1,0,0,0,0,00000,0,0,0,1,0,0,0088e,0,1,0,0,0
2449,2449,0,0,0,0,00,0,0,0,1,0,0,1,0,0,0,0,00000,0,0,0,1,0,0,0088f,0,1,0,0,0
2450,2450,0,0,0,0,00,0,0,0,1,0,0,1,0,0,0,0,00000,0,0,0,1,0,0,00890,0,1,0,0,0
2451,2451,0,0,0,0,00,0,0,0,1,0,0,1,0,0,0,0,00000,0,0,0,1,0,0,00891,0,1,0,0,0
2452,2452,0,0,0,0,00,0,0,0,1,0,0,1,0,0,0,0,00000,0,0,0,1,0,0,00892,0,1,0,0,0
2453,2453,0,0,0,0,00,0,0,0,1,0,0,1,0,0,0,0,00000,0,0,0,1,0,0,00893,0,1,0,0,0
2454,2454,0,0,0,0,00,0,0,0,1,0,0,1,0,0,0,0,00000,0,0,0,1,0,0,00894,0,1,0,0,0
2455,2455,0,0,0,0,00,0,0,0,1,0,0,1,0,0,0,0,00000,0,0,0,1,0,0,00895,0,1,0,0,0
2456,2456,0,0,0,0,00,0,0,0,1,0,0,1,0,0,0,0,00000,0,0,0,1,0,0,00896,0,1,0,0,0
2457,2457,0,0,0,0,00,0,0,0,1,0,0,1,0,0,0,0,00000,0,0,0,1,0,0,00897,0,1,0,0,0
2458,2458,0,0,0,0,00,0,0,0,1,0,0,1,0,0,0,0,00000,0,0,0,1,0,0,00898,0,1,0,0,0
2459,2459,0,0,0,0,00,0,0,0,1,0,0,1,0,0,0,0,00000,0,0,0,1,0,0,00899,0,1,0,0,0
2460,2460,0,0,0,0,00,0,0,0,1,0,0,1,0,0,0,0,00000,0,0,0,1,0,0,0089a,0,1,0,0,0
2461,2461,0,0,0,0,00,0,0,0,1,0,0,1,0,0,0,0,00000,0,0,0,1,0,0,0089b,0,1,0,0,0
2462,2462,0,0,0,0,00,0,0,0,1,0,0,1,0,0,0,0,00000,0,0,0,1,0,0,0089c,0,1,0,0,0
2463,2463,0,0,0,0,00,0,0,0,1,0,0,1,0,0,0,0,00000,0,0,0,1,0,0,0089d,0,1,0,0,0
2464,2464,0,0,0,0,00,0,0,0,1,0,0,1,0,0,0,0,00000,0,0,0,1,0,0,0089e,0,1,0,0,0
2465,2465,0,0,0,0,00,0,0,0,1,0,0,1,0,0,0,0,00000,0,0,0,1,0,0,0089f,0,1,0,0,0
2466,2466,0,0,0,0,00,0,0,0,1,0,0,1,0,0,0,0,00000,0,0,0,1,0,0,008a0,0,1,0,0,0
2467,2467,0,0,0,0,00,0,0,0,1,0,0,1,0,0,0,0,00000,0,0,0,1,0,0,008a1,0,1,0,0,0
2468,2468,0,0,0,0,00,0,0,0,1,0,0,1,0,0,0,0,00000,0,0,0,1,0,0,008a2,0,1,0,0,0
2469,2469,0,0,0,0,00,0,0,0,1,0,0,1,0,0,0,0,00000,0,0,0,1,0,0,008a3,0,1,0,0,0
2470,2470,0,0,0,0,00,0,0,0,1,0,0,1,0,0,0,0,00000,0,0,0,1,0,0,008a4,0,1,0,0,0
2471,2471,0,0,0,0,00,0,0,0,1,0,0,1,0,0,0,0,00000,0,0,0,1,0,0,008a5,0,1,0,0,0
2472,2472,0,0,0,0,00,0,0,0,1,0,0,1,0,0,0,0,00000,0,0,0,1,0,0,008a6,0,1,0,0,0
2473,2473,0,0,0,0,00,0,0,0,1,0,0,1,0,0,0,0,00000,0,0,0,1,0,0,008a7,0,1,0,0,0
2474,2474,0,0,0,0,00,0,0,0,1,0,0,1,0,0,0,0,00000,0,0,0,1,0,0,008a8,0,1,0,0,0
2475,2475,0,0,0,0,00,0,0,0,1,0,0,1,0,0,0,0,00000,0,0,0,1,0,0,008a9,0,1,0,0,0
2476,2476,0,0,0,0,00,0,0,0,1,0,0,1,0,0,0,0,00000,0,0,0,1,0,0,008aa,0,1,0,0,0
2477,2477,0,0,0,0,00,0,0,0,1,0,0,1,0,0,0,0,00000,0,0,0,1,0,0,008ab,0,1,0,0,0
2478,2478,0,0,0,0,00,0,0,0,1,0,0,1,0,0,0,0,00000,0,0,0,1,0,0,008ac,0,1,0,0,0
2479,2479,0,0,0,0,00,0,0,0,1,0,0,1,0,0,0,0,00000,0,0,0,1,0,0,008ad,0,1,0,0,0
2480,2480,0,0,0,0,00,0,0,0,1,0,0,1,0,0,0,0,00000,0,0,0,1,0,0,008ae,0,1,0,0,0
2481,2481,0,0,0,0,00,0,0,0,1,0,0,1,0,0,0,0,00000,0,0,0,1,0,0,008af,0,1,0,0,0
2482,2482,0,0,0,0,00,0,0,0,1,0,0,1,0,0,0,0,00000,0,0,0,1,0,0,008b0,0,1,0,0,0
2483,2483,0,0,0,0,00,0,0,0,1,0,0,1,0,0,0,0,00000,0,0,0,1,0,0,008b1,0,1,0,0,0
2484,2484,0,0,0,0,00,0,0,0,1,0,0,1,0,0,0,0,00000,0,0,0,1,0,0,008b2,0,1,0,0,0
2485,2485,0,0,0,0,00,0,0,0,1,0,0,1,0,0,0,0,00000,0,0,0,1,0,0,008b3,0,1,0,0,0
2486,2486,0,0,0,0,00,0,0,0,1,0,0,1,0,0,0,0,00000,0,0,0,1,0,0,008b4,0,1,0,0,0
2487,2487,0,0,0,0,00,0,0,0,1,0,0,1,0,0,0,0,00000,0,0,0,1,0,0,008b5,0,1,0,0,0
2488,2488,0,0,0,0,00,0,0,0,1,0,0,1,0,0,0,0,00000,0,0,0,1,0,0,008b6,0,1,0,0,0
2489,2489,0,0,0,0,00,0,0,0,1,0,0,1,0,0,0,0,00000,0,0,0,1,0,0,008b7,0,1,0,0,0
2490,2490,0,0,0,0,00,0,0,0,1,0,0,1,0,0,0,0,00000,0,0,0,1,0,0,008b8,0,1,0,0,0
2491,2491,0,0,0,0,00,0,0,0,1,0,0,1,0,0,0,0,00000,0,0,0,1,0,0,008b9,0,1,0,0,0
2492,2492,0,0,0,0,00,0,0,0,1,0,0,1,0,0,0,0,00000,0,0,0,1,0,0,008ba,0,1,0,0,0
2493,2493,0,0,0,0,00,0,0,0,1,0,0,1,0,0,0,0,00000,0,0,0,1,0,0,008bb,0,1,0,0,0
2494,2494,0,0,0,0,00,0,0,0,1,0,0,1,0,0,0,0,00000,0,0,0,1,0,0,008bc,0,1,0,0,0
2495,2495,0,0,0,0,00,0,0,0,1,0,0,1,0,0,0,0,00000,0,0,0,1,0,0,008bd,0,1,0,0,0
2496,2496,0,0,0,0,00,0,0,0,1,0,0,1,0,0,0,0,00000,0,0,0,1,0,0,008be,0,1,0,0,0
2497,2497,0,0,0,0,00,0,0,0,1,0,0,1,0,0,0,0,00000,0,0,0,1,0,0,008bf,0,1,0,0,0
2498,2498,0,0,0,0,00,0,0,0,1,0,0,1,0,0,0,0,00000,0,0,0,1,0,0,008c0,0,1,0,0,0
2499,2499,0,0,0,0,00,0,0,0,1,0,0,1,0,0,0,0,00000,0,0,0,1,0,0,008c1,0,1,0,0,0
2500,2500,0,0,0,0,00,0,0,0,1,0,0,1,0,0,0,0,00000,0,0,0,1,0,0,008c2,0,1,0,0,0
2501,2501,0,0,0,0,00,0,0,0,1,0,0,1,0,0,0,0,00000,0,0,0,1,0,0,008c3,0,1,0,0,0
2502,2502,0,0,0,0,00,0,0,0,1,0,0,1,0,0,0,0,00000,0,0,0,1,0,0,008c4,0,1,0,0,0
2503,2503,0,0,0,0,00,0,0,0,1,0,0,1,0,0,0,0,00000,0,0,0,1,0,0,008c5,0,1,0,0,0
2504,2504,0,0,0,0,00,0,0,0,1,0,0,1,0,0,0,0,00000,0,0,0,1,0,0,008c6,0,1,0,0,0
2505,2505,0,0,0,0,00,0,0,0,1,0,0,1,0,0,0,0,00000,0,0,0,1,0,0,008c7,0,1,0,0,0
2506,2506,0,0,0,0,00,0,0,0,1,0,0,1,0,0,0,0,00000,0,0,0,1,0,0,008c8,0,1,0,0,0
2507,2507,0,0,0,0,00,0,0,0,1,0,0,1,0,0,0,0,00000,0,0,0,1,0,0,008c9,0,1,0,0,0
2508,2508,0,0,0,0,00,0,0,0,1,0,0,1,0,0,0,0,00000,0,0,0,1,0,0,008ca,0,1,0,0,0
2509,2509,0,0,0,0,00,0,0,0,1,0,0,1,0,0,0,0,00000,0,0,0,1,0,0,008cb,0,1,0,0,0
2510,2510,0,0,0,0,00,0,0,0,1,0,0,1,0,0,0,0,00000,0,0,0,1,0,0,008cc,0,1,0,0,0
2511,2511,0,0,0,0,00,0,0,0,1,0,0,1,0,0,0,0,00000,0,0,0,1,0,0,008cd,0,1,0,0,0
2512,2512,0,0,0,0,00,0,0,0,1,0,0,1,0,0,0,0,00000,0,0,0,1,0,0,008ce,0,1,0,0,0
2513,2513,0,0,0,0,00,0,0,0,1,0,0,1,0,0,0,0,00000,0,0,0,1,0,0,008cf,0,1,0,0,0
2514,2514,0,0,0,0,00,0,0,0,1,0,0,1,0,0,0,0,00000,0,0,0,1,0,0,008d0,0,1,0,0,0
2515,2515,0,0,0,0,00,0,0,0,1,0,0,1,0,0,0,0,00000,0,0,0,1,0,0,008d1,0,1,0,0,0
2516,2516,0,0,0,0,00,0,0,0,1,0,0,1,0,0,0,0,00000,0,0,0,1,0,0,008d2,0,1,0,0,0
2517,2517,0,0,0,0,00,0,0,0,1,0,0,1,0,0,0,0,00000,0,0,0,1,0,0,008d3,0,1,0,0,0
2518,2518,0,0,0,0,00,0,0,0,1,0,0,1,0,0,0,0,00000,0,0,0,1,0,0,008d4,0,1,0,0,0
2519,2519,0,0,0,0,00,0,0,0,1,0,0,1,0,0,0,0,00000,0,0,0,1,0,0,008d5,0,1,0,0,0
2520,2520,0,0,0,0,00,0,0,0,1,0,0,1,0,0,0,0,00000,0,0,0,1,0,0,008d6,0,1,0,0,0
2521,2521,0,0,0,0,00,0,0,0,1,0,0,1,0,0,0,0,00000,0,0,0,1,0,0,008d7,0,1,0,0,0
2522,2522,0,0,0,0,00,0,0,0,1,0,0,1,0,0,0,0,00000,0,0,0,1,0,0,008d8,0,1,0,0,0
2523,2523,0,0,0,0,00,0,0,0,1,0,0,1,0,0,0,0,00000,0,0,0,1,0,0,008d9,0,1,0,0,0
2524,2524,0,0,0,0,00,0,0,0,1,0,0,1,0,0,0,0,00000,0,0,0,1,0,0,008da,0,1,0,0,0
2525,2525,0,0,0,0,00,0,0,0,1,0,0,1,0,0,0,0,00000,0,0,0,1,0,0,008db,0,1,0,0,0
2526,2526,0,0,0,0,00,0,0,0,1,0,0,1,0,0,0,0,00000,0,0,0,1,0,0,008dc,0,1,0,0,0
2527,2527,0,0,0,0,00,0,0,0,1,0,0,1,0,0,0,0,00000,0,0,0,1,0,0,008dd,0,1,0,0,0
2528,2528,0,0,0,0,00,0,0,0,1,0,0,1,0,0,0,0,00000,0,0,0,1,0,0,008de,0,1,0,0,0
2529,2529,0,0,0,0,00,0,0,0,1,0,0,1,0,0,0,0,00000,0,0,0,1,0,0,008df,0,1,0,0,0
2530,2530,0,0,0,0,00,0,0,0,1,0,0,1,0,0,0,0,00000,0,0,0,1,0,0,008e0,0,1,0,0,0
2531,2531,0,0,0,0,00,0,0,0,1,0,0,1,0,0,0,0,00000,0,0,0,1,0,0,008e1,0,1,0,0,0
2532,2532,0,0,0,0,00,0,0,0,1,0,0,1,0,0,0,0,00000,0,0,0,1,0,0,008e2,0,1,0,0,0
2533,2533,0,0,0,0,00,0,0,0,1,0,0,1,0,0,0,0,00000,0,0,0,1,0,0,008e3,0,1,0,0,0
2534,2534,0,0,0,0,00,0,0,0,1,0,0,1,0,0,0,0,00000,0,0,0,1,0,0,008e4,0,1,0,0,0
2535,2535,0,0,0,0,00,0,0,0,1,0,0,1,0,0,0,0,00000,0,0,0,1,0,0,008e5,0,1,0,0,0
2536,2536,0,0,0,0,00,0,0,0,1,0,0,1,0,0,0,0,00000,0,0,0,1,0,0,008e6,0,1,0,0,0
2537,2537,0,0,0,0,00,0,0,0,1,0,0,1,0,0,0,0,00000,0,0,0,1,0,0,008e7,0,1,0,0,0
2538,2538,0,0,0,0,00,0,0,0,1,0,0,1,0,0,0,0,00000,0,0,0,1,0,0,008e8,0,1,0,0,0
2539,2539,0,0,0,0,00,0,0,0,1,0,0,1,0,0,0,0,00000,0,0,0,1,0,0,008e9,0,1,0,0,0
2540,2540,0,0,0,0,00,0,0,0,1,0,0,1,0,0,0,0,00000,0,0,0,1,0,0,008ea,0,1,0,0,0
2541,2541,0,0,0,0,00,0,0,0,1,0,0,1,0,0,0,0,00000,0,0,0,1,0,0,008eb,0,1,0,0,0
2542,2542,0,0,0,0,00,0,0,0,1,0,0,1,0,0,0,0,00000,0,0,0,1,0,0,008ec,0,1,0,0,0
2543,2543,0,0,0,0,00,0,0,0,1,0,0,1,0,0,0,0,00000,0,0,0,1,0,0,008ed,0,1,0,0,0
2544,2544,0,0,0,0,00,0,0,0,1,0,0,1,0,0,0,0,00000,0,0,0,1,0,0,008ee,0,1,0,0,0
2545,2545,0,0,0,0,00,0,0,0,1,0,0,1,0,0,0,0,00000,0,0,0,1,0,0,008ef,0,1,0,0,0
2546,2546,0,0,0,0,00,0,0,0,1,0,0,1,0,0,0,0,00000,0,0,0,1,0,0,008f0,0,1,0,0,0
2547,2547,0,0,0,0,00,0,0,0,1,0,0,1,0,0,0,0,00000,0,0,0,1,0,0,008f1,0,1,0,0,0
2548,2548,0,0,0,0,00,0,0,0,1,0,0,1,0,0,0,0,00000,0,0,0,1,0,0,008f2,0,1,0,0,0
2549,2549,0,0,0,0,00,0,0,0,1,0,0,1,0,0,0,0,00000,0,0,0,1,0,0,008f3,0,1,0,0,0
2550,2550,0,0,0,0,00,0,0,0,1,0,0,1,0,0,0,0,00000,0,0,0,1,0,0,008f4,0,1,0,0,0
2551,2551,0,0,0,0,00,0,0,0,1,0,0,1,0,0,0,0,00000,0,0,0,1,0,0,008f5,0,1,0,0,0
2552,2552,0,0,0,0,00,0,0,0,1,0,0,1,0,0,0,0,00000,0,0,0,1,0,0,008f6,0,1,0,0,0
2553,2553,0,0,0,0,00,0,0,0,1,0,0,1,0,0,0,0,00000,0,0,0,1,0,0,008f7,0,1,0,0,0
2554,2554,0,0,0,0,00,0,0,0,1,0,0,1,0,0,0,0,00000,0,0,0,1,0,0,008f8,0,1,0,0,0
2555,2555,0,0,0,0,00,0,0,0,1,0,0,1,0,0,0,0,00000,0,0,0,1,0,0,008f9,0,1,0,0,0
2556,2556,0,0,0,0,00,0,0,0,1,0,0,1,0,0,0,0,00000,0,0,0,1,0,0,008fa,0,1,0,0,0
2557,2557,0,0,0,0,00,0,0,0,1,0,0,1,0,0,0,0,00000,0,0,0,1,0,0,008fb,0,1,0,0,0
2558,2558,0,0,0,0,00,0,0,0,1,0,0,1,0,0,0,0,00000,0,0,0,1,0,0,008fc,0,1,0,0,0
2559,2559,0,0,0,0,00,0,0,0,1,0,0,1,0,0,0,0,00000,0,0,0,1,0,0,008fd,0,1,0,0,0
2560,2560,0,0,0,0,00,0,0,0,1,0,0,1,0,0,0,0,00000,0,0,0,1,0,0,008fe,0,1,0,0,0
2561,2561,0,0,0,0,00,0,0,0,1,0,0,1,0,0,0,0,00000,0,0,0,1,0,0,008ff,0,1,0,0,0
2562,2562,0,0,0,0,00,0,0,0,1,0,0,1,0,0,0,0,00000,0,0,0,1,0,0,00900,0,1,0,0,0
2563,2563,0,0,0,0,00,0,0,0,1,0,0,1,0,0,0,0,00000,0,0,0,1,0,0,00901,0,1,0,0,0
2564,2564,0,0,0,0,00,0,0,0,1,0,0,1,0,0,0,0,00000,0,0,0,1,0,0,00902,0,1,0,0,0
2565,2565,0,0,0,0,00,0,0,0,1,0,0,1,0,0,0,0,00000,0,0,0,1,0,0,00903,0,1,0,0,0
2566,2566,0,0,0,0,00,0,0,0,1,0,0,1,0,0,0,0,00000,0,0,0,1,0,0,00904,0,1,0,0,0
2567,2567,0,0,0,0,00,0,0,0,1,0,0,1,0,0,0,0,00000,0,0,0,1,0,0,00905,0,1,0,0,0
2568,2568,0,0,0,0,00,0,0,0,1,0,0,1,0,0,0,0,00000,0,0,0,1,0,0,00906,0,1,0,0,0
2569,2569,0,0,0,0,00,0,0,0,1,0,0,1,0,0,0,0,00000,0,0,0,1,0,0,00907,0,1,0,0,0
2570,2570,0,0,0,0,00,0,0,0,1,0,0,1,0,0,0,0,00000,0,0,0,1,0,0,00908,0,1,0,0,0
2571,2571,0,0,0,0,00,0,0,0,1,0,0,1,0,0,0,0,00000,0,0,0,1,0,0,00909,0,1,0,0,0
2572,2572,0,0,0,0,00,0,0,0,1,0,0,1,0,0,0,0,00000,0,0,0,1,0,0,0090a,0,1,0,0,0
2573,2573,0,0,0,0,00,0,0,0,1,0,0,1,0,0,0,0,00000,0,0,0,1,0,0,0090b,0,1,0,0,0
2574,2574,0,0,0,0,00,0,0,0,1,0,0,1,0,0,0,0,00000,0,0,0,1,0,0,0090c,0,1,0,0,0
2575,2575,0,0,0,0,00,0,0,0,1,0,0,1,0,0,0,0,00000,0,0,0,1,0,0,0090d,0,1,0,0,0
2576,2576,0,0,0,0,00,0,0,0,1,0,0,1,0,0,0,0,00000,0,0,0,1,0,0,0090e,0,1,0,0,0
2577,2577,0,0,0,0,00,0,0,0,1,0,0,1,0,0,0,0,00000,0,0,0,1,0,0,0090f,0,1,0,0,0
2578,2578,0,0,0,0,00,0,0,0,1,0,0,1,0,0,0,0,00000,0,0,0,1,0,0,00910,0,1,0,0,0
2579,2579,0,0,0,0,00,0,0,0,1,0,0,1,0,0,0,0,00000,0,0,0,1,0,0,00911,0,1,0,0,0
2580,2580,0,0,0,0,00,0,0,0,1,0,0,1,0,0,0,0,00000,0,0,0,1,0,0,00912,0,1,0,0,0
2581,2581,0,0,0,0,00,0,0,0,1,0,0,1,0,0,0,0,00000,0,0,0,1,0,0,00913,0,1,0,0,0
2582,2582,0,0,0,0,00,0,0,0,1,0,0,1,0,0,0,0,00000,0,0,0,1,0,0,00914,0,1,0,0,0
2583,2583,0,0,0,0,00,0,0,0,1,0,0,1,0,0,0,0,00000,0,0,0,1,0,0,00915,0,1,0,0,0
2584,2584,0,0,0,0,00,0,0,0,1,0,0,1,0,0,0,0,00000,0,0,0,1,0,0,00916,0,1,0,0,0
2585,2585,0,0,0,0,00,0,0,0,1,0,0,1,0,0,0,0,00000,0,0,0,1,0,0,00917,0,1,0,0,0
2586,2586,0,0,0,0,00,0,0,0,1,0,0,1,0,0,0,0,00000,0,0,0,1,0,0,00918,0,1,0,0,0
2587,2587,0,0,0,0,00,0,0,0,1,0,0,1,0,0,0,0,00000,0,0,0,1,0,0,00919,0,1,0,0,0
2588,2588,0,0,0,0,00,0,0,0,1,0,0,1,0,0,0,0,00000,0,0,0,1,0,0,0091a,0,1,0,0,0
2589,2589,0,0,0,0,00,0,0,0,1,0,0,1,0,0,0,0,00000,0,0,0,1,0,0,0091b,0,1,0,0,0
2590,2590,0,0,0,0,00,0,0,0,1,0,0,1,0,0,0,0,00000,0,0,0,1,0,0,0091c,0,1,0,0,0
2591,2591,0,0,0,0,00,0,0,0,1,0,0,1,0,0,0,0,00000,0,0,0,1,0,0,0091d,0,1,0,0,0
2592,2592,0,0,0,0,00,0,0,0,1,0,0,1,0,0,0,0,00000,0,0,0,1,0,0,0091e,0,1,0,0,0
2593,2593,0,0,0,0,00,0,0,0,1,0,0,1,0,0,0,0,00000,0,0,0,1,0,0,0091f,0,1,0,0,0
2594,2594,0,0,0,0,00,0,0,0,1,0,0,1,0,0,0,0,00000,0,0,0,1,0,0,00920,0,1,0,0,0
2595,2595,0,0,0,0,00,0,0,0,1,0,0,1,0,0,0,0,00000,0,0,0,1,0,0,00921,0,1,0,0,0
2596,2596,0,0,0,0,00,0,0,0,1,0,0,1,0,0,0,0,00000,0,0,0,1,0,0,00922,0,1,0,0,0
2597,2597,0,0,0,0,00,0,0,0,1,0,0,1,0,0,0,0,00000,0,0,0,1,0,0,00923,0,1,0,0,0
2598,2598,0,0,0,0,00,0,0,0,1,0,0,1,0,0,0,0,00000,0,0,0,1,0,0,00924,0,1,0,0,0
2599,2599,0,0,0,0,00,0,0,0,1,0,0,1,0,0,0,0,00000,0,0,0,1,0,0,00925,0,1,0,0,0
2600,2600,0,0,0,0,00,0,0,0,1,0,0,1,0,0,0,0,00000,0,0,0,1,0,0,00926,0,1,0,0,0
2601,2601,0,0,0,0,00,0,0,0,1,0,0,1,0,0,0,0,00000,0,0,0,1,0,0,00927,0,1,0,0,0
2602,2602,0,0,0,0,00,0,0,0,1,0,0,1,0,0,0,0,00000,0,0,0,1,0,0,00928,0,1,0,0,0
2603,2603,0,0,0,0,00,0,0,0,1,0,0,1,0,0,0,0,00000,0,0,0,1,0,0,00929,0,1,0,0,0
2604,2604,0,0,0,0,00,0,0,0,1,0,0,1,0,0,0,0,00000,0,0,0,1,0,0,0092a,0,1,0,0,0
2605,2605,0,0,0,0,00,0,0,0,1,0,0,1,0,0,0,0,00000,0,0,0,1,0,0,0092b,0,1,0,0,0
2606,2606,0,0,0,0,00,0,0,0,1,0,0,1,0,0,0,0,00000,0,0,0,1,0,0,0092c,0,1,0,0,0
2607,2607,0,0,0,0,00,0,0,0,1,0,0,1,0,0,0,0,00000,0,0,0,1,0,0,0092d,0,1,0,0,0
2608,2608,0,0,0,0,00,0,0,0,1,0,0,1,0,0,0,0,00000,0,0,0,1,0,0,0092e,0,1,0,0,0
2609,2609,0,0,0,0,00,0,0,0,1,0,0,1,0,0,0,0,00000,0,0,0,1,0,0,0092f,0,1,0,0,0
2610,2610,0,0,0,0,00,0,0,0,1,0,0,1,0,0,0,0,00000,0,0,0,1,0,0,00930,0,1,0,0,0
2611,2611,0,0,0,0,00,0,0,0,1,0,0,1,0,0,0,0,00000,0,0,0,1,0,0,00931,0,1,0,0,0
2612,2612,0,0,0,0,00,0,0,0,1,0,0,1,0,0,0,0,00000,0,0,0,1,0,0,00932,0,1,0,0,0
2613,2613,0,0,0,0,00,0,0,0,1,0,0,1,0,0,0,0,00000,0,0,0,1,0,0,00933,0,1,0,0,0
2614,2614,0,0,0,0,00,0,0,0,1,0,0,1,0,0,0,0,00000,0,0,0,1,0,0,00934,0,1,0,0,0
2615,2615,0,0,0,0,00,0,0,0,1,0,0,1,0,0,0,0,00000,0,0,0,1,0,0,00935,0,1,0,0,0
2616,2616,0,0,0,0,00,0,0,0,1,0,0,1,0,0,0,0,00000,0,0,0,1,0,0,00936,0,1,0,0,0
2617,2617,0,0,0,0,00,0,0,0,1,0,0,1,0,0,0,0,00000,0,0,0,1,0,0,00937,0,1,0,0,0
2618,2618,0,0,0,0,00,0,0,0,1,0,0,1,0,0,0,0,00000,0,0,0,1,0,0,00938,0,1,0,0,0
2619,2619,0,0,0,0,00,0,0,0,1,0,0,1,0,0,0,0,00000,0,0,0,1,0,0,00939,0,1,0,0,0
2620,2620,0,0,0,0,00,0,0,0,1,0,0,1,0,0,0,0,00000,0,0,0,1,0,0,0093a,0,1,0,0,0
2621,2621,0,0,0,0,00,0,0,0,1,0,0,1,0,0,0,0,00000,0,0,0,1,0,0,0093b,0,1,0,0,0
2622,2622,0,0,0,0,00,0,0,0,1,0,0,1,0,0,0,0,00000,0,0,0,1,0,0,0093c,0,1,0,0,0
2623,2623,0,0,0,0,00,0,0,0,1,0,0,1,0,0,0,0,00000,0,0,0,1,0,0,0093d,0,1,0,0,0
2624,2624,0,0,0,0,00,0,0,0,1,0,0,1,0,0,0,0,00000,0,0,0,1,0,0,0093e,0,1,0,0,0
2625,2625,0,0,0,0,00,0,0,0,1,0,0,1,0,0,0,0,00000,0,0,0,1,0,0,0093f,0,1,0,0,0
2626,2626,0,0,0,0,00,0,0,0,1,0,0,1,0,0,0,0,00000,0,0,0,1,0,0,00940,0,1,0,0,0
2627,2627,0,0,0,0,00,0,0,0,1,0,0,1,0,0,0,0,00000,0,0,0,1,0,0,00941,0,1,0,0,0
2628,2628,0,0,0,0,00,0,0,0,1,0,0,1,0,0,0,0,00000,0,0,0,1,0,0,00942,0,1,0,0,0
2629,2629,0,0,0,0,00,0,0,0,1,0,0,1,0,0,0,0,00000,0,0,0,1,0,0,00943,0,1,0,0,0
2630,2630,0,0,0,0,00,0,0,0,1,0,0,1,0,0,0,0,00000,0,0,0,1,0,0,00944,0,1,0,0,0
2631,2631,0,0,0,0,00,0,0,0,1,0,0,1,0,0,0,0,00000,0,0,0,1,0,0,00945,0,1,0,0,0
2632,2632,0,0,0,0,00,0,0,0,1,0,0,1,0,0,0,0,00000,0,0,0,1,0,0,00946,0,1,0,0,0
2633,2633,0,0,0,0,00,0,0,0,1,0,0,1,0,0,0,0,00000,0,0,0,1,0,0,00947,0,1,0,0,0
2634,2634,0,0,0,0,00,0,0,0,1,0,0,1,0,0,0,0,00000,0,0,0,1,0,0,00948,0,1,0,0,0
2635,2635,0,0,0,0,00,0,0,0,1,0,0,1,0,0,0,0,00000,0,0,0,1,0,0,00949,0,1,0,0,0
2636,2636,0,0,0,0,00,0,0,0,1,0,0,1,0,0,0,0,00000,0,0,0,1,0,0,0094a,0,1,0,0,0
2637,2637,0,0,0,0,00,0,0,0,1,0,0,1,0,0,0,0,00000,0,0,0,1,0,0,0094b,0,1,0,0,0
2638,2638,0,0,0,0,00,0,0,0,1,0,0,1,0,0,0,0,00000,0,0,0,1,0,0,0094c,0,1,0,0,0
2639,2639,0,0,0,0,00,0,0,0,1,0,0,1,0,0,0,0,00000,0,0,0,1,0,0,0094d,0,1,0,0,0
2640,2640,0,0,0,0,00,0,0,0,1,0,0,1,0,0,0,0,00000,0,0,0,1,0,0,0094e,0,1,0,0,0
2641,2641,0,0,0,0,00,0,0,0,1,0,0,1,0,0,0,0,00000,0,0,0,1,0,0,0094f,0,1,0,0,0
2642,2642,0,0,0,0,00,0,0,0,1,0,0,1,0,0,0,0,00000,0,0,0,1,0,0,00950,0,1,0,0,0
2643,2643,0,0,0,0,00,0,0,0,1,0,0,1,0,0,0,0,00000,0,0,0,1,0,0,00951,0,1,0,0,0
2644,2644,0,0,0,0,00,0,0,0,1,0,0,1,0,0,0,0,00000,0,0,0,1,0,0,00952,0,1,0,0,0
2645,2645,0,0,0,0,00,0,0,0,1,0,0,1,0,0,0,0,00000,0,0,0,1,0,0,00953,0,1,0,0,0
2646,2646,0,0,0,0,00,0,0,0,1,0,0,1,0,0,0,0,00000,0,0,0,1,0,0,00954,0,1,0,0,0
2647,2647,0,0,0,0,00,0,0,0,1,0,0,1,0,0,0,0,00000,0,0,0,1,0,0,00955,0,1,0,0,0
2648,2648,0,0,0,0,00,0,0,0,1,0,0,1,0,0,0,0,00000,0,0,0,1,0,0,00956,0,1,0,0,0
2649,2649,0,0,0,0,00,0,0,0,1,0,0,1,0,0,0,0,00000,0,0,0,1,0,0,00957,0,1,0,0,0
2650,2650,0,0,0,0,00,0,0,0,1,0,0,1,0,0,0,0,00000,0,0,0,1,0,0,00958,0,1,0,0,0
2651,2651,0,0,0,0,00,0,0,0,1,0,0,1,0,0,0,0,00000,0,0,0,1,0,0,00959,0,1,0,0,0
2652,2652,0,0,0,0,00,0,0,0,1,0,0,1,0,0,0,0,00000,0,0,0,1,0,0,0095a,0,1,0,0,0
2653,2653,0,0,0,0,00,0,0,0,1,0,0,1,0,0,0,0,00000,0,0,0,1,0,0,0095b,0,1,0,0,0
2654,2654,0,0,0,0,00,0,0,0,1,0,0,1,0,0,0,0,00000,0,0,0,1,0,0,0095c,0,1,0,0,0
2655,2655,0,0,0,0,00,0,0,0,1,0,0,1,0,0,0,0,00000,0,0,0,1,0,0,0095d,0,1,0,0,0
2656,2656,0,0,0,0,00,0,0,0,1,0,0,1,0,0,0,0,00000,0,0,0,1,0,0,0095e,0,1,0,0,0
2657,2657,0,0,0,0,00,0,0,0,1,0,0,1,0,0,0,0,00000,0,0,0,1,0,0,0095f,0,1,0,0,0
2658,2658,0,0,0,0,00,0,0,0,1,0,0,1,0,0,0,0,00000,0,0,0,1,0,0,00960,0,1,0,0,0
2659,2659,0,0,0,0,00,0,0,0,1,0,0,1,0,0,0,0,00000,0,0,0,1,0,0,00961,0,1,0,0,0
2660,2660,0,0,0,0,00,0,0,0,1,0,0,1,0,0,0,0,00000,0,0,0,1,0,0,00962,0,1,0,0,0
2661,2661,0,0,0,0,00,0,0,0,1,0,0,1,0,0,0,0,00000,0,0,0,1,0,0,00963,0,1,0,0,0
2662,2662,0,0,0,0,00,0,0,0,1,0,0,1,0,0,0,0,00000,0,0,0,1,0,0,00964,0,1,0,0,0
2663,2663,0,0,0,0,00,0,0,0,1,0,0,1,0,0,0,0,00000,0,0,0,1,0,0,00965,0,1,0,0,0
2664,2664,0,0,0,0,00,0,0,0,1,0,0,1,0,0,0,0,00000,0,0,0,1,0,0,00966,0,1,0,0,0
2665,2665,0,0,0,0,00,0,0,0,1,0,0,1,0,0,0,0,00000,0,0,0,1,0,0,00967,0,1,0,0,0
2666,2666,0,0,0,0,00,0,0,0,1,0,0,1,0,0,0,0,00000,0,0,0,1,0,0,00968,0,1,0,0,0
2667,2667,0,0,0,0,00,0,0,0,1,0,0,1,0,0,0,0,00000,0,0,0,1,0,0,00969,0,1,0,0,0
2668,2668,0,0,0,0,00,0,0,0,1,0,0,1,0,0,0,0,00000,0,0,0,1,0,0,0096a,0,1,0,0,0
2669,2669,0,0,0,0,00,0,0,0,1,0,0,1,0,0,0,0,00000,0,0,0,1,0,0,0096b,0,1,0,0,0
2670,2670,0,0,0,0,00,0,0,0,1,0,0,1,0,0,0,0,00000,0,0,0,1,0,0,0096c,0,1,0,0,0
2671,2671,0,0,0,0,00,0,0,0,1,0,0,1,0,0,0,0,00000,0,0,0,1,0,0,0096d,0,1,0,0,0
2672,2672,0,0,0,0,00,0,0,0,1,0,0,1,0,0,0,0,00000,0,0,0,1,0,0,0096e,0,1,0,0,0
2673,2673,0,0,0,0,00,0,0,0,1,0,0,1,0,0,0,0,00000,0,0,0,1,0,0,0096f,0,1,0,0,0
2674,2674,0,0,0,0,00,0,0,0,1,0,0,1,0,0,0,0,00000,0,0,0,1,0,0,00970,0,1,0,0,0
2675,2675,0,0,0,0,00,0,0,0,1,0,0,1,0,0,0,0,00000,0,0,0,1,0,0,00971,0,1,0,0,0
2676,2676,0,0,0,0,00,0,0,0,1,0,0,1,0,0,0,0,00000,0,0,0,1,0,0,00972,0,1,0,0,0
2677,2677,0,0,0,0,00,0,0,0,1,0,0,1,0,0,0,0,00000,0,0,0,1,0,0,00973,0,1,0,0,0
2678,2678,0,0,0,0,00,0,0,0,1,0,0,1,0,0,0,0,00000,0,0,0,1,0,0,00974,0,1,0,0,0
2679,2679,0,0,0,0,00,0,0,0,1,0,0,1,0,0,0,0,00000,0,0,0,1,0,0,00975,0,1,0,0,0
2680,2680,0,0,0,0,00,0,0,0,1,0,0,1,0,0,0,0,00000,0,0,0,1,0,0,00976,0,1,0,0,0
2681,2681,0,0,0,0,00,0,0,0,1,0,0,1,0,0,0,0,00000,0,0,0,1,0,0,00977,0,1,0,0,0
2682,2682,0,0,0,0,00,0,0,0,1,0,0,1,0,0,0,0,00000,0,0,0,1,0,0,00978,0,1,0,0,0
2683,2683,0,0,0,0,00,0,0,0,1,0,0,1,0,0,0,0,00000,0,0,0,1,0,0,00979,0,1,0,0,0
2684,2684,0,0,0,0,00,0,0,0,1,0,0,1,0,0,0,0,00000,0,0,0,1,0,0,0097a,0,1,0,0,0
2685,2685,0,0,0,0,00,0,0,0,1,0,0,1,0,0,0,0,00000,0,0,0,1,0,0,0097b,0,1,0,0,0
2686,2686,0,0,0,0,00,0,0,0,1,0,0,1,0,0,0,0,00000,0,0,0,1,0,0,0097c,0,1,0,0,0
2687,2687,0,0,0,0,00,0,0,0,1,0,0,1,0,0,0,0,00000,0,0,0,1,0,0,0097d,0,1,0,0,0
2688,2688,0,0,0,0,00,0,0,0,1,0,0,1,0,0,0,0,00000,0,0,0,1,0,0,0097e,0,1,0,0,0
2689,2689,0,0,0,0,00,0,0,0,1,0,0,1,0,0,0,0,00000,0,0,0,1,0,0,0097f,0,1,0,0,0
2690,2690,0,0,0,0,00,0,0,0,1,0,0,1,0,0,0,0,00000,0,0,0,1,0,0,00980,0,1,0,0,0
2691,2691,0,0,0,0,00,0,0,0,1,0,0,1,0,0,0,0,00000,0,0,0,1,0,0,00981,0,1,0,0,0
2692,2692,0,0,0,0,00,0,0,0,1,0,0,1,0,0,0,0,00000,0,0,0,1,0,0,00982,0,1,0,0,0
2693,2693,0,0,0,0,00,0,0,0,1,0,0,1,0,0,0,0,00000,0,0,0,1,0,0,00983,0,1,0,0,0
2694,2694,0,0,0,0,00,0,0,0,1,0,0,1,0,0,0,0,00000,0,0,0,1,0,0,00984,0,1,0,0,0
2695,2695,0,0,0,0,00,0,0,0,1,0,0,1,0,0,0,0,00000,0,0,0,1,0,0,00985,0,1,0,0,0
2696,2696,0,0,0,0,00,0,0,0,1,0,0,1,0,0,0,0,00000,0,0,0,1,0,0,00986,0,1,0,0,0
2697,2697,0,0,0,0,00,0,0,0,1,0,0,1,0,0,0,0,00000,0,0,0,1,0,0,00987,0,1,0,0,0
2698,2698,0,0,0,0,00,0,0,0,1,0,0,1,0,0,0,0,00000,0,0,0,1,0,0,00988,0,1,0,0,0
2699,2699,0,0,0,0,00,0,0,0,1,0,0,1,0,0,0,0,00000,0,0,0,1,0,0,00989,0,1,0,0,0
2700,2700,0,0,0,0,00,0,0,0,1,0,0,1,0,0,0,0,00000,0,0,0,1,0,0,0098a,0,1,0,0,0
2701,2701,0,0,0,0,00,0,0,0,1,0,0,1,0,0,0,0,00000,0,0,0,1,0,0,0098b,0,1,0,0,0
2702,2702,0,0,0,0,00,0,0,0,1,0,0,1,0,0,0,0,00000,0,0,0,1,0,0,0098c,0,1,0,0,0
2703,2703,0,0,0,0,00,0,0,0,1,0,0,1,0,0,0,0,00000,0,0,0,1,0,0,0098d,0,1,0,0,0
2704,2704,0,0,0,0,00,0,0,0,1,0,0,1,0,0,0,0,00000,0,0,0,1,0,0,0098e,0,1,0,0,0
2705,2705,0,0,0,0,00,0,0,0,1,0,0,1,0,0,0,0,00000,0,0,0,1,0,0,0098f,0,1,0,0,0
2706,2706,0,0,0,0,00,0,0,0,1,0,0,1,0,0,0,0,00000,0,0,0,1,0,0,00990,0,1,0,0,0
2707,2707,0,0,0,0,00,0,0,0,1,0,0,1,0,0,0,0,00000,0,0,0,1,0,0,00991,0,1,0,0,0
2708,2708,0,0,0,0,00,0,0,0,1,0,0,1,0,0,0,0,00000,0,0,0,1,0,0,00992,0,1,0,0,0
2709,2709,0,0,0,0,00,0,0,0,1,0,0,1,0,0,0,0,00000,0,0,0,1,0,0,00993,0,1,0,0,0
2710,2710,0,0,0,0,00,0,0,0,1,0,0,1,0,0,0,0,00000,0,0,0,1,0,0,00994,0,1,0,0,0
2711,2711,0,0,0,0,00,0,0,0,1,0,0,1,0,0,0,0,00000,0,0,0,1,0,0,00995,0,1,0,0,0
2712,2712,0,0,0,0,00,0,0,0,1,0,0,1,0,0,0,0,00000,0,0,0,1,0,0,00996,0,1,0,0,0
2713,2713,0,0,0,0,00,0,0,0,1,0,0,1,0,0,0,0,00000,0,0,0,1,0,0,00997,0,1,0,0,0
2714,2714,0,0,0,0,00,0,0,0,1,0,0,1,0,0,0,0,00000,0,0,0,1,0,0,00998,0,1,0,0,0
2715,2715,0,0,0,0,00,0,0,0,1,0,0,1,0,0,0,0,00000,0,0,0,1,0,0,00999,0,1,0,0,0
2716,2716,0,0,0,0,00,0,0,0,1,0,0,1,0,0,0,0,00000,0,0,0,1,0,0,0099a,0,1,0,0,0
2717,2717,0,0,0,0,00,0,0,0,1,0,0,1,0,0,0,0,00000,0,0,0,1,0,0,0099b,0,1,0,0,0
2718,2718,0,0,0,0,00,0,0,0,1,0,0,1,0,0,0,0,00000,0,0,0,1,0,0,0099c,0,1,0,0,0
2719,2719,0,0,0,0,00,0,0,0,1,0,0,1,0,0,0,0,00000,0,0,0,1,0,0,0099d,0,1,0,0,0
2720,2720,0,0,0,0,00,0,0,0,1,0,0,1,0,0,0,0,00000,0,0,0,1,0,0,0099e,0,1,0,0,0
2721,2721,0,0,0,0,00,0,0,0,1,0,0,1,0,0,0,0,00000,0,0,0,1,0,0,0099f,0,1,0,0,0
2722,2722,0,0,0,0,00,0,0,0,1,0,0,1,0,0,0,0,00000,0,0,0,1,0,0,009a0,0,1,0,0,0
2723,2723,0,0,0,0,00,0,0,0,1,0,0,1,0,0,0,0,00000,0,0,0,1,0,0,009a1,0,1,0,0,0
2724,2724,0,0,0,0,00,0,0,0,1,0,0,1,0,0,0,0,00000,0,0,0,1,0,0,009a2,0,1,0,0,0
2725,2725,0,0,0,0,00,0,0,0,1,0,0,1,0,0,0,0,00000,0,0,0,1,0,0,009a3,0,1,0,0,0
2726,2726,0,0,0,0,00,0,0,0,1,0,0,1,0,0,0,0,00000,0,0,0,1,0,0,009a4,0,1,0,0,0
2727,2727,0,0,0,0,00,0,0,0,1,0,0,1,0,0,0,0,00000,0,0,0,1,0,0,009a5,0,1,0,0,0
2728,2728,0,0,0,0,00,0,0,0,1,0,0,1,0,0,0,0,00000,0,0,0,1,0,0,009a6,0,1,0,0,0
2729,2729,0,0,0,0,00,0,0,0,1,0,0,1,0,0,0,0,00000,0,0,0,1,0,0,009a7,0,1,0,0,0
2730,2730,0,0,0,0,00,0,0,0,1,0,0,1,0,0,0,0,00000,0,0,0,1,0,0,009a8,0,1,0,0,0
2731,2731,0,0,0,0,00,0,0,0,1,0,0,1,0,0,0,0,00000,0,0,0,1,0,0,009a9,0,1,0,0,0
2732,2732,0,0,0,0,00,0,0,0,1,0,0,1,0,0,0,0,00000,0,0,0,1,0,0,009aa,0,1,0,0,0
2733,2733,0,0,0,0,00,0,0,0,1,0,0,1,0,0,0,0,00000,0,0,0,1,0,0,009ab,0,1,0,0,0
2734,2734,0,0,0,0,00,0,0,0,1,0,0,1,0,0,0,0,00000,0,0,0,1,0,0,009ac,0,1,0,0,0
2735,2735,0,0,0,0,00,0,0,0,1,0,0,1,0,0,0,0,00000,0,0,0,1,0,0,009ad,0,1,0,0,0
2736,2736,0,0,0,0,00,0,0,0,1,0,0,1,0,0,0,0,00000,0,0,0,1,0,0,009ae,0,1,0,0,0
2737,2737,0,0,0,0,00,0,0,0,1,0,0,1,0,0,0,0,00000,0,0,0,1,0,0,009af,0,1,0,0,0
2738,2738,0,0,0,0,00,0,0,0,1,0,0,1,0,0,0,0,00000,0,0,0,1,0,0,009b0,0,1,0,0,0
2739,2739,0,0,0,0,00,0,0,0,1,0,0,1,0,0,0,0,00000,0,0,0,1,0,0,009b1,0,1,0,0,0
2740,2740,0,0,0,0,00,0,0,0,1,0,0,1,0,0,0,0,00000,0,0,0,1,0,0,009b2,0,1,0,0,0
2741,2741,0,0,0,0,00,0,0,0,1,0,0,1,0,0,0,0,00000,0,0,0,1,0,0,009b3,0,1,0,0,0
2742,2742,0,0,0,0,00,0,0,0,1,0,0,1,0,0,0,0,00000,0,0,0,1,0,0,009b4,0,1,0,0,0
2743,2743,0,0,0,0,00,0,0,0,1,0,0,1,0,0,0,0,00000,0,0,0,1,0,0,009b5,0,1,0,0,0
2744,2744,0,0,0,0,00,0,0,0,1,0,0,1,0,0,0,0,00000,0,0,0,1,0,0,009b6,0,1,0,0,0
2745,2745,0,0,0,0,00,0,0,0,1,0,0,1,0,0,0,0,00000,0,0,0,1,0,0,009b7,0,1,0,0,0
2746,2746,0,0,0,0,00,0,0,0,1,0,0,1,0,0,0,0,00000,0,0,0,1,0,0,009b8,0,1,0,0,0
2747,2747,0,0,0,0,00,0,0,0,1,0,0,1,0,0,0,0,00000,0,0,0,1,0,0,009b9,0,1,0,0,0
2748,2748,0,0,0,0,00,0,0,0,1,0,0,1,0,0,0,0,00000,0,0,0,1,0,0,009ba,0,1,0,0,0
2749,2749,0,0,0,0,00,0,0,0,1,0,0,1,0,0,0,0,00000,0,0,0,1,0,0,009bb,0,1,0,0,0
2750,2750,0,0,0,0,00,0,0,0,1,0,0,1,0,0,0,0,00000,0,0,0,1,0,0,009bc,0,1,0,0,0
2751,2751,0,0,0,0,00,0,0,0,1,0,0,1,0,0,0,0,00000,0,0,0,1,0,0,009bd,0,1,0,0,0
2752,2752,0,0,0,0,00,0,0,0,1,0,0,1,0,0,0,0,00000,0,0,0,1,0,0,009be,0,1,0,0,0
2753,2753,0,0,0,0,00,0,0,0,1,0,0,1,0,0,0,0,00000,0,0,0,1,0,0,009bf,0,1,0,0,0
2754,2754,0,0,0,0,00,0,0,0,1,0,0,1,0,0,0,0,00000,0,0,0,1,0,0,009c0,0,1,0,0,0
2755,2755,0,0,0,0,00,0,0,0,1,0,0,1,0,0,0,0,00000,0,0,0,1,0,0,009c1,0,1,0,0,0
2756,2756,0,0,0,0,00,0,0,0,1,0,0,1,0,0,0,0,00000,0,0,0,1,0,0,009c2,0,1,0,0,0
2757,2757,0,0,0,0,00,0,0,0,1,0,0,1,0,0,0,0,00000,0,0,0,1,0,0,009c3,0,1,0,0,0
2758,2758,0,0,0,0,00,0,0,0,1,0,0,1,0,0,0,0,00000,0,0,0,1,0,0,009c4,0,1,0,0,0
2759,2759,0,0,0,0,00,0,0,0,1,0,0,1,0,0,0,0,00000,0,0,0,1,0,0,009c5,0,1,0,0,0
2760,2760,0,0,0,0,00,0,0,0,1,0,0,1,0,0,0,0,00000,0,0,0,1,0,0,009c6,0,1,0,0,0
2761,2761,0,0,0,0,00,0,0,0,1,0,0,1,0,0,0,0,00000,0,0,0,1,0,0,009c7,0,1,0,0,0
2762,2762,0,0,0,0,00,0,0,0,1,0,0,1,0,0,0,0,00000,0,0,0,1,0,0,009c8,0,1,0,0,0
2763,2763,0,0,0,0,00,0,0,0,1,0,0,1,0,0,0,0,00000,0,0,0,1,0,0,009c9,0,1,0,0,0
2764,2764,0,0,0,0,00,0,0,0,1,0,0,1,0,0,0,0,00000,0,0,0,1,0,0,009ca,0,1,0,0,0
2765,2765,0,0,0,0,00,0,0,0,1,0,0,1,0,0,0,0,00000,0,0,0,1,0,0,009cb,0,1,0,0,0
2766,2766,0,0,0,0,00,0,0,0,1,0,0,1,0,0,0,0,00000,0,0,0,1,0,0,009cc,0,1,0,0,0
2767,2767,0,0,0,0,00,0,0,0,1,0,0,1,0,0,0,0,00000,0,0,0,1,0,0,009cd,0,1,0,0,0
2768,2768,0,0,0,0,00,0,0,0,1,0,0,1,0,0,0,0,00000,0,0,0,1,0,0,009ce,0,1,0,0,0
2769,2769,0,0,0,0,00,0,0,0,1,0,0,1,0,0,0,0,00000,0,0,0,1,0,0,009cf,0,1,0,0,0
2770,2770,0,0,0,0,00,0,0,0,1,0,0,1,0,0,0,0,00000,0,0,0,1,0,0,009d0,0,1,0,0,0
2771,2771,0,0,0,0,00,0,0,0,1,0,0,1,0,0,0,0,00000,0,0,0,1,0,0,009d1,0,1,0,0,0
2772,2772,0,0,0,0,00,0,0,0,1,0,0,1,0,0,0,0,00000,0,0,0,1,0,0,009d2,0,1,0,0,0
2773,2773,0,0,0,0,00,0,0,0,1,0,0,1,0,0,0,0,00000,0,0,0,1,0,0,009d3,0,1,0,0,0
2774,2774,0,0,0,0,00,0,0,0,1,0,0,1,0,0,0,0,00000,0,0,0,1,0,0,009d4,0,1,0,0,0
2775,2775,0,0,0,0,00,0,0,0,1,0,0,1,0,0,0,0,00000,0,0,0,1,0,0,009d5,0,1,0,0,0
2776,2776,0,0,0,0,00,0,0,0,1,0,0,1,0,0,0,0,00000,0,0,0,1,0,0,009d6,0,1,0,0,0
2777,2777,0,0,0,0,00,0,0,0,1,0,0,1,0,0,0,0,00000,0,0,0,1,0,0,009d7,0,1,0,0,0
2778,2778,0,0,0,0,00,0,0,0,1,0,0,1,0,0,0,0,00000,0,0,0,1,0,0,009d8,0,1,0,0,0
2779,2779,0,0,0,0,00,0,0,0,1,0,0,1,0,0,0,0,00000,0,0,0,1,0,0,009d9,0,1,0,0,0
2780,2780,0,0,0,0,00,0,0,0,1,0,0,1,0,0,0,0,00000,0,0,0,1,0,0,009da,0,1,0,0,0
2781,2781,0,0,0,0,00,0,0,0,1,0,0,1,0,0,0,0,00000,0,0,0,1,0,0,009db,0,1,0,0,0
2782,2782,0,0,0,0,00,0,0,0,1,0,0,1,0,0,0,0,00000,0,0,0,1,0,0,009dc,0,1,0,0,0
2783,2783,0,0,0,0,00,0,0,0,1,0,0,1,0,0,0,0,00000,0,0,0,1,0,0,009dd,0,1,0,0,0
2784,2784,0,0,0,0,00,0,0,0,1,0,0,1,0,0,0,0,00000,0,0,0,1,0,0,009de,0,1,0,0,0
2785,2785,0,0,0,0,00,0,0,0,1,0,0,1,0,0,0,0,00000,0,0,0,1,0,0,009df,0,1,0,0,0
2786,2786,0,0,0,0,00,0,0,0,1,0,0,1,0,0,0,0,00000,0,0,0,1,0,0,009e0,0,1,0,0,0
2787,2787,0,0,0,0,00,0,0,0,1,0,0,1,0,0,0,0,00000,0,0,0,1,0,0,009e1,0,1,0,0,0
2788,2788,0,0,0,0,00,0,0,0,1,0,0,1,0,0,0,0,00000,0,0,0,1,0,0,009e2,0,1,0,0,0
2789,2789,0,0,0,0,00,0,0,0,1,0,0,1,0,0,0,0,00000,0,0,0,1,0,0,009e3,0,1,0,0,0
2790,2790,0,0,0,0,00,0,0,0,1,0,0,1,0,0,0,0,00000,0,0,0,1,0,0,009e4,0,1,0,0,0
2791,2791,0,0,0,0,00,0,0,0,1,0,0,1,0,0,0,0,00000,0,0,0,1,0,0,009e5,0,1,0,0,0
2792,2792,0,0,0,0,00,0,0,0,1,0,0,1,0,0,0,0,00000,0,0,0,1,0,0,009e6,0,1,0,0,0
2793,2793,0,0,0,0,00,0,0,0,1,0,0,1,0,0,0,0,00000,0,0,0,1,0,0,009e7,0,1,0,0,0
2794,2794,0,0,0,0,00,0,0,0,1,0,0,1,0,0,0,0,00000,0,0,0,1,0,0,009e8,0,1,0,0,0
2795,2795,0,0,0,0,00,0,0,0,1,0,0,1,0,0,0,0,00000,0,0,0,1,0,0,009e9,0,1,0,0,0
2796,2796,0,0,0,0,00,0,0,0,1,0,0,1,0,0,0,0,00000,0,0,0,1,0,0,009ea,0,1,0,0,0
2797,2797,0,0,0,0,00,0,0,0,1,0,0,1,0,0,0,0,00000,0,0,0,1,0,0,009eb,0,1,0,0,0
2798,2798,0,0,0,0,00,0,0,0,1,0,0,1,0,0,0,0,00000,0,0,0,1,0,0,009ec,0,1,0,0,0
2799,2799,0,0,0,0,00,0,0,0,1,0,0,1,0,0,0,0,00000,0,0,0,1,0,0,009ed,0,1,0,0,0
2800,2800,0,0,0,0,00,0,0,0,1,0,0,1,0,0,0,0,00000,0,0,0,1,0,0,009ee,0,1,0,0,0
2801,2801,0,0,0,0,00,0,0,0,1,0,0,1,0,0,0,0,00000,0,0,0,1,0,0,009ef,0,1,0,0,0
2802,2802,0,0,0,0,00,0,0,0,1,0,0,1,0,0,0,0,00000,0,0,0,1,0,0,009f0,0,1,0,0,0
2803,2803,0,0,0,0,00,0,0,0,1,0,0,1,0,0,0,0,00000,0,0,0,1,0,0,009f1,0,1,0,0,0
2804,2804,0,0,0,0,00,0,0,0,1,0,0,1,0,0,0,0,00000,0,0,0,1,0,0,009f2,0,1,0,0,0
2805,2805,0,0,0,0,00,0,0,0,1,0,0,1,0,0,0,0,00000,0,0,0,1,0,0,009f3,0,1,0,0,0
2806,2806,0,0,0,0,00,0,0,0,1,0,0,1,0,0,0,0,00000,0,0,0,1,0,0,009f4,0,1,0,0,0
2807,2807,0,0,0,0,00,0,0,0,1,0,0,1,0,0,0,0,00000,0,0,0,1,0,0,009f5,0,1,0,0,0
2808,2808,0,0,0,0,00,0,0,0,1,0,0,1,0,0,0,0,00000,0,0,0,1,0,0,009f6,0,1,0,0,0
2809,2809,0,0,0,0,00,0,0,0,1,0,0,1,0,0,0,0,00000,0,0,0,1,0,0,009f7,0,1,0,0,0
2810,2810,0,0,0,0,00,0,0,0,1,0,0,1,0,0,0,0,00000,0,0,0,1,0,0,009f8,0,1,0,0,0
2811,2811,0,0,0,0,00,0,0,0,1,0,0,1,0,0,0,0,00000,0,0,0,1,0,0,009f9,0,1,0,0,0
2812,2812,0,0,0,0,00,0,0,0,1,0,0,1,0,0,0,0,00000,0,0,0,1,0,0,009fa,0,1,0,0,0
2813,2813,0,0,0,0,00,0,0,0,1,0,0,1,0,0,0,0,00000,0,0,0,1,0,0,009fb,0,1,0,0,0
2814,2814,0,0,0,0,00,0,0,0,1,0,0,1,0,0,0,0,00000,0,0,0,1,0,0,009fc,0,1,0,0,0
2815,2815,0,0,0,0,00,0,0,0,1,0,0,1,0,0,0,0,00000,0,0,0,1,0,0,009fd,0,1,0,0,0
2816,2816,0,0,0,0,00,0,0,0,1,0,0,1,0,0,0,0,00000,0,0,0,1,0,0,009fe,0,1,0,0,0
2817,2817,0,0,0,0,00,0,0,0,1,0,0,1,0,0,0,0,00000,0,0,0,1,0,0,009ff,0,1,0,0,0
2818,2818,0,0,0,0,00,0,0,0,1,0,0,1,0,0,0,0,00000,0,0,0,1,0,0,00a00,0,1,0,0,0
2819,2819,0,0,0,0,00,0,0,0,1,0,0,1,0,0,0,0,00000,0,0,0,1,0,0,00a01,0,1,0,0,0
2820,2820,0,0,0,0,00,0,0,0,1,0,0,1,0,0,0,0,00000,0,0,0,1,0,0,00a02,0,1,0,0,0
2821,2821,0,0,0,0,00,0,0,0,1,0,0,1,0,0,0,0,00000,0,0,0,1,0,0,00a03,0,1,0,0,0
2822,2822,0,0,0,0,00,0,0,0,1,0,0,1,0,0,0,0,00000,0,0,0,1,0,0,00a04,0,1,0,0,0
2823,2823,0,0,0,0,00,0,0,0,1,0,0,1,0,0,0,0,00000,0,0,0,1,0,0,00a05,0,1,0,0,0
2824,2824,0,0,0,0,00,0,0,0,1,0,0,1,0,0,0,0,00000,0,0,0,1,0,0,00a06,0,1,0,0,0
2825,2825,0,0,0,0,00,0,0,0,1,0,0,1,0,0,0,0,00000,0,0,0,1,0,0,00a07,0,1,0,0,0
2826,2826,0,0,0,0,00,0,0,0,1,0,0,1,0,0,0,0,00000,0,0,0,1,0,0,00a08,0,1,0,0,0
2827,2827,0,0,0,0,00,0,0,0,1,0,0,1,0,0,0,0,00000,0,0,0,1,0,0,00a09,0,1,0,0,0
2828,2828,0,0,0,0,00,0,0,0,1,0,0,1,0,0,0,0,00000,0,0,0,1,0,0,00a0a,0,1,0,0,0
2829,2829,0,0,0,0,00,0,0,0,1,0,0,1,0,0,0,0,00000,0,0,0,1,0,0,00a0b,0,1,0,0,0
2830,2830,0,0,0,0,00,0,0,0,1,0,0,1,0,0,0,0,00000,0,0,0,1,0,0,00a0c,0,1,0,0,0
2831,2831,0,0,0,0,00,0,0,0,1,0,0,1,0,0,0,0,00000,0,0,0,1,0,0,00a0d,0,1,0,0,0
2832,2832,0,0,0,0,00,0,0,0,1,0,0,1,0,0,0,0,00000,0,0,0,1,0,0,00a0e,0,1,0,0,0
2833,2833,0,0,0,0,00,0,0,0,1,0,0,1,0,0,0,0,00000,0,0,0,1,0,0,00a0f,0,1,0,0,0
2834,2834,0,0,0,0,00,0,0,0,1,0,0,1,0,0,0,0,00000,0,0,0,1,0,0,00a10,0,1,0,0,0
2835,2835,0,0,0,0,00,0,0,0,1,0,0,1,0,0,0,0,00000,0,0,0,1,0,0,00a11,0,1,0,0,0
2836,2836,0,0,0,0,00,0,0,0,1,0,0,1,0,0,0,0,00000,0,0,0,1,0,0,00a12,0,1,0,0,0
2837,2837,0,0,0,0,00,0,0,0,1,0,0,1,0,0,0,0,00000,0,0,0,1,0,0,00a13,0,1,0,0,0
2838,2838,0,0,0,0,00,0,0,0,1,0,0,1,0,0,0,0,00000,0,0,0,1,0,0,00a14,0,1,0,0,0
2839,2839,0,0,0,0,00,0,0,0,1,0,0,1,0,0,0,0,00000,0,0,0,1,0,0,00a15,0,1,0,0,0
2840,2840,0,0,0,0,00,0,0,0,1,0,0,1,0,0,0,0,00000,0,0,0,1,0,0,00a16,0,1,0,0,0
2841,2841,0,0,0,0,00,0,0,0,1,0,0,1,0,0,0,0,00000,0,0,0,1,0,0,00a17,0,1,0,0,0
2842,2842,0,0,0,0,00,0,0,0,1,0,0,1,0,0,0,0,00000,0,0,0,1,0,0,00a18,0,1,0,0,0
2843,2843,0,0,0,0,00,0,0,0,1,0,0,1,0,0,0,0,00000,0,0,0,1,0,0,00a19,0,1,0,0,0
2844,2844,0,0,0,0,00,0,0,0,1,0,0,1,0,0,0,0,00000,0,0,0,1,0,0,00a1a,0,1,0,0,0
2845,2845,0,0,0,0,00,0,0,0,1,0,0,1,0,0,0,0,00000,0,0,0,1,0,0,00a1b,0,1,0,0,0
2846,2846,0,0,0,0,00,0,0,0,1,0,0,1,0,0,0,0,00000,0,0,0,1,0,0,00a1c,0,1,0,0,0
2847,2847,0,0,0,0,00,0,0,0,1,0,0,1,0,0,0,0,00000,0,0,0,1,0,0,00a1d,0,1,0,0,0
2848,2848,0,0,0,0,00,0,0,0,1,0,0,1,0,0,0,0,00000,0,0,0,1,0,0,00a1e,0,1,0,0,0
2849,2849,0,0,0,0,00,0,0,0,1,0,0,1,0,0,0,0,00000,0,0,0,1,0,0,00a1f,0,1,0,0,0
2850,2850,0,0,0,0,00,0,0,0,1,0,0,1,0,0,0,0,00000,0,0,0,1,0,0,00a20,0,1,0,0,0
2851,2851,0,0,0,0,00,0,0,0,1,0,0,1,0,0,0,0,00000,0,0,0,1,0,0,00a21,0,1,0,0,0
2852,2852,0,0,0,0,00,0,0,0,1,0,0,1,0,0,0,0,00000,0,0,0,1,0,0,00a22,0,1,0,0,0
2853,2853,0,0,0,0,00,0,0,0,1,0,0,1,0,0,0,0,00000,0,0,0,1,0,0,00a23,0,1,0,0,0
2854,2854,0,0,0,0,00,0,0,0,1,0,0,1,0,0,0,0,00000,0,0,0,1,0,0,00a24,0,1,0,0,0
2855,2855,0,0,0,0,00,0,0,0,1,0,0,1,0,0,0,0,00000,0,0,0,1,0,0,00a25,0,1,0,0,0
2856,2856,0,0,0,0,00,0,0,0,1,0,0,1,0,0,0,0,00000,0,0,0,1,0,0,00a26,0,1,0,0,0
2857,2857,0,0,0,0,00,0,0,0,1,0,0,1,0,0,0,0,00000,0,0,0,1,0,0,00a27,0,1,0,0,0
2858,2858,0,0,0,0,00,0,0,0,1,0,0,1,0,0,0,0,00000,0,0,0,1,0,0,00a28,0,1,0,0,0
2859,2859,0,0,0,0,00,0,0,0,1,0,0,1,0,0,0,0,00000,0,0,0,1,0,0,00a29,0,1,0,0,0
2860,2860,0,0,0,0,00,0,0,0,1,0,0,1,0,0,0,0,00000,0,0,0,1,0,0,00a2a,0,1,0,0,0
2861,2861,0,0,0,0,00,0,0,0,1,0,0,1,0,0,0,0,00000,0,0,0,1,0,0,00a2b,0,1,0,0,0
2862,2862,0,0,0,0,00,0,0,0,1,0,0,1,0,0,0,0,00000,0,0,0,1,0,0,00a2c,0,1,0,0,0
2863,2863,0,0,0,0,00,0,0,0,1,0,0,1,0,0,0,0,00000,0,0,0,1,0,0,00a2d,0,1,0,0,0
2864,2864,0,0,0,0,00,0,0,0,1,0,0,1,0,0,0,0,00000,0,0,0,1,0,0,00a2e,0,1,0,0,0
2865,2865,0,0,0,0,00,0,0,0,1,0,0,1,0,0,0,0,00000,0,0,0,1,0,0,00a2f,0,1,0,0,0
2866,2866,0,0,0,0,00,0,0,0,1,0,0,1,0,0,0,0,00000,0,0,0,1,0,0,00a30,0,1,0,0,0
2867,2867,0,0,0,0,00,0,0,0,1,0,0,1,0,0,0,0,00000,0,0,0,1,0,0,00a31,0,1,0,0,0
2868,2868,0,0,0,0,00,0,0,0,1,0,0,1,0,0,0,0,00000,0,0,0,1,0,0,00a32,0,1,0,0,0
2869,2869,0,0,0,0,00,0,0,0,1,0,0,1,0,0,0,0,00000,0,0,0,1,0,0,00a33,0,1,0,0,0
2870,2870,0,0,0,0,00,0,0,0,1,0,0,1,0,0,0,0,00000,0,0,0,1,0,0,00a34,0,1,0,0,0
2871,2871,0,0,0,0,00,0,0,0,1,0,0,1,0,0,0,0,00000,0,0,0,1,0,0,00a35,0,1,0,0,0
2872,2872,0,0,0,0,00,0,0,0,1,0,0,1,0,0,0,0,00000,0,0,0,1,0,0,00a36,0,1,0,0,0
2873,2873,0,0,0,0,00,0,0,0,1,0,0,1,0,0,0,0,00000,0,0,0,1,0,0,00a37,0,1,0,0,0
2874,2874,0,0,0,0,00,0,0,0,1,0,0,1,0,0,0,0,00000,0,0,0,1,0,0,00a38,0,1,0,0,0
2875,2875,0,0,0,0,00,0,0,0,1,0,0,1,0,0,0,0,00000,0,0,0,1,0,0,00a39,0,1,0,0,0
2876,2876,0,0,0,0,00,0,0,0,1,0,0,1,0,0,0,0,00000,0,0,0,1,0,0,00a3a,0,1,0,0,0
2877,2877,0,0,0,0,00,0,0,0,1,0,0,1,0,0,0,0,00000,0,0,0,1,0,0,00a3b,0,1,0,0,0
2878,2878,0,0,0,0,00,0,0,0,1,0,0,1,0,0,0,0,00000,0,0,0,1,0,0,00a3c,0,1,0,0,0
2879,2879,0,0,0,0,00,0,0,0,1,0,0,1,0,0,0,0,00000,0,0,0,1,0,0,00a3d,0,1,0,0,0
2880,2880,0,0,0,0,00,0,0,0,1,0,0,1,0,0,0,0,00000,0,0,0,1,0,0,00a3e,0,1,0,0,0
2881,2881,0,0,0,0,00,0,0,0,1,0,0,1,0,0,0,0,00000,0,0,0,1,0,0,00a3f,0,1,0,0,0
2882,2882,0,0,0,0,00,0,0,0,1,0,0,1,0,0,0,0,00000,0,0,0,1,0,0,00a40,0,1,0,0,0
2883,2883,0,0,0,0,00,0,0,0,1,0,0,1,0,0,0,0,00000,0,0,0,1,0,0,00a41,0,1,0,0,0
2884,2884,0,0,0,0,00,0,0,0,1,0,0,1,0,0,0,0,00000,0,0,0,1,0,0,00a42,0,1,0,0,0
2885,2885,0,0,0,0,00,0,0,0,1,0,0,1,0,0,0,0,00000,0,0,0,1,0,0,00a43,0,1,0,0,0
2886,2886,0,0,0,0,00,0,0,0,1,0,0,1,0,0,0,0,00000,0,0,0,1,0,0,00a44,0,1,0,0,0
2887,2887,0,0,0,0,00,0,0,0,1,0,0,1,0,0,0,0,00000,0,0,0,1,0,0,00a45,0,1,0,0,0
2888,2888,0,0,0,0,00,0,0,0,1,0,0,1,0,0,0,0,00000,0,0,0,1,0,0,00a46,0,1,0,0,0
2889,2889,0,0,0,0,00,0,0,0,1,0,0,1,0,0,0,0,00000,0,0,0,1,0,0,00a47,0,1,0,0,0
2890,2890,0,0,0,0,00,0,0,0,1,0,0,1,0,0,0,0,00000,0,0,0,1,0,0,00a48,0,1,0,0,0
2891,2891,0,0,0,0,00,0,0,0,1,0,0,1,0,0,0,0,00000,0,0,0,1,0,0,00a49,0,1,0,0,0
2892,2892,0,0,0,0,00,0,0,0,1,0,0,1,0,0,0,0,00000,0,0,0,1,0,0,00a4a,0,1,0,0,0
2893,2893,0,0,0,0,00,0,0,0,1,0,0,1,0,0,0,0,00000,0,0,0,1,0,0,00a4b,0,1,0,0,0
2894,2894,0,0,0,0,00,0,0,0,1,0,0,1,0,0,0,0,00000,0,0,0,1,0,0,00a4c,0,1,0,0,0
2895,2895,0,0,0,0,00,0,0,0,1,0,0,1,0,0,0,0,00000,0,0,0,1,0,0,00a4d,0,1,0,0,0
2896,2896,0,0,0,0,00,0,0,0,1,0,0,1,0,0,0,0,00000,0,0,0,1,0,0,00a4e,0,1,0,0,0
2897,2897,0,0,0,0,00,0,0,0,1,0,0,1,0,0,0,0,00000,0,0,0,1,0,0,00a4f,0,1,0,0,0
2898,2898,0,0,0,0,00,0,0,0,1,0,0,1,0,0,0,0,00000,0,0,0,1,0,0,00a50,0,1,0,0,0
2899,2899,0,0,0,0,00,0,0,0,1,0,0,1,0,0,0,0,00000,0,0,0,1,0,0,00a51,0,1,0,0,0
2900,2900,0,0,0,0,00,0,0,0,1,0,0,1,0,0,0,0,00000,0,0,0,1,0,0,00a52,0,1,0,0,0
2901,2901,0,0,0,0,00,0,0,0,1,0,0,1,0,0,0,0,00000,0,0,0,1,0,0,00a53,0,1,0,0,0
2902,2902,0,0,0,0,00,0,0,0,1,0,0,1,0,0,0,0,00000,0,0,0,1,0,0,00a54,0,1,0,0,0
2903,2903,0,0,0,0,00,0,0,0,1,0,0,1,0,0,0,0,00000,0,0,0,1,0,0,00a55,0,1,0,0,0
2904,2904,0,0,0,0,00,0,0,0,1,0,0,1,0,0,0,0,00000,0,0,0,1,0,0,00a56,0,1,0,0,0
2905,2905,0,0,0,0,00,0,0,0,1,0,0,1,0,0,0,0,00000,0,0,0,1,0,0,00a57,0,1,0,0,0
2906,2906,0,0,0,0,00,0,0,0,1,0,0,1,0,0,0,0,00000,0,0,0,1,0,0,00a58,0,1,0,0,0
2907,2907,0,0,0,0,00,0,0,0,1,0,0,1,0,0,0,0,00000,0,0,0,1,0,0,00a59,0,1,0,0,0
2908,2908,0,0,0,0,00,0,0,0,1,0,0,1,0,0,0,0,00000,0,0,0,1,0,0,00a5a,0,1,0,0,0
2909,2909,0,0,0,0,00,0,0,0,1,0,0,1,0,0,0,0,00000,0,0,0,1,0,0,00a5b,0,1,0,0,0
2910,2910,0,0,0,0,00,0,0,0,1,0,0,1,0,0,0,0,00000,0,0,0,1,0,0,00a5c,0,1,0,0,0
2911,2911,0,0,0,0,00,0,0,0,1,0,0,1,0,0,0,0,00000,0,0,0,1,0,0,00a5d,0,1,0,0,0
2912,2912,0,0,0,0,00,0,0,0,1,0,0,1,0,0,0,0,00000,0,0,0,1,0,0,00a5e,0,1,0,0,0
2913,2913,0,0,0,0,00,0,0,0,1,0,0,1,0,0,0,0,00000,0,0,0,1,0,0,00a5f,0,1,0,0,0
2914,2914,0,0,0,0,00,0,0,0,1,0,0,1,0,0,0,0,00000,0,0,0,1,0,0,00a60,0,1,0,0,0
2915,2915,0,0,0,0,00,0,0,0,1,0,0,1,0,0,0,0,00000,0,0,0,1,0,0,00a61,0,1,0,0,0
2916,2916,0,0,0,0,00,0,0,0,1,0,0,1,0,0,0,0,00000,0,0,0,1,0,0,00a62,0,1,0,0,0
2917,2917,0,0,0,0,00,0,0,0,1,0,0,1,0,0,0,0,00000,0,0,0,1,0,0,00a63,0,1,0,0,0
2918,2918,0,0,0,0,00,0,0,0,1,0,0,1,0,0,0,0,00000,0,0,0,1,0,0,00a64,0,1,0,0,0
2919,2919,0,0,0,0,00,0,0,0,1,0,0,1,0,0,0,0,00000,0,0,0,1,0,0,00a65,0,1,0,0,0
2920,2920,0,0,0,0,00,0,0,0,1,0,0,1,0,0,0,0,00000,0,0,0,1,0,0,00a66,0,1,0,0,0
2921,2921,0,0,0,0,00,0,0,0,1,0,0,1,0,0,0,0,00000,0,0,0,1,0,0,00a67,0,1,0,0,0
2922,2922,0,0,0,0,00,0,0,0,1,0,0,1,0,0,0,0,00000,0,0,0,1,0,0,00a68,0,1,0,0,0
2923,2923,0,0,0,0,00,0,0,0,1,0,0,1,0,0,0,0,00000,0,0,0,1,0,0,00a69,0,1,0,0,0
2924,2924,0,0,0,0,00,0,0,0,1,0,0,1,0,0,0,0,00000,0,0,0,1,0,0,00a6a,0,1,0,0,0
2925,2925,0,0,0,0,00,0,0,0,1,0,0,1,0,0,0,0,00000,0,0,0,1,0,0,00a6b,0,1,0,0,0
2926,2926,0,0,0,0,00,0,0,0,1,0,0,1,0,0,0,0,00000,0,0,0,1,0,0,00a6c,0,1,0,0,0
2927,2927,0,0,0,0,00,0,0,0,1,0,0,1,0,0,0,0,00000,0,0,0,1,0,0,00a6d,0,1,0,0,0
2928,2928,0,0,0,0,00,0,0,0,1,0,0,1,0,0,0,0,00000,0,0,0,1,0,0,00a6e,0,1,0,0,0
2929,2929,0,0,0,0,00,0,0,0,1,0,0,1,0,0,0,0,00000,0,0,0,1,0,0,00a6f,0,1,0,0,0
2930,2930,0,0,0,0,00,0,0,0,1,0,0,1,0,0,0,0,00000,0,0,0,1,0,0,00a70,0,1,0,0,0
2931,2931,0,0,0,0,00,0,0,0,1,0,0,1,0,0,0,0,00000,0,0,0,1,0,0,00a71,0,1,0,0,0
2932,2932,0,0,0,0,00,0,0,0,1,0,0,1,0,0,0,0,00000,0,0,0,1,0,0,00a72,0,1,0,0,0
2933,2933,0,0,0,0,00,0,0,0,1,0,0,1,0,0,0,0,00000,0,0,0,1,0,0,00a73,0,1,0,0,0
2934,2934,0,0,0,0,00,0,0,0,1,0,0,1,0,0,0,0,00000,0,0,0,1,0,0,00a74,0,1,0,0,0
2935,2935,0,0,0,0,00,0,0,0,1,0,0,1,0,0,0,0,00000,0,0,0,1,0,0,00a75,0,1,0,0,0
2936,2936,0,0,0,0,00,0,0,0,1,0,0,1,0,0,0,0,00000,0,0,0,1,0,0,00a76,0,1,0,0,0
2937,2937,0,0,0,0,00,0,0,0,1,0,0,1,0,0,0,0,00000,0,0,0,1,0,0,00a77,0,1,0,0,0
2938,2938,0,0,0,0,00,0,0,0,1,0,0,1,0,0,0,0,00000,0,0,0,1,0,0,00a78,0,1,0,0,0
2939,2939,0,0,0,0,00,0,0,0,1,0,0,1,0,0,0,0,00000,0,0,0,1,0,0,00a79,0,1,0,0,0
2940,2940,0,0,0,0,00,0,0,0,1,0,0,1,0,0,0,0,00000,0,0,0,1,0,0,00a7a,0,1,0,0,0
2941,2941,0,0,0,0,00,0,0,0,1,0,0,1,0,0,0,0,00000,0,0,0,1,0,0,00a7b,0,1,0,0,0
2942,2942,0,0,0,0,00,0,0,0,1,0,0,1,0,0,0,0,00000,0,0,0,1,0,0,00a7c,0,1,0,0,0
2943,2943,0,0,0,0,00,0,0,0,1,0,0,1,0,0,0,0,00000,0,0,0,1,0,0,00a7d,0,1,0,0,0
2944,2944,0,0,0,0,00,0,0,0,1,0,0,1,0,0,0,0,00000,0,0,0,1,0,0,00a7e,0,1,0,0,0
2945,2945,0,0,0,0,00,0,0,0,1,0,0,1,0,0,0,0,00000,0,0,0,1,0,0,00a7f,0,1,0,0,0
2946,2946,0,0,0,0,00,0,0,0,1,0,0,1,0,0,0,0,00000,0,0,0,1,0,0,00a80,0,1,0,0,0
2947,2947,0,0,0,0,00,0,0,0,1,0,0,1,0,0,0,0,00000,0,0,0,1,0,0,00a81,0,1,0,0,0
2948,2948,0,0,0,0,00,0,0,0,1,0,0,1,0,0,0,0,00000,0,0,0,1,0,0,00a82,0,1,0,0,0
2949,2949,0,0,0,0,00,0,0,0,1,0,0,1,0,0,0,0,00000,0,0,0,1,0,0,00a83,0,1,0,0,0
2950,2950,0,0,0,0,00,0,0,0,1,0,0,1,0,0,0,0,00000,0,0,0,1,0,0,00a84,0,1,0,0,0
2951,2951,0,0,0,0,00,0,0,0,1,0,0,1,0,0,0,0,00000,0,0,0,1,0,0,00a85,0,1,0,0,0
2952,2952,0,0,0,0,00,0,0,0,1,0,0,1,0,0,0,0,00000,0,0,0,1,0,0,00a86,0,1,0,0,0
2953,2953,0,0,0,0,00,0,0,0,1,0,0,1,0,0,0,0,00000,0,0,0,1,0,0,00a87,0,1,0,0,0
2954,2954,0,0,0,0,00,0,0,0,1,0,0,1,0,0,0,0,00000,0,0,0,1,0,0,00a88,0,1,0,0,0
2955,2955,0,0,0,0,00,0,0,0,1,0,0,1,0,0,0,0,00000,0,0,0,1,0,0,00a89,0,1,0,0,0
2956,2956,0,0,0,0,00,0,0,0,1,0,0,1,0,0,0,0,00000,0,0,0,1,0,0,00a8a,0,1,0,0,0
2957,2957,0,0,0,0,00,0,0,0,1,0,0,1,0,0,0,0,00000,0,0,0,1,0,0,00a8b,0,1,0,0,0
2958,2958,0,0,0,0,00,0,0,0,1,0,0,1,0,0,0,0,00000,0,0,0,1,0,0,00a8c,0,1,0,0,0
2959,2959,0,0,0,0,00,0,0,0,1,0,0,1,0,0,0,0,00000,0,0,0,1,0,0,00a8d,0,1,0,0,0
2960,2960,0,0,0,0,00,0,0,0,1,0,0,1,0,0,0,0,00000,0,0,0,1,0,0,00a8e,0,1,0,0,0
2961,2961,0,0,0,0,00,0,0,0,1,0,0,1,0,0,0,0,00000,0,0,0,1,0,0,00a8f,0,1,0,0,0
2962,2962,0,0,0,0,00,0,0,0,1,0,0,1,0,0,0,0,00000,0,0,0,1,0,0,00a90,0,1,0,0,0
2963,2963,0,0,0,0,00,0,0,0,1,0,0,1,0,0,0,0,00000,0,0,0,1,0,0,00a91,0,1,0,0,0
2964,2964,0,0,0,0,00,0,0,0,1,0,0,1,0,0,0,0,00000,0,0,0,1,0,0,00a92,0,1,0,0,0
2965,2965,0,0,0,0,00,0,0,0,1,0,0,1,0,0,0,0,00000,0,0,0,1,0,0,00a93,0,1,0,0,0
2966,2966,0,0,0,0,00,0,0,0,1,0,0,1,0,0,0,0,00000,0,0,0,1,0,0,00a94,0,1,0,0,0
2967,2967,0,0,0,0,00,0,0,0,1,0,0,1,0,0,0,0,00000,0,0,0,1,0,0,00a95,0,1,0,0,0
2968,2968,0,0,0,0,00,0,0,0,1,0,0,1,0,0,0,0,00000,0,0,0,1,0,0,00a96,0,1,0,0,0
2969,2969,0,0,0,0,00,0,0,0,1,0,0,1,0,0,0,0,00000,0,0,0,1,0,0,00a97,0,1,0,0,0
2970,2970,0,0,0,0,00,0,0,0,1,0,0,1,0,0,0,0,00000,0,0,0,1,0,0,00a98,0,1,0,0,0
2971,2971,0,0,0,0,00,0,0,0,1,0,0,1,0,0,0,0,00000,0,0,0,1,0,0,00a99,0,1,0,0,0
2972,2972,0,0,0,0,00,0,0,0,1,0,0,1,0,0,0,0,00000,0,0,0,1,0,0,00a9a,0,1,0,0,0
2973,2973,0,0,0,0,00,0,0,0,1,0,0,1,0,0,0,0,00000,0,0,0,1,0,0,00a9b,0,1,0,0,0
2974,2974,0,0,0,0,00,0,0,0,1,0,0,1,0,0,0,0,00000,0,0,0,1,0,0,00a9c,0,1,0,0,0
2975,2975,0,0,0,0,00,0,0,0,1,0,0,1,0,0,0,0,00000,0,0,0,1,0,0,00a9d,0,1,0,0,0
2976,2976,0,0,0,0,00,0,0,0,1,0,0,1,0,0,0,0,00000,0,0,0,1,0,0,00a9e,0,1,0,0,0
2977,2977,0,0,0,0,00,0,0,0,1,0,0,1,0,0,0,0,00000,0,0,0,1,0,0,00a9f,0,1,0,0,0
2978,2978,0,0,0,0,00,0,0,0,1,0,0,1,0,0,0,0,00000,0,0,0,1,0,0,00aa0,0,1,0,0,0
2979,2979,0,0,0,0,00,0,0,0,1,0,0,1,0,0,0,0,00000,0,0,0,1,0,0,00aa1,0,1,0,0,0
2980,2980,0,0,0,0,00,0,0,0,1,0,0,1,0,0,0,0,00000,0,0,0,1,0,0,00aa2,0,1,0,0,0
2981,2981,0,0,0,0,00,0,0,0,1,0,0,1,0,0,0,0,00000,0,0,0,1,0,0,00aa3,0,1,0,0,0
2982,2982,0,0,0,0,00,0,0,0,1,0,0,1,0,0,0,0,00000,0,0,0,1,0,0,00aa4,0,1,0,0,0
2983,2983,0,0,0,0,00,0,0,0,1,0,0,1,0,0,0,0,00000,0,0,0,1,0,0,00aa5,0,1,0,0,0
2984,2984,0,0,0,0,00,0,0,0,1,0,0,1,0,0,0,0,00000,0,0,0,1,0,0,00aa6,0,1,0,0,0
2985,2985,0,0,0,0,00,0,0,0,1,0,0,1,0,0,0,0,00000,0,0,0,1,0,0,00aa7,0,1,0,0,0
2986,2986,0,0,0,0,00,0,0,0,1,0,0,1,0,0,0,0,00000,0,0,0,1,0,0,00aa8,0,1,0,0,0
2987,2987,0,0,0,0,00,0,0,0,1,0,0,1,0,0,0,0,00000,0,0,0,1,0,0,00aa9,0,1,0,0,0
2988,2988,0,0,0,0,00,0,0,0,1,0,0,1,0,0,0,0,00000,0,0,0,1,0,0,00aaa,0,1,0,0,0
2989,2989,0,0,0,0,00,0,0,0,1,0,0,1,0,0,0,0,00000,0,0,0,1,0,0,00aab,0,1,0,0,0
2990,2990,0,0,0,0,00,0,0,0,1,0,0,1,0,0,0,0,00000,0,0,0,1,0,0,00aac,0,1,0,0,0
2991,2991,0,0,0,0,00,0,0,0,1,0,0,1,0,0,0,0,00000,0,0,0,1,0,0,00aad,0,1,0,0,0
2992,2992,0,0,0,0,00,0,0,0,1,0,0,1,0,0,0,0,00000,0,0,0,1,0,0,00aae,0,1,0,0,0
2993,2993,0,0,0,0,00,0,0,0,1,0,0,1,0,0,0,0,00000,0,0,0,1,0,0,00aaf,0,1,0,0,0
2994,2994,0,0,0,0,00,0,0,0,1,0,0,1,0,0,0,0,00000,0,0,0,1,0,0,00ab0,0,1,0,0,0
2995,2995,0,0,0,0,00,0,0,0,1,0,0,1,0,0,0,0,00000,0,0,0,1,0,0,00ab1,0,1,0,0,0
2996,2996,0,0,0,0,00,0,0,0,1,0,0,1,0,0,0,0,00000,0,0,0,1,0,0,00ab2,0,1,0,0,0
2997,2997,0,0,0,0,00,0,0,0,1,0,0,1,0,0,0,0,00000,0,0,0,1,0,0,00ab3,0,1,0,0,0
2998,2998,0,0,0,0,00,0,0,0,1,0,0,1,0,0,0,0,00000,0,0,0,1,0,0,00ab4,0,1,0,0,0
2999,2999,0,0,0,0,00,0,0,0,1,0,0,1,0,0,0,0,00000,0,0,0,1,0,0,00ab5,0,1,0,0,0
3000,3000,0,0,0,0,00,0,0,0,1,0,0,1,0,0,0,0,00000,0,0,0,1,0,0,00ab6,0,1,0,0,0
3001,3001,0,0,0,0,00,0,0,0,1,0,0,1,0,0,0,0,00000,0,0,0,1,0,0,00ab7,0,1,0,0,0
3002,3002,0,0,0,0,00,0,0,0,1,0,0,1,0,0,0,0,00000,0,0,0,1,0,0,00ab8,0,1,0,0,0
3003,3003,0,0,0,0,00,0,0,0,1,0,0,1,0,0,0,0,00000,0,0,0,1,0,0,00ab9,0,1,0,0,0
3004,3004,0,0,0,0,00,0,0,0,1,0,0,1,0,0,0,0,00000,0,0,0,1,0,0,00aba,0,1,0,0,0
3005,3005,0,0,0,0,00,0,0,0,1,0,0,1,0,0,0,0,00000,0,0,0,1,0,0,00abb,0,1,0,0,0
3006,3006,0,0,0,0,00,0,0,0,1,0,0,1,0,0,0,0,00000,0,0,0,1,0,0,00abc,0,1,0,0,0
3007,3007,0,0,0,0,00,0,0,0,1,0,0,1,0,0,0,0,00000,0,0,0,1,0,0,00abd,0,1,0,0,0
3008,3008,0,0,0,0,00,0,0,0,1,0,0,1,0,0,0,0,00000,0,0,0,1,0,0,00abe,0,1,0,0,0
3009,3009,0,0,0,0,00,0,0,0,1,0,0,1,0,0,0,0,00000,0,0,0,1,0,0,00abf,0,1,0,0,0
3010,3010,0,0,0,0,00,0,0,0,1,0,0,1,0,0,0,0,00000,0,0,0,1,0,0,00ac0,0,1,0,0,0
3011,3011,0,0,0,0,00,0,0,0,1,0,0,1,0,0,0,0,00000,0,0,0,1,0,0,00ac1,0,1,0,0,0
3012,3012,0,0,0,0,00,0,0,0,1,0,0,1,0,0,0,0,00000,0,0,0,1,0,0,00ac2,0,1,0,0,0
3013,3013,0,0,0,0,00,0,0,0,1,0,0,1,0,0,0,0,00000,0,0,0,1,0,0,00ac3,0,1,0,0,0
3014,3014,0,0,0,0,00,0,0,0,1,0,0,1,0,0,0,0,00000,0,0,0,1,0,0,00ac4,0,1,0,0,0
3015,3015,0,0,0,0,00,0,0,0,1,0,0,1,0,0,0,0,00000,0,0,0,1,0,0,00ac5,0,1,0,0,0
3016,3016,0,0,0,0,00,0,0,0,1,0,0,1,0,0,0,0,00000,0,0,0,1,0,0,00ac6,0,1,0,0,0
3017,3017,0,0,0,0,00,0,0,0,1,0,0,1,0,0,0,0,00000,0,0,0,1,0,0,00ac7,0,1,0,0,0
3018,3018,0,0,0,0,00,0,0,0,1,0,0,1,0,0,0,0,00000,0,0,0,1,0,0,00ac8,0,1,0,0,0
3019,3019,0,0,0,0,00,0,0,0,1,0,0,1,0,0,0,0,00000,0,0,0,1,0,0,00ac9,0,1,0,0,0
3020,3020,0,0,0,0,00,0,0,0,1,0,0,1,0,0,0,0,00000,0,0,0,1,0,0,00aca,0,1,0,0,0
3021,3021,0,0,0,0,00,0,0,0,1,0,0,1,0,0,0,0,00000,0,0,0,1,0,0,00acb,0,1,0,0,0
3022,3022,0,0,0,0,00,0,0,0,1,0,0,1,0,0,0,0,00000,0,0,0,1,0,0,00acc,0,1,0,0,0
3023,3023,0,0,0,0,00,0,0,0,1,0,0,1,0,0,0,0,00000,0,0,0,1,0,0,00acd,0,1,0,0,0
3024,3024,0,0,0,0,00,0,0,0,1,0,0,1,0,0,0,0,00000,0,0,0,1,0,0,00ace,0,1,0,0,0
3025,3025,0,0,0,0,00,0,0,0,1,0,0,1,0,0,0,0,00000,0,0,0,1,0,0,00acf,0,1,0,0,0
3026,3026,0,0,0,0,00,0,0,0,1,0,0,1,0,0,0,0,00000,0,0,0,1,0,0,00ad0,0,1,0,0,0
3027,3027,0,0,0,0,00,0,0,0,1,0,0,1,0,0,0,0,00000,0,0,0,1,0,0,00ad1,0,1,0,0,0
3028,3028,0,0,0,0,00,0,0,0,1,0,0,1,0,0,0,0,00000,0,0,0,1,0,0,00ad2,0,1,0,0,0
3029,3029,0,0,0,0,00,0,0,0,1,0,0,1,0,0,0,0,00000,0,0,0,1,0,0,00ad3,0,1,0,0,0
3030,3030,0,0,0,0,00,0,0,0,1,0,0,1,0,0,0,0,00000,0,0,0,1,0,0,00ad4,0,1,0,0,0
3031,3031,0,0,0,0,00,0,0,0,1,0,0,1,0,0,0,0,00000,0,0,0,1,0,0,00ad5,0,1,0,0,0
3032,3032,0,0,0,0,00,0,0,0,1,0,0,1,0,0,0,0,00000,0,0,0,1,0,0,00ad6,0,1,0,0,0
3033,3033,0,0,0,0,00,0,0,0,1,0,0,1,0,0,0,0,00000,0,0,0,1,0,0,00ad7,0,1,0,0,0
3034,3034,0,0,0,0,00,0,0,0,1,0,0,1,0,0,0,0,00000,0,0,0,1,0,0,00ad8,0,1,0,0,0
3035,3035,0,0,0,0,00,0,0,0,1,0,0,1,0,0,0,0,00000,0,0,0,1,0,0,00ad9,0,1,0,0,0
3036,3036,0,0,0,0,00,0,0,0,1,0,0,1,0,0,0,0,00000,0,0,0,1,0,0,00ada,0,1,0,0,0
3037,3037,0,0,0,0,00,0,0,0,1,0,0,1,0,0,0,0,00000,0,0,0,1,0,0,00adb,0,1,0,0,0
3038,3038,0,0,0,0,00,0,0,0,1,0,0,1,0,0,0,0,00000,0,0,0,1,0,0,00adc,0,1,0,0,0
3039,3039,0,0,0,0,00,0,0,0,1,0,0,1,0,0,0,0,00000,0,0,0,1,0,0,00add,0,1,0,0,0
3040,3040,0,0,0,0,00,0,0,0,1,0,0,1,0,0,0,0,00000,0,0,0,1,0,0,00ade,0,1,0,0,0
3041,3041,0,0,0,0,00,0,0,0,1,0,0,1,0,0,0,0,00000,0,0,0,1,0,0,00adf,0,1,0,0,0
3042,3042,0,0,0,0,00,0,0,0,1,0,0,1,0,0,0,0,00000,0,0,0,1,0,0,00ae0,0,1,0,0,0
3043,3043,0,0,0,0,00,0,0,0,1,0,0,1,0,0,0,0,00000,0,0,0,1,0,0,00ae1,0,1,0,0,0
3044,3044,0,0,0,0,00,0,0,0,1,0,0,1,0,0,0,0,00000,0,0,0,1,0,0,00ae2,0,1,0,0,0
3045,3045,0,0,0,0,00,0,0,0,1,0,0,1,0,0,0,0,00000,0,0,0,1,0,0,00ae3,0,1,0,0,0
3046,3046,0,0,0,0,00,0,0,0,1,0,0,1,0,0,0,0,00000,0,0,0,1,0,0,00ae4,0,1,0,0,0
3047,3047,0,0,0,0,00,0,0,0,1,0,0,1,0,0,0,0,00000,0,0,0,1,0,0,00ae5,0,1,0,0,0
3048,3048,0,0,0,0,00,0,0,0,1,0,0,1,0,0,0,0,00000,0,0,0,1,0,0,00ae6,0,1,0,0,0
3049,3049,0,0,0,0,00,0,0,0,1,0,0,1,0,0,0,0,00000,0,0,0,1,0,0,00ae7,0,1,0,0,0
3050,3050,0,0,0,0,00,0,0,0,1,0,0,1,0,0,0,0,00000,0,0,0,1,0,0,00ae8,0,1,0,0,0
3051,3051,0,0,0,0,00,0,0,0,1,0,0,1,0,0,0,0,00000,0,0,0,1,0,0,00ae9,0,1,0,0,0
3052,3052,0,0,0,0,00,0,0,0,1,0,0,1,0,0,0,0,00000,0,0,0,1,0,0,00aea,0,1,0,0,0
3053,3053,0,0,0,0,00,0,0,0,1,0,0,1,0,0,0,0,00000,0,0,0,1,0,0,00aeb,0,1,0,0,0
3054,3054,0,0,0,0,00,0,0,0,1,0,0,1,0,0,0,0,00000,0,0,0,1,0,0,00aec,0,1,0,0,0
3055,3055,0,0,0,0,00,0,0,0,1,0,0,1,0,0,0,0,00000,0,0,0,1,0,0,00aed,0,1,0,0,0
3056,3056,0,0,0,0,00,0,0,0,1,0,0,1,0,0,0,0,00000,0,0,0,1,0,0,00aee,0,1,0,0,0
3057,3057,0,0,0,0,00,0,0,0,1,0,0,1,0,0,0,0,00000,0,0,0,1,0,0,00aef,0,1,0,0,0
3058,3058,0,0,0,0,00,0,0,0,1,0,0,1,0,0,0,0,00000,0,0,0,1,0,0,00af0,0,1,0,0,0
3059,3059,0,0,0,0,00,0,0,0,1,0,0,1,0,0,0,0,00000,0,0,0,1,0,0,00af1,0,1,0,0,0
3060,3060,0,0,0,0,00,0,0,0,1,0,0,1,0,0,0,0,00000,0,0,0,1,0,0,00af2,0,1,0,0,0
3061,3061,0,0,0,0,00,0,0,0,1,0,0,1,0,0,0,0,00000,0,0,0,1,0,0,00af3,0,1,0,0,0
3062,3062,0,0,0,0,00,0,0,0,1,0,0,1,0,0,0,0,00000,0,0,0,1,0,0,00af4,0,1,0,0,0
3063,3063,0,0,0,0,00,0,0,0,1,0,0,1,0,0,0,0,00000,0,0,0,1,0,0,00af5,0,1,0,0,0
3064,3064,0,0,0,0,00,0,0,0,1,0,0,1,0,0,0,0,00000,0,0,0,1,0,0,00af6,0,1,0,0,0
3065,3065,0,0,0,0,00,0,0,0,1,0,0,1,0,0,0,0,00000,0,0,0,1,0,0,00af7,0,1,0,0,0
3066,3066,0,0,0,0,00,0,0,0,1,0,0,1,0,0,0,0,00000,0,0,0,1,0,0,00af8,0,1,0,0,0
3067,3067,0,0,0,0,00,0,0,0,1,0,0,1,0,0,0,0,00000,0,0,0,1,0,0,00af9,0,1,0,0,0
3068,3068,0,0,0,0,00,0,0,0,1,0,0,1,0,0,0,0,00000,0,0,0,1,0,0,00afa,0,1,0,0,0
3069,3069,0,0,0,0,00,0,0,0,1,0,0,1,0,0,0,0,00000,0,0,0,1,0,0,00afb,0,1,0,0,0
3070,3070,0,0,0,0,00,0,0,0,1,0,0,1,0,0,0,0,00000,0,0,0,1,0,0,00afc,0,1,0,0,0
3071,3071,0,0,0,0,00,0,0,0,1,0,0,1,0,0,0,0,00000,0,0,0,1,0,0,00afd,0,1,0,0,0
3072,3072,0,0,0,0,00,0,0,0,1,0,0,1,0,0,0,0,00000,0,0,0,1,0,0,00afe,0,1,0,0,0
3073,3073,0,0,0,0,00,0,0,0,1,0,0,1,0,0,0,0,00000,0,0,0,1,0,0,00aff,0,1,0,0,0
3074,3074,0,0,0,0,00,0,0,0,1,0,0,1,0,0,0,0,00000,0,0,0,1,0,0,00b00,0,1,0,0,0
3075,3075,0,0,0,0,00,0,0,0,1,0,0,1,0,0,0,0,00000,0,0,0,1,0,0,00b01,0,1,0,0,0
3076,3076,0,0,0,0,00,0,0,0,1,0,0,1,0,0,0,0,00000,0,0,0,1,0,0,00b02,0,1,0,0,0
3077,3077,0,0,0,0,00,0,0,0,1,0,0,1,0,0,0,0,00000,0,0,0,1,0,0,00b03,0,1,0,0,0
3078,3078,0,0,0,0,00,0,0,0,1,0,0,1,0,0,0,0,00000,0,0,0,1,0,0,00b04,0,1,0,0,0
3079,3079,0,0,0,0,00,0,0,0,1,0,0,1,0,0,0,0,00000,0,0,0,1,0,0,00b05,0,1,0,0,0
3080,3080,0,0,0,0,00,0,0,0,1,0,0,1,0,0,0,0,00000,0,0,0,1,0,0,00b06,0,1,0,0,0
3081,3081,0,0,0,0,00,0,0,0,1,0,0,1,0,0,0,0,00000,0,0,0,1,0,0,00b07,0,1,0,0,0
3082,3082,0,0,0,0,00,0,0,0,1,0,0,1,0,0,0,0,00000,0,0,0,1,0,0,00b08,0,1,0,0,0
3083,3083,0,0,0,0,00,0,0,0,1,0,0,1,0,0,0,0,00000,0,0,0,1,0,0,00b09,0,1,0,0,0
3084,3084,0,0,0,0,00,0,0,0,1,0,0,1,0,0,0,0,00000,0,0,0,1,0,0,00b0a,0,1,0,0,0
3085,3085,0,0,0,0,00,0,0,0,1,0,0,1,0,0,0,0,00000,0,0,0,1,0,0,00b0b,0,1,0,0,0
3086,3086,0,0,0,0,00,0,0,0,1,0,0,1,0,0,0,0,00000,0,0,0,1,0,0,00b0c,0,1,0,0,0
3087,3087,0,0,0,0,00,0,0,0,1,0,0,1,0,0,0,0,00000,0,0,0,1,0,0,00b0d,0,1,0,0,0
3088,3088,0,0,0,0,00,0,0,0,1,0,0,1,0,0,0,0,00000,0,0,0,1,0,0,00b0e,0,1,0,0,0
3089,3089,0,0,0,0,00,0,0,0,1,0,0,1,0,0,0,0,00000,0,0,0,1,0,0,00b0f,0,1,0,0,0
3090,3090,0,0,0,0,00,0,0,0,1,0,0,1,0,0,0,0,00000,0,0,0,1,0,0,00b10,0,1,0,0,0
3091,3091,0,0,0,0,00,0,0,0,1,0,0,1,0,0,0,0,00000,0,0,0,1,0,0,00b11,0,1,0,0,0
3092,3092,0,0,0,0,00,0,0,0,1,0,0,1,0,0,0,0,00000,0,0,0,1,0,0,00b12,0,1,0,0,0
3093,3093,0,0,0,0,00,0,0,0,1,0,0,1,0,0,0,0,00000,0,0,0,1,0,0,00b13,0,1,0,0,0
3094,3094,0,0,0,0,00,0,0,0,1,0,0,1,0,0,0,0,00000,0,0,0,1,0,0,00b14,0,1,0,0,0
3095,3095,0,0,0,0,00,0,0,0,1,0,0,1,0,0,0,0,00000,0,0,0,1,0,0,00b15,0,1,0,0,0
3096,3096,0,0,0,0,00,0,0,0,1,0,0,1,0,0,0,0,00000,0,0,0,1,0,0,00b16,0,1,0,0,0
3097,3097,0,0,0,0,00,0,0,0,1,0,0,1,0,0,0,0,00000,0,0,0,1,0,0,00b17,0,1,0,0,0
3098,3098,0,0,0,0,00,0,0,0,1,0,0,1,0,0,0,0,00000,0,0,0,1,0,0,00b18,0,1,0,0,0
3099,3099,0,0,0,0,00,0,0,0,1,0,0,1,0,0,0,0,00000,0,0,0,1,0,0,00b19,0,1,0,0,0
3100,3100,0,0,0,0,00,0,0,0,1,0,0,1,0,0,0,0,00000,0,0,0,1,0,0,00b1a,0,1,0,0,0
3101,3101,0,0,0,0,00,0,0,0,1,0,0,1,0,0,0,0,00000,0,0,0,1,0,0,00b1b,0,1,0,0,0
3102,3102,0,0,0,0,00,0,0,0,1,0,0,1,0,0,0,0,00000,0,0,0,1,0,0,00b1c,0,1,0,0,0
3103,3103,0,0,0,0,00,0,0,0,1,0,0,1,0,0,0,0,00000,0,0,0,1,0,0,00b1d,0,1,0,0,0
3104,3104,0,0,0,0,00,0,0,0,1,0,0,1,0,0,0,0,00000,0,0,0,1,0,0,00b1e,0,1,0,0,0
3105,3105,0,0,0,0,00,0,0,0,1,0,0,1,0,0,0,0,00000,0,0,0,1,0,0,00b1f,0,1,0,0,0
3106,3106,0,0,0,0,00,0,0,0,1,0,0,1,0,0,0,0,00000,0,0,0,1,0,0,00b20,0,1,0,0,0
3107,3107,0,0,0,0,00,0,0,0,1,0,0,1,0,0,0,0,00000,0,0,0,1,0,0,00b21,0,1,0,0,0
3108,3108,0,0,0,0,00,0,0,0,1,0,0,1,0,0,0,0,00000,0,0,0,1,0,0,00b22,0,1,0,0,0
3109,3109,0,0,0,0,00,0,0,0,1,0,0,1,0,0,0,0,00000,0,0,0,1,0,0,00b23,0,1,0,0,0
3110,3110,0,0,0,0,00,0,0,0,1,0,0,1,0,0,0,0,00000,0,0,0,1,0,0,00b24,0,1,0,0,0
3111,3111,0,0,0,0,00,0,0,0,1,0,0,1,0,0,0,0,00000,0,0,0,1,0,0,00b25,0,1,0,0,0
3112,3112,0,0,0,0,00,0,0,0,1,0,0,1,0,0,0,0,00000,0,0,0,1,0,0,00b26,0,1,0,0,0
3113,3113,0,0,0,0,00,0,0,0,1,0,0,1,0,0,0,0,00000,0,0,0,1,0,0,00b27,0,1,0,0,0
3114,3114,0,0,0,0,00,0,0,0,1,0,0,1,0,0,0,0,00000,0,0,0,1,0,0,00b28,0,1,0,0,0
3115,3115,0,0,0,0,00,0,0,0,1,0,0,1,0,0,0,0,00000,0,0,0,1,0,0,00b29,0,1,0,0,0
3116,3116,0,0,0,0,00,0,0,0,1,0,0,1,0,0,0,0,00000,0,0,0,1,0,0,00b2a,0,1,0,0,0
3117,3117,0,0,0,0,00,0,0,0,1,0,0,1,0,0,0,0,00000,0,0,0,1,0,0,00b2b,0,1,0,0,0
3118,3118,0,0,0,0,00,0,0,0,1,0,0,1,0,0,0,0,00000,0,0,0,1,0,0,00b2c,0,1,0,0,0
3119,3119,0,0,0,0,00,0,0,0,1,0,0,1,0,0,0,0,00000,0,0,0,1,0,0,00b2d,0,1,0,0,0
3120,3120,0,0,0,0,00,0,0,0,1,0,0,1,0,0,0,0,00000,0,0,0,1,0,0,00b2e,0,1,0,0,0
3121,3121,0,0,0,0,00,0,0,0,1,0,0,1,0,0,0,0,00000,0,0,0,1,0,0,00b2f,0,1,0,0,0
3122,3122,0,0,0,0,00,0,0,0,1,0,0,1,0,0,0,0,00000,0,0,0,1,0,0,00b30,0,1,0,0,0
3123,3123,0,0,0,0,00,0,0,0,1,0,0,1,0,0,0,0,00000,0,0,0,1,0,0,00b31,0,1,0,0,0
3124,3124,0,0,0,0,00,0,0,0,1,0,0,1,0,0,0,0,00000,0,0,0,1,0,0,00b32,0,1,0,0,0
3125,3125,0,0,0,0,00,0,0,0,1,0,0,1,0,0,0,0,00000,0,0,0,1,0,0,00b33,0,1,0,0,0
3126,3126,0,0,0,0,00,0,0,0,1,0,0,1,0,0,0,0,00000,0,0,0,1,0,0,00b34,0,1,0,0,0
3127,3127,0,0,0,0,00,0,0,0,1,0,0,1,0,0,0,0,00000,0,0,0,1,0,0,00b35,0,1,0,0,0
3128,3128,0,0,0,0,00,0,0,0,1,0,0,1,0,0,0,0,00000,0,0,0,1,0,0,00b36,0,1,0,0,0
3129,3129,0,0,0,0,00,0,0,0,1,0,0,1,0,0,0,0,00000,0,0,0,1,0,0,00b37,0,1,0,0,0
3130,3130,0,0,0,0,00,0,0,0,1,0,0,1,0,0,0,0,00000,0,0,0,1,0,0,00b38,0,1,0,0,0
3131,3131,0,0,0,0,00,0,0,0,1,0,0,1,0,0,0,0,00000,0,0,0,1,0,0,00b39,0,1,0,0,0
3132,3132,0,0,0,0,00,0,0,0,1,0,0,1,0,0,0,0,00000,0,0,0,1,0,0,00b3a,0,1,0,0,0
3133,3133,0,0,0,0,00,0,0,0,1,0,0,1,0,0,0,0,00000,0,0,0,1,0,0,00b3b,0,1,0,0,0
3134,3134,0,0,0,0,00,0,0,0,1,0,0,1,0,0,0,0,00000,0,0,0,1,0,0,00b3c,0,1,0,0,0
3135,3135,0,0,0,0,00,0,0,0,1,0,0,1,0,0,0,0,00000,0,0,0,1,0,0,00b3d,0,1,0,0,0
3136,3136,0,0,0,0,00,0,0,0,1,0,0,1,0,0,0,0,00000,0,0,0,1,0,0,00b3e,0,1,0,0,0
3137,3137,0,0,0,0,00,0,0,0,1,0,0,1,0,0,0,0,00000,0,0,0,1,0,0,00b3f,0,1,0,0,0
3138,3138,0,0,0,0,00,0,0,0,1,0,0,1,0,0,0,0,00000,0,0,0,1,0,0,00b40,0,1,0,0,0
3139,3139,0,0,0,0,00,0,0,0,1,0,0,1,0,0,0,0,00000,0,0,0,1,0,0,00b41,0,1,0,0,0
3140,3140,0,0,0,0,00,0,0,0,1,0,0,1,0,0,0,0,00000,0,0,0,1,0,0,00b42,0,1,0,0,0
3141,3141,0,0,0,0,00,0,0,0,1,0,0,1,0,0,0,0,00000,0,0,0,1,0,0,00b43,0,1,0,0,0
3142,3142,0,0,0,0,00,0,0,0,1,0,0,1,0,0,0,0,00000,0,0,0,1,0,0,00b44,0,1,0,0,0
3143,3143,0,0,0,0,00,0,0,0,1,0,0,1,0,0,0,0,00000,0,0,0,1,0,0,00b45,0,1,0,0,0
3144,3144,0,0,0,0,00,0,0,0,1,0,0,1,0,0,0,0,00000,0,0,0,1,0,0,00b46,0,1,0,0,0
3145,3145,0,0,0,0,00,0,0,0,1,0,0,1,0,0,0,0,00000,0,0,0,1,0,0,00b47,0,1,0,0,0
3146,3146,0,0,0,0,00,0,0,0,1,0,0,1,0,0,0,0,00000,0,0,0,1,0,0,00b48,0,1,0,0,0
3147,3147,0,0,0,0,00,0,0,0,1,0,0,1,0,0,0,0,00000,0,0,0,1,0,0,00b49,0,1,0,0,0
3148,3148,0,0,0,0,00,0,0,0,1,0,0,1,0,0,0,0,00000,0,0,0,1,0,0,00b4a,0,1,0,0,0
3149,3149,0,0,0,0,00,0,0,0,1,0,0,1,0,0,0,0,00000,0,0,0,1,0,0,00b4b,0,1,0,0,0
3150,3150,0,0,0,0,00,0,0,0,1,0,0,1,0,0,0,0,00000,0,0,0,1,0,0,00b4c,0,1,0,0,0
3151,3151,0,0,0,0,00,0,0,0,1,0,0,1,0,0,0,0,00000,0,0,0,1,0,0,00b4d,0,1,0,0,0
3152,3152,0,0,0,0,00,0,0,0,1,0,0,1,0,0,0,0,00000,0,0,0,1,0,0,00b4e,0,1,0,0,0
3153,3153,0,0,0,0,00,0,0,0,1,0,0,1,0,0,0,0,00000,0,0,0,1,0,0,00b4f,0,1,0,0,0
3154,3154,0,0,0,0,00,0,0,0,1,0,0,1,0,0,0,0,00000,0,0,0,1,0,0,00b50,0,1,0,0,0
3155,3155,0,0,0,0,00,0,0,0,1,0,0,1,0,0,0,0,00000,0,0,0,1,0,0,00b51,0,1,0,0,0
3156,3156,0,0,0,0,00,0,0,0,1,0,0,1,0,0,0,0,00000,0,0,0,1,0,0,00b52,0,1,0,0,0
3157,3157,0,0,0,0,00,0,0,0,1,0,0,1,0,0,0,0,00000,0,0,0,1,0,0,00b53,0,1,0,0,0
3158,3158,0,0,0,0,00,0,0,0,1,0,0,1,0,0,0,0,00000,0,0,0,1,0,0,00b54,0,1,0,0,0
3159,3159,0,0,0,0,00,0,0,0,1,0,0,1,0,0,0,0,00000,0,0,0,1,0,0,00b55,0,1,0,0,0
3160,3160,0,0,0,0,00,0,0,0,1,0,0,1,0,0,0,0,00000,0,0,0,1,0,0,00b56,0,1,0,0,0
3161,3161,0,0,0,0,00,0,0,0,1,0,0,1,0,0,0,0,00000,0,0,0,1,0,0,00b57,0,1,0,0,0
3162,3162,0,0,0,0,00,0,0,0,1,0,0,1,0,0,0,0,00000,0,0,0,1,0,0,00b58,0,1,0,0,0
3163,3163,0,0,0,0,00,0,0,0,1,0,0,1,0,0,0,0,00000,0,0,0,1,0,0,00b59,0,1,0,0,0
3164,3164,0,0,0,0,00,0,0,0,1,0,0,1,0,0,0,0,00000,0,0,0,1,0,0,00b5a,0,1,0,0,0
3165,3165,0,0,0,0,00,0,0,0,1,0,0,1,0,0,0,0,00000,0,0,0,1,0,0,00b5b,0,1,0,0,0
3166,3166,0,0,0,0,00,0,0,0,1,0,0,1,0,0,0,0,00000,0,0,0,1,0,0,00b5c,0,1,0,0,0
3167,3167,0,0,0,0,00,0,0,0,1,0,0,1,0,0,0,0,00000,0,0,0,1,0,0,00b5d,0,1,0,0,0
3168,3168,0,0,0,0,00,0,0,0,1,0,0,1,0,0,0,0,00000,0,0,0,1,0,0,00b5e,0,1,0,0,0
3169,3169,0,0,0,0,00,0,0,0,1,0,0,1,0,0,0,0,00000,0,0,0,1,0,0,00b5f,0,1,0,0,0
3170,3170,0,0,0,0,00,0,0,0,1,0,0,1,0,0,0,0,00000,0,0,0,1,0,0,00b60,0,1,0,0,0
3171,3171,0,0,0,0,00,0,0,0,1,0,0,1,0,0,0,0,00000,0,0,0,1,0,0,00b61,0,1,0,0,0
3172,3172,0,0,0,0,00,0,0,0,1,0,0,1,0,0,0,0,00000,0,0,0,1,0,0,00b62,0,1,0,0,0
3173,3173,0,0,0,0,00,0,0,0,1,0,0,1,0,0,0,0,00000,0,0,0,1,0,0,00b63,0,1,0,0,0
3174,3174,0,0,0,0,00,0,0,0,1,0,0,1,0,0,0,0,00000,0,0,0,1,0,0,00b64,0,1,0,0,0
3175,3175,0,0,0,0,00,0,0,0,1,0,0,1,0,0,0,0,00000,0,0,0,1,0,0,00b65,0,1,0,0,0
3176,3176,0,0,0,0,00,0,0,0,1,0,0,1,0,0,0,0,00000,0,0,0,1,0,0,00b66,0,1,0,0,0
3177,3177,0,0,0,0,00,0,0,0,1,0,0,1,0,0,0,0,00000,0,0,0,1,0,0,00b67,0,1,0,0,0
3178,3178,0,0,0,0,00,0,0,0,1,0,0,1,0,0,0,0,00000,0,0,0,1,0,0,00b68,0,1,0,0,0
3179,3179,0,0,0,0,00,0,0,0,1,0,0,1,0,0,0,0,00000,0,0,0,1,0,0,00b69,0,1,0,0,0
3180,3180,0,0,0,0,00,0,0,0,1,0,0,1,0,0,0,0,00000,0,0,0,1,0,0,00b6a,0,1,0,0,0
3181,3181,0,0,0,0,00,0,0,0,1,0,0,1,0,0,0,0,00000,0,0,0,1,0,0,00b6b,0,1,0,0,0
3182,3182,0,0,0,0,00,0,0,0,1,0,0,1,0,0,0,0,00000,0,0,0,1,0,0,00b6c,0,1,0,0,0
3183,3183,0,0,0,0,00,0,0,0,1,0,0,1,0,0,0,0,00000,0,0,0,1,0,0,00b6d,0,1,0,0,0
3184,3184,0,0,0,0,00,0,0,0,1,0,0,1,0,0,0,0,00000,0,0,0,1,0,0,00b6e,0,1,0,0,0
3185,3185,0,0,0,0,00,0,0,0,1,0,0,1,0,0,0,0,00000,0,0,0,1,0,0,00b6f,0,1,0,0,0
3186,3186,0,0,0,0,00,0,0,0,1,0,0,1,0,0,0,0,00000,0,0,0,1,0,0,00b70,0,1,0,0,0
3187,3187,0,0,0,0,00,0,0,0,1,0,0,1,0,0,0,0,00000,0,0,0,1,0,0,00b71,0,1,0,0,0
3188,3188,0,0,0,0,00,0,0,0,1,0,0,1,0,0,0,0,00000,0,0,0,1,0,0,00b72,0,1,0,0,0
3189,3189,0,0,0,0,00,0,0,0,1,0,0,1,0,0,0,0,00000,0,0,0,1,0,0,00b73,0,1,0,0,0
3190,3190,0,0,0,0,00,0,0,0,1,0,0,1,0,0,0,0,00000,0,0,0,1,0,0,00b74,0,1,0,0,0
3191,3191,0,0,0,0,00,0,0,0,1,0,0,1,0,0,0,0,00000,0,0,0,1,0,0,00b75,0,1,0,0,0
3192,3192,0,0,0,0,00,0,0,0,1,0,0,1,0,0,0,0,00000,0,0,0,1,0,0,00b76,0,1,0,0,0
3193,3193,0,0,0,0,00,0,0,0,1,0,0,1,0,0,0,0,00000,0,0,0,1,0,0,00b77,0,1,0,0,0
3194,3194,0,0,0,0,00,0,0,0,1,0,0,1,0,0,0,0,00000,0,0,0,1,0,0,00b78,0,1,0,0,0
3195,3195,0,0,0,0,00,0,0,0,1,0,0,1,0,0,0,0,00000,0,0,0,1,0,0,00b79,0,1,0,0,0
3196,3196,0,0,0,0,00,0,0,0,1,0,0,1,0,0,0,0,00000,0,0,0,1,0,0,00b7a,0,1,0,0,0
3197,3197,0,0,0,0,00,0,0,0,1,0,0,1,0,0,0,0,00000,0,0,0,1,0,0,00b7b,0,1,0,0,0
3198,3198,0,0,0,0,00,0,0,0,1,0,0,1,0,0,0,0,00000,0,0,0,1,0,0,00b7c,0,1,0,0,0
3199,3199,0,0,0,0,00,0,0,0,1,0,0,1,0,0,0,0,00000,0,0,0,1,0,0,00b7d,0,1,0,0,0
3200,3200,0,0,0,0,00,0,0,0,1,0,0,1,0,0,0,0,00000,0,0,0,1,0,0,00b7e,0,1,0,0,0
3201,3201,0,0,0,0,00,0,0,0,1,0,0,1,0,0,0,0,00000,0,0,0,1,0,0,00b7f,0,1,0,0,0
3202,3202,0,0,0,0,00,0,0,0,1,0,0,1,0,0,0,0,00000,0,0,0,1,0,0,00b80,0,1,0,0,0
3203,3203,0,0,0,0,00,0,0,0,1,0,0,1,0,0,0,0,00000,0,0,0,1,0,0,00b81,0,1,0,0,0
3204,3204,0,0,0,0,00,0,0,0,1,0,0,1,0,0,0,0,00000,0,0,0,1,0,0,00b82,0,1,0,0,0
3205,3205,0,0,0,0,00,0,0,0,1,0,0,1,0,0,0,0,00000,0,0,0,1,0,0,00b83,0,1,0,0,0
3206,3206,0,0,0,0,00,0,0,0,1,0,0,1,0,0,0,0,00000,0,0,0,1,0,0,00b84,0,1,0,0,0
3207,3207,0,0,0,0,00,0,0,0,1,0,0,1,0,0,0,0,00000,0,0,0,1,0,0,00b85,0,1,0,0,0
3208,3208,0,0,0,0,00,0,0,0,1,0,0,1,0,0,0,0,00000,0,0,0,1,0,0,00b86,0,1,0,0,0
3209,3209,0,0,0,0,00,0,0,0,1,0,0,1,0,0,0,0,00000,0,0,0,1,0,0,00b87,0,1,0,0,0
3210,3210,0,0,0,0,00,0,0,0,1,0,0,1,0,0,0,0,00000,0,0,0,1,0,0,00b88,0,1,0,0,0
3211,3211,0,0,0,0,00,0,0,0,1,0,0,1,0,0,0,0,00000,0,0,0,1,0,0,00b89,0,1,0,0,0
3212,3212,0,0,0,0,00,0,0,0,1,0,0,1,0,0,0,0,00000,0,0,0,1,0,0,00b8a,0,1,0,0,0
3213,3213,0,0,0,0,00,0,0,0,1,0,0,1,0,0,0,0,00000,0,0,0,1,0,0,00b8b,0,1,0,0,0
3214,3214,0,0,0,0,00,0,0,0,1,0,0,1,0,0,0,0,00000,0,0,0,1,0,0,00b8c,0,1,0,0,0
3215,3215,0,0,0,0,00,0,0,0,1,0,0,1,0,0,0,0,00000,0,0,0,1,0,0,00b8d,0,1,0,0,0
3216,3216,0,0,0,0,00,0,0,0,1,0,0,1,0,0,0,0,00000,0,0,0,1,0,0,00b8e,0,1,0,0,0
3217,3217,0,0,0,0,00,0,0,0,1,0,0,1,0,0,0,0,00000,0,0,0,1,0,0,00b8f,0,1,0,0,0
3218,3218,0,0,0,0,00,0,0,0,1,0,0,1,0,0,0,0,00000,0,0,0,1,0,0,00b90,0,1,0,0,0
3219,3219,0,0,0,0,00,0,0,0,1,0,0,1,0,0,0,0,00000,0,0,0,1,0,0,00b91,0,1,0,0,0
3220,3220,0,0,0,0,00,0,0,0,1,0,0,1,0,0,0,0,00000,0,0,0,1,0,0,00b92,0,1,0,0,0
3221,3221,0,0,0,0,00,0,0,0,1,0,0,1,0,0,0,0,00000,0,0,0,1,0,0,00b93,0,1,0,0,0
3222,3222,0,0,0,0,00,0,0,0,1,0,0,1,0,0,0,0,00000,0,0,0,1,0,0,00b94,0,1,0,0,0
3223,3223,0,0,0,0,00,0,0,0,1,0,0,1,0,0,0,0,00000,0,0,0,1,0,0,00b95,0,1,0,0,0
3224,3224,0,0,0,0,00,0,0,0,1,0,0,1,0,0,0,0,00000,0,0,0,1,0,0,00b96,0,1,0,0,0
3225,3225,0,0,0,0,00,0,0,0,1,0,0,1,0,0,0,0,00000,0,0,0,1,0,0,00b97,0,1,0,0,0
3226,3226,0,0,0,0,00,0,0,0,1,0,0,1,0,0,0,0,00000,0,0,0,1,0,0,00b98,0,1,0,0,0
3227,3227,0,0,0,0,00,0,0,0,1,0,0,1,0,0,0,0,00000,0,0,0,1,0,0,00b99,0,1,0,0,0
3228,3228,0,0,0,0,00,0,0,0,1,0,0,1,0,0,0,0,00000,0,0,0,1,0,0,00b9a,0,1,0,0,0
3229,3229,0,0,0,0,00,0,0,0,1,0,0,1,0,0,0,0,00000,0,0,0,1,0,0,00b9b,0,1,0,0,0
3230,3230,0,0,0,0,00,0,0,0,1,0,0,1,0,0,0,0,00000,0,0,0,1,0,0,00b9c,0,1,0,0,0
3231,3231,0,0,0,0,00,0,0,0,1,0,0,1,0,0,0,0,00000,0,0,0,1,0,0,00b9d,0,1,0,0,0
3232,3232,0,0,0,0,00,0,0,0,1,0,0,1,0,0,0,0,00000,0,0,0,1,0,0,00b9e,0,1,0,0,0
3233,3233,0,0,0,0,00,0,0,0,1,0,0,1,0,0,0,0,00000,0,0,0,1,0,0,00b9f,0,1,0,0,0
3234,3234,0,0,0,0,00,0,0,0,1,0,0,1,0,0,0,0,00000,0,0,0,1,0,0,00ba0,0,1,0,0,0
3235,3235,0,0,0,0,00,0,0,0,1,0,0,1,0,0,0,0,00000,0,0,0,1,0,0,00ba1,0,1,0,0,0
3236,3236,0,0,0,0,00,0,0,0,1,0,0,1,0,0,0,0,00000,0,0,0,1,0,0,00ba2,0,1,0,0,0
3237,3237,0,0,0,0,00,0,0,0,1,0,0,1,0,0,0,0,00000,0,0,0,1,0,0,00ba3,0,1,0,0,0
3238,3238,0,0,0,0,00,0,0,0,1,0,0,1,0,0,0,0,00000,0,0,0,1,0,0,00ba4,0,1,0,0,0
3239,3239,0,0,0,0,00,0,0,0,1,0,0,1,0,0,0,0,00000,0,0,0,1,0,0,00ba5,0,1,0,0,0
3240,3240,0,0,0,0,00,0,0,0,1,0,0,1,0,0,0,0,00000,0,0,0,1,0,0,00ba6,0,1,0,0,0
3241,3241,0,0,0,0,00,0,0,0,1,0,0,1,0,0,0,0,00000,0,0,0,1,0,0,00ba7,0,1,0,0,0
3242,3242,0,0,0,0,00,0,0,0,1,0,0,1,0,0,0,0,00000,0,0,0,1,0,0,00ba8,0,1,0,0,0
3243,3243,0,0,0,0,00,0,0,0,1,0,0,1,0,0,0,0,00000,0,0,0,1,0,0,00ba9,0,1,0,0,0
3244,3244,0,0,0,0,00,0,0,0,1,0,0,1,0,0,0,0,00000,0,0,0,1,0,0,00baa,0,1,0,0,0
3245,3245,0,0,0,0,00,0,0,0,1,0,0,1,0,0,0,0,00000,0,0,0,1,0,0,00bab,0,1,0,0,0
3246,3246,0,0,0,0,00,0,0,0,1,0,0,1,0,0,0,0,00000,0,0,0,1,0,0,00bac,0,1,0,0,0
3247,3247,0,0,0,0,00,0,0,0,1,0,0,1,0,0,0,0,00000,0,0,0,1,0,0,00bad,0,1,0,0,0
3248,3248,0,0,0,0,00,0,0,0,1,0,0,1,0,0,0,0,00000,0,0,0,1,0,0,00bae,0,1,0,0,0
3249,3249,0,0,0,0,00,0,0,0,1,0,0,1,0,0,0,0,00000,0,0,0,1,0,0,00baf,0,1,0,0,0
3250,3250,0,0,0,0,00,0,0,0,1,0,0,1,0,0,0,0,00000,0,0,0,1,0,0,00bb0,0,1,0,0,0
3251,3251,0,0,0,0,00,0,0,0,1,0,0,1,0,0,0,0,00000,0,0,0,1,0,0,00bb1,0,1,0,0,0
3252,3252,0,0,0,0,00,0,0,0,1,0,0,1,0,0,0,0,00000,0,0,0,1,0,0,00bb2,0,1,0,0,0
3253,3253,0,0,0,0,00,0,0,0,1,0,0,1,0,0,0,0,00000,0,0,0,1,0,0,00bb3,0,1,0,0,0
3254,3254,0,0,0,0,00,0,0,0,1,0,0,1,0,0,0,0,00000,0,0,0,1,0,0,00bb4,0,1,0,0,0
3255,3255,0,0,0,0,00,0,0,0,1,0,0,1,0,0,0,0,00000,0,0,0,1,0,0,00bb5,0,1,0,0,0
3256,3256,0,0,0,0,00,0,0,0,1,0,0,1,0,0,0,0,00000,0,0,0,1,0,0,00bb6,0,1,0,0,0
3257,3257,0,0,0,0,00,0,0,0,1,0,0,1,0,0,0,0,00000,0,0,0,1,0,0,00bb7,0,1,0,0,0
3258,3258,0,0,0,0,00,0,0,0,1,0,0,1,0,0,0,0,00000,0,0,0,1,0,0,00bb8,0,1,0,0,0
3259,3259,0,0,0,0,00,0,0,0,1,0,0,1,0,0,0,0,00000,0,0,0,1,0,0,00bb9,0,1,0,0,0
3260,3260,0,0,0,0,00,0,0,0,1,0,0,1,0,0,0,0,00000,0,0,0,1,0,0,00bba,0,1,0,0,0
3261,3261,0,0,0,0,00,0,0,0,1,0,0,1,0,0,0,0,00000,0,0,0,1,0,0,00bbb,0,1,0,0,0
3262,3262,0,0,0,0,00,0,0,0,1,0,0,1,0,0,0,0,00000,0,0,0,1,0,0,00bbc,0,1,0,0,0
3263,3263,0,0,0,0,00,0,0,0,1,0,0,1,0,0,0,0,00000,0,0,0,1,0,0,00bbd,0,1,0,0,0
3264,3264,0,0,0,0,00,0,0,0,1,0,0,1,0,0,0,0,00000,0,0,0,1,0,0,00bbe,0,1,0,0,0
3265,3265,0,0,0,0,00,0,0,0,1,0,0,1,0,0,0,0,00000,0,0,0,1,0,0,00bbf,0,1,0,0,0
3266,3266,0,0,0,0,00,0,0,0,1,0,0,1,0,0,0,0,00000,0,0,0,1,0,0,00bc0,0,1,0,0,0
3267,3267,0,0,0,0,00,0,0,0,1,0,0,1,0,0,0,0,00000,0,0,0,1,0,0,00bc1,0,1,0,0,0
3268,3268,0,0,0,0,00,0,0,0,1,0,0,1,0,0,0,0,00000,0,0,0,1,0,0,00bc2,0,1,0,0,0
3269,3269,0,0,0,0,00,0,0,0,1,0,0,1,0,0,0,0,00000,0,0,0,1,0,0,00bc3,0,1,0,0,0
3270,3270,0,0,0,0,00,0,0,0,1,0,0,1,0,0,0,0,00000,0,0,0,1,0,0,00bc4,0,1,0,0,0
3271,3271,0,0,0,0,00,0,0,0,1,0,0,1,0,0,0,0,00000,0,0,0,1,0,0,00bc5,0,1,0,0,0
3272,3272,0,0,0,0,00,0,0,0,1,0,0,1,0,0,0,0,00000,0,0,0,1,0,0,00bc6,0,1,0,0,0
3273,3273,0,0,0,0,00,0,0,0,1,0,0,1,0,0,0,0,00000,0,0,0,1,0,0,00bc7,0,1,0,0,0
3274,3274,0,0,0,0,00,0,0,0,1,0,0,1,0,0,0,0,00000,0,0,0,1,0,0,00bc8,0,1,0,0,0
3275,3275,0,0,0,0,00,0,0,0,1,0,0,1,0,0,0,0,00000,0,0,0,1,0,0,00bc9,0,1,0,0,0
3276,3276,0,0,0,0,00,0,0,0,1,0,0,1,0,0,0,0,00000,0,0,0,1,0,0,00bca,0,1,0,0,0
3277,3277,0,0,0,0,00,0,0,0,1,0,0,1,0,0,0,0,00000,0,0,0,1,0,0,00bcb,0,1,0,0,0
3278,3278,0,0,0,0,00,0,0,0,1,0,0,1,0,0,0,0,00000,0,0,0,1,0,0,00bcc,0,1,0,0,0
3279,3279,0,0,0,0,00,0,0,0,1,0,0,1,0,0,0,0,00000,0,0,0,1,0,0,00bcd,0,1,0,0,0
3280,3280,0,0,0,0,00,0,0,0,1,0,0,1,0,0,0,0,00000,0,0,0,1,0,0,00bce,0,1,0,0,0
3281,3281,0,0,0,0,00,0,0,0,1,0,0,1,0,0,0,0,00000,0,0,0,1,0,0,00bcf,0,1,0,0,0
3282,3282,0,0,0,0,00,0,0,0,1,0,0,1,0,0,0,0,00000,0,0,0,1,0,0,00bd0,0,1,0,0,0
3283,3283,0,0,0,0,00,0,0,0,1,0,0,1,0,0,0,0,00000,0,0,0,1,0,0,00bd1,0,1,0,0,0
3284,3284,0,0,0,0,00,0,0,0,1,0,0,1,0,0,0,0,00000,0,0,0,1,0,0,00bd2,0,1,0,0,0
3285,3285,0,0,0,0,00,0,0,0,1,0,0,1,0,0,0,0,00000,0,0,0,1,0,0,00bd3,0,1,0,0,0
3286,3286,0,0,0,0,00,0,0,0,1,0,0,1,0,0,0,0,00000,0,0,0,1,0,0,00bd4,0,1,0,0,0
3287,3287,0,0,0,0,00,0,0,0,1,0,0,1,0,0,0,0,00000,0,0,0,1,0,0,00bd5,0,1,0,0,0
3288,3288,0,0,0,0,00,0,0,0,1,0,0,1,0,0,0,0,00000,0,0,0,1,0,0,00bd6,0,1,0,0,0
3289,3289,0,0,0,0,00,0,0,0,1,0,0,1,0,0,0,0,00000,0,0,0,1,0,0,00bd7,0,1,0,0,0
3290,3290,0,0,0,0,00,0,0,0,1,0,0,1,0,0,0,0,00000,0,0,0,1,0,0,00bd8,0,1,0,0,0
3291,3291,0,0,0,0,00,0,0,0,1,0,0,1,0,0,0,0,00000,0,0,0,1,0,0,00bd9,0,1,0,0,0
3292,3292,0,0,0,0,00,0,0,0,1,0,0,1,0,0,0,0,00000,0,0,0,1,0,0,00bda,0,1,0,0,0
3293,3293,0,0,0,0,00,0,0,0,1,0,0,1,0,0,0,0,00000,0,0,0,1,0,0,00bdb,0,1,0,0,0
3294,3294,0,0,0,0,00,0,0,0,1,0,0,1,0,0,0,0,00000,0,0,0,1,0,0,00bdc,0,1,0,0,0
3295,3295,0,0,0,0,00,0,0,0,1,0,0,1,0,0,0,0,00000,0,0,0,1,0,0,00bdd,0,1,0,0,0
3296,3296,0,0,0,0,00,0,0,0,1,0,0,1,0,0,0,0,00000,0,0,0,1,0,0,00bde,0,1,0,0,0
3297,3297,0,0,0,0,00,0,0,0,1,0,0,1,0,0,0,0,00000,0,0,0,1,0,0,00bdf,0,1,0,0,0
3298,3298,0,0,0,0,00,0,0,0,1,0,0,1,0,0,0,0,00000,0,0,0,1,0,0,00be0,0,1,0,0,0
3299,3299,0,0,0,0,00,0,0,0,1,0,0,1,0,0,0,0,00000,0,0,0,1,0,0,00be1,0,1,0,0,0
3300,3300,0,0,0,0,00,0,0,0,1,0,0,1,0,0,0,0,00000,0,0,0,1,0,0,00be2,0,1,0,0,0
3301,3301,0,0,0,0,00,0,0,0,1,0,0,1,0,0,0,0,00000,0,0,0,1,0,0,00be3,0,1,0,0,0
3302,3302,0,0,0,0,00,0,0,0,1,0,0,1,0,0,0,0,00000,0,0,0,1,0,0,00be4,0,1,0,0,0
3303,3303,0,0,0,0,00,0,0,0,1,0,0,1,0,0,0,0,00000,0,0,0,1,0,0,00be5,0,1,0,0,0
3304,3304,0,0,0,0,00,0,0,0,1,0,0,1,0,0,0,0,00000,0,0,0,1,0,0,00be6,0,1,0,0,0
3305,3305,0,0,0,0,00,0,0,0,1,0,0,1,0,0,0,0,00000,0,0,0,1,0,0,00be7,0,1,0,0,0
3306,3306,0,0,0,0,00,0,0,0,1,0,0,1,0,0,0,0,00000,0,0,0,1,0,0,00be8,0,1,0,0,0
3307,3307,0,0,0,0,00,0,0,0,1,0,0,1,0,0,0,0,00000,0,0,0,1,0,0,00be9,0,1,0,0,0
3308,3308,0,0,0,0,00,0,0,0,1,0,0,1,0,0,0,0,00000,0,0,0,1,0,0,00bea,0,1,0,0,0
3309,3309,0,0,0,0,00,0,0,0,1,0,0,1,0,0,0,0,00000,0,0,0,1,0,0,00beb,0,1,0,0,0
3310,3310,0,0,0,0,00,0,0,0,1,0,0,1,0,0,0,0,00000,0,0,0,1,0,0,00bec,0,1,0,0,0
3311,3311,0,0,0,0,00,0,0,0,1,0,0,1,0,0,0,0,00000,0,0,0,1,0,0,00bed,0,1,0,0,0
3312,3312,0,0,0,0,00,0,0,0,1,0,0,1,0,0,0,0,00000,0,0,0,1,0,0,00bee,0,1,0,0,0
3313,3313,0,0,0,0,00,0,0,0,1,0,0,1,0,0,0,0,00000,0,0,0,1,0,0,00bef,0,1,0,0,0
3314,3314,0,0,0,0,00,0,0,0,1,0,0,1,0,0,0,0,00000,0,0,0,1,0,0,00bf0,0,1,0,0,0
3315,3315,0,0,0,0,00,0,0,0,1,0,0,1,0,0,0,0,00000,0,0,0,1,0,0,00bf1,0,1,0,0,0
3316,3316,0,0,0,0,00,0,0,0,1,0,0,1,0,0,0,0,00000,0,0,0,1,0,0,00bf2,0,1,0,0,0
3317,3317,0,0,0,0,00,0,0,0,1,0,0,1,0,0,0,0,00000,0,0,0,1,0,0,00bf3,0,1,0,0,0
3318,3318,0,0,0,0,00,0,0,0,1,0,0,1,0,0,0,0,00000,0,0,0,1,0,0,00bf4,0,1,0,0,0
3319,3319,0,0,0,0,00,0,0,0,1,0,0,1,0,0,0,0,00000,0,0,0,1,0,0,00bf5,0,1,0,0,0
3320,3320,0,0,0,0,00,0,0,0,1,0,0,1,0,0,0,0,00000,0,0,0,1,0,0,00bf6,0,1,0,0,0
3321,3321,0,0,0,0,00,0,0,0,1,0,0,1,0,0,0,0,00000,0,0,0,1,0,0,00bf7,0,1,0,0,0
3322,3322,0,0,0,0,00,0,0,0,1,0,0,1,0,0,0,0,00000,0,0,0,1,0,0,00bf8,0,1,0,0,0
3323,3323,0,0,0,0,00,0,0,0,1,0,0,1,0,0,0,0,00000,0,0,0,1,0,0,00bf9,0,1,0,0,0
3324,3324,0,0,0,0,00,0,0,0,1,0,0,1,0,0,0,0,00000,0,0,0,1,0,0,00bfa,0,1,0,0,0
3325,3325,0,0,0,0,00,0,0,0,1,0,0,1,0,0,0,0,00000,0,0,0,1,0,0,00bfb,0,1,0,0,0
3326,3326,0,0,0,0,00,0,0,0,1,0,0,1,0,0,0,0,00000,0,0,0,1,0,0,00bfc,0,1,0,0,0
3327,3327,0,0,0,0,00,0,0,0,1,0,0,1,0,0,0,0,00000,0,0,0,1,0,0,00bfd,0,1,0,0,0
3328,3328,0,0,0,0,00,0,0,0,1,0,0,1,0,0,0,0,00000,0,0,0,1,0,0,00bfe,0,1,0,0,0
3329,3329,0,0,0,0,00,0,0,0,1,0,0,1,0,0,0,0,00000,0,0,0,1,0,0,00bff,0,1,0,0,0
3330,3330,0,0,0,0,00,0,0,0,1,0,0,1,0,0,0,0,00000,0,0,0,1,0,0,00c00,0,1,0,0,0
3331,3331,0,0,0,0,00,0,0,0,1,0,0,1,0,0,0,0,00000,0,0,0,1,0,0,00c01,0,1,0,0,0
3332,3332,0,0,0,0,00,0,0,0,1,0,0,1,0,0,0,0,00000,0,0,0,1,0,0,00c02,0,1,0,0,0
3333,3333,0,0,0,0,00,0,0,0,1,0,0,1,0,0,0,0,00000,0,0,0,1,0,0,00c03,0,1,0,0,0
3334,3334,0,0,0,0,00,0,0,0,1,0,0,1,0,0,0,0,00000,0,0,0,1,0,0,00c04,0,1,0,0,0
3335,3335,0,0,0,0,00,0,0,0,1,0,0,1,0,0,0,0,00000,0,0,0,1,0,0,00c05,0,1,0,0,0
3336,3336,0,0,0,0,00,0,0,0,1,0,0,1,0,0,0,0,00000,0,0,0,1,0,0,00c06,0,1,0,0,0
3337,3337,0,0,0,0,00,0,0,0,1,0,0,1,0,0,0,0,00000,0,0,0,1,0,0,00c07,0,1,0,0,0
3338,3338,0,0,0,0,00,0,0,0,1,0,0,1,0,0,0,0,00000,0,0,0,1,0,0,00c08,0,1,0,0,0
3339,3339,0,0,0,0,00,0,0,0,1,0,0,1,0,0,0,0,00000,0,0,0,1,0,0,00c09,0,1,0,0,0
3340,3340,0,0,0,0,00,0,0,0,1,0,0,1,0,0,0,0,00000,0,0,0,1,0,0,00c0a,0,1,0,0,0
3341,3341,0,0,0,0,00,0,0,0,1,0,0,1,0,0,0,0,00000,0,0,0,1,0,0,00c0b,0,1,0,0,0
3342,3342,0,0,0,0,00,0,0,0,1,0,0,1,0,0,0,0,00000,0,0,0,1,0,0,00c0c,0,1,0,0,0
3343,3343,0,0,0,0,00,0,0,0,1,0,0,1,0,0,0,0,00000,0,0,0,1,0,0,00c0d,0,1,0,0,0
3344,3344,0,0,0,0,00,0,0,0,1,0,0,1,0,0,0,0,00000,0,0,0,1,0,0,00c0e,0,1,0,0,0
3345,3345,0,0,0,0,00,0,0,0,1,0,0,1,0,0,0,0,00000,0,0,0,1,0,0,00c0f,0,1,0,0,0
3346,3346,0,0,0,0,00,0,0,0,1,0,0,1,0,0,0,0,00000,0,0,0,1,0,0,00c10,0,1,0,0,0
3347,3347,0,0,0,0,00,0,0,0,1,0,0,1,0,0,0,0,00000,0,0,0,1,0,0,00c11,0,1,0,0,0
3348,3348,0,0,0,0,00,0,0,0,1,0,0,1,0,0,0,0,00000,0,0,0,1,0,0,00c12,0,1,0,0,0
3349,3349,0,0,0,0,00,0,0,0,1,0,0,1,0,0,0,0,00000,0,0,0,1,0,0,00c13,0,1,0,0,0
3350,3350,0,0,0,0,00,0,0,0,1,0,0,1,0,0,0,0,00000,0,0,0,1,0,0,00c14,0,1,0,0,0
3351,3351,0,0,0,0,00,0,0,0,1,0,0,1,0,0,0,0,00000,0,0,0,1,0,0,00c15,0,1,0,0,0
3352,3352,0,0,0,0,00,0,0,0,1,0,0,1,0,0,0,0,00000,0,0,0,1,0,0,00c16,0,1,0,0,0
3353,3353,0,0,0,0,00,0,0,0,1,0,0,1,0,0,0,0,00000,0,0,0,1,0,0,00c17,0,1,0,0,0
3354,3354,0,0,0,0,00,0,0,0,1,0,0,1,0,0,0,0,00000,0,0,0,1,0,0,00c18,0,1,0,0,0
3355,3355,0,0,0,0,00,0,0,0,1,0,0,1,0,0,0,0,00000,0,0,0,1,0,0,00c19,0,1,0,0,0
3356,3356,0,0,0,0,00,0,0,0,1,0,0,1,0,0,0,0,00000,0,0,0,1,0,0,00c1a,0,1,0,0,0
3357,3357,0,0,0,0,00,0,0,0,1,0,0,1,0,0,0,0,00000,0,0,0,1,0,0,00c1b,0,1,0,0,0
3358,3358,0,0,0,0,00,0,0,0,1,0,0,1,0,0,0,0,00000,0,0,0,1,0,0,00c1c,0,1,0,0,0
3359,3359,0,0,0,0,00,0,0,0,1,0,0,1,0,0,0,0,00000,0,0,0,1,0,0,00c1d,0,1,0,0,0
3360,3360,0,0,0,0,00,0,0,0,1,0,0,1,0,0,0,0,00000,0,0,0,1,0,0,00c1e,0,1,0,0,0
3361,3361,0,0,0,0,00,0,0,0,1,0,0,1,0,0,0,0,00000,0,0,0,1,0,0,00c1f,0,1,0,0,0
3362,3362,0,0,0,0,00,0,0,0,1,0,0,1,0,0,0,0,00000,0,0,0,1,0,0,00c20,0,1,0,0,0
3363,3363,0,0,0,0,00,0,0,0,1,0,0,1,0,0,0,0,00000,0,0,0,1,0,0,00c21,0,1,0,0,0
3364,3364,0,0,0,0,00,0,0,0,1,0,0,1,0,0,0,0,00000,0,0,0,1,0,0,00c22,0,1,0,0,0
3365,3365,0,0,0,0,00,0,0,0,1,0,0,1,0,0,0,0,00000,0,0,0,1,0,0,00c23,0,1,0,0,0
3366,3366,0,0,0,0,00,0,0,0,1,0,0,1,0,0,0,0,00000,0,0,0,1,0,0,00c24,0,1,0,0,0
3367,3367,0,0,0,0,00,0,0,0,1,0,0,1,0,0,0,0,00000,0,0,0,1,0,0,00c25,0,1,0,0,0
3368,3368,0,0,0,0,00,0,0,0,1,0,0,1,0,0,0,0,00000,0,0,0,1,0,0,00c26,0,1,0,0,0
3369,3369,0,0,0,0,00,0,0,0,1,0,0,1,0,0,0,0,00000,0,0,0,1,0,0,00c27,0,1,0,0,0
3370,3370,0,0,0,0,00,0,0,0,1,0,0,1,0,0,0,0,00000,0,0,0,1,0,0,00c28,0,1,0,0,0
3371,3371,0,0,0,0,00,0,0,0,1,0,0,1,0,0,0,0,00000,0,0,0,1,0,0,00c29,0,1,0,0,0
3372,3372,0,0,0,0,00,0,0,0,1,0,0,1,0,0,0,0,00000,0,0,0,1,0,0,00c2a,0,1,0,0,0
3373,3373,0,0,0,0,00,0,0,0,1,0,0,1,0,0,0,0,00000,0,0,0,1,0,0,00c2b,0,1,0,0,0
3374,3374,0,0,0,0,00,0,0,0,1,0,0,1,0,0,0,0,00000,0,0,0,1,0,0,00c2c,0,1,0,0,0
3375,3375,0,0,0,0,00,0,0,0,1,0,0,1,0,0,0,0,00000,0,0,0,1,0,0,00c2d,0,1,0,0,0
3376,3376,0,0,0,0,00,0,0,0,1,0,0,1,0,0,0,0,00000,0,0,0,1,0,0,00c2e,0,1,0,0,0
3377,3377,0,0,0,0,00,0,0,0,1,0,0,1,0,0,0,0,00000,0,0,0,1,0,0,00c2f,0,1,0,0,0
3378,3378,0,0,0,0,00,0,0,0,1,0,0,1,0,0,0,0,00000,0,0,0,1,0,0,00c30,0,1,0,0,0
3379,3379,0,0,0,0,00,0,0,0,1,0,0,1,0,0,0,0,00000,0,0,0,1,0,0,00c31,0,1,0,0,0
3380,3380,0,0,0,0,00,0,0,0,1,0,0,1,0,0,0,0,00000,0,0,0,1,0,0,00c32,0,1,0,0,0
3381,3381,0,0,0,0,00,0,0,0,1,0,0,1,0,0,0,0,00000,0,0,0,1,0,0,00c33,0,1,0,0,0
3382,3382,0,0,0,0,00,0,0,0,1,0,0,1,0,0,0,0,00000,0,0,0,1,0,0,00c34,0,1,0,0,0
3383,3383,0,0,0,0,00,0,0,0,1,0,0,1,0,0,0,0,00000,0,0,0,1,0,0,00c35,0,1,0,0,0
3384,3384,0,0,0,0,00,0,0,0,1,0,0,1,0,0,0,0,00000,0,0,0,1,0,0,00c36,0,1,0,0,0
3385,3385,0,0,0,0,00,0,0,0,1,0,0,1,0,0,0,0,00000,0,0,0,1,0,0,00c37,0,1,0,0,0
3386,3386,0,0,0,0,00,0,0,0,1,0,0,1,0,0,0,0,00000,0,0,0,1,0,0,00c38,0,1,0,0,0
3387,3387,0,0,0,0,00,0,0,0,1,0,0,1,0,0,0,0,00000,0,0,0,1,0,0,00c39,0,1,0,0,0
3388,3388,0,0,0,0,00,0,0,0,1,0,0,1,0,0,0,0,00000,0,0,0,1,0,0,00c3a,0,1,0,0,0
3389,3389,0,0,0,0,00,0,0,0,1,0,0,1,0,0,0,0,00000,0,0,0,1,0,0,00c3b,0,1,0,0,0
3390,3390,0,0,0,0,00,0,0,0,1,0,0,1,0,0,0,0,00000,0,0,0,1,0,0,00c3c,0,1,0,0,0
3391,3391,0,0,0,0,00,0,0,0,1,0,0,1,0,0,0,0,00000,0,0,0,1,0,0,00c3d,0,1,0,0,0
3392,3392,0,0,0,0,00,0,0,0,1,0,0,1,0,0,0,0,00000,0,0,0,1,0,0,00c3e,0,1,0,0,0
3393,3393,0,0,0,0,00,0,0,0,1,0,0,1,0,0,0,0,00000,0,0,0,1,0,0,00c3f,0,1,0,0,0
3394,3394,0,0,0,0,00,0,0,0,1,0,0,1,0,0,0,0,00000,0,0,0,1,0,0,00c40,0,1,0,0,0
3395,3395,0,0,0,0,00,0,0,0,1,0,0,1,0,0,0,0,00000,0,0,0,1,0,0,00c41,0,1,0,0,0
3396,3396,0,0,0,0,00,0,0,0,1,0,0,1,0,0,0,0,00000,0,0,0,1,0,0,00c42,0,1,0,0,0
3397,3397,0,0,0,0,00,0,0,0,1,0,0,1,0,0,0,0,00000,0,0,0,1,0,0,00c43,0,1,0,0,0
3398,3398,0,0,0,0,00,0,0,0,1,0,0,1,0,0,0,0,00000,0,0,0,1,0,0,00c44,0,1,0,0,0
3399,3399,0,0,0,0,00,0,0,0,1,0,0,1,0,0,0,0,00000,0,0,0,1,0,0,00c45,0,1,0,0,0
3400,3400,0,0,0,0,00,0,0,0,1,0,0,1,0,0,0,0,00000,0,0,0,1,0,0,00c46,0,1,0,0,0
3401,3401,0,0,0,0,00,0,0,0,1,0,0,1,0,0,0,0,00000,0,0,0,1,0,0,00c47,0,1,0,0,0
3402,3402,0,0,0,0,00,0,0,0,1,0,0,1,0,0,0,0,00000,0,0,0,1,0,0,00c48,0,1,0,0,0
3403,3403,0,0,0,0,00,0,0,0,1,0,0,1,0,0,0,0,00000,0,0,0,1,0,0,00c49,0,1,0,0,0
3404,3404,0,0,0,0,00,0,0,0,1,0,0,1,0,0,0,0,00000,0,0,0,1,0,0,00c4a,0,1,0,0,0
3405,3405,0,0,0,0,00,0,0,0,1,0,0,1,0,0,0,0,00000,0,0,0,1,0,0,00c4b,0,1,0,0,0
3406,3406,0,0,0,0,00,0,0,0,1,0,0,1,0,0,0,0,00000,0,0,0,1,0,0,00c4c,0,1,0,0,0
3407,3407,0,0,0,0,00,0,0,0,1,0,0,1,0,0,0,0,00000,0,0,0,1,0,0,00c4d,0,1,0,0,0
3408,3408,0,0,0,0,00,0,0,0,1,0,0,1,0,0,0,0,00000,0,0,0,1,0,0,00c4e,0,1,0,0,0
3409,3409,0,0,0,0,00,0,0,0,1,0,0,1,0,0,0,0,00000,0,0,0,1,0,0,00c4f,0,1,0,0,0
3410,3410,0,0,0,0,00,0,0,0,1,0,0,1,0,0,0,0,00000,0,0,0,1,0,0,00c50,0,1,0,0,0
3411,3411,0,0,0,0,00,0,0,0,1,0,0,1,0,0,0,0,00000,0,0,0,1,0,0,00c51,0,1,0,0,0
3412,3412,0,0,0,0,00,0,0,0,1,0,0,1,0,0,0,0,00000,0,0,0,1,0,0,00c52,0,1,0,0,0
3413,3413,0,0,0,0,00,0,0,0,1,0,0,1,0,0,0,0,00000,0,0,0,1,0,0,00c53,0,1,0,0,0
3414,3414,0,0,0,0,00,0,0,0,1,0,0,1,0,0,0,0,00000,0,0,0,1,0,0,00c54,0,1,0,0,0
3415,3415,0,0,0,0,00,0,0,0,1,0,0,1,0,0,0,0,00000,0,0,0,1,0,0,00c55,0,1,0,0,0
3416,3416,0,0,0,0,00,0,0,0,1,0,0,1,0,0,0,0,00000,0,0,0,1,0,0,00c56,0,1,0,0,0
3417,3417,0,0,0,0,00,0,0,0,1,0,0,1,0,0,0,0,00000,0,0,0,1,0,0,00c57,0,1,0,0,0
3418,3418,0,0,0,0,00,0,0,0,1,0,0,1,0,0,0,0,00000,0,0,0,1,0,0,00c58,0,1,0,0,0
3419,3419,0,0,0,0,00,0,0,0,1,0,0,1,0,0,0,0,00000,0,0,0,1,0,0,00c59,0,1,0,0,0
3420,3420,0,0,0,0,00,0,0,0,1,0,0,1,0,0,0,0,00000,0,0,0,1,0,0,00c5a,0,1,0,0,0
3421,3421,0,0,0,0,00,0,0,0,1,0,0,1,0,0,0,0,00000,0,0,0,1,0,0,00c5b,0,1,0,0,0
3422,3422,0,0,0,0,00,0,0,0,1,0,0,1,0,0,0,0,00000,0,0,0,1,0,0,00c5c,0,1,0,0,0
3423,3423,0,0,0,0,00,0,0,0,1,0,0,1,0,0,0,0,00000,0,0,0,1,0,0,00c5d,0,1,0,0,0
3424,3424,0,0,0,0,00,0,0,0,1,0,0,1,0,0,0,0,00000,0,0,0,1,0,0,00c5e,0,1,0,0,0
3425,3425,0,0,0,0,00,0,0,0,1,0,0,1,0,0,0,0,00000,0,0,0,1,0,0,00c5f,0,1,0,0,0
3426,3426,0,0,0,0,00,0,0,0,1,0,0,1,0,0,0,0,00000,0,0,0,1,0,0,00c60,0,1,0,0,0
3427,3427,0,0,0,0,00,0,0,0,1,0,0,1,0,0,0,0,00000,0,0,0,1,0,0,00c61,0,1,0,0,0
3428,3428,0,0,0,0,00,0,0,0,1,0,0,1,0,0,0,0,00000,0,0,0,1,0,0,00c62,0,1,0,0,0
3429,3429,0,0,0,0,00,0,0,0,1,0,0,1,0,0,0,0,00000,0,0,0,1,0,0,00c63,0,1,0,0,0
3430,3430,0,0,0,0,00,0,0,0,1,0,0,1,0,0,0,0,00000,0,0,0,1,0,0,00c64,0,1,0,0,0
3431,3431,0,0,0,0,00,0,0,0,1,0,0,1,0,0,0,0,00000,0,0,0,1,0,0,00c65,0,1,0,0,0
3432,3432,0,0,0,0,00,0,0,0,1,0,0,1,0,0,0,0,00000,0,0,0,1,0,0,00c66,0,1,0,0,0
3433,3433,0,0,0,0,00,0,0,0,1,0,0,1,0,0,0,0,00000,0,0,0,1,0,0,00c67,0,1,0,0,0
3434,3434,0,0,0,0,00,0,0,0,1,0,0,1,0,0,0,0,00000,0,0,0,1,0,0,00c68,0,1,0,0,0
3435,3435,0,0,0,0,00,0,0,0,1,0,0,1,0,0,0,0,00000,0,0,0,1,0,0,00c69,0,1,0,0,0
3436,3436,0,0,0,0,00,0,0,0,1,0,0,1,0,0,0,0,00000,0,0,0,1,0,0,00c6a,0,1,0,0,0
3437,3437,0,0,0,0,00,0,0,0,1,0,0,1,0,0,0,0,00000,0,0,0,1,0,0,00c6b,0,1,0,0,0
3438,3438,0,0,0,0,00,0,0,0,1,0,0,1,0,0,0,0,00000,0,0,0,1,0,0,00c6c,0,1,0,0,0
3439,3439,0,0,0,0,00,0,0,0,1,0,0,1,0,0,0,0,00000,0,0,0,1,0,0,00c6d,0,1,0,0,0
3440,3440,0,0,0,0,00,0,0,0,1,0,0,1,0,0,0,0,00000,0,0,0,1,0,0,00c6e,0,1,0,0,0
3441,3441,0,0,0,0,00,0,0,0,1,0,0,1,0,0,0,0,00000,0,0,0,1,0,0,00c6f,0,1,0,0,0
3442,3442,0,0,0,0,00,0,0,0,1,0,0,1,0,0,0,0,00000,0,0,0,1,0,0,00c70,0,1,0,0,0
3443,3443,0,0,0,0,00,0,0,0,1,0,0,1,0,0,0,0,00000,0,0,0,1,0,0,00c71,0,1,0,0,0
3444,3444,0,0,0,0,00,0,0,0,1,0,0,1,0,0,0,0,00000,0,0,0,1,0,0,00c72,0,1,0,0,0
3445,3445,0,0,0,0,00,0,0,0,1,0,0,1,0,0,0,0,00000,0,0,0,1,0,0,00c73,0,1,0,0,0
3446,3446,0,0,0,0,00,0,0,0,1,0,0,1,0,0,0,0,00000,0,0,0,1,0,0,00c74,0,1,0,0,0
3447,3447,0,0,0,0,00,0,0,0,1,0,0,1,0,0,0,0,00000,0,0,0,1,0,0,00c75,0,1,0,0,0
3448,3448,0,0,0,0,00,0,0,0,1,0,0,1,0,0,0,0,00000,0,0,0,1,0,0,00c76,0,1,0,0,0
3449,3449,0,0,0,0,00,0,0,0,1,0,0,1,0,0,0,0,00000,0,0,0,1,0,0,00c77,0,1,0,0,0
3450,3450,0,0,0,0,00,0,0,0,1,0,0,1,0,0,0,0,00000,0,0,0,1,0,0,00c78,0,1,0,0,0
3451,3451,0,0,0,0,00,0,0,0,1,0,0,1,0,0,0,0,00000,0,0,0,1,0,0,00c79,0,1,0,0,0
3452,3452,0,0,0,0,00,0,0,0,1,0,0,1,0,0,0,0,00000,0,0,0,1,0,0,00c7a,0,1,0,0,0
3453,3453,0,0,0,0,00,0,0,0,1,0,0,1,0,0,0,0,00000,0,0,0,1,0,0,00c7b,0,1,0,0,0
3454,3454,0,0,0,0,00,0,0,0,1,0,0,1,0,0,0,0,00000,0,0,0,1,0,0,00c7c,0,1,0,0,0
3455,3455,0,0,0,0,00,0,0,0,1,0,0,1,0,0,0,0,00000,0,0,0,1,0,0,00c7d,0,1,0,0,0
3456,3456,0,0,0,0,00,0,0,0,1,0,0,1,0,0,0,0,00000,0,0,0,1,0,0,00c7e,0,1,0,0,0
3457,3457,0,0,0,0,00,0,0,0,1,0,0,1,0,0,0,0,00000,0,0,0,1,0,0,00c7f,0,1,0,0,0
3458,3458,0,0,0,0,00,0,0,0,1,0,0,1,0,0,0,0,00000,0,0,0,1,0,0,00c80,0,1,0,0,0
3459,3459,0,0,0,0,00,0,0,0,1,0,0,1,0,0,0,0,00000,0,0,0,1,0,0,00c81,0,1,0,0,0
3460,3460,0,0,0,0,00,0,0,0,1,0,0,1,0,0,0,0,00000,0,0,0,1,0,0,00c82,0,1,0,0,0
3461,3461,0,0,0,0,00,0,0,0,1,0,0,1,0,0,0,0,00000,0,0,0,1,0,0,00c83,0,1,0,0,0
3462,3462,0,0,0,0,00,0,0,0,1,0,0,1,0,0,0,0,00000,0,0,0,1,0,0,00c84,0,1,0,0,0
3463,3463,0,0,0,0,00,0,0,0,1,0,0,1,0,0,0,0,00000,0,0,0,1,0,0,00c85,0,1,0,0,0
3464,3464,0,0,0,0,00,0,0,0,1,0,0,1,0,0,0,0,00000,0,0,0,1,0,0,00c86,0,1,0,0,0
3465,3465,0,0,0,0,00,0,0,0,1,0,0,1,0,0,0,0,00000,0,0,0,1,0,0,00c87,0,1,0,0,0
3466,3466,0,0,0,0,00,0,0,0,1,0,0,1,0,0,0,0,00000,0,0,0,1,0,0,00c88,0,1,0,0,0
3467,3467,0,0,0,0,00,0,0,0,1,0,0,1,0,0,0,0,00000,0,0,0,1,0,0,00c89,0,1,0,0,0
3468,3468,0,0,0,0,00,0,0,0,1,0,0,1,0,0,0,0,00000,0,0,0,1,0,0,00c8a,0,1,0,0,0
3469,3469,0,0,0,0,00,0,0,0,1,0,0,1,0,0,0,0,00000,0,0,0,1,0,0,00c8b,0,1,0,0,0
3470,3470,0,0,0,0,00,0,0,0,1,0,0,1,0,0,0,0,00000,0,0,0,1,0,0,00c8c,0,1,0,0,0
3471,3471,0,0,0,0,00,0,0,0,1,0,0,1,0,0,0,0,00000,0,0,0,1,0,0,00c8d,0,1,0,0,0
3472,3472,0,0,0,0,00,0,0,0,1,0,0,1,0,0,0,0,00000,0,0,0,1,0,0,00c8e,0,1,0,0,0
3473,3473,0,0,0,0,00,0,0,0,1,0,0,1,0,0,0,0,00000,0,0,0,1,0,0,00c8f,0,1,0,0,0
3474,3474,0,0,0,0,00,0,0,0,1,0,0,1,0,0,0,0,00000,0,0,0,1,0,0,00c90,0,1,0,0,0
3475,3475,0,0,0,0,00,0,0,0,1,0,0,1,0,0,0,0,00000,0,0,0,1,0,0,00c91,0,1,0,0,0
3476,3476,0,0,0,0,00,0,0,0,1,0,0,1,0,0,0,0,00000,0,0,0,1,0,0,00c92,0,1,0,0,0
3477,3477,0,0,0,0,00,0,0,0,1,0,0,1,0,0,0,0,00000,0,0,0,1,0,0,00c93,0,1,0,0,0
3478,3478,0,0,0,0,00,0,0,0,1,0,0,1,0,0,0,0,00000,0,0,0,1,0,0,00c94,0,1,0,0,0
3479,3479,0,0,0,0,00,0,0,0,1,0,0,1,0,0,0,0,00000,0,0,0,1,0,0,00c95,0,1,0,0,0
3480,3480,0,0,0,0,00,0,0,0,1,0,0,1,0,0,0,0,00000,0,0,0,1,0,0,00c96,0,1,0,0,0
3481,3481,0,0,0,0,00,0,0,0,1,0,0,1,0,0,0,0,00000,0,0,0,1,0,0,00c97,0,1,0,0,0
3482,3482,0,0,0,0,00,0,0,0,1,0,0,1,0,0,0,0,00000,0,0,0,1,0,0,00c98,0,1,0,0,0
3483,3483,0,0,0,0,00,0,0,0,1,0,0,1,0,0,0,0,00000,0,0,0,1,0,0,00c99,0,1,0,0,0
3484,3484,0,0,0,0,00,0,0,0,1,0,0,1,0,0,0,0,00000,0,0,0,1,0,0,00c9a,0,1,0,0,0
3485,3485,0,0,0,0,00,0,0,0,1,0,0,1,0,0,0,0,00000,0,0,0,1,0,0,00c9b,0,1,0,0,0
3486,3486,0,0,0,0,00,0,0,0,1,0,0,1,0,0,0,0,00000,0,0,0,1,0,0,00c9c,0,1,0,0,0
3487,3487,0,0,0,0,00,0,0,0,1,0,0,1,0,0,0,0,00000,0,0,0,1,0,0,00c9d,0,1,0,0,0
3488,3488,0,0,0,0,00,0,0,0,1,0,0,1,0,0,0,0,00000,0,0,0,1,0,0,00c9e,0,1,0,0,0
3489,3489,0,0,0,0,00,0,0,0,1,0,0,1,0,0,0,0,00000,0,0,0,1,0,0,00c9f,0,1,0,0,0
3490,3490,0,0,0,0,00,0,0,0,1,0,0,1,0,0,0,0,00000,0,0,0,1,0,0,00ca0,0,1,0,0,0
3491,3491,0,0,0,0,00,0,0,0,1,0,0,1,0,0,0,0,00000,0,0,0,1,0,0,00ca1,0,1,0,0,0
3492,3492,0,0,0,0,00,0,0,0,1,0,0,1,0,0,0,0,00000,0,0,0,1,0,0,00ca2,0,1,0,0,0
3493,3493,0,0,0,0,00,0,0,0,1,0,0,1,0,0,0,0,00000,0,0,0,1,0,0,00ca3,0,1,0,0,0
3494,3494,0,0,0,0,00,0,0,0,1,0,0,1,0,0,0,0,00000,0,0,0,1,0,0,00ca4,0,1,0,0,0
3495,3495,0,0,0,0,00,0,0,0,1,0,0,1,0,0,0,0,00000,0,0,0,1,0,0,00ca5,0,1,0,0,0
3496,3496,0,0,0,0,00,0,0,0,1,0,0,1,0,0,0,0,00000,0,0,0,1,0,0,00ca6,0,1,0,0,0
3497,3497,0,0,0,0,00,0,0,0,1,0,0,1,0,0,0,0,00000,0,0,0,1,0,0,00ca7,0,1,0,0,0
3498,3498,0,0,0,0,00,0,0,0,1,0,0,1,0,0,0,0,00000,0,0,0,1,0,0,00ca8,0,1,0,0,0
3499,3499,0,0,0,0,00,0,0,0,1,0,0,1,0,0,0,0,00000,0,0,0,1,0,0,00ca9,0,1,0,0,0
3500,3500,0,0,0,0,00,0,0,0,1,0,0,1,0,0,0,0,00000,0,0,0,1,0,0,00caa,0,1,0,0,0
3501,3501,0,0,0,0,00,0,0,0,1,0,0,1,0,0,0,0,00000,0,0,0,1,0,0,00cab,0,1,0,0,0
3502,3502,0,0,0,0,00,0,0,0,1,0,0,1,0,0,0,0,00000,0,0,0,1,0,0,00cac,0,1,0,0,0
3503,3503,0,0,0,0,00,0,0,0,1,0,0,1,0,0,0,0,00000,0,0,0,1,0,0,00cad,0,1,0,0,0
3504,3504,0,0,0,0,00,0,0,0,1,0,0,1,0,0,0,0,00000,0,0,0,1,0,0,00cae,0,1,0,0,0
3505,3505,0,0,0,0,00,0,0,0,1,0,0,1,0,0,0,0,00000,0,0,0,1,0,0,00caf,0,1,0,0,0
3506,3506,0,0,0,0,00,0,0,0,1,0,0,1,0,0,0,0,00000,0,0,0,1,0,0,00cb0,0,1,0,0,0
3507,3507,0,0,0,0,00,0,0,0,1,0,0,1,0,0,0,0,00000,0,0,0,1,0,0,00cb1,0,1,0,0,0
3508,3508,0,0,0,0,00,0,0,0,1,0,0,1,0,0,0,0,00000,0,0,0,1,0,0,00cb2,0,1,0,0,0
3509,3509,0,0,0,0,00,0,0,0,1,0,0,1,0,0,0,0,00000,0,0,0,1,0,0,00cb3,0,1,0,0,0
3510,3510,0,0,0,0,00,0,0,0,1,0,0,1,0,0,0,0,00000,0,0,0,1,0,0,00cb4,0,1,0,0,0
3511,3511,0,0,0,0,00,0,0,0,1,0,0,1,0,0,0,0,00000,0,0,0,1,0,0,00cb5,0,1,0,0,0
3512,3512,0,0,0,0,00,0,0,0,1,0,0,1,0,0,0,0,00000,0,0,0,1,0,0,00cb6,0,1,0,0,0
3513,3513,0,0,0,0,00,0,0,0,1,0,0,1,0,0,0,0,00000,0,0,0,1,0,0,00cb7,0,1,0,0,0
3514,3514,0,0,0,0,00,0,0,0,1,0,0,1,0,0,0,0,00000,0,0,0,1,0,0,00cb8,0,1,0,0,0
3515,3515,0,0,0,0,00,0,0,0,1,0,0,1,0,0,0,0,00000,0,0,0,1,0,0,00cb9,0,1,0,0,0
3516,3516,0,0,0,0,00,0,0,0,1,0,0,1,0,0,0,0,00000,0,0,0,1,0,0,00cba,0,1,0,0,0
3517,3517,0,0,0,0,00,0,0,0,1,0,0,1,0,0,0,0,00000,0,0,0,1,0,0,00cbb,0,1,0,0,0
3518,3518,0,0,0,0,00,0,0,0,1,0,0,1,0,0,0,0,00000,0,0,0,1,0,0,00cbc,0,1,0,0,0
3519,3519,0,0,0,0,00,0,0,0,1,0,0,1,0,0,0,0,00000,0,0,0,1,0,0,00cbd,0,1,0,0,0
3520,3520,0,0,0,0,00,0,0,0,1,0,0,1,0,0,0,0,00000,0,0,0,1,0,0,00cbe,0,1,0,0,0
3521,3521,0,0,0,0,00,0,0,0,1,0,0,1,0,0,0,0,00000,0,0,0,1,0,0,00cbf,0,1,0,0,0
3522,3522,0,0,0,0,00,0,0,0,1,0,0,1,0,0,0,0,00000,0,0,0,1,0,0,00cc0,0,1,0,0,0
3523,3523,0,0,0,0,00,0,0,0,1,0,0,1,0,0,0,0,00000,0,0,0,1,0,0,00cc1,0,1,0,0,0
3524,3524,0,0,0,0,00,0,0,0,1,0,0,1,0,0,0,0,00000,0,0,0,1,0,0,00cc2,0,1,0,0,0
3525,3525,0,0,0,0,00,0,0,0,1,0,0,1,0,0,0,0,00000,0,0,0,1,0,0,00cc3,0,1,0,0,0
3526,3526,0,0,0,0,00,0,0,0,1,0,0,1,0,0,0,0,00000,0,0,0,1,0,0,00cc4,0,1,0,0,0
3527,3527,0,0,0,0,00,0,0,0,1,0,0,1,0,0,0,0,00000,0,0,0,1,0,0,00cc5,0,1,0,0,0
3528,3528,0,0,0,0,00,0,0,0,1,0,0,1,0,0,0,0,00000,0,0,0,1,0,0,00cc6,0,1,0,0,0
3529,3529,0,0,0,0,00,0,0,0,1,0,0,1,0,0,0,0,00000,0,0,0,1,0,0,00cc7,0,1,0,0,0
3530,3530,0,0,0,0,00,0,0,0,1,0,0,1,0,0,0,0,00000,0,0,0,1,0,0,00cc8,0,1,0,0,0
3531,3531,0,0,0,0,00,0,0,0,1,0,0,1,0,0,0,0,00000,0,0,0,1,0,0,00cc9,0,1,0,0,0
3532,3532,0,0,0,0,00,0,0,0,1,0,0,1,0,0,0,0,00000,0,0,0,1,0,0,00cca,0,1,0,0,0
3533,3533,0,0,0,0,00,0,0,0,1,0,0,1,0,0,0,0,00000,0,0,0,1,0,0,00ccb,0,1,0,0,0
3534,3534,0,0,0,0,00,0,0,0,1,0,0,1,0,0,0,0,00000,0,0,0,1,0,0,00ccc,0,1,0,0,0
3535,3535,0,0,0,0,00,0,0,0,1,0,0,1,0,0,0,0,00000,0,0,0,1,0,0,00ccd,0,1,0,0,0
3536,3536,0,0,0,0,00,0,0,0,1,0,0,1,0,0,0,0,00000,0,0,0,1,0,0,00cce,0,1,0,0,0
3537,3537,0,0,0,0,00,0,0,0,1,0,0,1,0,0,0,0,00000,0,0,0,1,0,0,00ccf,0,1,0,0,0
3538,3538,0,0,0,0,00,0,0,0,1,0,0,1,0,0,0,0,00000,0,0,0,1,0,0,00cd0,0,1,0,0,0
3539,3539,0,0,0,0,00,0,0,0,1,0,0,1,0,0,0,0,00000,0,0,0,1,0,0,00cd1,0,1,0,0,0
3540,3540,0,0,0,0,00,0,0,0,1,0,0,1,0,0,0,0,00000,0,0,0,1,0,0,00cd2,0,1,0,0,0
3541,3541,0,0,0,0,00,0,0,0,1,0,0,1,0,0,0,0,00000,0,0,0,1,0,0,00cd3,0,1,0,0,0
3542,3542,0,0,0,0,00,0,0,0,1,0,0,1,0,0,0,0,00000,0,0,0,1,0,0,00cd4,0,1,0,0,0
3543,3543,0,0,0,0,00,0,0,0,1,0,0,1,0,0,0,0,00000,0,0,0,1,0,0,00cd5,0,1,0,0,0
3544,3544,0,0,0,0,00,0,0,0,1,0,0,1,0,0,0,0,00000,0,0,0,1,0,0,00cd6,0,1,0,0,0
3545,3545,0,0,0,0,00,0,0,0,1,0,0,1,0,0,0,0,00000,0,0,0,1,0,0,00cd7,0,1,0,0,0
3546,3546,0,0,0,0,00,0,0,0,1,0,0,1,0,0,0,0,00000,0,0,0,1,0,0,00cd8,0,1,0,0,0
3547,3547,0,0,0,0,00,0,0,0,1,0,0,1,0,0,0,0,00000,0,0,0,1,0,0,00cd9,0,1,0,0,0
3548,3548,0,0,0,0,00,0,0,0,1,0,0,1,0,0,0,0,00000,0,0,0,1,0,0,00cda,0,1,0,0,0
3549,3549,0,0,0,0,00,0,0,0,1,0,0,1,0,0,0,0,00000,0,0,0,1,0,0,00cdb,0,1,0,0,0
3550,3550,0,0,0,0,00,0,0,0,1,0,0,1,0,0,0,0,00000,0,0,0,1,0,0,00cdc,0,1,0,0,0
3551,3551,0,0,0,0,00,0,0,0,1,0,0,1,0,0,0,0,00000,0,0,0,1,0,0,00cdd,0,1,0,0,0
3552,3552,0,0,0,0,00,0,0,0,1,0,0,1,0,0,0,0,00000,0,0,0,1,0,0,00cde,0,1,0,0,0
3553,3553,0,0,0,0,00,0,0,0,1,0,0,1,0,0,0,0,00000,0,0,0,1,0,0,00cdf,0,1,0,0,0
3554,3554,0,0,0,0,00,0,0,0,1,0,0,1,0,0,0,0,00000,0,0,0,1,0,0,00ce0,0,1,0,0,0
3555,3555,0,0,0,0,00,0,0,0,1,0,0,1,0,0,0,0,00000,0,0,0,1,0,0,00ce1,0,1,0,0,0
3556,3556,0,0,0,0,00,0,0,0,1,0,0,1,0,0,0,0,00000,0,0,0,1,0,0,00ce2,0,1,0,0,0
3557,3557,0,0,0,0,00,0,0,0,1,0,0,1,0,0,0,0,00000,0,0,0,1,0,0,00ce3,0,1,0,0,0
3558,3558,0,0,0,0,00,0,0,0,1,0,0,1,0,0,0,0,00000,0,0,0,1,0,0,00ce4,0,1,0,0,0
3559,3559,0,0,0,0,00,0,0,0,1,0,0,1,0,0,0,0,00000,0,0,0,1,0,0,00ce5,0,1,0,0,0
3560,3560,0,0,0,0,00,0,0,0,1,0,0,1,0,0,0,0,00000,0,0,0,1,0,0,00ce6,0,1,0,0,0
3561,3561,0,0,0,0,00,0,0,0,1,0,0,1,0,0,0,0,00000,0,0,0,1,0,0,00ce7,0,1,0,0,0
3562,3562,0,0,0,0,00,0,0,0,1,0,0,1,0,0,0,0,00000,0,0,0,1,0,0,00ce8,0,1,0,0,0
3563,3563,0,0,0,0,00,0,0,0,1,0,0,1,0,0,0,0,00000,0,0,0,1,0,0,00ce9,0,1,0,0,0
3564,3564,0,0,0,0,00,0,0,0,1,0,0,1,0,0,0,0,00000,0,0,0,1,0,0,00cea,0,1,0,0,0
3565,3565,0,0,0,0,00,0,0,0,1,0,0,1,0,0,0,0,00000,0,0,0,1,0,0,00ceb,0,1,0,0,0
3566,3566,0,0,0,0,00,0,0,0,1,0,0,1,0,0,0,0,00000,0,0,0,1,0,0,00cec,0,1,0,0,0
3567,3567,0,0,0,0,00,0,0,0,1,0,0,1,0,0,0,0,00000,0,0,0,1,0,0,00ced,0,1,0,0,0
3568,3568,0,0,0,0,00,0,0,0,1,0,0,1,0,0,0,0,00000,0,0,0,1,0,0,00cee,0,1,0,0,0
3569,3569,0,0,0,0,00,0,0,0,1,0,0,1,0,0,0,0,00000,0,0,0,1,0,0,00cef,0,1,0,0,0
3570,3570,0,0,0,0,00,0,0,0,1,0,0,1,0,0,0,0,00000,0,0,0,1,0,0,00cf0,0,1,0,0,0
3571,3571,0,0,0,0,00,0,0,0,1,0,0,1,0,0,0,0,00000,0,0,0,1,0,0,00cf1,0,1,0,0,0
3572,3572,0,0,0,0,00,0,0,0,1,0,0,1,0,0,0,0,00000,0,0,0,1,0,0,00cf2,0,1,0,0,0
3573,3573,0,0,0,0,00,0,0,0,1,0,0,1,0,0,0,0,00000,0,0,0,1,0,0,00cf3,0,1,0,0,0
3574,3574,0,0,0,0,00,0,0,0,1,0,0,1,0,0,0,0,00000,0,0,0,1,0,0,00cf4,0,1,0,0,0
3575,3575,0,0,0,0,00,0,0,0,1,0,0,1,0,0,0,0,00000,0,0,0,1,0,0,00cf5,0,1,0,0,0
3576,3576,0,0,0,0,00,0,0,0,1,0,0,1,0,0,0,0,00000,0,0,0,1,0,0,00cf6,0,1,0,0,0
3577,3577,0,0,0,0,00,0,0,0,1,0,0,1,0,0,0,0,00000,0,0,0,1,0,0,00cf7,0,1,0,0,0
3578,3578,0,0,0,0,00,0,0,0,1,0,0,1,0,0,0,0,00000,0,0,0,1,0,0,00cf8,0,1,0,0,0
3579,3579,0,0,0,0,00,0,0,0,1,0,0,1,0,0,0,0,00000,0,0,0,1,0,0,00cf9,0,1,0,0,0
3580,3580,0,0,0,0,00,0,0,0,1,0,0,1,0,0,0,0,00000,0,0,0,1,0,0,00cfa,0,1,0,0,0
3581,3581,0,0,0,0,00,0,0,0,1,0,0,1,0,0,0,0,00000,0,0,0,1,0,0,00cfb,0,1,0,0,0
3582,3582,0,0,0,0,00,0,0,0,1,0,0,1,0,0,0,0,00000,0,0,0,1,0,0,00cfc,0,1,0,0,0
3583,3583,0,0,0,0,00,0,0,0,1,0,0,1,0,0,0,0,00000,0,0,0,1,0,0,00cfd,0,1,0,0,0
3584,3584,0,0,0,0,00,0,0,0,1,0,0,1,0,0,0,0,00000,0,0,0,1,0,0,00cfe,0,1,0,0,0
3585,3585,0,0,0,0,00,0,0,0,1,0,0,1,0,0,0,0,00000,0,0,0,1,0,0,00cff,0,1,0,0,0
3586,3586,0,0,0,0,00,0,0,0,1,0,0,1,0,0,0,0,00000,0,0,0,1,0,0,00d00,0,1,0,0,0
3587,3587,0,0,0,0,00,0,0,0,1,0,0,1,0,0,0,0,00000,0,0,0,1,0,0,00d01,0,1,0,0,0
3588,3588,0,0,0,0,00,0,0,0,1,0,0,1,0,0,0,0,00000,0,0,0,1,0,0,00d02,0,1,0,0,0
3589,3589,0,0,0,0,00,0,0,0,1,0,0,1,0,0,0,0,00000,0,0,0,1,0,0,00d03,0,1,0,0,0
3590,3590,0,0,0,0,00,0,0,0,1,0,0,1,0,0,0,0,00000,0,0,0,1,0,0,00d04,0,1,0,0,0
3591,3591,0,0,0,0,00,0,0,0,1,0,0,1,0,0,0,0,00000,0,0,0,1,0,0,00d05,0,1,0,0,0
3592,3592,0,0,0,0,00,0,0,0,1,0,0,1,0,0,0,0,00000,0,0,0,1,0,0,00d06,0,1,0,0,0
3593,3593,0,0,0,0,00,0,0,0,1,0,0,1,0,0,0,0,00000,0,0,0,1,0,0,00d07,0,1,0,0,0
3594,3594,0,0,0,0,00,0,0,0,1,0,0,1,0,0,0,0,00000,0,0,0,1,0,0,00d08,0,1,0,0,0
3595,3595,0,0,0,0,00,0,0,0,1,0,0,1,0,0,0,0,00000,0,0,0,1,0,0,00d09,0,1,0,0,0
3596,3596,0,0,0,0,00,0,0,0,1,0,0,1,0,0,0,0,00000,0,0,0,1,0,0,00d0a,0,1,0,0,0
3597,3597,0,0,0,0,00,0,0,0,1,0,0,1,0,0,0,0,00000,0,0,0,1,0,0,00d0b,0,1,0,0,0
3598,3598,0,0,0,0,00,0,0,0,1,0,0,1,0,0,0,0,00000,0,0,0,1,0,0,00d0c,0,1,0,0,0
3599,3599,0,0,0,0,00,0,0,0,1,0,0,1,0,0,0,0,00000,0,0,0,1,0,0,00d0d,0,1,0,0,0
3600,3600,0,0,0,0,00,0,0,0,1,0,0,1,0,0,0,0,00000,0,0,0,1,0,0,00d0e,0,1,0,0,0
3601,3601,0,0,0,0,00,0,0,0,1,0,0,1,0,0,0,0,00000,0,0,0,1,0,0,00d0f,0,1,0,0,0
3602,3602,0,0,0,0,00,0,0,0,1,0,0,1,0,0,0,0,00000,0,0,0,1,0,0,00d10,0,1,0,0,0
3603,3603,0,0,0,0,00,0,0,0,1,0,0,1,0,0,0,0,00000,0,0,0,1,0,0,00d11,0,1,0,0,0
3604,3604,0,0,0,0,00,0,0,0,1,0,0,1,0,0,0,0,00000,0,0,0,1,0,0,00d12,0,1,0,0,0
3605,3605,0,0,0,0,00,0,0,0,1,0,0,1,0,0,0,0,00000,0,0,0,1,0,0,00d13,0,1,0,0,0
3606,3606,0,0,0,0,00,0,0,0,1,0,0,1,0,0,0,0,00000,0,0,0,1,0,0,00d14,0,1,0,0,0
3607,3607,0,0,0,0,00,0,0,0,1,0,0,1,0,0,0,0,00000,0,0,0,1,0,0,00d15,0,1,0,0,0
3608,3608,0,0,0,0,00,0,0,0,1,0,0,1,0,0,0,0,00000,0,0,0,1,0,0,00d16,0,1,0,0,0
3609,3609,0,0,0,0,00,0,0,0,1,0,0,1,0,0,0,0,00000,0,0,0,1,0,0,00d17,0,1,0,0,0
3610,3610,0,0,0,0,00,0,0,0,1,0,0,1,0,0,0,0,00000,0,0,0,1,0,0,00d18,0,1,0,0,0
3611,3611,0,0,0,0,00,0,0,0,1,0,0,1,0,0,0,0,00000,0,0,0,1,0,0,00d19,0,1,0,0,0
3612,3612,0,0,0,0,00,0,0,0,1,0,0,1,0,0,0,0,00000,0,0,0,1,0,0,00d1a,0,1,0,0,0
3613,3613,0,0,0,0,00,0,0,0,1,0,0,1,0,0,0,0,00000,0,0,0,1,0,0,00d1b,0,1,0,0,0
3614,3614,0,0,0,0,00,0,0,0,1,0,0,1,0,0,0,0,00000,0,0,0,1,0,0,00d1c,0,1,0,0,0
3615,3615,0,0,0,0,00,0,0,0,1,0,0,1,0,0,0,0,00000,0,0,0,1,0,0,00d1d,0,1,0,0,0
3616,3616,0,0,0,0,00,0,0,0,1,0,0,1,0,0,0,0,00000,0,0,0,1,0,0,00d1e,0,1,0,0,0
3617,3617,0,0,0,0,00,0,0,0,1,0,0,1,0,0,0,0,00000,0,0,0,1,0,0,00d1f,0,1,0,0,0
3618,3618,0,0,0,0,00,0,0,0,1,0,0,1,0,0,0,0,00000,0,0,0,1,0,0,00d20,0,1,0,0,0
3619,3619,0,0,0,0,00,0,0,0,1,0,0,1,0,0,0,0,00000,0,0,0,1,0,0,00d21,0,1,0,0,0
3620,3620,0,0,0,0,00,0,0,0,1,0,0,1,0,0,0,0,00000,0,0,0,1,0,0,00d22,0,1,0,0,0
3621,3621,0,0,0,0,00,0,0,0,1,0,0,1,0,0,0,0,00000,0,0,0,1,0,0,00d23,0,1,0,0,0
3622,3622,0,0,0,0,00,0,0,0,1,0,0,1,0,0,0,0,00000,0,0,0,1,0,0,00d24,0,1,0,0,0
3623,3623,0,0,0,0,00,0,0,0,1,0,0,1,0,0,0,0,00000,0,0,0,1,0,0,00d25,0,1,0,0,0
3624,3624,0,0,0,0,00,0,0,0,1,0,0,1,0,0,0,0,00000,0,0,0,1,0,0,00d26,0,1,0,0,0
3625,3625,0,0,0,0,00,0,0,0,1,0,0,1,0,0,0,0,00000,0,0,0,1,0,0,00d27,0,1,0,0,0
3626,3626,0,0,0,0,00,0,0,0,1,0,0,1,0,0,0,0,00000,0,0,0,1,0,0,00d28,0,1,0,0,0
3627,3627,0,0,0,0,00,0,0,0,1,0,0,1,0,0,0,0,00000,0,0,0,1,0,0,00d29,0,1,0,0,0
3628,3628,0,0,0,0,00,0,0,0,1,0,0,1,0,0,0,0,00000,0,0,0,1,0,0,00d2a,0,1,0,0,0
3629,3629,0,0,0,0,00,0,0,0,1,0,0,1,0,0,0,0,00000,0,0,0,1,0,0,00d2b,0,1,0,0,0
3630,3630,0,0,0,0,00,0,0,0,1,0,0,1,0,0,0,0,00000,0,0,0,1,0,0,00d2c,0,1,0,0,0
3631,3631,0,0,0,0,00,0,0,0,1,0,0,1,0,0,0,0,00000,0,0,0,1,0,0,00d2d,0,1,0,0,0
3632,3632,0,0,0,0,00,0,0,0,1,0,0,1,0,0,0,0,00000,0,0,0,1,0,0,00d2e,0,1,0,0,0
3633,3633,0,0,0,0,00,0,0,0,1,0,0,1,0,0,0,0,00000,0,0,0,1,0,0,00d2f,0,1,0,0,0
3634,3634,0,0,0,0,00,0,0,0,1,0,0,1,0,0,0,0,00000,0,0,0,1,0,0,00d30,0,1,0,0,0
3635,3635,0,0,0,0,00,0,0,0,1,0,0,1,0,0,0,0,00000,0,0,0,1,0,0,00d31,0,1,0,0,0
3636,3636,0,0,0,0,00,0,0,0,1,0,0,1,0,0,0,0,00000,0,0,0,1,0,0,00d32,0,1,0,0,0
3637,3637,0,0,0,0,00,0,0,0,1,0,0,1,0,0,0,0,00000,0,0,0,1,0,0,00d33,0,1,0,0,0
3638,3638,0,0,0,0,00,0,0,0,1,0,0,1,0,0,0,0,00000,0,0,0,1,0,0,00d34,0,1,0,0,0
3639,3639,0,0,0,0,00,0,0,0,1,0,0,1,0,0,0,0,00000,0,0,0,1,0,0,00d35,0,1,0,0,0
3640,3640,0,0,0,0,00,0,0,0,1,0,0,1,0,0,0,0,00000,0,0,0,1,0,0,00d36,0,1,0,0,0
3641,3641,0,0,0,0,00,0,0,0,1,0,0,1,0,0,0,0,00000,0,0,0,1,0,0,00d37,0,1,0,0,0
3642,3642,0,0,0,0,00,0,0,0,1,0,0,1,0,0,0,0,00000,0,0,0,1,0,0,00d38,0,1,0,0,0
3643,3643,0,0,0,0,00,0,0,0,1,0,0,1,0,0,0,0,00000,0,0,0,1,0,0,00d39,0,1,0,0,0
3644,3644,0,0,0,0,00,0,0,0,1,0,0,1,0,0,0,0,00000,0,0,0,1,0,0,00d3a,0,1,0,0,0
3645,3645,0,0,0,0,00,0,0,0,1,0,0,1,0,0,0,0,00000,0,0,0,1,0,0,00d3b,0,1,0,0,0
3646,3646,0,0,0,0,00,0,0,0,1,0,0,1,0,0,0,0,00000,0,0,0,1,0,0,00d3c,0,1,0,0,0
3647,3647,0,0,0,0,00,0,0,0,1,0,0,1,0,0,0,0,00000,0,0,0,1,0,0,00d3d,0,1,0,0,0
3648,3648,0,0,0,0,00,0,0,0,1,0,0,1,0,0,0,0,00000,0,0,0,1,0,0,00d3e,0,1,0,0,0
3649,3649,0,0,0,0,00,0,0,0,1,0,0,1,0,0,0,0,00000,0,0,0,1,0,0,00d3f,0,1,0,0,0
3650,3650,0,0,0,0,00,0,0,0,1,0,0,1,0,0,0,0,00000,0,0,0,1,0,0,00d40,0,1,0,0,0
3651,3651,0,0,0,0,00,0,0,0,1,0,0,1,0,0,0,0,00000,0,0,0,1,0,0,00d41,0,1,0,0,0
3652,3652,0,0,0,0,00,0,0,0,1,0,0,1,0,0,0,0,00000,0,0,0,1,0,0,00d42,0,1,0,0,0
3653,3653,0,0,0,0,00,0,0,0,1,0,0,1,0,0,0,0,00000,0,0,0,1,0,0,00d43,0,1,0,0,0
3654,3654,0,0,0,0,00,0,0,0,1,0,0,1,0,0,0,0,00000,0,0,0,1,0,0,00d44,0,1,0,0,0
3655,3655,0,0,0,0,00,0,0,0,1,0,0,1,0,0,0,0,00000,0,0,0,1,0,0,00d45,0,1,0,0,0
3656,3656,0,0,0,0,00,0,0,0,1,0,0,1,0,0,0,0,00000,0,0,0,1,0,0,00d46,0,1,0,0,0
3657,3657,0,0,0,0,00,0,0,0,1,0,0,1,0,0,0,0,00000,0,0,0,1,0,0,00d47,0,1,0,0,0
3658,3658,0,0,0,0,00,0,0,0,1,0,0,1,0,0,0,0,00000,0,0,0,1,0,0,00d48,0,1,0,0,0
3659,3659,0,0,0,0,00,0,0,0,1,0,0,1,0,0,0,0,00000,0,0,0,1,0,0,00d49,0,1,0,0,0
3660,3660,0,0,0,0,00,0,0,0,1,0,0,1,0,0,0,0,00000,0,0,0,1,0,0,00d4a,0,1,0,0,0
3661,3661,0,0,0,0,00,0,0,0,1,0,0,1,0,0,0,0,00000,0,0,0,1,0,0,00d4b,0,1,0,0,0
3662,3662,0,0,0,0,00,0,0,0,1,0,0,1,0,0,0,0,00000,0,0,0,1,0,0,00d4c,0,1,0,0,0
3663,3663,0,0,0,0,00,0,0,0,1,0,0,1,0,0,0,0,00000,0,0,0,1,0,0,00d4d,0,1,0,0,0
3664,3664,0,0,0,0,00,0,0,0,1,0,0,1,0,0,0,0,00000,0,0,0,1,0,0,00d4e,0,1,0,0,0
3665,3665,0,0,0,0,00,0,0,0,1,0,0,1,0,0,0,0,00000,0,0,0,1,0,0,00d4f,0,1,0,0,0
3666,3666,0,0,0,0,00,0,0,0,1,0,0,1,0,0,0,0,00000,0,0,0,1,0,0,00d50,0,1,0,0,0
3667,3667,0,0,0,0,00,0,0,0,1,0,0,1,0,0,0,0,00000,0,0,0,1,0,0,00d51,0,1,0,0,0
3668,3668,0,0,0,0,00,0,0,0,1,0,0,1,0,0,0,0,00000,0,0,0,1,0,0,00d52,0,1,0,0,0
3669,3669,0,0,0,0,00,0,0,0,1,0,0,1,0,0,0,0,00000,0,0,0,1,0,0,00d53,0,1,0,0,0
3670,3670,0,0,0,0,00,0,0,0,1,0,0,1,0,0,0,0,00000,0,0,0,1,0,0,00d54,0,1,0,0,0
3671,3671,0,0,0,0,00,0,0,0,1,0,0,1,0,0,0,0,00000,0,0,0,1,0,0,00d55,0,1,0,0,0
3672,3672,0,0,0,0,00,0,0,0,1,0,0,1,0,0,0,0,00000,0,0,0,1,0,0,00d56,0,1,0,0,0
3673,3673,0,0,0,0,00,0,0,0,1,0,0,1,0,0,0,0,00000,0,0,0,1,0,0,00d57,0,1,0,0,0
3674,3674,0,0,0,0,00,0,0,0,1,0,0,1,0,0,0,0,00000,0,0,0,1,0,0,00d58,0,1,0,0,0
3675,3675,0,0,0,0,00,0,0,0,1,0,0,1,0,0,0,0,00000,0,0,0,1,0,0,00d59,0,1,0,0,0
3676,3676,0,0,0,0,00,0,0,0,1,0,0,1,0,0,0,0,00000,0,0,0,1,0,0,00d5a,0,1,0,0,0
3677,3677,0,0,0,0,00,0,0,0,1,0,0,1,0,0,0,0,00000,0,0,0,1,0,0,00d5b,0,1,0,0,0
3678,3678,0,0,0,0,00,0,0,0,1,0,0,1,0,0,0,0,00000,0,0,0,1,0,0,00d5c,0,1,0,0,0
3679,3679,0,0,0,0,00,0,0,0,1,0,0,1,0,0,0,0,00000,0,0,0,1,0,0,00d5d,0,1,0,0,0
3680,3680,0,0,0,0,00,0,0,0,1,0,0,1,0,0,0,0,00000,0,0,0,1,0,0,00d5e,0,1,0,0,0
3681,3681,0,0,0,0,00,0,0,0,1,0,0,1,0,0,0,0,00000,0,0,0,1,0,0,00d5f,0,1,0,0,0
3682,3682,0,0,0,0,00,0,0,0,1,0,0,1,0,0,0,0,00000,0,0,0,1,0,0,00d60,0,1,0,0,0
3683,3683,0,0,0,0,00,0,0,0,1,0,0,1,0,0,0,0,00000,0,0,0,1,0,0,00d61,0,1,0,0,0
3684,3684,0,0,0,0,00,0,0,0,1,0,0,1,0,0,0,0,00000,0,0,0,1,0,0,00d62,0,1,0,0,0
3685,3685,0,0,0,0,00,0,0,0,1,0,0,1,0,0,0,0,00000,0,0,0,1,0,0,00d63,0,1,0,0,0
3686,3686,0,0,0,0,00,0,0,0,1,0,0,1,0,0,0,0,00000,0,0,0,1,0,0,00d64,0,1,0,0,0
3687,3687,0,0,0,0,00,0,0,0,1,0,0,1,0,0,0,0,00000,0,0,0,1,0,0,00d65,0,1,0,0,0
3688,3688,0,0,0,0,00,0,0,0,1,0,0,1,0,0,0,0,00000,0,0,0,1,0,0,00d66,0,1,0,0,0
3689,3689,0,0,0,0,00,0,0,0,1,0,0,1,0,0,0,0,00000,0,0,0,1,0,0,00d67,0,1,0,0,0
3690,3690,0,0,0,0,00,0,0,0,1,0,0,1,0,0,0,0,00000,0,0,0,1,0,0,00d68,0,1,0,0,0
3691,3691,0,0,0,0,00,0,0,0,1,0,0,1,0,0,0,0,00000,0,0,0,1,0,0,00d69,0,1,0,0,0
3692,3692,0,0,0,0,00,0,0,0,1,0,0,1,0,0,0,0,00000,0,0,0,1,0,0,00d6a,0,1,0,0,0
3693,3693,0,0,0,0,00,0,0,0,1,0,0,1,0,0,0,0,00000,0,0,0,1,0,0,00d6b,0,1,0,0,0
3694,3694,0,0,0,0,00,0,0,0,1,0,0,1,0,0,0,0,00000,0,0,0,1,0,0,00d6c,0,1,0,0,0
3695,3695,0,0,0,0,00,0,0,0,1,0,0,1,0,0,0,0,00000,0,0,0,1,0,0,00d6d,0,1,0,0,0
3696,3696,0,0,0,0,00,0,0,0,1,0,0,1,0,0,0,0,00000,0,0,0,1,0,0,00d6e,0,1,0,0,0
3697,3697,0,0,0,0,00,0,0,0,1,0,0,1,0,0,0,0,00000,0,0,0,1,0,0,00d6f,0,1,0,0,0
3698,3698,0,0,0,0,00,0,0,0,1,0,0,1,0,0,0,0,00000,0,0,0,1,0,0,00d70,0,1,0,0,0
3699,3699,0,0,0,0,00,0,0,0,1,0,0,1,0,0,0,0,00000,0,0,0,1,0,0,00d71,0,1,0,0,0
3700,3700,0,0,0,0,00,0,0,0,1,0,0,1,0,0,0,0,00000,0,0,0,1,0,0,00d72,0,1,0,0,0
3701,3701,0,0,0,0,00,0,0,0,1,0,0,1,0,0,0,0,00000,0,0,0,1,0,0,00d73,0,1,0,0,0
3702,3702,0,0,0,0,00,0,0,0,1,0,0,1,0,0,0,0,00000,0,0,0,1,0,0,00d74,0,1,0,0,0
3703,3703,0,0,0,0,00,0,0,0,1,0,0,1,0,0,0,0,00000,0,0,0,1,0,0,00d75,0,1,0,0,0
3704,3704,0,0,0,0,00,0,0,0,1,0,0,1,0,0,0,0,00000,0,0,0,1,0,0,00d76,0,1,0,0,0
3705,3705,0,0,0,0,00,0,0,0,1,0,0,1,0,0,0,0,00000,0,0,0,1,0,0,00d77,0,1,0,0,0
3706,3706,0,0,0,0,00,0,0,0,1,0,0,1,0,0,0,0,00000,0,0,0,1,0,0,00d78,0,1,0,0,0
3707,3707,0,0,0,0,00,0,0,0,1,0,0,1,0,0,0,0,00000,0,0,0,1,0,0,00d79,0,1,0,0,0
3708,3708,0,0,0,0,00,0,0,0,1,0,0,1,0,0,0,0,00000,0,0,0,1,0,0,00d7a,0,1,0,0,0
3709,3709,0,0,0,0,00,0,0,0,1,0,0,1,0,0,0,0,00000,0,0,0,1,0,0,00d7b,0,1,0,0,0
3710,3710,0,0,0,0,00,0,0,0,1,0,0,1,0,0,0,0,00000,0,0,0,1,0,0,00d7c,0,1,0,0,0
3711,3711,0,0,0,0,00,0,0,0,1,0,0,1,0,0,0,0,00000,0,0,0,1,0,0,00d7d,0,1,0,0,0
3712,3712,0,0,0,0,00,0,0,0,1,0,0,1,0,0,0,0,00000,0,0,0,1,0,0,00d7e,0,1,0,0,0
3713,3713,0,0,0,0,00,0,0,0,1,0,0,1,0,0,0,0,00000,0,0,0,1,0,0,00d7f,0,1,0,0,0
3714,3714,0,0,0,0,00,0,0,0,1,0,0,1,0,0,0,0,00000,0,0,0,1,0,0,00d80,0,1,0,0,0
3715,3715,0,0,0,0,00,0,0,0,1,0,0,1,0,0,0,0,00000,0,0,0,1,0,0,00d81,0,1,0,0,0
3716,3716,0,0,0,0,00,0,0,0,1,0,0,1,0,0,0,0,00000,0,0,0,1,0,0,00d82,0,1,0,0,0
3717,3717,0,0,0,0,00,0,0,0,1,0,0,1,0,0,0,0,00000,0,0,0,1,0,0,00d83,0,1,0,0,0
3718,3718,0,0,0,0,00,0,0,0,1,0,0,1,0,0,0,0,00000,0,0,0,1,0,0,00d84,0,1,0,0,0
3719,3719,0,0,0,0,00,0,0,0,1,0,0,1,0,0,0,0,00000,0,0,0,1,0,0,00d85,0,1,0,0,0
3720,3720,0,0,0,0,00,0,0,0,1,0,0,1,0,0,0,0,00000,0,0,0,1,0,0,00d86,0,1,0,0,0
3721,3721,0,0,0,0,00,0,0,0,1,0,0,1,0,0,0,0,00000,0,0,0,1,0,0,00d87,0,1,0,0,0
3722,3722,0,0,0,0,00,0,0,0,1,0,0,1,0,0,0,0,00000,0,0,0,1,0,0,00d88,0,1,0,0,0
3723,3723,0,0,0,0,00,0,0,0,1,0,0,1,0,0,0,0,00000,0,0,0,1,0,0,00d89,0,1,0,0,0
3724,3724,0,0,0,0,00,0,0,0,1,0,0,1,0,0,0,0,00000,0,0,0,1,0,0,00d8a,0,1,0,0,0
3725,3725,0,0,0,0,00,0,0,0,1,0,0,1,0,0,0,0,00000,0,0,0,1,0,0,00d8b,0,1,0,0,0
3726,3726,0,0,0,0,00,0,0,0,1,0,0,1,0,0,0,0,00000,0,0,0,1,0,0,00d8c,0,1,0,0,0
3727,3727,0,0,0,0,00,0,0,0,1,0,0,1,0,0,0,0,00000,0,0,0,1,0,0,00d8d,0,1,0,0,0
3728,3728,0,0,0,0,00,0,0,0,1,0,0,1,0,0,0,0,00000,0,0,0,1,0,0,00d8e,0,1,0,0,0
3729,3729,0,0,0,0,00,0,0,0,1,0,0,1,0,0,0,0,00000,0,0,0,1,0,0,00d8f,0,1,0,0,0
3730,3730,0,0,0,0,00,0,0,0,1,0,0,1,0,0,0,0,00000,0,0,0,1,0,0,00d90,0,1,0,0,0
3731,3731,0,0,0,0,00,0,0,0,1,0,0,1,0,0,0,0,00000,0,0,0,1,0,0,00d91,0,1,0,0,0
3732,3732,0,0,0,0,00,0,0,0,1,0,0,1,0,0,0,0,00000,0,0,0,1,0,0,00d92,0,1,0,0,0
3733,3733,0,0,0,0,00,0,0,0,1,0,0,1,0,0,0,0,00000,0,0,0,1,0,0,00d93,0,1,0,0,0
3734,3734,0,0,0,0,00,0,0,0,1,0,0,1,0,0,0,0,00000,0,0,0,1,0,0,00d94,0,1,0,0,0
3735,3735,0,0,0,0,00,0,0,0,1,0,0,1,0,0,0,0,00000,0,0,0,1,0,0,00d95,0,1,0,0,0
3736,3736,0,0,0,0,00,0,0,0,1,0,0,1,0,0,0,0,00000,0,0,0,1,0,0,00d96,0,1,0,0,0
3737,3737,0,0,0,0,00,0,0,0,1,0,0,1,0,0,0,0,00000,0,0,0,1,0,0,00d97,0,1,0,0,0
3738,3738,0,0,0,0,00,0,0,0,1,0,0,1,0,0,0,0,00000,0,0,0,1,0,0,00d98,0,1,0,0,0
3739,3739,0,0,0,0,00,0,0,0,1,0,0,1,0,0,0,0,00000,0,0,0,1,0,0,00d99,0,1,0,0,0
3740,3740,0,0,0,0,00,0,0,0,1,0,0,1,0,0,0,0,00000,0,0,0,1,0,0,00d9a,0,1,0,0,0
3741,3741,0,0,0,0,00,0,0,0,1,0,0,1,0,0,0,0,00000,0,0,0,1,0,0,00d9b,0,1,0,0,0
3742,3742,0,0,0,0,00,0,0,0,1,0,0,1,0,0,0,0,00000,0,0,0,1,0,0,00d9c,0,1,0,0,0
3743,3743,0,0,0,0,00,0,0,0,1,0,0,1,0,0,0,0,00000,0,0,0,1,0,0,00d9d,0,1,0,0,0
3744,3744,0,0,0,0,00,0,0,0,1,0,0,1,0,0,0,0,00000,0,0,0,1,0,0,00d9e,0,1,0,0,0
3745,3745,0,0,0,0,00,0,0,0,1,0,0,1,0,0,0,0,00000,0,0,0,1,0,0,00d9f,0,1,0,0,0
3746,3746,0,0,0,0,00,0,0,0,1,0,0,1,0,0,0,0,00000,0,0,0,1,0,0,00da0,0,1,0,0,0
3747,3747,0,0,0,0,00,0,0,0,1,0,0,1,0,0,0,0,00000,0,0,0,1,0,0,00da1,0,1,0,0,0
3748,3748,0,0,0,0,00,0,0,0,1,0,0,1,0,0,0,0,00000,0,0,0,1,0,0,00da2,0,1,0,0,0
3749,3749,0,0,0,0,00,0,0,0,1,0,0,1,0,0,0,0,00000,0,0,0,1,0,0,00da3,0,1,0,0,0
3750,3750,0,0,0,0,00,0,0,0,1,0,0,1,0,0,0,0,00000,0,0,0,1,0,0,00da4,0,1,0,0,0
3751,3751,0,0,0,0,00,0,0,0,1,0,0,1,0,0,0,0,00000,0,0,0,1,0,0,00da5,0,1,0,0,0
3752,3752,0,0,0,0,00,0,0,0,1,0,0,1,0,0,0,0,00000,0,0,0,1,0,0,00da6,0,1,0,0,0
3753,3753,0,0,0,0,00,0,0,0,1,0,0,1,0,0,0,0,00000,0,0,0,1,0,0,00da7,0,1,0,0,0
3754,3754,0,0,0,0,00,0,0,0,1,0,0,1,0,0,0,0,00000,0,0,0,1,0,0,00da8,0,1,0,0,0
3755,3755,0,0,0,0,00,0,0,0,1,0,0,1,0,0,0,0,00000,0,0,0,1,0,0,00da9,0,1,0,0,0
3756,3756,0,0,0,0,00,0,0,0,1,0,0,1,0,0,0,0,00000,0,0,0,1,0,0,00daa,0,1,0,0,0
3757,3757,0,0,0,0,00,0,0,0,1,0,0,1,0,0,0,0,00000,0,0,0,1,0,0,00dab,0,1,0,0,0
3758,3758,0,0,0,0,00,0,0,0,1,0,0,1,0,0,0,0,00000,0,0,0,1,0,0,00dac,0,1,0,0,0
3759,3759,0,0,0,0,00,0,0,0,1,0,0,1,0,0,0,0,00000,0,0,0,1,0,0,00dad,0,1,0,0,0
3760,3760,0,0,0,0,00,0,0,0,1,0,0,1,0,0,0,0,00000,0,0,0,1,0,0,00dae,0,1,0,0,0
3761,3761,0,0,0,0,00,0,0,0,1,0,0,1,0,0,0,0,00000,0,0,0,1,0,0,00daf,0,1,0,0,0
3762,3762,0,0,0,0,00,0,0,0,1,0,0,1,0,0,0,0,00000,0,0,0,1,0,0,00db0,0,1,0,0,0
3763,3763,0,0,0,0,00,0,0,0,1,0,0,1,0,0,0,0,00000,0,0,0,1,0,0,00db1,0,1,0,0,0
3764,3764,0,0,0,0,00,0,0,0,1,0,0,1,0,0,0,0,00000,0,0,0,1,0,0,00db2,0,1,0,0,0
3765,3765,0,0,0,0,00,0,0,0,1,0,0,1,0,0,0,0,00000,0,0,0,1,0,0,00db3,0,1,0,0,0
3766,3766,0,0,0,0,00,0,0,0,1,0,0,1,0,0,0,0,00000,0,0,0,1,0,0,00db4,0,1,0,0,0
3767,3767,0,0,0,0,00,0,0,0,1,0,0,1,0,0,0,0,00000,0,0,0,1,0,0,00db5,0,1,0,0,0
3768,3768,0,0,0,0,00,0,0,0,1,0,0,1,0,0,0,0,00000,0,0,0,1,0,0,00db6,0,1,0,0,0
3769,3769,0,0,0,0,00,0,0,0,1,0,0,1,0,0,0,0,00000,0,0,0,1,0,0,00db7,0,1,0,0,0
3770,3770,0,0,0,0,00,0,0,0,1,0,0,1,0,0,0,0,00000,0,0,0,1,0,0,00db8,0,1,0,0,0
3771,3771,0,0,0,0,00,0,0,0,1,0,0,1,0,0,0,0,00000,0,0,0,1,0,0,00db9,0,1,0,0,0
3772,3772,0,0,0,0,00,0,0,0,1,0,0,1,0,0,0,0,00000,0,0,0,1,0,0,00dba,0,1,0,0,0
3773,3773,0,0,0,0,00,0,0,0,1,0,0,1,0,0,0,0,00000,0,0,0,1,0,0,00dbb,0,1,0,0,0
3774,3774,0,0,0,0,00,0,0,0,1,0,0,1,0,0,0,0,00000,0,0,0,1,0,0,00dbc,0,1,0,0,0
3775,3775,0,0,0,0,00,0,0,0,1,0,0,1,0,0,0,0,00000,0,0,0,1,0,0,00dbd,0,1,0,0,0
3776,3776,0,0,0,0,00,0,0,0,1,0,0,1,0,0,0,0,00000,0,0,0,1,0,0,00dbe,0,1,0,0,0
3777,3777,0,0,0,0,00,0,0,0,1,0,0,1,0,0,0,0,00000,0,0,0,1,0,0,00dbf,0,1,0,0,0
3778,3778,0,0,0,0,00,0,0,0,1,0,0,1,0,0,0,0,00000,0,0,0,1,0,0,00dc0,0,1,0,0,0
3779,3779,0,0,0,0,00,0,0,0,1,0,0,1,0,0,0,0,00000,0,0,0,1,0,0,00dc1,0,1,0,0,0
3780,3780,0,0,0,0,00,0,0,0,1,0,0,1,0,0,0,0,00000,0,0,0,1,0,0,00dc2,0,1,0,0,0
3781,3781,0,0,0,0,00,0,0,0,1,0,0,1,0,0,0,0,00000,0,0,0,1,0,0,00dc3,0,1,0,0,0
3782,3782,0,0,0,0,00,0,0,0,1,0,0,1,0,0,0,0,00000,0,0,0,1,0,0,00dc4,0,1,0,0,0
3783,3783,0,0,0,0,00,0,0,0,1,0,0,1,0,0,0,0,00000,0,0,0,1,0,0,00dc5,0,1,0,0,0
3784,3784,0,0,0,0,00,0,0,0,1,0,0,1,0,0,0,0,00000,0,0,0,1,0,0,00dc6,0,1,0,0,0
3785,3785,0,0,0,0,00,0,0,0,1,0,0,1,0,0,0,0,00000,0,0,0,1,0,0,00dc7,0,1,0,0,0
3786,3786,0,0,0,0,00,0,0,0,1,0,0,1,0,0,0,0,00000,0,0,0,1,0,0,00dc8,0,1,0,0,0
3787,3787,0,0,0,0,00,0,0,0,1,0,0,1,0,0,0,0,00000,0,0,0,1,0,0,00dc9,0,1,0,0,0
3788,3788,0,0,0,0,00,0,0,0,1,0,0,1,0,0,0,0,00000,0,0,0,1,0,0,00dca,0,1,0,0,0
3789,3789,0,0,0,0,00,0,0,0,1,0,0,1,0,0,0,0,00000,0,0,0,1,0,0,00dcb,0,1,0,0,0
3790,3790,0,0,0,0,00,0,0,0,1,0,0,1,0,0,0,0,00000,0,0,0,1,0,0,00dcc,0,1,0,0,0
3791,3791,0,0,0,0,00,0,0,0,1,0,0,1,0,0,0,0,00000,0,0,0,1,0,0,00dcd,0,1,0,0,0
3792,3792,0,0,0,0,00,0,0,0,1,0,0,1,0,0,0,0,00000,0,0,0,1,0,0,00dce,0,1,0,0,0
3793,3793,0,0,0,0,00,0,0,0,1,0,0,1,0,0,0,0,00000,0,0,0,1,0,0,00dcf,0,1,0,0,0
3794,3794,0,0,0,0,00,0,0,0,1,0,0,1,0,0,0,0,00000,0,0,0,1,0,0,00dd0,0,1,0,0,0
3795,3795,0,0,0,0,00,0,0,0,1,0,0,1,0,0,0,0,00000,0,0,0,1,0,0,00dd1,0,1,0,0,0
3796,3796,0,0,0,0,00,0,0,0,1,0,0,1,0,0,0,0,00000,0,0,0,1,0,0,00dd2,0,1,0,0,0
3797,3797,0,0,0,0,00,0,0,0,1,0,0,1,0,0,0,0,00000,0,0,0,1,0,0,00dd3,0,1,0,0,0
3798,3798,0,0,0,0,00,0,0,0,1,0,0,1,0,0,0,0,00000,0,0,0,1,0,0,00dd4,0,1,0,0,0
3799,3799,0,0,0,0,00,0,0,0,1,0,0,1,0,0,0,0,00000,0,0,0,1,0,0,00dd5,0,1,0,0,0
3800,3800,0,0,0,0,00,0,0,0,1,0,0,1,0,0,0,0,00000,0,0,0,1,0,0,00dd6,0,1,0,0,0
3801,3801,0,0,0,0,00,0,0,0,1,0,0,1,0,0,0,0,00000,0,0,0,1,0,0,00dd7,0,1,0,0,0
3802,3802,0,0,0,0,00,0,0,0,1,0,0,1,0,0,0,0,00000,0,0,0,1,0,0,00dd8,0,1,0,0,0
3803,3803,0,0,0,0,00,0,0,0,1,0,0,1,0,0,0,0,00000,0,0,0,1,0,0,00dd9,0,1,0,0,0
3804,3804,0,0,0,0,00,0,0,0,1,0,0,1,0,0,0,0,00000,0,0,0,1,0,0,00dda,0,1,0,0,0
3805,3805,0,0,0,0,00,0,0,0,1,0,0,1,0,0,0,0,00000,0,0,0,1,0,0,00ddb,0,1,0,0,0
3806,3806,0,0,0,0,00,0,0,0,1,0,0,1,0,0,0,0,00000,0,0,0,1,0,0,00ddc,0,1,0,0,0
3807,3807,0,0,0,0,00,0,0,0,1,0,0,1,0,0,0,0,00000,0,0,0,1,0,0,00ddd,0,1,0,0,0
3808,3808,0,0,0,0,00,0,0,0,1,0,0,1,0,0,0,0,00000,0,0,0,1,0,0,00dde,0,1,0,0,0
3809,3809,0,0,0,0,00,0,0,0,1,0,0,1,0,0,0,0,00000,0,0,0,1,0,0,00ddf,0,1,0,0,0
3810,3810,0,0,0,0,00,0,0,0,1,0,0,1,0,0,0,0,00000,0,0,0,1,0,0,00de0,0,1,0,0,0
3811,3811,0,0,0,0,00,0,0,0,1,0,0,1,0,0,0,0,00000,0,0,0,1,0,0,00de1,0,1,0,0,0
3812,3812,0,0,0,0,00,0,0,0,1,0,0,1,0,0,0,0,00000,0,0,0,1,0,0,00de2,0,1,0,0,0
3813,3813,0,0,0,0,00,0,0,0,1,0,0,1,0,0,0,0,00000,0,0,0,1,0,0,00de3,0,1,0,0,0
3814,3814,0,0,0,0,00,0,0,0,1,0,0,1,0,0,0,0,00000,0,0,0,1,0,0,00de4,0,1,0,0,0
3815,3815,0,0,0,0,00,0,0,0,1,0,0,1,0,0,0,0,00000,0,0,0,1,0,0,00de5,0,1,0,0,0
3816,3816,0,0,0,0,00,0,0,0,1,0,0,1,0,0,0,0,00000,0,0,0,1,0,0,00de6,0,1,0,0,0
3817,3817,0,0,0,0,00,0,0,0,1,0,0,1,0,0,0,0,00000,0,0,0,1,0,0,00de7,0,1,0,0,0
3818,3818,0,0,0,0,00,0,0,0,1,0,0,1,0,0,0,0,00000,0,0,0,1,0,0,00de8,0,1,0,0,0
3819,3819,0,0,0,0,00,0,0,0,1,0,0,1,0,0,0,0,00000,0,0,0,1,0,0,00de9,0,1,0,0,0
3820,3820,0,0,0,0,00,0,0,0,1,0,0,1,0,0,0,0,00000,0,0,0,1,0,0,00dea,0,1,0,0,0
3821,3821,0,0,0,0,00,0,0,0,1,0,0,1,0,0,0,0,00000,0,0,0,1,0,0,00deb,0,1,0,0,0
3822,3822,0,0,0,0,00,0,0,0,1,0,0,1,0,0,0,0,00000,0,0,0,1,0,0,00dec,0,1,0,0,0
3823,3823,0,0,0,0,00,0,0,0,1,0,0,1,0,0,0,0,00000,0,0,0,1,0,0,00ded,0,1,0,0,0
3824,3824,0,0,0,0,00,0,0,0,1,0,0,1,0,0,0,0,00000,0,0,0,1,0,0,00dee,0,1,0,0,0
3825,3825,0,0,0,0,00,0,0,0,1,0,0,1,0,0,0,0,00000,0,0,0,1,0,0,00def,0,1,0,0,0
3826,3826,0,0,0,0,00,0,0,0,1,0,0,1,0,0,0,0,00000,0,0,0,1,0,0,00df0,0,1,0,0,0
3827,3827,0,0,0,0,00,0,0,0,1,0,0,1,0,0,0,0,00000,0,0,0,1,0,0,00df1,0,1,0,0,0
3828,3828,0,0,0,0,00,0,0,0,1,0,0,1,0,0,0,0,00000,0,0,0,1,0,0,00df2,0,1,0,0,0
3829,3829,0,0,0,0,00,0,0,0,1,0,0,1,0,0,0,0,00000,0,0,0,1,0,0,00df3,0,1,0,0,0
3830,3830,0,0,0,0,00,0,0,0,1,0,0,1,0,0,0,0,00000,0,0,0,1,0,0,00df4,0,1,0,0,0
3831,3831,0,0,0,0,00,0,0,0,1,0,0,1,0,0,0,0,00000,0,0,0,1,0,0,00df5,0,1,0,0,0
3832,3832,0,0,0,0,00,0,0,0,1,0,0,1,0,0,0,0,00000,0,0,0,1,0,0,00df6,0,1,0,0,0
3833,3833,0,0,0,0,00,0,0,0,1,0,0,1,0,0,0,0,00000,0,0,0,1,0,0,00df7,0,1,0,0,0
3834,3834,0,0,0,0,00,0,0,0,1,0,0,1,0,0,0,0,00000,0,0,0,1,0,0,00df8,0,1,0,0,0
3835,3835,0,0,0,0,00,0,0,0,1,0,0,1,0,0,0,0,00000,0,0,0,1,0,0,00df9,0,1,0,0,0
3836,3836,0,0,0,0,00,0,0,0,1,0,0,1,0,0,0,0,00000,0,0,0,1,0,0,00dfa,0,1,0,0,0
3837,3837,0,0,0,0,00,0,0,0,1,0,0,1,0,0,0,0,00000,0,0,0,1,0,0,00dfb,0,1,0,0,0
3838,3838,0,0,0,0,00,0,0,0,1,0,0,1,0,0,0,0,00000,0,0,0,1,0,0,00dfc,0,1,0,0,0
3839,3839,0,0,0,0,00,0,0,0,1,0,0,1,0,0,0,0,00000,0,0,0,1,0,0,00dfd,0,1,0,0,0
3840,3840,0,0,0,0,00,0,0,0,1,0,0,1,0,0,0,0,00000,0,0,0,1,0,0,00dfe,0,1,0,0,0
3841,3841,0,0,0,0,00,0,0,0,1,0,0,1,0,0,0,0,00000,0,0,0,1,0,0,00dff,0,1,0,0,0
3842,3842,0,0,0,0,00,0,0,0,1,0,0,1,0,0,0,0,00000,0,0,0,1,0,0,00e00,0,1,0,0,0
3843,3843,0,0,0,0,00,0,0,0,1,0,0,1,0,0,0,0,00000,0,0,0,1,0,0,00e01,0,1,0,0,0
3844,3844,0,0,0,0,00,0,0,0,1,0,0,1,0,0,0,0,00000,0,0,0,1,0,0,00e02,0,1,0,0,0
3845,3845,0,0,0,0,00,0,0,0,1,0,0,1,0,0,0,0,00000,0,0,0,1,0,0,00e03,0,1,0,0,0
3846,3846,0,0,0,0,00,0,0,0,1,0,0,1,0,0,0,0,00000,0,0,0,1,0,0,00e04,0,1,0,0,0
3847,3847,0,0,0,0,00,0,0,0,1,0,0,1,0,0,0,0,00000,0,0,0,1,0,0,00e05,0,1,0,0,0
3848,3848,0,0,0,0,00,0,0,0,1,0,0,1,0,0,0,0,00000,0,0,0,1,0,0,00e06,0,1,0,0,0
3849,3849,0,0,0,0,00,0,0,0,1,0,0,1,0,0,0,0,00000,0,0,0,1,0,0,00e07,0,1,0,0,0
3850,3850,0,0,0,0,00,0,0,0,1,0,0,1,0,0,0,0,00000,0,0,0,1,0,0,00e08,0,1,0,0,0
3851,3851,0,0,0,0,00,0,0,0,1,0,0,1,0,0,0,0,00000,0,0,0,1,0,0,00e09,0,1,0,0,0
3852,3852,0,0,0,0,00,0,0,0,1,0,0,1,0,0,0,0,00000,0,0,0,1,0,0,00e0a,0,1,0,0,0
3853,3853,0,0,0,0,00,0,0,0,1,0,0,1,0,0,0,0,00000,0,0,0,1,0,0,00e0b,0,1,0,0,0
3854,3854,0,0,0,0,00,0,0,0,1,0,0,1,0,0,0,0,00000,0,0,0,1,0,0,00e0c,0,1,0,0,0
3855,3855,0,0,0,0,00,0,0,0,1,0,0,1,0,0,0,0,00000,0,0,0,1,0,0,00e0d,0,1,0,0,0
3856,3856,0,0,0,0,00,0,0,0,1,0,0,1,0,0,0,0,00000,0,0,0,1,0,0,00e0e,0,1,0,0,0
3857,3857,0,0,0,0,00,0,0,0,1,0,0,1,0,0,0,0,00000,0,0,0,1,0,0,00e0f,0,1,0,0,0
3858,3858,0,0,0,0,00,0,0,0,1,0,0,1,0,0,0,0,00000,0,0,0,1,0,0,00e10,0,1,0,0,0
3859,3859,0,0,0,0,00,0,0,0,1,0,0,1,0,0,0,0,00000,0,0,0,1,0,0,00e11,0,1,0,0,0
3860,3860,0,0,0,0,00,0,0,0,1,0,0,1,0,0,0,0,00000,0,0,0,1,0,0,00e12,0,1,0,0,0
3861,3861,0,0,0,0,00,0,0,0,1,0,0,1,0,0,0,0,00000,0,0,0,1,0,0,00e13,0,1,0,0,0
3862,3862,0,0,0,0,00,0,0,0,1,0,0,1,0,0,0,0,00000,0,0,0,1,0,0,00e14,0,1,0,0,0
3863,3863,0,0,0,0,00,0,0,0,1,0,0,1,0,0,0,0,00000,0,0,0,1,0,0,00e15,0,1,0,0,0
3864,3864,0,0,0,0,00,0,0,0,1,0,0,1,0,0,0,0,00000,0,0,0,1,0,0,00e16,0,1,0,0,0
3865,3865,0,0,0,0,00,0,0,0,1,0,0,1,0,0,0,0,00000,0,0,0,1,0,0,00e17,0,1,0,0,0
3866,3866,0,0,0,0,00,0,0,0,1,0,0,1,0,0,0,0,00000,0,0,0,1,0,0,00e18,0,1,0,0,0
3867,3867,0,0,0,0,00,0,0,0,1,0,0,1,0,0,0,0,00000,0,0,0,1,0,0,00e19,0,1,0,0,0
3868,3868,0,0,0,0,00,0,0,0,1,0,0,1,0,0,0,0,00000,0,0,0,1,0,0,00e1a,0,1,0,0,0
3869,3869,0,0,0,0,00,0,0,0,1,0,0,1,0,0,0,0,00000,0,0,0,1,0,0,00e1b,0,1,0,0,0
3870,3870,0,0,0,0,00,0,0,0,1,0,0,1,0,0,0,0,00000,0,0,0,1,0,0,00e1c,0,1,0,0,0
3871,3871,0,0,0,0,00,0,0,0,1,0,0,1,0,0,0,0,00000,0,0,0,1,0,0,00e1d,0,1,0,0,0
3872,3872,0,0,0,0,00,0,0,0,1,0,0,1,0,0,0,0,00000,0,0,0,1,0,0,00e1e,0,1,0,0,0
3873,3873,0,0,0,0,00,0,0,0,1,0,0,1,0,0,0,0,00000,0,0,0,1,0,0,00e1f,0,1,0,0,0
3874,3874,0,0,0,0,00,0,0,0,1,0,0,1,0,0,0,0,00000,0,0,0,1,0,0,00e20,0,1,0,0,0
3875,3875,0,0,0,0,00,0,0,0,1,0,0,1,0,0,0,0,00000,0,0,0,1,0,0,00e21,0,1,0,0,0
3876,3876,0,0,0,0,00,0,0,0,1,0,0,1,0,0,0,0,00000,0,0,0,1,0,0,00e22,0,1,0,0,0
3877,3877,0,0,0,0,00,0,0,0,1,0,0,1,0,0,0,0,00000,0,0,0,1,0,0,00e23,0,1,0,0,0
3878,3878,0,0,0,0,00,0,0,0,1,0,0,1,0,0,0,0,00000,0,0,0,1,0,0,00e24,0,1,0,0,0
3879,3879,0,0,0,0,00,0,0,0,1,0,0,1,0,0,0,0,00000,0,0,0,1,0,0,00e25,0,1,0,0,0
3880,3880,0,0,0,0,00,0,0,0,1,0,0,1,0,0,0,0,00000,0,0,0,1,0,0,00e26,0,1,0,0,0
3881,3881,0,0,0,0,00,0,0,0,1,0,0,1,0,0,0,0,00000,0,0,0,1,0,0,00e27,0,1,0,0,0
3882,3882,0,0,0,0,00,0,0,0,1,0,0,1,0,0,0,0,00000,0,0,0,1,0,0,00e28,0,1,0,0,0
3883,3883,0,0,0,0,00,0,0,0,1,0,0,1,0,0,0,0,00000,0,0,0,1,0,0,00e29,0,1,0,0,0
3884,3884,0,0,0,0,00,0,0,0,1,0,0,1,0,0,0,0,00000,0,0,0,1,0,0,00e2a,0,1,0,0,0
3885,3885,0,0,0,0,00,0,0,0,1,0,0,1,0,0,0,0,00000,0,0,0,1,0,0,00e2b,0,1,0,0,0
3886,3886,0,0,0,0,00,0,0,0,1,0,0,1,0,0,0,0,00000,0,0,0,1,0,0,00e2c,0,1,0,0,0
3887,3887,0,0,0,0,00,0,0,0,1,0,0,1,0,0,0,0,00000,0,0,0,1,0,0,00e2d,0,1,0,0,0
3888,3888,0,0,0,0,00,0,0,0,1,0,0,1,0,0,0,0,00000,0,0,0,1,0,0,00e2e,0,1,0,0,0
3889,3889,0,0,0,0,00,0,0,0,1,0,0,1,0,0,0,0,00000,0,0,0,1,0,0,00e2f,0,1,0,0,0
3890,3890,0,0,0,0,00,0,0,0,1,0,0,1,0,0,0,0,00000,0,0,0,1,0,0,00e30,0,1,0,0,0
3891,3891,0,0,0,0,00,0,0,0,1,0,0,1,0,0,0,0,00000,0,0,0,1,0,0,00e31,0,1,0,0,0
3892,3892,0,0,0,0,00,0,0,0,1,0,0,1,0,0,0,0,00000,0,0,0,1,0,0,00e32,0,1,0,0,0
3893,3893,0,0,0,0,00,0,0,0,1,0,0,1,0,0,0,0,00000,0,0,0,1,0,0,00e33,0,1,0,0,0
3894,3894,0,0,0,0,00,0,0,0,1,0,0,1,0,0,0,0,00000,0,0,0,1,0,0,00e34,0,1,0,0,0
3895,3895,0,0,0,0,00,0,0,0,1,0,0,1,0,0,0,0,00000,0,0,0,1,0,0,00e35,0,1,0,0,0
3896,3896,0,0,0,0,00,0,0,0,1,0,0,1,0,0,0,0,00000,0,0,0,1,0,0,00e36,0,1,0,0,0
3897,3897,0,0,0,0,00,0,0,0,1,0,0,1,0,0,0,0,00000,0,0,0,1,0,0,00e37,0,1,0,0,0
3898,3898,0,0,0,0,00,0,0,0,1,0,0,1,0,0,0,0,00000,0,0,0,1,0,0,00e38,0,1,0,0,0
3899,3899,0,0,0,0,00,0,0,0,1,0,0,1,0,0,0,0,00000,0,0,0,1,0,0,00e39,0,1,0,0,0
3900,3900,0,0,0,0,00,0,0,0,1,0,0,1,0,0,0,0,00000,0,0,0,1,0,0,00e3a,0,1,0,0,0
3901,3901,0,0,0,0,00,0,0,0,1,0,0,1,0,0,0,0,00000,0,0,0,1,0,0,00e3b,0,1,0,0,0
3902,3902,0,0,0,0,00,0,0,0,1,0,0,1,0,0,0,0,00000,0,0,0,1,0,0,00e3c,0,1,0,0,0
3903,3903,0,0,0,0,00,0,0,0,1,0,0,1,0,0,0,0,00000,0,0,0,1,0,0,00e3d,0,1,0,0,0
3904,3904,0,0,0,0,00,0,0,0,1,0,0,1,0,0,0,0,00000,0,0,0,1,0,0,00e3e,0,1,0,0,0
3905,3905,0,0,0,0,00,0,0,0,1,0,0,1,0,0,0,0,00000,0,0,0,1,0,0,00e3f,0,1,0,0,0
3906,3906,0,0,0,0,00,0,0,0,1,0,0,1,0,0,0,0,00000,0,0,0,1,0,0,00e40,0,1,0,0,0
3907,3907,0,0,0,0,00,0,0,0,1,0,0,1,0,0,0,0,00000,0,0,0,1,0,0,00e41,0,1,0,0,0
3908,3908,0,0,0,0,00,0,0,0,1,0,0,1,0,0,0,0,00000,0,0,0,1,0,0,00e42,0,1,0,0,0
3909,3909,0,0,0,0,00,0,0,0,1,0,0,1,0,0,0,0,00000,0,0,0,1,0,0,00e43,0,1,0,0,0
3910,3910,0,0,0,0,00,0,0,0,1,0,0,1,0,0,0,0,00000,0,0,0,1,0,0,00e44,0,1,0,0,0
3911,3911,0,0,0,0,00,0,0,0,1,0,0,1,0,0,0,0,00000,0,0,0,1,0,0,00e45,0,1,0,0,0
3912,3912,0,0,0,0,00,0,0,0,1,0,0,1,0,0,0,0,00000,0,0,0,1,0,0,00e46,0,1,0,0,0
3913,3913,0,0,0,0,00,0,0,0,1,0,0,1,0,0,0,0,00000,0,0,0,1,0,0,00e47,0,1,0,0,0
3914,3914,0,0,0,0,00,0,0,0,1,0,0,1,0,0,0,0,00000,0,0,0,1,0,0,00e48,0,1,0,0,0
3915,3915,0,0,0,0,00,0,0,0,1,0,0,1,0,0,0,0,00000,0,0,0,1,0,0,00e49,0,1,0,0,0
3916,3916,0,0,0,0,00,0,0,0,1,0,0,1,0,0,0,0,00000,0,0,0,1,0,0,00e4a,0,1,0,0,0
3917,3917,0,0,0,0,00,0,0,0,1,0,0,1,0,0,0,0,00000,0,0,0,1,0,0,00e4b,0,1,0,0,0
3918,3918,0,0,0,0,00,0,0,0,1,0,0,1,0,0,0,0,00000,0,0,0,1,0,0,00e4c,0,1,0,0,0
3919,3919,0,0,0,0,00,0,0,0,1,0,0,1,0,0,0,0,00000,0,0,0,1,0,0,00e4d,0,1,0,0,0
3920,3920,0,0,0,0,00,0,0,0,1,0,0,1,0,0,0,0,00000,0,0,0,1,0,0,00e4e,0,1,0,0,0
3921,3921,0,0,0,0,00,0,0,0,1,0,0,1,0,0,0,0,00000,0,0,0,1,0,0,00e4f,0,1,0,0,0
3922,3922,0,0,0,0,00,0,0,0,1,0,0,1,0,0,0,0,00000,0,0,0,1,0,0,00e50,0,1,0,0,0
3923,3923,0,0,0,0,00,0,0,0,1,0,0,1,0,0,0,0,00000,0,0,0,1,0,0,00e51,0,1,0,0,0
3924,3924,0,0,0,0,00,0,0,0,1,0,0,1,0,0,0,0,00000,0,0,0,1,0,0,00e52,0,1,0,0,0
3925,3925,0,0,0,0,00,0,0,0,1,0,0,1,0,0,0,0,00000,0,0,0,1,0,0,00e53,0,1,0,0,0
3926,3926,0,0,0,0,00,0,0,0,1,0,0,1,0,0,0,0,00000,0,0,0,1,0,0,00e54,0,1,0,0,0
3927,3927,0,0,0,0,00,0,0,0,1,0,0,1,0,0,0,0,00000,0,0,0,1,0,0,00e55,0,1,0,0,0
3928,3928,0,0,0,0,00,0,0,0,1,0,0,1,0,0,0,0,00000,0,0,0,1,0,0,00e56,0,1,0,0,0
3929,3929,0,0,0,0,00,0,0,0,1,0,0,1,0,0,0,0,00000,0,0,0,1,0,0,00e57,0,1,0,0,0
3930,3930,0,0,0,0,00,0,0,0,1,0,0,1,0,0,0,0,00000,0,0,0,1,0,0,00e58,0,1,0,0,0
3931,3931,0,0,0,0,00,0,0,0,1,0,0,1,0,0,0,0,00000,0,0,0,1,0,0,00e59,0,1,0,0,0
3932,3932,0,0,0,0,00,0,0,0,1,0,0,1,0,0,0,0,00000,0,0,0,1,0,0,00e5a,0,1,0,0,0
3933,3933,0,0,0,0,00,0,0,0,1,0,0,1,0,0,0,0,00000,0,0,0,1,0,0,00e5b,0,1,0,0,0
3934,3934,0,0,0,0,00,0,0,0,1,0,0,1,0,0,0,0,00000,0,0,0,1,0,0,00e5c,0,1,0,0,0
3935,3935,0,0,0,0,00,0,0,0,1,0,0,1,0,0,0,0,00000,0,0,0,1,0,0,00e5d,0,1,0,0,0
3936,3936,0,0,0,0,00,0,0,0,1,0,0,1,0,0,0,0,00000,0,0,0,1,0,0,00e5e,0,1,0,0,0
3937,3937,0,0,0,0,00,0,0,0,1,0,0,1,0,0,0,0,00000,0,0,0,1,0,0,00e5f,0,1,0,0,0
3938,3938,0,0,0,0,00,0,0,0,1,0,0,1,0,0,0,0,00000,0,0,0,1,0,0,00e60,0,1,0,0,0
3939,3939,0,0,0,0,00,0,0,0,1,0,0,1,0,0,0,0,00000,0,0,0,1,0,0,00e61,0,1,0,0,0
3940,3940,0,0,0,0,00,0,0,0,1,0,0,1,0,0,0,0,00000,0,0,0,1,0,0,00e62,0,1,0,0,0
3941,3941,0,0,0,0,00,0,0,0,1,0,0,1,0,0,0,0,00000,0,0,0,1,0,0,00e63,0,1,0,0,0
3942,3942,0,0,0,0,00,0,0,0,1,0,0,1,0,0,0,0,00000,0,0,0,1,0,0,00e64,0,1,0,0,0
3943,3943,0,0,0,0,00,0,0,0,1,0,0,1,0,0,0,0,00000,0,0,0,1,0,0,00e65,0,1,0,0,0
3944,3944,0,0,0,0,00,0,0,0,1,0,0,1,0,0,0,0,00000,0,0,0,1,0,0,00e66,0,1,0,0,0
3945,3945,0,0,0,0,00,0,0,0,1,0,0,1,0,0,0,0,00000,0,0,0,1,0,0,00e67,0,1,0,0,0
3946,3946,0,0,0,0,00,0,0,0,1,0,0,1,0,0,0,0,00000,0,0,0,1,0,0,00e68,0,1,0,0,0
3947,3947,0,0,0,0,00,0,0,0,1,0,0,1,0,0,0,0,00000,0,0,0,1,0,0,00e69,0,1,0,0,0
3948,3948,0,0,0,0,00,0,0,0,1,0,0,1,0,0,0,0,00000,0,0,0,1,0,0,00e6a,0,1,0,0,0
3949,3949,0,0,0,0,00,0,0,0,1,0,0,1,0,0,0,0,00000,0,0,0,1,0,0,00e6b,0,1,0,0,0
3950,3950,0,0,0,0,00,0,0,0,1,0,0,1,0,0,0,0,00000,0,0,0,1,0,0,00e6c,0,1,0,0,0
3951,3951,0,0,0,0,00,0,0,0,1,0,0,1,0,0,0,0,00000,0,0,0,1,0,0,00e6d,0,1,0,0,0
3952,3952,0,0,0,0,00,0,0,0,1,0,0,1,0,0,0,0,00000,0,0,0,1,0,0,00e6e,0,1,0,0,0
3953,3953,0,0,0,0,00,0,0,0,1,0,0,1,0,0,0,0,00000,0,0,0,1,0,0,00e6f,0,1,0,0,0
3954,3954,0,0,0,0,00,0,0,0,1,0,0,1,0,0,0,0,00000,0,0,0,1,0,0,00e70,0,1,0,0,0
3955,3955,0,0,0,0,00,0,0,0,1,0,0,1,0,0,0,0,00000,0,0,0,1,0,0,00e71,0,1,0,0,0
3956,3956,0,0,0,0,00,0,0,0,1,0,0,1,0,0,0,0,00000,0,0,0,1,0,0,00e72,0,1,0,0,0
3957,3957,0,0,0,0,00,0,0,0,1,0,0,1,0,0,0,0,00000,0,0,0,1,0,0,00e73,0,1,0,0,0
3958,3958,0,0,0,0,00,0,0,0,1,0,0,1,0,0,0,0,00000,0,0,0,1,0,0,00e74,0,1,0,0,0
3959,3959,0,0,0,0,00,0,0,0,1,0,0,1,0,0,0,0,00000,0,0,0,1,0,0,00e75,0,1,0,0,0
3960,3960,0,0,0,0,00,0,0,0,1,0,0,1,0,0,0,0,00000,0,0,0,1,0,0,00e76,0,1,0,0,0
3961,3961,0,0,0,0,00,0,0,0,1,0,0,1,0,0,0,0,00000,0,0,0,1,0,0,00e77,0,1,0,0,0
3962,3962,0,0,0,0,00,0,0,0,1,0,0,1,0,0,0,0,00000,0,0,0,1,0,0,00e78,0,1,0,0,0
3963,3963,0,0,0,0,00,0,0,0,1,0,0,1,0,0,0,0,00000,0,0,0,1,0,0,00e79,0,1,0,0,0
3964,3964,0,0,0,0,00,0,0,0,1,0,0,1,0,0,0,0,00000,0,0,0,1,0,0,00e7a,0,1,0,0,0
3965,3965,0,0,0,0,00,0,0,0,1,0,0,1,0,0,0,0,00000,0,0,0,1,0,0,00e7b,0,1,0,0,0
3966,3966,0,0,0,0,00,0,0,0,1,0,0,1,0,0,0,0,00000,0,0,0,1,0,0,00e7c,0,1,0,0,0
3967,3967,0,0,0,0,00,0,0,0,1,0,0,1,0,0,0,0,00000,0,0,0,1,0,0,00e7d,0,1,0,0,0
3968,3968,0,0,0,0,00,0,0,0,1,0,0,1,0,0,0,0,00000,0,0,0,1,0,0,00e7e,0,1,0,0,0
3969,3969,0,0,0,0,00,0,0,0,1,0,0,1,0,0,0,0,00000,0,0,0,1,0,0,00e7f,0,1,0,0,0
3970,3970,0,0,0,0,00,0,0,0,1,0,0,1,0,0,0,0,00000,0,0,0,1,0,0,00e80,0,1,0,0,0
3971,3971,0,0,0,0,00,0,0,0,1,0,0,1,0,0,0,0,00000,0,0,0,1,0,0,00e81,0,1,0,0,0
3972,3972,0,0,0,0,00,0,0,0,1,0,0,1,0,0,0,0,00000,0,0,0,1,0,0,00e82,0,1,0,0,0
3973,3973,0,0,0,0,00,0,0,0,1,0,0,1,0,0,0,0,00000,0,0,0,1,0,0,00e83,0,1,0,0,0
3974,3974,0,0,0,0,00,0,0,0,1,0,0,1,0,0,0,0,00000,0,0,0,1,0,0,00e84,0,1,0,0,0
3975,3975,0,0,0,0,00,0,0,0,1,0,0,1,0,0,0,0,00000,0,0,0,1,0,0,00e85,0,1,0,0,0
3976,3976,0,0,0,0,00,0,0,0,1,0,0,1,0,0,0,0,00000,0,0,0,1,0,0,00e86,0,1,0,0,0
3977,3977,0,0,0,0,00,0,0,0,1,0,0,1,0,0,0,0,00000,0,0,0,1,0,0,00e87,0,1,0,0,0
3978,3978,0,0,0,0,00,0,0,0,1,0,0,1,0,0,0,0,00000,0,0,0,1,0,0,00e88,0,1,0,0,0
3979,3979,0,0,0,0,00,0,0,0,1,0,0,1,0,0,0,0,00000,0,0,0,1,0,0,00e89,0,1,0,0,0
3980,3980,0,0,0,0,00,0,0,0,1,0,0,1,0,0,0,0,00000,0,0,0,1,0,0,00e8a,0,1,0,0,0
3981,3981,0,0,0,0,00,0,0,0,1,0,0,1,0,0,0,0,00000,0,0,0,1,0,0,00e8b,0,1,0,0,0
3982,3982,0,0,0,0,00,0,0,0,1,0,0,1,0,0,0,0,00000,0,0,0,1,0,0,00e8c,0,1,0,0,0
3983,3983,0,0,0,0,00,0,0,0,1,0,0,1,0,0,0,0,00000,0,0,0,1,0,0,00e8d,0,1,0,0,0
3984,3984,0,0,0,0,00,0,0,0,1,0,0,1,0,0,0,0,00000,0,0,0,1,0,0,00e8e,0,1,0,0,0
3985,3985,0,0,0,0,00,0,0,0,1,0,0,1,0,0,0,0,00000,0,0,0,1,0,0,00e8f,0,1,0,0,0
3986,3986,0,0,0,0,00,0,0,0,1,0,0,1,0,0,0,0,00000,0,0,0,1,0,0,00e90,0,1,0,0,0
3987,3987,0,0,0,0,00,0,0,0,1,0,0,1,0,0,0,0,00000,0,0,0,1,0,0,00e91,0,1,0,0,0
3988,3988,0,0,0,0,00,0,0,0,1,0,0,1,0,0,0,0,00000,0,0,0,1,0,0,00e92,0,1,0,0,0
3989,3989,0,0,0,0,00,0,0,0,1,0,0,1,0,0,0,0,00000,0,0,0,1,0,0,00e93,0,1,0,0,0
3990,3990,0,0,0,0,00,0,0,0,1,0,0,1,0,0,0,0,00000,0,0,0,1,0,0,00e94,0,1,0,0,0
3991,3991,0,0,0,0,00,0,0,0,1,0,0,1,0,0,0,0,00000,0,0,0,1,0,0,00e95,0,1,0,0,0
3992,3992,0,0,0,0,00,0,0,0,1,0,0,1,0,0,0,0,00000,0,0,0,1,0,0,00e96,0,1,0,0,0
3993,3993,0,0,0,0,00,0,0,0,1,0,0,1,0,0,0,0,00000,0,0,0,1,0,0,00e97,0,1,0,0,0
3994,3994,0,0,0,0,00,0,0,0,1,0,0,1,0,0,0,0,00000,0,0,0,1,0,0,00e98,0,1,0,0,0
3995,3995,0,0,0,0,00,0,0,0,1,0,0,1,0,0,0,0,00000,0,0,0,1,0,0,00e99,0,1,0,0,0
3996,3996,0,0,0,0,00,0,0,0,1,0,0,1,0,0,0,0,00000,0,0,0,1,0,0,00e9a,0,1,0,0,0
3997,3997,0,0,0,0,00,0,0,0,1,0,0,1,0,0,0,0,00000,0,0,0,1,0,0,00e9b,0,1,0,0,0
3998,3998,0,0,0,0,00,0,0,0,1,0,0,1,0,0,0,0,00000,0,0,0,1,0,0,00e9c,0,1,0,0,0
3999,3999,0,0,0,0,00,0,0,0,1,0,0,1,0,0,0,0,00000,0,0,0,1,0,0,00e9d,0,1,0,0,0
4000,4000,0,0,0,0,00,0,0,0,1,0,0,1,0,0,0,0,00000,0,0,0,1,0,0,00e9e,0,1,0,0,0
4001,4001,0,0,0,0,00,0,0,0,1,0,0,1,0,0,0,0,00000,0,0,0,1,0,0,00e9f,0,1,0,0,0
4002,4002,0,0,0,0,00,0,0,0,1,0,0,1,0,0,0,0,00000,0,0,0,1,0,0,00ea0,0,1,0,0,0
4003,4003,0,0,0,0,00,0,0,0,1,0,0,1,0,0,0,0,00000,0,0,0,1,0,0,00ea1,0,1,0,0,0
4004,4004,0,0,0,0,00,0,0,0,1,0,0,1,0,0,0,0,00000,0,0,0,1,0,0,00ea2,0,1,0,0,0
4005,4005,0,0,0,0,00,0,0,0,1,0,0,1,0,0,0,0,00000,0,0,0,1,0,0,00ea3,0,1,0,0,0
4006,4006,0,0,0,0,00,0,0,0,1,0,0,1,0,0,0,0,00000,0,0,0,1,0,0,00ea4,0,1,0,0,0
4007,4007,0,0,0,0,00,0,0,0,1,0,0,1,0,0,0,0,00000,0,0,0,1,0,0,00ea5,0,1,0,0,0
4008,4008,0,0,0,0,00,0,0,0,1,0,0,1,0,0,0,0,00000,0,0,0,1,0,0,00ea6,0,1,0,0,0
4009,4009,0,0,0,0,00,0,0,0,1,0,0,1,0,0,0,0,00000,0,0,0,1,0,0,00ea7,0,1,0,0,0
4010,4010,0,0,0,0,00,0,0,0,1,0,0,1,0,0,0,0,00000,0,0,0,1,0,0,00ea8,0,1,0,0,0
4011,4011,0,0,0,0,00,0,0,0,1,0,0,1,0,0,0,0,00000,0,0,0,1,0,0,00ea9,0,1,0,0,0
4012,4012,0,0,0,0,00,0,0,0,1,0,0,1,0,0,0,0,00000,0,0,0,1,0,0,00eaa,0,1,0,0,0
4013,4013,0,0,0,0,00,0,0,0,1,0,0,1,0,0,0,0,00000,0,0,0,1,0,0,00eab,0,1,0,0,0
4014,4014,0,0,0,0,00,0,0,0,1,0,0,1,0,0,0,0,00000,0,0,0,1,0,0,00eac,0,1,0,0,0
4015,4015,0,0,0,0,00,0,0,0,1,0,0,1,0,0,0,0,00000,0,0,0,1,0,0,00ead,0,1,0,0,0
4016,4016,0,0,0,0,00,0,0,0,1,0,0,1,0,0,0,0,00000,0,0,0,1,0,0,00eae,0,1,0,0,0
4017,4017,0,0,0,0,00,0,0,0,1,0,0,1,0,0,0,0,00000,0,0,0,1,0,0,00eaf,0,1,0,0,0
4018,4018,0,0,0,0,00,0,0,0,1,0,0,1,0,0,0,0,00000,0,0,0,1,0,0,00eb0,0,1,0,0,0
4019,4019,0,0,0,0,00,0,0,0,1,0,0,1,0,0,0,0,00000,0,0,0,1,0,0,00eb1,0,1,0,0,0
4020,4020,0,0,0,0,00,0,0,0,1,0,0,1,0,0,0,0,00000,0,0,0,1,0,0,00eb2,0,1,0,0,0
4021,4021,0,0,0,0,00,0,0,0,1,0,0,1,0,0,0,0,00000,0,0,0,1,0,0,00eb3,0,1,0,0,0
4022,4022,0,0,0,0,00,0,0,0,1,0,0,1,0,0,0,0,00000,0,0,0,1,0,0,00eb4,0,1,0,0,0
4023,4023,0,0,0,0,00,0,0,0,1,0,0,1,0,0,0,0,00000,0,0,0,1,0,0,00eb5,0,1,0,0,0
4024,4024,0,0,0,0,00,0,0,0,1,0,0,1,0,0,0,0,00000,0,0,0,1,0,0,00eb6,0,1,0,0,0
4025,4025,0,0,0,0,00,0,0,0,1,0,0,1,0,0,0,0,00000,0,0,0,1,0,0,00eb7,0,1,0,0,0
4026,4026,0,0,0,0,00,0,0,0,1,0,0,1,0,0,0,0,00000,0,0,0,1,0,0,00eb8,0,1,0,0,0
4027,4027,0,0,0,0,00,0,0,0,1,0,0,1,0,0,0,0,00000,0,0,0,1,0,0,00eb9,0,1,0,0,0
4028,4028,0,0,0,0,00,0,0,0,1,0,0,1,0,0,0,0,00000,0,0,0,1,0,0,00eba,0,1,0,0,0
4029,4029,0,0,0,0,00,0,0,0,1,0,0,1,0,0,0,0,00000,0,0,0,1,0,0,00ebb,0,1,0,0,0
4030,4030,0,0,0,0,00,0,0,0,1,0,0,1,0,0,0,0,00000,0,0,0,1,0,0,00ebc,0,1,0,0,0
4031,4031,0,0,0,0,00,0,0,0,1,0,0,1,0,0,0,0,00000,0,0,0,1,0,0,00ebd,0,1,0,0,0
4032,4032,0,0,0,0,00,0,0,0,1,0,0,1,0,0,0,0,00000,0,0,0,1,0,0,00ebe,0,1,0,0,0
4033,4033,0,0,0,0,00,0,0,0,1,0,0,1,0,0,0,0,00000,0,0,0,1,0,0,00ebf,0,1,0,0,0
4034,4034,0,0,0,0,00,0,0,0,1,0,0,1,0,0,0,0,00000,0,0,0,1,0,0,00ec0,0,1,0,0,0
4035,4035,0,0,0,0,00,0,0,0,1,0,0,1,0,0,0,0,00000,0,0,0,1,0,0,00ec1,0,1,0,0,0
4036,4036,0,0,0,0,00,0,0,0,1,0,0,1,0,0,0,0,00000,0,0,0,1,0,0,00ec2,0,1,0,0,0
4037,4037,0,0,0,0,00,0,0,0,1,0,0,1,0,0,0,0,00000,0,0,0,1,0,0,00ec3,0,1,0,0,0
4038,4038,0,0,0,0,00,0,0,0,1,0,0,1,0,0,0,0,00000,0,0,0,1,0,0,00ec4,0,1,0,0,0
4039,4039,0,0,0,0,00,0,0,0,1,0,0,1,0,0,0,0,00000,0,0,0,1,0,0,00ec5,0,1,0,0,0
4040,4040,0,0,0,0,00,0,0,0,1,0,0,1,0,0,0,0,00000,0,0,0,1,0,0,00ec6,0,1,0,0,0
4041,4041,0,0,0,0,00,0,0,0,1,0,0,1,0,0,0,0,00000,0,0,0,1,0,0,00ec7,0,1,0,0,0
4042,4042,0,0,0,0,00,0,0,0,1,0,0,1,0,0,0,0,00000,0,0,0,1,0,0,00ec8,0,1,0,0,0
4043,4043,0,0,0,0,00,0,0,0,1,0,0,1,0,0,0,0,00000,0,0,0,1,0,0,00ec9,0,1,0,0,0
4044,4044,0,0,0,0,00,0,0,0,1,0,0,1,0,0,0,0,00000,0,0,0,1,0,0,00eca,0,1,0,0,0
4045,4045,0,0,0,0,00,0,0,0,1,0,0,1,0,0,0,0,00000,0,0,0,1,0,0,00ecb,0,1,0,0,0
4046,4046,0,0,0,0,00,0,0,0,1,0,0,1,0,0,0,0,00000,0,0,0,1,0,0,00ecc,0,1,0,0,0
4047,4047,0,0,0,0,00,0,0,0,1,0,0,1,0,0,0,0,00000,0,0,0,1,0,0,00ecd,0,1,0,0,0
4048,4048,0,0,0,0,00,0,0,0,1,0,0,1,0,0,0,0,00000,0,0,0,1,0,0,00ece,0,1,0,0,0
4049,4049,0,0,0,0,00,0,0,0,1,0,0,1,0,0,0,0,00000,0,0,0,1,0,0,00ecf,0,1,0,0,0
4050,4050,0,0,0,0,00,0,0,0,1,0,0,1,0,0,0,0,00000,0,0,0,1,0,0,00ed0,0,1,0,0,0
4051,4051,0,0,0,0,00,0,0,0,1,0,0,1,0,0,0,0,00000,0,0,0,1,0,0,00ed1,0,1,0,0,0
4052,4052,0,0,0,0,00,0,0,0,1,0,0,1,0,0,0,0,00000,0,0,0,1,0,0,00ed2,0,1,0,0,0
4053,4053,0,0,0,0,00,0,0,0,1,0,0,1,0,0,0,0,00000,0,0,0,1,0,0,00ed3,0,1,0,0,0
4054,4054,0,0,0,0,00,0,0,0,1,0,0,1,0,0,0,0,00000,0,0,0,1,0,0,00ed4,0,1,0,0,0
4055,4055,0,0,0,0,00,0,0,0,1,0,0,1,0,0,0,0,00000,0,0,0,1,0,0,00ed5,0,1,0,0,0
4056,4056,0,0,0,0,00,0,0,0,1,0,0,1,0,0,0,0,00000,0,0,0,1,0,0,00ed6,0,1,0,0,0
4057,4057,0,0,0,0,00,0,0,0,1,0,0,1,0,0,0,0,00000,0,0,0,1,0,0,00ed7,0,1,0,0,0
4058,4058,0,0,0,0,00,0,0,0,1,0,0,1,0,0,0,0,00000,0,0,0,1,0,0,00ed8,0,1,0,0,0
4059,4059,0,0,0,0,00,0,0,0,1,0,0,1,0,0,0,0,00000,0,0,0,1,0,0,00ed9,0,1,0,0,0
4060,4060,0,0,0,0,00,0,0,0,1,0,0,1,0,0,0,0,00000,0,0,0,1,0,0,00eda,0,1,0,0,0
4061,4061,0,0,0,0,00,0,0,0,1,0,0,1,0,0,0,0,00000,0,0,0,1,0,0,00edb,0,1,0,0,0
4062,4062,0,0,0,0,00,0,0,0,1,0,0,1,0,0,0,0,00000,0,0,0,1,0,0,00edc,0,1,0,0,0
4063,4063,0,0,0,0,00,0,0,0,1,0,0,1,0,0,0,0,00000,0,0,0,1,0,0,00edd,0,1,0,0,0
4064,4064,0,0,0,0,00,0,0,0,1,0,0,1,0,0,0,0,00000,0,0,0,1,0,0,00ede,0,1,0,0,0
4065,4065,0,0,0,0,00,0,0,0,1,0,0,1,0,0,0,0,00000,0,0,0,1,0,0,00edf,0,1,0,0,0
4066,4066,0,0,0,0,00,0,0,0,1,0,0,1,0,0,0,0,00000,0,0,0,1,0,0,00ee0,0,1,0,0,0
4067,4067,0,0,0,0,00,0,0,0,1,0,0,1,0,0,0,0,00000,0,0,0,1,0,0,00ee1,0,1,0,0,0
4068,4068,0,0,0,0,00,0,0,0,1,0,0,1,0,0,0,0,00000,0,0,0,1,0,0,00ee2,0,1,0,0,0
4069,4069,0,0,0,0,00,0,0,0,1,0,0,1,0,0,0,0,00000,0,0,0,1,0,0,00ee3,0,1,0,0,0
4070,4070,0,0,0,0,00,0,0,0,1,0,0,1,0,0,0,0,00000,0,0,0,1,0,0,00ee4,0,1,0,0,0
4071,4071,0,0,0,0,00,0,0,0,1,0,0,1,0,0,0,0,00000,0,0,0,1,0,0,00ee5,0,1,0,0,0
4072,4072,0,0,0,0,00,0,0,0,1,0,0,1,0,0,0,0,00000,0,0,0,1,0,0,00ee6,0,1,0,0,0
4073,4073,0,0,0,0,00,0,0,0,1,0,0,1,0,0,0,0,00000,0,0,0,1,0,0,00ee7,0,1,0,0,0
4074,4074,0,0,0,0,00,0,0,0,1,0,0,1,0,0,0,0,00000,0,0,0,1,0,0,00ee8,0,1,0,0,0
4075,4075,0,0,0,0,00,0,0,0,1,0,0,1,0,0,0,0,00000,0,0,0,1,0,0,00ee9,0,1,0,0,0
4076,4076,0,0,0,0,00,0,0,0,1,0,0,1,0,0,0,0,00000,0,0,0,1,0,0,00eea,0,1,0,0,0
4077,4077,0,0,0,0,00,0,0,0,1,0,0,1,0,0,0,0,00000,0,0,0,1,0,0,00eeb,0,1,0,0,0
4078,4078,0,0,0,0,00,0,0,0,1,0,0,1,0,0,0,0,00000,0,0,0,1,0,0,00eec,0,1,0,0,0
4079,4079,0,0,0,0,00,0,0,0,1,0,0,1,0,0,0,0,00000,0,0,0,1,0,0,00eed,0,1,0,0,0
4080,4080,0,0,0,0,00,0,0,0,1,0,0,1,0,0,0,0,00000,0,0,0,1,0,0,00eee,0,1,0,0,0
4081,4081,0,0,0,0,00,0,0,0,1,0,0,1,0,0,0,0,00000,0,0,0,1,0,0,00eef,0,1,0,0,0
4082,4082,0,0,0,0,00,0,0,0,1,0,0,1,0,0,0,0,00000,0,0,0,1,0,0,00ef0,0,1,0,0,0
4083,4083,0,0,0,0,00,0,0,0,1,0,0,1,0,0,0,0,00000,0,0,0,1,0,0,00ef1,0,1,0,0,0
4084,4084,0,0,0,0,00,0,0,0,1,0,0,1,0,0,0,0,00000,0,0,0,1,0,0,00ef2,0,1,0,0,0
4085,4085,0,0,0,0,00,0,0,0,1,0,0,1,0,0,0,0,00000,0,0,0,1,0,0,00ef3,0,1,0,0,0
4086,4086,0,0,0,0,00,0,0,0,1,0,0,1,0,0,0,0,00000,0,0,0,1,0,0,00ef4,0,1,0,0,0
4087,4087,0,0,0,0,00,0,0,0,1,0,0,1,0,0,0,0,00000,0,0,0,1,0,0,00ef5,0,1,0,0,0
4088,4088,0,0,0,0,00,0,0,0,1,0,0,1,0,0,0,0,00000,0,0,0,1,0,0,00ef6,0,1,0,0,0
4089,4089,0,0,0,0,00,0,0,0,1,0,0,1,0,0,0,0,00000,0,0,0,1,0,0,00ef7,0,1,0,0,0
4090,4090,0,0,0,0,00,0,0,0,1,0,0,1,0,0,0,0,00000,0,0,0,1,0,0,00ef8,0,1,0,0,0
4091,4091,0,0,0,0,00,0,0,0,1,0,0,1,0,0,0,0,00000,0,0,0,1,0,0,00ef9,0,1,0,0,0
4092,4092,0,0,0,0,00,0,0,0,1,0,0,1,0,0,0,0,00000,0,0,0,1,0,0,00efa,0,1,0,0,0
4093,4093,0,0,0,0,00,0,0,0,1,0,0,1,0,0,0,0,00000,0,0,0,1,0,0,00efb,0,1,0,0,0
4094,4094,0,0,0,0,00,0,0,0,1,0,0,1,0,0,0,0,00000,0,0,0,1,0,0,00efc,0,1,0,0,0
4095,4095,0,0,0,0,00,0,0,0,1,0,0,1,0,0,0,0,00000,0,0,0,1,0,0,00efd,0,1,0,0,0
